order_item_id,order_id,product_id,quantity,unit_price,discount,is_return,line_amount
1,1,272,3,5.69,0.15,False,14.5095
2,1,300,-1,133.29,0.15,True,-113.2965
3,1,273,1,560.24,0.0,False,560.24
4,2,11,1,216.27,0.0,False,216.27
5,2,239,3,517.8,0.15,False,1320.3899999999999
6,3,58,1,87.55,0.0,False,87.55
7,3,70,1,402.01,0.0,False,402.01
8,3,65,1,460.75,0.0,False,460.75
9,3,279,2,226.81,0.0,False,453.62
10,3,174,1,864.84,0.0,False,864.84
11,4,106,1,150.04,0.1,False,135.036
12,4,46,1,397.56,0.05,False,377.68199999999996
13,5,173,1,587.7,0.1,False,528.9300000000001
14,5,13,2,152.16,0.05,False,289.104
15,5,85,2,530.7,0.1,False,955.2600000000001
16,6,276,1,341.21,0.0,False,341.21
17,6,14,1,90.93,0.2,False,72.74400000000001
18,7,44,1,6.81,0.0,False,6.81
19,8,40,1,171.89,0.1,False,154.701
20,8,22,1,205.71,0.0,False,205.71
21,8,240,1,555.47,0.0,False,555.47
23,8,134,2,541.79,0.0,False,1083.58
24,9,194,1,222.76,0.0,False,222.76
25,10,188,1,550.0,0.0,False,550.0
26,10,22,1,205.71,0.0,False,205.71
27,10,209,1,797.01,0.0,False,797.01
28,11,270,1,34872.0,0.0,False,34872.0
29,11,25,3,282.92,0.1,False,763.884
30,11,271,1,756.22,0.0,False,756.22
31,12,91,1,369.86,0.0,False,369.86
32,12,128,1,686.4,0.0,False,686.4
33,12,271,1,756.22,0.0,False,756.22
34,12,34,1,399.8,0.0,False,399.8
35,12,88,1,275.21,0.05,False,261.44949999999994
36,13,215,2,501.1,0.0,False,1002.2
37,14,129,1,492.47,0.15,False,418.59950000000003
38,14,150,3,182.12,0.05,False,519.042
39,14,192,2,697.79,0.1,False,1256.022
40,14,207,2,518.71,0.05,False,985.549
41,14,279,1,226.81,0.0,False,226.81
42,15,144,2,299.76,0.0,False,599.52
43,15,272,1,5.69,0.15,False,4.8365
44,16,142,1,717.32,0.2,False,573.8560000000001
45,16,32,1,338.4,0.0,False,338.4
46,17,182,1,500.91,0.0,False,500.91
47,18,47,1,513.39,0.0,False,513.39
48,18,64,1,29.71,0.05,False,28.2245
50,19,40,3,171.89,0.15,False,438.31949999999995
51,19,259,1,533.22,0.2,False,426.576
52,19,49,1,850.7,0.0,False,850.7
53,19,283,1,680.49,0.0,False,680.49
54,20,172,2,104.56,0.0,False,209.12
55,20,269,3,603.81,0.0,False,1811.4299999999998
56,21,62,3,244.7,0.15,False,623.9849999999999
57,21,110,1,52.92,0.05,False,50.274
58,21,30,1,477.17,0.05,False,453.31149999999997
59,22,204,1,578.66,0.0,False,578.66
60,23,259,1,533.22,0.0,False,533.22
61,23,173,1,587.7,0.0,False,587.7
62,23,151,1,625.19,0.0,False,625.19
63,23,22,2,205.71,0.05,False,390.849
64,23,173,1,587.7,0.15,False,499.545
65,24,10,3,309.24,0.15,False,788.562
66,24,29,1,103.82,0.0,False,103.82
67,25,38,1,364.99,0.05,False,346.7405
68,25,90,2,219.22,0.0,False,438.44
69,25,27,2,686.85,0.0,False,1373.7
70,26,288,1,515.26,0.0,False,515.26
71,26,269,2,603.81,0.0,False,1207.62
72,27,230,2,829.69,0.0,False,1659.38
73,27,282,1,280.61,0.0,False,280.61
74,27,109,1,59.23,0.0,False,59.23
75,28,25,1,282.92,0.2,False,226.336
76,28,34,2,399.8,0.0,False,799.6
77,29,294,1,141.94,0.05,False,134.843
78,29,294,2,141.94,0.1,False,255.492
79,30,188,1,550.0,0.05,False,522.5
80,31,257,2,8.4,0.0,False,16.8
81,32,115,1,251.88,0.0,False,251.88
82,32,207,1,518.71,0.2,False,414.9680000000001
83,32,12,-1,156.75,0.0,True,-156.75
84,32,61,1,512.76,0.0,False,512.76
85,33,117,1,567.69,0.0,False,567.69
86,33,186,1,290.81,0.15,False,247.1885
87,33,288,2,515.26,0.1,False,927.468
88,33,2,2,807.37,0.2,False,1291.7920000000001
89,33,61,-1,512.76,0.15,True,-435.846
90,34,184,1,278.4,0.0,False,278.4
91,34,48,2,231.62,0.0,False,463.24
92,35,219,1,211.99,0.1,False,190.79100000000003
93,35,98,2,71.96,0.0,False,143.92
94,36,77,1,103.53,0.1,False,93.177
95,36,261,1,429.63,0.15,False,365.1855
96,37,264,1,16.2,0.0,False,16.2
97,37,33,-1,217.73,0.0,True,-217.73
98,37,199,1,51.0,0.0,False,51.0
99,38,29,1,103.82,0.0,False,103.82
100,38,38,2,364.99,0.0,False,729.98
101,39,211,1,943.9,0.0,False,943.9
102,39,144,1,299.76,0.15,False,254.796
103,39,145,1,61.15,0.0,False,61.15
104,39,72,1,286.08,0.1,False,257.472
105,39,67,1,355.8,0.0,False,355.8
106,40,25,-1,282.92,0.0,True,-282.92
107,40,35,2,425.48,0.0,False,850.96
108,40,269,1,603.81,0.0,False,603.81
109,40,102,1,396.98,0.0,False,396.98
110,41,206,1,612.54,0.0,False,612.54
111,41,6,1,531.19,0.2,False,424.95200000000006
112,41,53,1,192.38,0.0,False,192.38
113,41,113,2,55.28,0.0,False,110.56
114,42,177,1,156.12,0.0,False,156.12
115,42,280,1,121.8,0.0,False,121.8
116,43,203,1,431.09,0.0,False,431.09
117,44,129,2,492.47,0.0,False,984.94
118,44,73,3,346.78,0.05,False,988.3229999999999
119,45,48,2,231.62,0.15,False,393.754
120,45,94,1,514.73,0.0,False,514.73
121,45,215,1,501.1,0.0,False,501.1
122,45,252,2,274.43,0.05,False,521.417
123,46,59,2,287.12,0.0,False,574.24
124,47,231,3,410.59,0.0,False,1231.77
125,47,279,1,226.81,0.0,False,226.81
126,48,255,1,249.2,0.0,False,249.2
127,48,76,2,938.11,0.0,False,1876.22
128,49,179,1,478.65,0.0,False,478.65
129,50,136,1,974.39,0.0,False,974.39
130,50,90,1,219.22,0.0,False,219.22
131,50,204,3,578.66,0.1,False,1562.382
132,50,286,1,47.93,0.1,False,43.137
133,50,221,1,704.75,0.0,False,704.75
134,51,118,1,611.17,0.0,False,611.17
135,51,129,1,492.47,0.0,False,492.47
136,51,173,2,587.7,0.05,False,1116.63
137,52,260,1,619.66,0.1,False,557.694
138,52,226,1,211.98,0.15,False,180.183
139,53,96,1,682.77,0.05,False,648.6315
140,54,273,1,560.24,0.0,False,560.24
141,54,295,3,139.02,0.0,False,417.06000000000006
142,55,20,2,548.49,0.0,False,1096.98
143,56,138,2,54.35,0.05,False,103.265
144,56,200,1,533.81,0.05,False,507.1194999999999
145,57,278,1,402.71,0.05,False,382.57449999999994
146,58,202,1,514.85,0.0,False,514.85
147,58,151,1,625.19,0.0,False,625.19
148,59,114,2,23.97,0.0,False,47.94
149,59,294,3,141.94,0.0,False,425.82
150,59,41,1,376.48,0.15,False,320.008
151,59,173,1,587.7,0.15,False,499.545
152,60,114,2,23.97,0.0,False,47.94
153,60,190,1,707.42,0.1,False,636.678
154,61,251,1,439.11,0.2,False,351.288
155,61,287,1,754.14,0.05,False,716.433
156,61,148,2,304.48,0.0,False,608.96
157,61,62,2,244.7,0.15,False,415.98999999999995
158,61,39,3,412.64,0.0,False,1237.92
159,62,171,1,14.73,0.0,False,14.73
160,62,187,1,127.57,0.0,False,127.57
161,62,233,1,82.49,0.1,False,74.241
162,62,111,1,227.31,0.0,False,227.31
163,63,230,2,829.69,0.0,False,1659.38
164,63,137,3,316.92,0.0,False,950.76
165,63,56,1,186.07,0.1,False,167.463
166,64,63,1,430.39,0.0,False,430.39
167,64,68,2,133.13,0.0,False,266.26
168,65,71,3,362.18,0.0,False,1086.54
169,65,220,1,475.38,0.2,False,380.30400000000003
170,66,144,1,299.76,0.0,False,299.76
171,66,173,1,587.7,0.2,False,470.1600000000001
172,67,187,2,127.57,0.0,False,255.14
173,67,148,1,304.48,0.0,False,304.48
174,68,4,2,17.97,0.0,False,35.94
175,69,122,1,607.34,0.15,False,516.239
176,70,3,1,978.72,0.0,False,978.72
177,71,146,2,443.54,0.0,False,887.08
178,72,226,1,211.98,0.0,False,211.98
179,72,4,1,17.97,0.1,False,16.173
180,73,89,1,247.06,0.1,False,222.354
181,73,69,1,274.11,0.0,False,274.11
182,74,194,1,222.76,0.15,False,189.34599999999998
183,75,238,1,192.17,0.0,False,192.17
184,75,207,1,518.71,0.0,False,518.71
185,75,93,2,98.57,0.0,False,197.14
186,76,80,2,166.05,0.15,False,282.285
187,77,53,1,192.38,0.0,False,192.38
188,78,111,1,227.31,0.1,False,204.579
189,79,89,1,247.06,0.2,False,197.64800000000002
190,80,300,1,133.29,0.0,False,133.29
191,80,74,1,171.2,0.0,False,171.2
192,80,126,2,240.49,0.1,False,432.882
193,81,238,1,192.17,0.15,False,163.34449999999998
194,82,130,1,454.11,0.2,False,363.288
195,83,96,1,682.77,0.0,False,682.77
196,83,170,1,723.66,0.15,False,615.111
197,84,168,1,649.6,0.2,False,519.6800000000001
198,84,266,1,110.99,0.0,False,110.99
199,84,51,1,863.34,0.0,False,863.34
200,85,284,1,228.9,0.1,False,206.01000000000002
201,86,108,1,378.75,0.05,False,359.8125
202,86,264,1,16.2,0.0,False,16.2
203,87,121,3,183.38,0.05,False,522.6329999999999
204,87,294,1,141.94,0.0,False,141.94
205,87,84,3,43.2,0.15,False,110.16000000000001
206,87,48,1,231.62,0.0,False,231.62
207,87,179,1,478.65,0.0,False,478.65
208,88,3,1,978.72,0.2,False,782.9760000000001
209,88,256,1,537.93,0.2,False,430.344
210,88,25,1,282.92,0.05,False,268.774
211,89,72,1,286.08,0.05,False,271.77599999999995
212,89,46,1,397.56,0.0,False,397.56
213,89,93,1,98.57,0.05,False,93.6415
214,90,128,1,686.4,0.05,False,652.0799999999999
215,90,19,1,727.02,0.0,False,727.02
216,90,107,1,963.92,0.05,False,915.7239999999999
217,91,47,1,513.39,0.1,False,462.051
218,92,168,-1,649.6,0.0,True,-649.6
219,92,66,1,447.18,0.1,False,402.462
220,93,1,2,433.54,0.0,False,867.08
221,93,177,1,156.12,0.05,False,148.314
222,93,9,2,66.57,0.0,False,133.14
223,94,277,1,437.32,0.0,False,437.32
224,94,109,2,59.23,0.0,False,118.46
225,95,186,1,290.81,0.0,False,290.81
226,95,143,1,421.93,0.0,False,421.93
227,96,117,1,567.69,0.1,False,510.92100000000005
228,97,4,1,17.97,0.05,False,17.071499999999997
229,97,128,1,686.4,0.0,False,686.4
230,97,208,3,260.07,0.0,False,780.21
231,98,190,1,707.42,0.05,False,672.049
232,98,191,1,457.7,0.1,False,411.93
233,99,2,1,807.37,0.0,False,807.37
234,99,264,1,16.2,0.0,False,16.2
235,100,47,1,513.39,0.0,False,513.39
236,100,7,1,357.42,0.1,False,321.678
237,101,56,-1,186.07,0.05,True,-176.76649999999998
238,101,101,1,488.42,0.0,False,488.42
239,101,28,1,749.19,0.0,False,749.19
240,101,25,2,282.92,0.0,False,565.84
241,102,101,1,488.42,0.0,False,488.42
242,103,255,1,249.2,0.0,False,249.2
244,103,102,-1,396.98,0.1,True,-357.28200000000004
245,104,224,2,23.12,0.0,False,46.24
246,104,181,1,37.18,0.0,False,37.18
247,104,244,1,263.25,0.0,False,263.25
248,104,213,1,111.83,0.0,False,111.83
249,105,249,1,682.27,0.0,False,682.27
250,106,283,1,680.49,0.05,False,646.4655
251,107,34,1,399.8,0.0,False,399.8
252,107,257,1,8.4,0.0,False,8.4
253,107,255,3,249.2,0.0,False,747.5999999999999
254,108,225,1,939.11,0.1,False,845.1990000000001
255,109,77,1,103.53,0.0,False,103.53
256,109,246,1,574.84,0.0,False,574.84
257,109,166,1,278.38,0.0,False,278.38
258,109,264,1,16.2,0.0,False,16.2
259,109,59,-1,287.12,0.0,True,-287.12
260,110,240,1,555.47,0.0,False,555.47
261,111,15,1,536.46,0.05,False,509.637
262,111,280,3,121.8,0.1,False,328.86
263,111,293,1,709.48,0.0,False,709.48
264,111,300,1,133.29,0.0,False,133.29
265,112,261,1,429.63,0.1,False,386.66700000000003
266,112,280,3,121.8,0.15,False,310.59
267,112,71,1,362.18,0.0,False,362.18
268,112,183,1,942.96,0.05,False,895.812
269,112,226,-1,211.98,0.0,True,-211.98
270,113,24,1,696.97,0.0,False,696.97
271,114,207,1,518.71,0.05,False,492.7745
272,115,85,1,530.7,0.0,False,530.7
273,116,26,1,259.69,0.0,False,259.69
274,116,61,1,512.76,0.1,False,461.484
275,116,217,1,479.18,0.0,False,479.18
276,117,284,1,228.9,0.0,False,228.9
277,117,55,2,395.52,0.0,False,791.04
278,117,204,1,578.66,0.05,False,549.727
279,118,136,3,974.39,0.0,False,2923.17
280,118,262,1,214.85,0.0,False,214.85
281,119,183,1,942.96,0.0,False,942.96
282,120,294,3,141.94,0.1,False,383.238
283,120,205,1,367.74,0.0,False,367.74
284,121,270,1,34872.0,0.0,False,34872.0
285,122,58,1,87.55,0.1,False,78.795
286,122,184,1,278.4,0.2,False,222.72
287,122,84,-1,43.2,0.15,True,-36.72
288,122,56,1,186.07,0.0,False,186.07
289,122,1,1,433.54,0.2,False,346.83200000000005
290,123,12,3,156.75,0.0,False,470.25
291,123,155,1,607.36,0.0,False,607.36
292,124,141,1,251.45,0.0,False,251.45
293,124,33,1,217.73,0.05,False,206.84349999999998
294,124,34,2,399.8,0.0,False,799.6
295,125,237,2,335.88,0.0,False,671.76
296,125,227,1,192.19,0.0,False,192.19
297,125,116,2,862.37,0.05,False,1638.503
298,125,193,3,351.11,0.0,False,1053.33
299,126,160,3,150.1,0.0,False,450.29999999999995
300,126,47,1,513.39,0.0,False,513.39
301,127,93,1,98.57,0.05,False,93.6415
302,127,185,1,582.19,0.15,False,494.86150000000004
303,127,23,1,235.35,0.0,False,235.35
304,128,107,1,963.92,0.0,False,963.92
305,128,65,1,460.75,0.0,False,460.75
306,128,29,1,103.82,0.0,False,103.82
307,129,129,1,492.47,0.0,False,492.47
308,129,193,1,351.11,0.0,False,351.11
309,129,286,1,47.93,0.0,False,47.93
310,129,168,2,649.6,0.0,False,1299.2
311,129,160,1,150.1,0.1,False,135.09
312,130,158,2,282.03,0.2,False,451.248
313,130,260,2,619.66,0.0,False,1239.32
314,131,95,2,711.68,0.0,False,1423.36
315,131,56,1,186.07,0.0,False,186.07
316,131,118,3,611.17,0.0,False,1833.5099999999998
317,131,218,1,127.17,0.0,False,127.17
318,132,243,1,746.93,0.0,False,746.93
319,132,35,1,425.48,0.0,False,425.48
320,132,52,1,12.48,0.15,False,10.608
321,133,4,2,17.97,0.2,False,28.752
322,133,243,1,746.93,0.2,False,597.544
323,133,254,-1,286.86,0.0,True,-286.86
324,133,89,1,247.06,0.15,False,210.001
325,133,7,3,357.42,0.0,False,1072.26
326,134,57,3,510.39,0.0,False,1531.17
327,135,198,2,266.02,0.0,False,532.04
328,136,264,1,16.2,0.0,False,16.2
329,136,120,1,146.96,0.15,False,124.916
330,136,138,1,54.35,0.05,False,51.6325
331,136,157,1,701.5,0.0,False,701.5
332,136,75,2,299.66,0.1,False,539.388
333,137,276,1,341.21,0.05,False,324.1495
334,138,125,1,584.13,0.05,False,554.9235
335,138,86,1,443.6,0.0,False,443.6
336,138,285,1,667.54,0.05,False,634.1629999999999
337,139,35,1,425.48,0.0,False,425.48
338,140,118,1,611.17,0.0,False,611.17
339,141,7,1,357.42,0.15,False,303.807
340,141,54,1,679.71,0.05,False,645.7245
341,141,243,1,746.93,0.0,False,746.93
342,141,218,1,127.17,0.0,False,127.17
343,142,108,2,378.75,0.15,False,643.875
344,142,244,1,263.25,0.0,False,263.25
345,142,283,1,680.49,0.05,False,646.4655
346,143,234,3,486.72,0.0,False,1460.16
347,144,218,-1,127.17,0.0,True,-127.17
348,144,32,1,338.4,0.2,False,270.71999999999997
349,145,130,1,454.11,0.0,False,454.11
350,145,277,1,437.32,0.0,False,437.32
351,145,138,1,54.35,0.0,False,54.35
352,146,291,2,19.78,0.0,False,39.56
353,147,291,1,19.78,0.0,False,19.78
354,147,26,1,259.69,0.0,False,259.69
355,147,75,1,299.66,0.1,False,269.694
356,147,118,1,611.17,0.0,False,611.17
357,147,268,1,23.79,0.0,False,23.79
358,148,247,1,708.26,0.0,False,708.26
359,148,152,1,910.86,0.0,False,910.86
360,148,32,3,338.4,0.0,False,1015.1999999999999
361,148,164,1,446.58,0.05,False,424.251
362,149,282,1,280.61,0.0,False,280.61
363,149,162,2,126.53,0.1,False,227.75400000000002
364,149,102,1,396.98,0.2,False,317.58400000000006
365,150,195,1,132.26,0.0,False,132.26
366,150,24,1,696.97,0.2,False,557.576
367,150,217,1,479.18,0.0,False,479.18
368,150,202,3,514.85,0.0,False,1544.5500000000002
369,150,47,1,513.39,0.15,False,436.38149999999996
370,151,138,2,54.35,0.0,False,108.7
371,152,281,1,146.98,0.0,False,146.98
372,152,291,1,19.78,0.0,False,19.78
373,153,285,1,667.54,0.05,False,634.1629999999999
374,153,271,-1,756.22,0.05,True,-718.409
375,154,186,1,290.81,0.0,False,290.81
376,154,194,1,222.76,0.0,False,222.76
377,155,268,1,23.79,0.1,False,21.411
378,155,8,1,295.82,0.0,False,295.82
379,156,262,1,214.85,0.2,False,171.88
380,156,234,1,486.72,0.0,False,486.72
381,157,50,1,240.1,0.1,False,216.09
382,157,75,1,299.66,0.05,False,284.677
383,157,71,1,362.18,0.0,False,362.18
384,158,136,1,974.39,0.0,False,974.39
385,158,54,2,679.71,0.0,False,1359.42
386,159,296,1,361.73,0.1,False,325.557
387,160,176,1,199.39,0.2,False,159.512
388,161,258,1,626.09,0.0,False,626.09
389,161,144,1,299.76,0.0,False,299.76
390,161,265,1,839.64,0.05,False,797.6579999999999
391,161,124,1,640.23,0.2,False,512.1840000000001
392,161,278,3,402.71,0.1,False,1087.317
393,162,31,1,976.57,0.0,False,976.57
394,162,92,2,148.78,0.15,False,252.926
395,162,45,1,511.39,0.0,False,511.39
396,162,23,1,235.35,0.0,False,235.35
397,162,226,1,211.98,0.0,False,211.98
398,163,8,1,295.82,0.0,False,295.82
399,163,45,2,511.39,0.0,False,1022.78
400,164,268,1,23.79,0.0,False,23.79
401,164,212,1,445.65,0.0,False,445.65
402,164,242,2,166.1,0.0,False,332.2
403,165,276,1,341.21,0.15,False,290.02849999999995
404,165,37,1,608.8,0.0,False,608.8
405,165,288,1,515.26,0.0,False,515.26
406,166,269,2,603.81,0.1,False,1086.858
407,166,78,1,213.82,0.0,False,213.82
408,167,281,1,146.98,0.05,False,139.63099999999997
409,167,154,3,115.68,0.0,False,347.04
410,168,71,1,362.18,0.0,False,362.18
411,168,228,3,162.75,0.05,False,463.8375
412,169,82,1,235.49,0.0,False,235.49
413,169,18,1,35.67,0.0,False,35.67
414,169,55,1,395.52,0.05,False,375.74399999999997
415,169,15,1,536.46,0.05,False,509.637
416,169,52,3,12.48,0.2,False,29.951999999999998
417,170,152,1,910.86,0.0,False,910.86
418,171,190,3,707.42,0.0,False,2122.2599999999998
419,171,138,1,54.35,0.0,False,54.35
420,171,1,2,433.54,0.05,False,823.726
421,172,214,2,304.46,0.05,False,578.4739999999999
422,173,178,3,563.12,0.05,False,1604.892
423,173,133,1,479.79,0.15,False,407.8215
424,173,225,1,939.11,0.2,False,751.288
425,173,227,1,192.19,0.1,False,172.971
426,174,15,3,536.46,0.05,False,1528.911
427,174,25,1,282.92,0.0,False,282.92
428,174,111,3,227.31,0.1,False,613.7370000000001
429,175,17,2,953.82,0.0,False,1907.64
430,176,49,3,850.7,0.2,False,2041.6800000000003
431,176,90,3,219.22,0.0,False,657.66
432,177,199,1,51.0,0.0,False,51.0
433,178,281,1,146.98,0.0,False,146.98
434,178,245,1,11506.5,0.1,False,10355.85
435,179,112,1,10.73,0.0,False,10.73
436,179,298,1,238.39,0.2,False,190.712
437,179,11,1,216.27,0.0,False,216.27
438,180,179,2,478.65,0.0,False,957.3
439,181,55,1,395.52,0.0,False,395.52
440,182,49,1,850.7,0.05,False,808.165
441,183,3,1,978.72,0.2,False,782.9760000000001
442,183,212,1,445.65,0.0,False,445.65
443,184,70,1,402.01,0.0,False,402.01
444,185,279,1,226.81,0.1,False,204.12900000000002
445,185,45,1,511.39,0.05,False,485.8205
446,186,124,1,640.23,0.1,False,576.207
447,186,5,2,503.34,0.0,False,1006.68
448,186,267,1,253.7,0.0,False,253.7
449,186,13,1,152.16,0.0,False,152.16
450,186,59,1,287.12,0.0,False,287.12
451,187,87,1,564.0,0.1,False,507.6
452,187,88,1,275.21,0.15,False,233.92849999999999
453,187,64,1,29.71,0.15,False,25.2535
454,188,109,1,59.23,0.0,False,59.23
455,188,161,1,68.77,0.0,False,68.77
456,189,26,2,259.69,0.1,False,467.442
457,189,246,1,574.84,0.1,False,517.356
458,190,261,3,429.63,0.0,False,1288.8899999999999
459,190,261,1,429.63,0.2,False,343.704
460,190,28,1,749.19,0.2,False,599.3520000000001
461,190,245,1,11506.5,0.0,False,11506.5
462,190,151,1,625.19,0.05,False,593.9305
463,191,143,1,421.93,0.0,False,421.93
464,192,185,1,582.19,0.05,False,553.0805
465,193,142,3,717.32,0.05,False,2044.3619999999999
466,193,68,1,133.13,0.0,False,133.13
467,193,66,1,447.18,0.0,False,447.18
468,193,100,1,283.25,0.1,False,254.925
469,193,48,1,231.62,0.15,False,196.877
470,194,119,3,519.85,0.0,False,1559.5500000000002
471,195,37,1,608.8,0.05,False,578.3599999999999
472,196,21,2,614.24,0.0,False,1228.48
473,196,272,1,5.69,0.15,False,4.8365
474,197,78,1,213.82,0.1,False,192.438
475,197,61,1,512.76,0.0,False,512.76
476,198,21,1,614.24,0.05,False,583.528
477,198,44,1,6.81,0.1,False,6.129
478,199,19,1,727.02,0.0,False,727.02
479,200,155,1,607.36,0.0,False,607.36
480,201,61,1,512.76,0.2,False,410.208
481,201,211,1,943.9,0.15,False,802.3149999999999
482,201,285,1,667.54,0.0,False,667.54
483,201,264,2,16.2,0.05,False,30.779999999999998
484,202,209,1,797.01,0.0,False,797.01
485,203,123,2,840.94,0.05,False,1597.786
486,203,145,3,61.15,0.2,False,146.76
487,204,134,3,541.79,0.15,False,1381.5645
488,205,271,1,756.22,0.0,False,756.22
489,205,137,1,316.92,0.0,False,316.92
490,205,289,1,635.36,0.0,False,635.36
491,205,206,1,612.54,0.15,False,520.659
492,206,123,1,840.94,0.0,False,840.94
493,206,139,1,835.42,0.15,False,710.107
494,207,65,1,460.75,0.0,False,460.75
495,207,275,1,82.62,0.0,False,82.62
496,207,157,1,701.5,0.1,False,631.35
497,207,205,1,367.74,0.0,False,367.74
498,208,123,1,840.94,0.15,False,714.799
499,209,63,3,430.39,0.0,False,1291.17
500,210,60,1,148.68,0.0,False,148.68
501,210,29,1,103.82,0.0,False,103.82
502,210,235,1,370.09,0.2,False,296.072
503,210,10,1,309.24,0.05,False,293.778
504,210,254,3,286.86,0.1,False,774.522
505,211,286,1,47.93,0.0,False,47.93
506,211,144,1,299.76,0.0,False,299.76
507,212,255,1,249.2,0.2,False,199.36
508,213,76,1,938.11,0.0,False,938.11
509,213,296,1,361.73,0.05,False,343.6435
510,213,100,1,283.25,0.0,False,283.25
511,213,24,3,696.97,0.05,False,1986.3644999999997
512,214,189,1,24.7,0.0,False,24.7
513,214,19,1,727.02,0.0,False,727.02
514,214,92,1,148.78,0.0,False,148.78
515,214,238,1,192.17,0.15,False,163.34449999999998
516,215,64,2,29.71,0.0,False,59.42
517,215,45,1,511.39,0.0,False,511.39
518,215,63,1,430.39,0.05,False,408.8705
519,216,96,1,682.77,0.05,False,648.6315
520,216,127,1,111.4,0.05,False,105.83
521,217,227,1,192.19,0.05,False,182.5805
522,218,114,2,23.97,0.0,False,47.94
523,218,219,1,211.99,0.0,False,211.99
524,218,204,1,578.66,0.0,False,578.66
525,218,24,1,696.97,0.0,False,696.97
526,219,51,1,863.34,0.0,False,863.34
527,219,182,1,500.91,0.2,False,400.72800000000007
528,220,223,3,57.85,0.1,False,156.19500000000002
529,220,133,2,479.79,0.0,False,959.58
530,220,135,1,550.83,0.0,False,550.83
531,221,55,2,395.52,0.0,False,791.04
532,222,182,1,500.91,0.0,False,500.91
533,223,125,2,584.13,0.05,False,1109.847
534,223,126,1,240.49,0.05,False,228.4655
535,223,140,1,500.02,0.1,False,450.018
536,223,121,1,183.38,0.05,False,174.21099999999998
537,224,7,2,357.42,0.0,False,714.84
538,225,118,1,611.17,0.05,False,580.6115
539,225,198,1,266.02,0.05,False,252.71899999999997
540,225,24,1,696.97,0.0,False,696.97
541,226,220,-1,475.38,0.0,True,-475.38
542,226,176,1,199.39,0.0,False,199.39
543,227,281,1,146.98,0.1,False,132.28199999999998
544,228,82,1,235.49,0.0,False,235.49
545,228,255,1,249.2,0.05,False,236.73999999999998
546,229,221,3,704.75,0.05,False,2008.5375
547,229,291,1,19.78,0.0,False,19.78
548,229,268,1,23.79,0.0,False,23.79
549,230,95,1,711.68,0.05,False,676.0959999999999
550,230,15,1,536.46,0.0,False,536.46
551,230,272,1,5.69,0.0,False,5.69
552,230,181,1,37.18,0.05,False,35.321
553,230,293,3,709.48,0.05,False,2022.018
554,231,97,1,628.48,0.0,False,628.48
555,232,82,1,235.49,0.0,False,235.49
556,233,234,2,486.72,0.0,False,973.44
558,233,26,1,259.69,0.0,False,259.69
559,234,153,1,530.38,0.0,False,530.38
560,234,46,1,397.56,0.0,False,397.56
561,235,209,1,797.01,0.0,False,797.01
562,236,290,1,908.96,0.0,False,908.96
563,236,41,1,376.48,0.05,False,357.656
564,236,71,1,362.18,0.0,False,362.18
565,236,26,1,259.69,0.0,False,259.69
566,236,92,1,148.78,0.0,False,148.78
567,237,41,2,376.48,0.05,False,715.312
568,238,212,1,445.65,0.0,False,445.65
569,238,135,2,550.83,0.15,False,936.4110000000001
570,238,114,1,23.97,0.0,False,23.97
571,238,157,1,701.5,0.0,False,701.5
572,239,231,1,410.59,0.0,False,410.59
573,240,115,1,251.88,0.0,False,251.88
574,241,268,1,23.79,0.15,False,20.2215
575,241,81,1,779.01,0.0,False,779.01
576,242,246,2,574.84,0.0,False,1149.68
577,243,242,2,166.1,0.0,False,332.2
578,243,20,1,548.49,0.0,False,548.49
579,244,115,1,251.88,0.1,False,226.692
580,244,183,1,942.96,0.1,False,848.6640000000001
581,244,237,1,335.88,0.0,False,335.88
582,245,242,3,166.1,0.0,False,498.29999999999995
583,246,185,1,582.19,0.0,False,582.19
584,247,278,1,402.71,0.0,False,402.71
585,248,128,1,686.4,0.0,False,686.4
586,249,231,1,410.59,0.0,False,410.59
587,250,161,1,68.77,0.15,False,58.454499999999996
588,251,46,1,397.56,0.2,False,318.048
589,251,147,1,517.03,0.0,False,517.03
590,251,155,1,607.36,0.0,False,607.36
591,251,275,2,82.62,0.1,False,148.716
592,252,174,1,864.84,0.1,False,778.356
593,252,82,1,235.49,0.0,False,235.49
594,253,294,-1,141.94,0.0,True,-141.94
595,254,226,1,211.98,0.05,False,201.38099999999997
596,254,220,2,475.38,0.0,False,950.76
597,255,178,2,563.12,0.0,False,1126.24
598,255,30,1,477.17,0.05,False,453.31149999999997
599,256,133,2,479.79,0.0,False,959.58
600,256,139,1,835.42,0.2,False,668.336
601,257,298,2,238.39,0.1,False,429.102
602,257,9,1,66.57,0.05,False,63.24149999999999
603,257,68,1,133.13,0.15,False,113.1605
604,257,212,3,445.65,0.0,False,1336.9499999999998
605,257,237,1,335.88,0.2,False,268.704
606,258,94,3,514.73,0.0,False,1544.19
607,258,278,1,402.71,0.15,False,342.3035
608,259,163,1,598.68,0.1,False,538.812
609,260,131,3,797.13,0.05,False,2271.8205
610,261,40,2,171.89,0.0,False,343.78
611,261,25,1,282.92,0.0,False,282.92
612,262,26,1,259.69,0.15,False,220.73649999999998
613,262,233,2,82.49,0.1,False,148.482
614,263,129,1,492.47,0.0,False,492.47
615,264,253,3,621.95,0.05,False,1772.5575000000001
616,265,149,1,382.77,0.0,False,382.77
617,265,165,1,605.76,0.0,False,605.76
618,266,101,1,488.42,0.0,False,488.42
619,266,10,1,309.24,0.1,False,278.31600000000003
620,266,298,3,238.39,0.0,False,715.17
621,267,179,1,478.65,0.1,False,430.78499999999997
622,267,230,1,829.69,0.05,False,788.2055
623,267,204,1,578.66,0.05,False,549.727
624,268,255,1,249.2,0.1,False,224.28
625,269,205,1,367.74,0.0,False,367.74
626,270,81,1,779.01,0.0,False,779.01
627,270,211,1,943.9,0.0,False,943.9
628,270,298,1,238.39,0.0,False,238.39
629,271,93,1,98.57,0.0,False,98.57
630,271,133,1,479.79,0.0,False,479.79
631,271,174,1,864.84,0.0,False,864.84
632,272,115,1,251.88,0.0,False,251.88
633,272,43,1,97.72,0.0,False,97.72
634,273,58,1,87.55,0.0,False,87.55
635,273,279,1,226.81,0.0,False,226.81
636,274,285,1,667.54,0.0,False,667.54
637,275,258,3,626.09,0.0,False,1878.27
638,276,199,1,51.0,0.0,False,51.0
639,276,160,2,150.1,0.0,False,300.2
640,276,67,1,355.8,0.05,False,338.01
641,277,9,1,66.57,0.0,False,66.57
642,278,249,3,682.27,0.15,False,1739.7884999999999
643,279,209,1,797.01,0.0,False,797.01
644,279,295,1,139.02,0.0,False,139.02
645,280,222,1,264.61,0.0,False,264.61
646,281,83,1,243.1,0.0,False,243.1
647,281,50,1,240.1,0.05,False,228.09499999999997
648,281,92,1,148.78,0.15,False,126.463
649,281,282,1,280.61,0.15,False,238.51850000000002
650,281,83,3,243.1,0.1,False,656.37
651,282,274,1,528.78,0.0,False,528.78
652,282,224,3,23.12,0.1,False,62.424
653,283,105,1,375.87,0.0,False,375.87
654,283,43,1,97.72,0.05,False,92.83399999999999
655,283,278,3,402.71,0.1,False,1087.317
656,284,157,3,701.5,0.0,False,2104.5
657,284,98,1,71.96,0.0,False,71.96
658,285,115,1,251.88,0.0,False,251.88
659,285,33,1,217.73,0.0,False,217.73
660,285,11,1,216.27,0.15,False,183.8295
661,285,49,1,850.7,0.0,False,850.7
662,286,137,1,316.92,0.0,False,316.92
663,286,228,3,162.75,0.0,False,488.25
664,287,127,1,111.4,0.0,False,111.4
665,287,92,1,148.78,0.0,False,148.78
666,287,78,1,213.82,0.0,False,213.82
667,287,205,1,367.74,0.1,False,330.966
668,288,260,1,619.66,0.15,False,526.711
669,289,5,2,503.34,0.05,False,956.3459999999999
670,289,297,2,89.43,0.0,False,178.86
671,290,156,1,372.8,0.0,False,372.8
672,290,249,1,682.27,0.0,False,682.27
673,291,293,1,709.48,0.0,False,709.48
674,291,100,2,283.25,0.1,False,509.85
675,292,266,3,110.99,0.0,False,332.96999999999997
676,292,298,1,238.39,0.0,False,238.39
677,292,150,2,182.12,0.0,False,364.24
678,292,162,1,126.53,0.05,False,120.20349999999999
679,293,61,2,512.76,0.2,False,820.416
680,293,72,3,286.08,0.0,False,858.24
681,293,284,1,228.9,0.0,False,228.9
682,293,92,1,148.78,0.1,False,133.90200000000002
683,293,54,2,679.71,0.0,False,1359.42
684,294,277,1,437.32,0.05,False,415.45399999999995
685,295,122,1,607.34,0.15,False,516.239
686,295,190,3,707.42,0.0,False,2122.2599999999998
687,296,183,1,942.96,0.0,False,942.96
688,296,184,1,278.4,0.0,False,278.4
689,296,290,1,908.96,0.0,False,908.96
690,296,151,1,625.19,0.0,False,625.19
691,297,213,2,111.83,0.1,False,201.294
692,297,105,1,375.87,0.15,False,319.4895
693,298,23,1,235.35,0.0,False,235.35
694,299,194,1,222.76,0.1,False,200.484
695,299,177,1,156.12,0.0,False,156.12
696,299,162,3,126.53,0.1,False,341.63100000000003
697,299,93,1,98.57,0.0,False,98.57
698,299,151,1,625.19,0.0,False,625.19
699,300,167,1,39.88,0.0,False,39.88
700,300,88,1,275.21,0.1,False,247.689
701,300,116,1,862.37,0.0,False,862.37
702,301,86,1,443.6,0.1,False,399.24
703,302,35,3,425.48,0.1,False,1148.796
704,302,74,1,171.2,0.0,False,171.2
705,302,139,1,835.42,0.0,False,835.42
706,302,178,1,563.12,0.05,False,534.9639999999999
707,302,167,1,39.88,0.0,False,39.88
708,303,258,1,626.09,0.0,False,626.09
709,304,25,1,282.92,0.0,False,282.92
710,304,233,1,82.49,0.0,False,82.49
711,304,110,1,52.92,0.0,False,52.92
712,304,271,1,756.22,0.1,False,680.5980000000001
713,305,293,1,709.48,0.0,False,709.48
714,305,105,1,375.87,0.0,False,375.87
715,305,16,1,245.66,0.0,False,245.66
716,306,94,1,514.73,0.0,False,514.73
717,306,274,2,528.78,0.1,False,951.804
718,306,181,2,37.18,0.0,False,74.36
719,306,5,1,503.34,0.0,False,503.34
720,307,210,1,177.09,0.05,False,168.2355
721,307,116,1,862.37,0.1,False,776.133
722,307,52,1,12.48,0.1,False,11.232000000000001
723,308,246,1,574.84,0.0,False,574.84
724,308,204,1,578.66,0.0,False,578.66
725,309,193,1,351.11,0.0,False,351.11
726,309,175,1,600.57,0.0,False,600.57
727,310,175,1,600.57,0.0,False,600.57
728,310,120,2,146.96,0.05,False,279.224
729,311,149,3,382.77,0.0,False,1148.31
730,311,142,1,717.32,0.0,False,717.32
731,311,235,1,370.09,0.0,False,370.09
732,312,267,1,253.7,0.0,False,253.7
733,313,299,1,725.08,0.0,False,725.08
734,313,38,2,364.99,0.0,False,729.98
735,314,298,1,238.39,0.15,False,202.6315
736,314,169,2,458.05,0.1,False,824.49
737,314,106,1,150.04,0.1,False,135.036
738,314,201,-1,567.68,0.0,True,-567.68
739,315,223,2,57.85,0.0,False,115.7
740,316,173,1,587.7,0.15,False,499.545
741,317,296,1,361.73,0.0,False,361.73
742,317,218,3,127.17,0.0,False,381.51
743,318,276,2,341.21,0.1,False,614.178
744,318,7,2,357.42,0.05,False,679.098
745,318,203,1,431.09,0.05,False,409.53549999999996
746,319,294,-1,141.94,0.0,True,-141.94
747,320,31,1,976.57,0.0,False,976.57
748,321,168,1,649.6,0.0,False,649.6
749,322,272,1,5.69,0.0,False,5.69
750,322,226,1,211.98,0.05,False,201.38099999999997
751,322,206,1,612.54,0.0,False,612.54
752,322,31,1,976.57,0.05,False,927.7415
753,322,221,1,704.75,0.05,False,669.5124999999999
754,323,123,1,840.94,0.0,False,840.94
755,323,60,1,148.68,0.0,False,148.68
756,323,22,1,205.71,0.1,False,185.139
757,324,279,1,226.81,0.2,False,181.448
758,324,210,1,177.09,0.15,False,150.5265
759,324,267,1,253.7,0.1,False,228.32999999999998
760,324,212,1,445.65,0.15,False,378.80249999999995
761,325,154,1,115.68,0.0,False,115.68
762,325,64,1,29.71,0.05,False,28.2245
763,326,215,1,501.1,0.0,False,501.1
764,327,271,2,756.22,0.0,False,1512.44
765,327,109,3,59.23,0.0,False,177.69
766,328,2,1,807.37,0.0,False,807.37
767,328,143,3,421.93,0.0,False,1265.79
768,328,164,2,446.58,0.0,False,893.16
769,329,252,1,274.43,0.0,False,274.43
770,330,139,2,835.42,0.1,False,1503.7559999999999
771,330,157,3,701.5,0.0,False,2104.5
772,330,34,1,399.8,0.0,False,399.8
773,330,184,3,278.4,0.0,False,835.1999999999999
774,331,49,1,850.7,0.0,False,850.7
775,331,58,3,87.55,0.0,False,262.65
776,331,215,3,501.1,0.0,False,1503.3000000000002
777,332,135,1,550.83,0.1,False,495.74700000000007
778,332,120,2,146.96,0.05,False,279.224
779,332,183,1,942.96,0.0,False,942.96
780,332,144,1,299.76,0.0,False,299.76
781,332,140,1,500.02,0.0,False,500.02
782,333,159,1,818.3,0.05,False,777.3849999999999
783,333,142,1,717.32,0.0,False,717.32
784,333,286,1,47.93,0.05,False,45.5335
785,334,254,2,286.86,0.1,False,516.3480000000001
786,334,8,1,295.82,0.15,False,251.44699999999997
787,335,27,1,686.85,0.0,False,686.85
788,335,51,1,863.34,0.0,False,863.34
789,336,78,2,213.82,0.0,False,427.64
790,337,185,1,582.19,0.2,False,465.75200000000007
791,338,31,1,976.57,0.0,False,976.57
792,339,237,1,335.88,0.1,False,302.29200000000003
793,340,195,1,132.26,0.05,False,125.64699999999999
794,341,130,1,454.11,0.15,False,385.9935
795,342,281,2,146.98,0.2,False,235.168
796,342,4,1,17.97,0.0,False,17.97
797,343,74,1,171.2,0.0,False,171.2
798,344,9,1,66.57,0.0,False,66.57
799,345,94,1,514.73,0.05,False,488.9935
800,346,154,1,115.68,0.0,False,115.68
801,346,69,1,274.11,0.0,False,274.11
802,346,300,1,133.29,0.0,False,133.29
803,347,275,1,82.62,0.1,False,74.358
804,348,212,1,445.65,0.0,False,445.65
805,348,264,1,16.2,0.0,False,16.2
806,348,31,3,976.57,0.0,False,2929.71
807,349,286,-1,47.93,0.2,True,-38.344
808,349,17,1,953.82,0.05,False,906.129
809,350,271,3,756.22,0.1,False,2041.7939999999999
810,350,104,1,957.31,0.2,False,765.848
811,351,224,1,23.12,0.15,False,19.652
812,352,141,1,251.45,0.0,False,251.45
813,352,87,1,564.0,0.0,False,564.0
814,353,107,2,963.92,0.0,False,1927.84
815,354,207,1,518.71,0.0,False,518.71
816,354,2,1,807.37,0.0,False,807.37
817,354,47,1,513.39,0.0,False,513.39
818,355,72,1,286.08,0.0,False,286.08
819,355,298,1,238.39,0.15,False,202.6315
820,355,236,1,55.21,0.05,False,52.4495
821,356,281,1,146.98,0.2,False,117.584
822,356,21,1,614.24,0.15,False,522.104
823,356,264,1,16.2,0.0,False,16.2
824,356,50,1,240.1,0.0,False,240.1
826,357,294,3,141.94,0.0,False,425.82
827,358,105,1,375.87,0.0,False,375.87
828,359,129,1,492.47,0.15,False,418.59950000000003
829,359,208,1,260.07,0.0,False,260.07
830,360,277,3,437.32,0.05,False,1246.362
831,360,71,1,362.18,0.0,False,362.18
832,360,148,3,304.48,0.0,False,913.44
833,361,255,1,249.2,0.0,False,249.2
834,361,117,2,567.69,0.0,False,1135.38
835,361,211,1,943.9,0.2,False,755.12
836,361,233,1,82.49,0.0,False,82.49
837,362,60,1,148.68,0.15,False,126.378
838,363,204,1,578.66,0.0,False,578.66
839,363,89,1,247.06,0.0,False,247.06
840,363,28,1,749.19,0.0,False,749.19
841,364,66,1,447.18,0.2,False,357.744
842,365,136,3,974.39,0.05,False,2777.0115
843,365,220,1,475.38,0.0,False,475.38
844,365,133,1,479.79,0.05,False,455.8005
845,366,154,1,115.68,0.2,False,92.54400000000001
846,366,46,1,397.56,0.0,False,397.56
847,366,105,3,375.87,0.0,False,1127.6100000000001
848,366,133,1,479.79,0.0,False,479.79
849,366,252,-1,274.43,0.0,True,-274.43
850,367,94,1,514.73,0.2,False,411.78400000000005
851,367,215,1,501.1,0.0,False,501.1
852,367,205,3,367.74,0.1,False,992.898
853,368,139,2,835.42,0.0,False,1670.84
854,368,42,1,328.75,0.0,False,328.75
855,369,156,1,372.8,0.0,False,372.8
856,369,75,1,299.66,0.0,False,299.66
857,369,108,1,378.75,0.0,False,378.75
858,370,222,2,264.61,0.05,False,502.759
859,371,205,1,367.74,0.0,False,367.74
860,372,101,1,488.42,0.0,False,488.42
861,372,128,1,686.4,0.05,False,652.0799999999999
862,373,258,2,626.09,0.05,False,1189.571
863,373,142,1,717.32,0.0,False,717.32
864,374,51,2,863.34,0.2,False,1381.344
865,375,96,1,682.77,0.0,False,682.77
866,376,123,1,840.94,0.0,False,840.94
867,376,259,1,533.22,0.2,False,426.576
868,377,26,1,259.69,0.1,False,233.721
869,377,7,1,357.42,0.15,False,303.807
870,378,239,2,517.8,0.0,False,1035.6
871,378,54,2,679.71,0.1,False,1223.478
872,378,80,2,166.05,0.15,False,282.285
873,379,239,2,517.8,0.0,False,1035.6
874,379,5,1,503.34,0.0,False,503.34
875,380,12,1,156.75,0.0,False,156.75
876,380,228,1,162.75,0.0,False,162.75
877,380,240,1,555.47,0.0,False,555.47
878,381,263,1,222.36,0.05,False,211.242
879,381,80,1,166.05,0.0,False,166.05
880,382,62,1,244.7,0.0,False,244.7
881,382,21,1,614.24,0.0,False,614.24
882,383,282,1,280.61,0.0,False,280.61
883,383,257,1,8.4,0.0,False,8.4
884,383,151,1,625.19,0.1,False,562.671
885,384,20,2,548.49,0.0,False,1096.98
886,384,196,1,518.75,0.1,False,466.875
887,385,183,1,942.96,0.05,False,895.812
888,385,296,2,361.73,0.15,False,614.941
889,385,73,1,346.78,0.0,False,346.78
890,386,5,1,503.34,0.0,False,503.34
891,387,58,1,87.55,0.1,False,78.795
892,387,148,1,304.48,0.0,False,304.48
893,387,13,1,152.16,0.15,False,129.33599999999998
894,388,52,1,12.48,0.0,False,12.48
895,389,126,1,240.49,0.1,False,216.441
896,389,169,1,458.05,0.0,False,458.05
897,390,216,1,492.92,0.2,False,394.336
898,390,300,2,133.29,0.1,False,239.922
899,390,242,1,166.1,0.0,False,166.1
900,390,57,1,510.39,0.1,False,459.351
901,391,289,1,635.36,0.0,False,635.36
902,391,80,1,166.05,0.15,False,141.1425
903,392,152,2,910.86,0.0,False,1821.72
904,393,19,1,727.02,0.0,False,727.02
905,393,105,1,375.87,0.0,False,375.87
906,394,118,1,611.17,0.05,False,580.6115
907,394,250,1,8284.0,0.2,False,6627.200000000001
908,394,96,2,682.77,0.0,False,1365.54
909,394,155,1,607.36,0.0,False,607.36
910,394,93,1,98.57,0.0,False,98.57
911,395,96,1,682.77,0.1,False,614.493
912,395,230,1,829.69,0.0,False,829.69
913,395,194,1,222.76,0.0,False,222.76
914,395,106,3,150.04,0.0,False,450.12
915,396,65,1,460.75,0.0,False,460.75
916,396,244,1,263.25,0.0,False,263.25
917,397,120,1,146.96,0.05,False,139.612
918,397,121,1,183.38,0.0,False,183.38
919,398,43,3,97.72,0.0,False,293.15999999999997
920,398,220,3,475.38,0.1,False,1283.5259999999998
921,399,238,1,192.17,0.0,False,192.17
922,399,224,2,23.12,0.0,False,46.24
923,400,245,1,11506.5,0.0,False,11506.5
924,400,234,1,486.72,0.0,False,486.72
925,400,90,3,219.22,0.0,False,657.66
926,400,39,2,412.64,0.1,False,742.752
927,401,85,1,530.7,0.0,False,530.7
928,402,207,1,518.71,0.0,False,518.71
929,402,54,2,679.71,0.2,False,1087.536
931,402,300,2,133.29,0.0,False,266.58
932,402,93,1,98.57,0.2,False,78.856
933,403,138,1,54.35,0.0,False,54.35
934,403,13,2,152.16,0.0,False,304.32
935,403,10,3,309.24,0.1,False,834.9480000000001
936,404,150,1,182.12,0.0,False,182.12
937,404,235,1,370.09,0.15,False,314.57649999999995
938,404,115,2,251.88,0.1,False,453.384
939,404,289,1,635.36,0.0,False,635.36
940,404,285,1,667.54,0.0,False,667.54
941,405,282,1,280.61,0.05,False,266.5795
942,405,116,1,862.37,0.05,False,819.2515
943,405,253,1,621.95,0.1,False,559.7550000000001
944,405,294,1,141.94,0.0,False,141.94
945,406,221,1,704.75,0.0,False,704.75
946,407,106,1,150.04,0.0,False,150.04
947,407,192,1,697.79,0.05,False,662.9005
948,408,254,-1,286.86,0.1,True,-258.17400000000004
949,408,12,1,156.75,0.0,False,156.75
950,409,40,3,171.89,0.1,False,464.10299999999995
951,410,18,1,35.67,0.0,False,35.67
952,410,99,1,496.87,0.0,False,496.87
953,411,170,1,723.66,0.2,False,578.928
954,411,116,-1,862.37,0.0,True,-862.37
955,411,18,1,35.67,0.0,False,35.67
956,412,126,1,240.49,0.0,False,240.49
957,412,202,3,514.85,0.0,False,1544.5500000000002
958,412,276,1,341.21,0.0,False,341.21
959,413,47,1,513.39,0.0,False,513.39
960,413,171,2,14.73,0.0,False,29.46
961,413,69,3,274.11,0.0,False,822.33
962,414,191,1,457.7,0.0,False,457.7
963,414,94,1,514.73,0.1,False,463.257
964,415,51,1,863.34,0.0,False,863.34
965,415,118,1,611.17,0.0,False,611.17
966,415,66,3,447.18,0.1,False,1207.386
967,415,164,1,446.58,0.1,False,401.92199999999997
968,415,205,1,367.74,0.0,False,367.74
969,416,293,1,709.48,0.05,False,674.006
970,417,55,1,395.52,0.05,False,375.74399999999997
971,418,72,1,286.08,0.05,False,271.77599999999995
972,419,72,1,286.08,0.05,False,271.77599999999995
973,419,129,2,492.47,0.0,False,984.94
974,420,277,2,437.32,0.0,False,874.64
975,420,4,1,17.97,0.0,False,17.97
976,420,221,1,704.75,0.0,False,704.75
977,421,286,1,47.93,0.0,False,47.93
978,421,30,1,477.17,0.0,False,477.17
979,422,258,2,626.09,0.0,False,1252.18
980,423,245,1,11506.5,0.1,False,10355.85
981,423,261,1,429.63,0.0,False,429.63
982,423,87,1,564.0,0.15,False,479.4
983,424,285,1,667.54,0.0,False,667.54
984,424,55,1,395.52,0.0,False,395.52
985,425,97,1,628.48,0.0,False,628.48
986,425,7,1,357.42,0.15,False,303.807
987,426,6,2,531.19,0.05,False,1009.2610000000001
988,426,202,1,514.85,0.05,False,489.1075
989,427,27,3,686.85,0.0,False,2060.55
990,427,35,1,425.48,0.0,False,425.48
991,427,119,1,519.85,0.0,False,519.85
992,428,91,1,369.86,0.0,False,369.86
993,428,45,3,511.39,0.0,False,1534.17
994,429,20,1,548.49,0.0,False,548.49
995,429,215,2,501.1,0.0,False,1002.2
996,430,182,1,500.91,0.0,False,500.91
997,430,89,1,247.06,0.0,False,247.06
998,430,218,1,127.17,0.1,False,114.453
999,431,133,1,479.79,0.0,False,479.79
1000,432,148,1,304.48,0.05,False,289.25600000000003
1001,433,216,2,492.92,0.1,False,887.2560000000001
1002,433,107,2,963.92,0.05,False,1831.4479999999999
1003,434,175,1,600.57,0.0,False,600.57
1004,434,45,2,511.39,0.0,False,1022.78
1005,435,87,1,564.0,0.0,False,564.0
1006,436,220,2,475.38,0.1,False,855.684
1007,437,151,2,625.19,0.0,False,1250.38
1008,438,240,1,555.47,0.0,False,555.47
1009,439,117,1,567.69,0.0,False,567.69
1010,439,247,1,708.26,0.0,False,708.26
1011,440,17,1,953.82,0.0,False,953.82
1012,440,135,1,550.83,0.0,False,550.83
1013,441,268,1,23.79,0.0,False,23.79
1014,441,193,1,351.11,0.1,False,315.999
1015,442,68,1,133.13,0.0,False,133.13
1016,442,284,3,228.9,0.15,False,583.695
1017,442,189,1,24.7,0.15,False,20.994999999999997
1018,442,191,2,457.7,0.05,False,869.6299999999999
1019,443,57,1,510.39,0.0,False,510.39
1020,443,233,1,82.49,0.1,False,74.241
1021,444,19,1,727.02,0.0,False,727.02
1022,445,226,1,211.98,0.0,False,211.98
1023,445,62,1,244.7,0.0,False,244.7
1024,446,9,2,66.57,0.0,False,133.14
1025,446,221,1,704.75,0.0,False,704.75
1026,446,24,1,696.97,0.1,False,627.273
1027,447,258,2,626.09,0.2,False,1001.7440000000001
1028,447,162,2,126.53,0.05,False,240.40699999999998
1029,447,155,1,607.36,0.0,False,607.36
1030,448,40,1,171.89,0.0,False,171.89
1031,448,16,1,245.66,0.0,False,245.66
1032,449,298,1,238.39,0.1,False,214.551
1033,449,42,1,328.75,0.0,False,328.75
1034,450,166,3,278.38,0.1,False,751.626
1035,450,120,1,146.96,0.0,False,146.96
1036,451,88,1,275.21,0.0,False,275.21
1037,451,275,1,82.62,0.05,False,78.489
1038,452,58,1,87.55,0.1,False,78.795
1039,452,215,1,501.1,0.2,False,400.88000000000005
1040,452,33,1,217.73,0.1,False,195.957
1041,453,140,1,500.02,0.15,False,425.017
1042,454,39,1,412.64,0.0,False,412.64
1043,454,258,2,626.09,0.0,False,1252.18
1044,454,139,1,835.42,0.05,False,793.6489999999999
1045,455,130,2,454.11,0.0,False,908.22
1046,455,73,3,346.78,0.05,False,988.3229999999999
1047,455,1,1,433.54,0.0,False,433.54
1048,456,22,1,205.71,0.0,False,205.71
1049,456,277,1,437.32,0.05,False,415.45399999999995
1050,457,213,1,111.83,0.05,False,106.23849999999999
1051,457,154,2,115.68,0.0,False,231.36
1052,458,174,3,864.84,0.0,False,2594.52
1053,458,142,1,717.32,0.0,False,717.32
1055,458,58,1,87.55,0.15,False,74.41749999999999
1056,459,286,1,47.93,0.0,False,47.93
1057,460,216,1,492.92,0.15,False,418.982
1058,460,138,1,54.35,0.1,False,48.915
1059,460,95,1,711.68,0.0,False,711.68
1060,460,249,2,682.27,0.0,False,1364.54
1061,460,152,2,910.86,0.15,False,1548.462
1062,461,300,1,133.29,0.15,False,113.2965
1063,461,235,1,370.09,0.0,False,370.09
1064,462,193,1,351.11,0.0,False,351.11
1065,463,158,1,282.03,0.0,False,282.03
1066,463,218,1,127.17,0.1,False,114.453
1067,463,226,2,211.98,0.1,False,381.56399999999996
1068,463,9,-1,66.57,0.15,True,-56.58449999999999
1069,464,292,1,425.68,0.0,False,425.68
1070,464,142,3,717.32,0.0,False,2151.96
1071,465,238,1,192.17,0.05,False,182.56149999999997
1072,465,146,1,443.54,0.0,False,443.54
1073,466,96,1,682.77,0.0,False,682.77
1074,466,211,1,943.9,0.0,False,943.9
1075,466,204,1,578.66,0.0,False,578.66
1076,466,299,1,725.08,0.0,False,725.08
1077,466,80,1,166.05,0.05,False,157.7475
1078,467,205,1,367.74,0.0,False,367.74
1079,467,96,1,682.77,0.1,False,614.493
1080,467,63,1,430.39,0.0,False,430.39
1081,468,98,-1,71.96,0.0,True,-71.96
1082,468,65,1,460.75,0.0,False,460.75
1083,469,76,2,938.11,0.05,False,1782.4089999999999
1084,469,157,1,701.5,0.05,False,666.425
1085,469,146,1,443.54,0.0,False,443.54
1086,469,61,1,512.76,0.0,False,512.76
1087,470,17,1,953.82,0.0,False,953.82
1088,470,197,1,538.79,0.05,False,511.85049999999995
1089,471,78,1,213.82,0.0,False,213.82
1090,471,119,1,519.85,0.15,False,441.8725
1091,471,220,1,475.38,0.1,False,427.842
1092,471,134,1,541.79,0.05,False,514.7004999999999
1093,471,292,3,425.68,0.1,False,1149.336
1094,472,44,1,6.81,0.0,False,6.81
1095,472,2,1,807.37,0.0,False,807.37
1096,472,270,1,34872.0,0.0,False,34872.0
1097,472,149,2,382.77,0.0,False,765.54
1098,473,38,1,364.99,0.0,False,364.99
1099,474,101,1,488.42,0.0,False,488.42
1100,474,180,1,843.45,0.0,False,843.45
1101,475,299,1,725.08,0.0,False,725.08
1102,475,248,1,75.61,0.0,False,75.61
1103,475,95,2,711.68,0.1,False,1281.024
1104,475,230,1,829.69,0.05,False,788.2055
1105,476,66,2,447.18,0.0,False,894.36
1106,476,3,1,978.72,0.0,False,978.72
1107,477,286,2,47.93,0.2,False,76.688
1108,477,123,3,840.94,0.0,False,2522.82
1109,477,178,1,563.12,0.0,False,563.12
1110,477,131,1,797.13,0.1,False,717.417
1111,477,182,1,500.91,0.0,False,500.91
1112,478,201,1,567.68,0.0,False,567.68
1113,479,146,1,443.54,0.0,False,443.54
1114,480,142,-1,717.32,0.2,True,-573.8560000000001
1115,481,108,1,378.75,0.0,False,378.75
1116,482,143,1,421.93,0.05,False,400.8335
1117,482,228,1,162.75,0.0,False,162.75
1118,483,106,2,150.04,0.05,False,285.07599999999996
1119,483,214,1,304.46,0.0,False,304.46
1120,483,240,1,555.47,0.1,False,499.92300000000006
1121,484,286,1,47.93,0.2,False,38.344
1122,484,22,-1,205.71,0.05,True,-195.4245
1123,485,75,2,299.66,0.0,False,599.32
1124,486,84,2,43.2,0.0,False,86.4
1125,487,82,1,235.49,0.0,False,235.49
1126,487,241,1,306.12,0.0,False,306.12
1127,487,187,1,127.57,0.0,False,127.57
1128,488,33,1,217.73,0.05,False,206.84349999999998
1129,489,249,2,682.27,0.2,False,1091.632
1130,489,209,1,797.01,0.0,False,797.01
1131,490,197,1,538.79,0.0,False,538.79
1132,491,199,1,51.0,0.0,False,51.0
1133,492,223,2,57.85,0.0,False,115.7
1134,492,272,2,5.69,0.0,False,11.38
1135,493,111,1,227.31,0.0,False,227.31
1136,494,70,1,402.01,0.0,False,402.01
1137,495,188,1,550.0,0.0,False,550.0
1138,495,96,3,682.77,0.0,False,2048.31
1139,495,274,1,528.78,0.0,False,528.78
1140,496,140,-1,500.02,0.0,True,-500.02
1141,497,169,1,458.05,0.0,False,458.05
1142,497,288,1,515.26,0.0,False,515.26
1143,497,180,1,843.45,0.0,False,843.45
1144,498,86,1,443.6,0.05,False,421.42
1145,499,121,3,183.38,0.0,False,550.14
1146,499,72,1,286.08,0.0,False,286.08
1147,500,208,1,260.07,0.0,False,260.07
1148,500,33,1,217.73,0.0,False,217.73
1149,500,102,1,396.98,0.0,False,396.98
1150,500,47,1,513.39,0.1,False,462.051
1151,501,67,1,355.8,0.0,False,355.8
1152,502,193,3,351.11,0.05,False,1000.6634999999999
1153,503,236,1,55.21,0.15,False,46.9285
1154,504,154,2,115.68,0.0,False,231.36
1155,504,170,1,723.66,0.0,False,723.66
1156,505,281,3,146.98,0.0,False,440.93999999999994
1157,505,96,-1,682.77,0.2,True,-546.216
1158,506,52,1,12.48,0.0,False,12.48
1159,506,222,1,264.61,0.0,False,264.61
1160,506,74,1,171.2,0.05,False,162.64
1161,506,69,1,274.11,0.2,False,219.288
1162,507,165,1,605.76,0.0,False,605.76
1163,507,236,1,55.21,0.1,False,49.689
1164,507,133,1,479.79,0.0,False,479.79
1165,507,82,1,235.49,0.0,False,235.49
1166,508,49,1,850.7,0.2,False,680.5600000000001
1167,509,109,3,59.23,0.0,False,177.69
1168,510,248,1,75.61,0.0,False,75.61
1169,510,138,1,54.35,0.0,False,54.35
1170,510,227,1,192.19,0.0,False,192.19
1171,511,202,2,514.85,0.2,False,823.7600000000001
1172,512,253,1,621.95,0.0,False,621.95
1173,512,39,1,412.64,0.05,False,392.008
1174,512,18,3,35.67,0.0,False,107.01
1175,512,245,1,11506.5,0.1,False,10355.85
1177,513,172,1,104.56,0.0,False,104.56
1178,513,156,1,372.8,0.0,False,372.8
1179,513,20,1,548.49,0.1,False,493.641
1180,514,223,1,57.85,0.1,False,52.065000000000005
1181,514,220,1,475.38,0.0,False,475.38
1182,514,2,2,807.37,0.0,False,1614.74
1183,515,183,1,942.96,0.1,False,848.6640000000001
1184,515,135,3,550.83,0.05,False,1569.8655
1185,515,230,1,829.69,0.0,False,829.69
1186,516,293,1,709.48,0.05,False,674.006
1187,516,143,2,421.93,0.0,False,843.86
1188,516,260,1,619.66,0.0,False,619.66
1189,517,107,1,963.92,0.0,False,963.92
1190,517,152,1,910.86,0.0,False,910.86
1191,518,281,1,146.98,0.15,False,124.93299999999999
1192,519,174,1,864.84,0.0,False,864.84
1193,519,94,1,514.73,0.0,False,514.73
1194,520,156,3,372.8,0.0,False,1118.4
1195,520,83,1,243.1,0.05,False,230.945
1196,520,252,1,274.43,0.0,False,274.43
1197,520,73,3,346.78,0.0,False,1040.34
1198,520,280,1,121.8,0.0,False,121.8
1199,521,40,-1,171.89,0.0,True,-171.89
1200,521,295,1,139.02,0.0,False,139.02
1201,522,228,1,162.75,0.0,False,162.75
1202,522,99,2,496.87,0.0,False,993.74
1203,523,279,1,226.81,0.15,False,192.7885
1204,524,183,3,942.96,0.05,False,2687.436
1205,524,209,3,797.01,0.0,False,2391.0299999999997
1206,525,181,1,37.18,0.2,False,29.744
1207,525,221,1,704.75,0.0,False,704.75
1208,525,229,1,690.53,0.1,False,621.477
1209,525,272,2,5.69,0.0,False,11.38
1210,526,79,1,308.93,0.0,False,308.93
1211,527,3,1,978.72,0.1,False,880.8480000000001
1212,527,271,1,756.22,0.0,False,756.22
1213,527,263,2,222.36,0.1,False,400.24800000000005
1214,527,22,1,205.71,0.0,False,205.71
1215,527,210,1,177.09,0.15,False,150.5265
1216,528,24,2,696.97,0.0,False,1393.94
1217,529,109,1,59.23,0.0,False,59.23
1218,529,222,1,264.61,0.1,False,238.14900000000003
1219,529,249,2,682.27,0.15,False,1159.859
1220,530,57,1,510.39,0.0,False,510.39
1221,530,7,1,357.42,0.15,False,303.807
1222,531,8,1,295.82,0.0,False,295.82
1223,531,115,1,251.88,0.05,False,239.28599999999997
1224,531,300,2,133.29,0.1,False,239.922
1225,531,222,1,264.61,0.05,False,251.3795
1226,531,76,1,938.11,0.1,False,844.299
1227,532,72,1,286.08,0.0,False,286.08
1228,532,9,1,66.57,0.1,False,59.913
1229,532,117,1,567.69,0.05,False,539.3055
1230,532,242,1,166.1,0.0,False,166.1
1231,532,188,3,550.0,0.0,False,1650.0
1232,533,104,1,957.31,0.0,False,957.31
1233,533,164,2,446.58,0.0,False,893.16
1234,533,264,2,16.2,0.0,False,32.4
1235,534,220,1,475.38,0.05,False,451.611
1236,535,216,2,492.92,0.0,False,985.84
1237,536,94,2,514.73,0.0,False,1029.46
1238,536,45,1,511.39,0.2,False,409.112
1239,537,76,2,938.11,0.1,False,1688.598
1240,538,12,3,156.75,0.15,False,399.7125
1241,538,236,1,55.21,0.0,False,55.21
1242,539,117,1,567.69,0.1,False,510.92100000000005
1243,539,220,1,475.38,0.0,False,475.38
1244,539,278,1,402.71,0.0,False,402.71
1245,539,283,1,680.49,0.0,False,680.49
1246,540,161,1,68.77,0.0,False,68.77
1247,540,279,1,226.81,0.05,False,215.46949999999998
1248,541,165,1,605.76,0.0,False,605.76
1249,541,190,1,707.42,0.05,False,672.049
1250,542,135,1,550.83,0.0,False,550.83
1251,543,78,1,213.82,0.0,False,213.82
1252,543,59,3,287.12,0.1,False,775.224
1253,544,291,1,19.78,0.0,False,19.78
1254,545,251,1,439.11,0.0,False,439.11
1255,545,19,2,727.02,0.0,False,1454.04
1256,546,284,1,228.9,0.0,False,228.9
1257,547,125,1,584.13,0.0,False,584.13
1258,547,236,1,55.21,0.0,False,55.21
1259,547,116,-1,862.37,0.0,True,-862.37
1260,547,229,1,690.53,0.0,False,690.53
1261,548,175,1,600.57,0.05,False,570.5415
1262,549,269,1,603.81,0.05,False,573.6194999999999
1263,549,114,1,23.97,0.05,False,22.7715
1264,550,40,1,171.89,0.0,False,171.89
1265,551,102,1,396.98,0.2,False,317.58400000000006
1266,551,202,2,514.85,0.1,False,926.73
1267,551,20,1,548.49,0.0,False,548.49
1268,551,229,1,690.53,0.15,False,586.9504999999999
1269,552,211,-1,943.9,0.0,True,-943.9
1270,553,112,3,10.73,0.05,False,30.580499999999997
1271,554,256,1,537.93,0.05,False,511.03349999999995
1272,554,76,1,938.11,0.0,False,938.11
1273,555,170,1,723.66,0.15,False,615.111
1274,555,84,-1,43.2,0.0,True,-43.2
1275,555,47,1,513.39,0.2,False,410.712
1276,556,299,1,725.08,0.0,False,725.08
1277,556,107,1,963.92,0.1,False,867.528
1278,557,294,1,141.94,0.0,False,141.94
1279,558,2,1,807.37,0.15,False,686.2645
1280,559,147,2,517.03,0.0,False,1034.06
1281,559,154,2,115.68,0.05,False,219.792
1282,560,250,2,8284.0,0.0,False,16568.0
1283,561,124,-1,640.23,0.1,True,-576.207
1284,561,78,1,213.82,0.1,False,192.438
1285,561,16,1,245.66,0.05,False,233.37699999999998
1286,562,236,1,55.21,0.05,False,52.4495
1287,562,212,1,445.65,0.0,False,445.65
1288,563,17,1,953.82,0.1,False,858.4380000000001
1289,563,113,1,55.28,0.0,False,55.28
1290,563,107,1,963.92,0.2,False,771.136
1291,564,232,1,71.83,0.0,False,71.83
1292,565,85,1,530.7,0.1,False,477.63000000000005
1293,566,72,2,286.08,0.0,False,572.16
1294,566,282,1,280.61,0.0,False,280.61
1295,566,112,1,10.73,0.0,False,10.73
1296,566,196,2,518.75,0.05,False,985.625
1297,567,135,2,550.83,0.0,False,1101.66
1298,567,111,3,227.31,0.2,False,545.5440000000001
1299,568,107,2,963.92,0.1,False,1735.056
1300,569,274,3,528.78,0.0,False,1586.34
1302,570,185,1,582.19,0.05,False,553.0805
1303,571,77,1,103.53,0.0,False,103.53
1304,571,235,1,370.09,0.0,False,370.09
1305,571,110,1,52.92,0.15,False,44.982
1306,572,223,1,57.85,0.0,False,57.85
1307,572,271,2,756.22,0.0,False,1512.44
1308,573,44,1,6.81,0.15,False,5.788499999999999
1309,574,8,1,295.82,0.0,False,295.82
1310,574,50,1,240.1,0.05,False,228.09499999999997
1311,575,28,1,749.19,0.0,False,749.19
1312,575,74,2,171.2,0.1,False,308.15999999999997
1313,575,126,3,240.49,0.05,False,685.3965
1314,576,95,1,711.68,0.0,False,711.68
1315,577,71,1,362.18,0.05,False,344.07099999999997
1316,577,79,1,308.93,0.0,False,308.93
1317,577,162,1,126.53,0.0,False,126.53
1318,578,128,1,686.4,0.05,False,652.0799999999999
1319,578,70,2,402.01,0.0,False,804.02
1320,579,25,1,282.92,0.0,False,282.92
1321,579,24,2,696.97,0.0,False,1393.94
1322,579,274,1,528.78,0.0,False,528.78
1323,580,60,2,148.68,0.0,False,297.36
1324,580,131,1,797.13,0.1,False,717.417
1325,581,153,2,530.38,0.0,False,1060.76
1326,581,3,1,978.72,0.0,False,978.72
1327,582,299,3,725.08,0.0,False,2175.2400000000002
1328,582,243,1,746.93,0.1,False,672.237
1329,582,294,1,141.94,0.05,False,134.843
1330,583,91,-1,369.86,0.2,True,-295.88800000000003
1331,584,190,2,707.42,0.15,False,1202.6139999999998
1332,584,214,1,304.46,0.0,False,304.46
1333,584,190,1,707.42,0.0,False,707.42
1334,584,190,1,707.42,0.15,False,601.3069999999999
1335,584,139,3,835.42,0.0,False,2506.2599999999998
1336,585,209,1,797.01,0.05,False,757.1595
1337,585,283,2,680.49,0.05,False,1292.931
1338,585,104,2,957.31,0.05,False,1818.889
1339,586,81,1,779.01,0.1,False,701.109
1340,586,215,3,501.1,0.05,False,1428.1350000000002
1341,587,169,1,458.05,0.0,False,458.05
1342,587,14,1,90.93,0.0,False,90.93
1343,588,280,2,121.8,0.0,False,243.6
1344,588,115,1,251.88,0.0,False,251.88
1345,589,126,1,240.49,0.1,False,216.441
1346,590,3,3,978.72,0.0,False,2936.16
1347,590,247,3,708.26,0.15,False,1806.0629999999996
1348,590,72,1,286.08,0.0,False,286.08
1349,591,153,2,530.38,0.0,False,1060.76
1350,591,143,2,421.93,0.05,False,801.667
1351,592,98,1,71.96,0.0,False,71.96
1352,593,135,1,550.83,0.05,False,523.2885
1353,593,57,1,510.39,0.0,False,510.39
1354,593,150,1,182.12,0.0,False,182.12
1355,594,57,1,510.39,0.2,False,408.312
1356,595,127,1,111.4,0.0,False,111.4
1357,595,42,1,328.75,0.0,False,328.75
1358,595,111,1,227.31,0.05,False,215.9445
1359,596,289,1,635.36,0.05,False,603.592
1360,597,38,-1,364.99,0.15,True,-310.2415
1361,598,43,2,97.72,0.0,False,195.44
1362,598,83,2,243.1,0.0,False,486.2
1363,598,214,2,304.46,0.15,False,517.582
1364,599,150,1,182.12,0.2,False,145.696
1365,600,80,-1,166.05,0.0,True,-166.05
1366,601,52,1,12.48,0.0,False,12.48
1367,601,166,2,278.38,0.0,False,556.76
1368,602,51,1,863.34,0.0,False,863.34
1369,602,9,-1,66.57,0.0,True,-66.57
1370,602,3,1,978.72,0.15,False,831.912
1371,603,236,2,55.21,0.0,False,110.42
1372,603,249,3,682.27,0.0,False,2046.81
1373,603,110,3,52.92,0.0,False,158.76
1374,603,252,1,274.43,0.1,False,246.98700000000002
1375,604,256,1,537.93,0.2,False,430.344
1376,605,78,1,213.82,0.0,False,213.82
1377,606,222,3,264.61,0.0,False,793.83
1378,607,90,2,219.22,0.0,False,438.44
1379,607,39,1,412.64,0.05,False,392.008
1380,607,34,3,399.8,0.0,False,1199.4
1381,607,142,1,717.32,0.15,False,609.722
1382,607,200,1,533.81,0.0,False,533.81
1383,608,175,1,600.57,0.0,False,600.57
1384,609,75,2,299.66,0.0,False,599.32
1385,610,186,1,290.81,0.0,False,290.81
1386,611,141,1,251.45,0.0,False,251.45
1387,612,263,1,222.36,0.1,False,200.12400000000002
1388,613,140,-1,500.02,0.1,True,-450.018
1389,613,70,1,402.01,0.0,False,402.01
1390,614,83,1,243.1,0.0,False,243.1
1391,614,90,1,219.22,0.0,False,219.22
1392,614,242,1,166.1,0.0,False,166.1
1393,614,153,1,530.38,0.0,False,530.38
1394,615,53,1,192.38,0.15,False,163.523
1395,616,85,2,530.7,0.0,False,1061.4
1396,616,4,2,17.97,0.0,False,35.94
1397,616,185,3,582.19,0.0,False,1746.5700000000002
1398,616,238,1,192.17,0.0,False,192.17
1399,617,169,1,458.05,0.0,False,458.05
1400,617,65,2,460.75,0.0,False,921.5
1401,618,148,1,304.48,0.05,False,289.25600000000003
1402,618,90,1,219.22,0.0,False,219.22
1403,618,115,1,251.88,0.0,False,251.88
1404,619,300,2,133.29,0.05,False,253.25099999999998
1405,619,228,1,162.75,0.15,False,138.3375
1406,620,177,3,156.12,0.1,False,421.524
1407,620,157,1,701.5,0.0,False,701.5
1408,621,26,1,259.69,0.0,False,259.69
1409,621,279,1,226.81,0.0,False,226.81
1410,622,140,1,500.02,0.15,False,425.017
1411,623,215,1,501.1,0.0,False,501.1
1412,623,283,1,680.49,0.0,False,680.49
1413,623,263,1,222.36,0.0,False,222.36
1414,623,83,1,243.1,0.1,False,218.79
1415,624,5,1,503.34,0.05,False,478.17299999999994
1416,625,17,1,953.82,0.0,False,953.82
1417,625,57,1,510.39,0.0,False,510.39
1418,626,145,2,61.15,0.0,False,122.3
1419,627,143,1,421.93,0.0,False,421.93
1420,628,150,1,182.12,0.15,False,154.802
1421,628,165,1,605.76,0.15,False,514.896
1422,628,199,1,51.0,0.0,False,51.0
1423,629,47,1,513.39,0.0,False,513.39
1424,629,81,1,779.01,0.1,False,701.109
1425,629,45,1,511.39,0.0,False,511.39
1426,629,62,1,244.7,0.0,False,244.7
1427,630,3,1,978.72,0.2,False,782.9760000000001
1428,630,17,-1,953.82,0.0,True,-953.82
1429,630,81,1,779.01,0.0,False,779.01
1430,630,184,1,278.4,0.0,False,278.4
1431,631,109,1,59.23,0.0,False,59.23
1432,631,44,1,6.81,0.0,False,6.81
1433,632,175,1,600.57,0.05,False,570.5415
1434,633,159,1,818.3,0.0,False,818.3
1435,633,74,1,171.2,0.0,False,171.2
1436,634,240,1,555.47,0.1,False,499.92300000000006
1437,634,146,1,443.54,0.0,False,443.54
1438,634,126,1,240.49,0.1,False,216.441
1439,635,54,3,679.71,0.05,False,1937.1735
1440,635,220,3,475.38,0.05,False,1354.8329999999999
1441,635,177,1,156.12,0.0,False,156.12
1442,636,45,2,511.39,0.05,False,971.641
1443,637,68,1,133.13,0.05,False,126.47349999999999
1444,638,245,1,11506.5,0.0,False,11506.5
1445,638,78,1,213.82,0.0,False,213.82
1446,639,265,1,839.64,0.05,False,797.6579999999999
1447,639,113,3,55.28,0.0,False,165.84
1448,640,126,1,240.49,0.0,False,240.49
1449,641,38,1,364.99,0.0,False,364.99
1450,641,258,2,626.09,0.0,False,1252.18
1451,641,246,2,574.84,0.0,False,1149.68
1452,641,252,1,274.43,0.0,False,274.43
1453,642,269,1,603.81,0.0,False,603.81
1454,642,16,2,245.66,0.1,False,442.188
1455,642,220,1,475.38,0.0,False,475.38
1456,642,113,2,55.28,0.0,False,110.56
1457,643,128,1,686.4,0.1,False,617.76
1458,644,226,1,211.98,0.0,False,211.98
1459,645,209,1,797.01,0.0,False,797.01
1460,646,171,2,14.73,0.0,False,29.46
1461,646,216,2,492.92,0.1,False,887.2560000000001
1462,647,226,1,211.98,0.0,False,211.98
1463,647,138,2,54.35,0.0,False,108.7
1464,647,155,1,607.36,0.1,False,546.624
1465,648,253,1,621.95,0.2,False,497.56000000000006
1466,649,71,1,362.18,0.1,False,325.962
1467,649,27,1,686.85,0.0,False,686.85
1468,650,74,2,171.2,0.0,False,342.4
1469,650,80,1,166.05,0.15,False,141.1425
1470,651,228,1,162.75,0.0,False,162.75
1471,651,72,2,286.08,0.1,False,514.944
1472,652,78,1,213.82,0.15,False,181.74699999999999
1473,652,266,1,110.99,0.15,False,94.3415
1474,652,130,2,454.11,0.1,False,817.398
1475,652,109,1,59.23,0.0,False,59.23
1476,652,12,3,156.75,0.0,False,470.25
1477,653,196,1,518.75,0.0,False,518.75
1478,653,147,2,517.03,0.15,False,878.9509999999999
1479,653,13,1,152.16,0.0,False,152.16
1480,654,190,2,707.42,0.0,False,1414.84
1481,655,170,1,723.66,0.0,False,723.66
1482,656,261,1,429.63,0.1,False,386.66700000000003
1483,656,147,1,517.03,0.0,False,517.03
1484,656,140,1,500.02,0.0,False,500.02
1485,656,261,1,429.63,0.05,False,408.14849999999996
1486,656,98,1,71.96,0.05,False,68.362
1487,657,26,1,259.69,0.05,False,246.70549999999997
1488,657,207,1,518.71,0.0,False,518.71
1489,658,20,1,548.49,0.0,False,548.49
1490,659,105,1,375.87,0.0,False,375.87
1491,659,188,1,550.0,0.0,False,550.0
1492,660,198,1,266.02,0.0,False,266.02
1493,660,104,1,957.31,0.0,False,957.31
1494,661,98,1,71.96,0.05,False,68.362
1495,662,127,1,111.4,0.0,False,111.4
1496,662,261,1,429.63,0.0,False,429.63
1497,663,23,1,235.35,0.0,False,235.35
1498,664,3,2,978.72,0.1,False,1761.6960000000001
1500,664,264,1,16.2,0.0,False,16.2
1501,664,92,1,148.78,0.0,False,148.78
1502,664,114,1,23.97,0.0,False,23.97
1503,665,154,1,115.68,0.2,False,92.54400000000001
1505,665,279,1,226.81,0.0,False,226.81
1506,666,115,1,251.88,0.05,False,239.28599999999997
1507,666,248,2,75.61,0.0,False,151.22
1508,667,247,1,708.26,0.15,False,602.021
1509,668,25,2,282.92,0.05,False,537.548
1510,669,27,1,686.85,0.05,False,652.5074999999999
1511,669,229,-1,690.53,0.0,True,-690.53
1512,669,219,3,211.99,0.05,False,604.1715
1513,669,244,1,263.25,0.0,False,263.25
1514,670,21,1,614.24,0.05,False,583.528
1515,670,121,1,183.38,0.1,False,165.042
1516,671,195,1,132.26,0.0,False,132.26
1517,671,103,3,456.96,0.0,False,1370.8799999999999
1518,671,297,1,89.43,0.0,False,89.43
1519,671,7,1,357.42,0.0,False,357.42
1520,671,125,1,584.13,0.1,False,525.717
1521,672,50,1,240.1,0.0,False,240.1
1522,672,78,1,213.82,0.0,False,213.82
1523,672,206,1,612.54,0.0,False,612.54
1524,673,105,1,375.87,0.0,False,375.87
1525,673,106,1,150.04,0.15,False,127.53399999999999
1526,673,56,1,186.07,0.0,False,186.07
1527,673,130,1,454.11,0.2,False,363.288
1528,674,12,2,156.75,0.0,False,313.5
1529,674,254,1,286.86,0.1,False,258.17400000000004
1530,674,187,1,127.57,0.0,False,127.57
1531,675,256,1,537.93,0.0,False,537.93
1532,675,18,1,35.67,0.05,False,33.8865
1533,675,11,1,216.27,0.05,False,205.4565
1534,675,194,2,222.76,0.0,False,445.52
1535,676,59,1,287.12,0.05,False,272.764
1536,676,102,-1,396.98,0.0,True,-396.98
1537,677,46,3,397.56,0.0,False,1192.68
1538,677,27,1,686.85,0.0,False,686.85
1539,677,284,1,228.9,0.0,False,228.9
1541,678,119,1,519.85,0.2,False,415.88000000000005
1542,678,279,2,226.81,0.05,False,430.93899999999996
1543,679,214,1,304.46,0.0,False,304.46
1544,679,88,1,275.21,0.05,False,261.44949999999994
1545,680,179,2,478.65,0.1,False,861.5699999999999
1546,680,235,2,370.09,0.2,False,592.144
1547,681,179,1,478.65,0.15,False,406.85249999999996
1548,682,230,1,829.69,0.0,False,829.69
1549,682,286,1,47.93,0.0,False,47.93
1550,682,217,1,479.18,0.0,False,479.18
1551,682,183,1,942.96,0.1,False,848.6640000000001
1552,683,246,1,574.84,0.15,False,488.61400000000003
1553,683,278,2,402.71,0.0,False,805.42
1554,684,204,2,578.66,0.1,False,1041.588
1555,684,206,1,612.54,0.0,False,612.54
1556,684,223,1,57.85,0.1,False,52.065000000000005
1557,685,203,-1,431.09,0.0,True,-431.09
1558,686,299,1,725.08,0.0,False,725.08
1559,687,78,1,213.82,0.2,False,171.056
1560,687,195,1,132.26,0.0,False,132.26
1561,688,38,3,364.99,0.15,False,930.7245
1562,689,97,1,628.48,0.2,False,502.78400000000005
1563,689,181,2,37.18,0.0,False,74.36
1564,690,158,1,282.03,0.0,False,282.03
1565,690,185,2,582.19,0.0,False,1164.38
1566,690,135,1,550.83,0.05,False,523.2885
1567,690,229,1,690.53,0.15,False,586.9504999999999
1568,691,101,1,488.42,0.0,False,488.42
1569,691,175,1,600.57,0.0,False,600.57
1570,691,19,1,727.02,0.0,False,727.02
1571,692,93,1,98.57,0.1,False,88.713
1572,693,22,1,205.71,0.2,False,164.568
1573,693,11,3,216.27,0.1,False,583.9290000000001
1574,694,294,1,141.94,0.0,False,141.94
1575,694,148,-1,304.48,0.05,True,-289.25600000000003
1576,694,48,2,231.62,0.1,False,416.916
1577,695,195,1,132.26,0.0,False,132.26
1578,696,34,1,399.8,0.05,False,379.81
1579,697,138,1,54.35,0.1,False,48.915
1580,698,214,2,304.46,0.0,False,608.92
1581,698,154,1,115.68,0.0,False,115.68
1582,699,261,3,429.63,0.0,False,1288.8899999999999
1583,700,221,-1,704.75,0.05,True,-669.5124999999999
1584,701,31,1,976.57,0.05,False,927.7415
1585,702,5,1,503.34,0.0,False,503.34
1586,702,101,1,488.42,0.05,False,463.99899999999997
1587,702,251,3,439.11,0.1,False,1185.597
1588,703,15,1,536.46,0.0,False,536.46
1589,704,3,1,978.72,0.0,False,978.72
1590,704,288,1,515.26,0.0,False,515.26
1591,704,34,1,399.8,0.0,False,399.8
1592,705,52,1,12.48,0.0,False,12.48
1593,706,236,2,55.21,0.0,False,110.42
1594,707,254,1,286.86,0.0,False,286.86
1595,707,180,1,843.45,0.0,False,843.45
1596,708,166,1,278.38,0.0,False,278.38
1597,708,156,1,372.8,0.0,False,372.8
1598,709,96,1,682.77,0.0,False,682.77
1599,710,72,2,286.08,0.05,False,543.5519999999999
1600,710,192,3,697.79,0.05,False,1988.7015
1601,710,86,2,443.6,0.0,False,887.2
1602,710,218,1,127.17,0.0,False,127.17
1603,710,227,1,192.19,0.0,False,192.19
1604,711,221,1,704.75,0.1,False,634.275
1605,711,173,3,587.7,0.0,False,1763.1000000000001
1606,712,277,1,437.32,0.1,False,393.588
1607,712,215,1,501.1,0.05,False,476.045
1608,712,89,3,247.06,0.0,False,741.1800000000001
1609,713,47,1,513.39,0.05,False,487.72049999999996
1610,714,75,1,299.66,0.1,False,269.694
1611,714,127,1,111.4,0.0,False,111.4
1612,715,57,1,510.39,0.0,False,510.39
1613,715,147,1,517.03,0.0,False,517.03
1614,716,44,2,6.81,0.05,False,12.938999999999998
1615,716,300,1,133.29,0.0,False,133.29
1616,717,240,1,555.47,0.0,False,555.47
1617,718,219,1,211.99,0.05,False,201.3905
1618,718,258,1,626.09,0.1,False,563.481
1619,719,227,1,192.19,0.0,False,192.19
1620,719,59,2,287.12,0.0,False,574.24
1621,719,232,1,71.83,0.0,False,71.83
1622,720,141,1,251.45,0.0,False,251.45
1623,721,254,1,286.86,0.0,False,286.86
1624,722,258,1,626.09,0.1,False,563.481
1625,722,25,1,282.92,0.05,False,268.774
1626,723,153,1,530.38,0.0,False,530.38
1627,723,123,2,840.94,0.0,False,1681.88
1628,723,39,2,412.64,0.1,False,742.752
1629,724,126,1,240.49,0.0,False,240.49
1630,725,281,1,146.98,0.1,False,132.28199999999998
1631,725,282,1,280.61,0.05,False,266.5795
1632,726,5,1,503.34,0.0,False,503.34
1633,727,239,1,517.8,0.0,False,517.8
1634,727,249,1,682.27,0.0,False,682.27
1635,728,243,3,746.93,0.0,False,2240.79
1636,728,138,1,54.35,0.15,False,46.1975
1637,728,273,2,560.24,0.0,False,1120.48
1638,729,300,2,133.29,0.05,False,253.25099999999998
1639,729,156,1,372.8,0.15,False,316.88
1640,729,242,1,166.1,0.0,False,166.1
1641,730,121,1,183.38,0.05,False,174.21099999999998
1642,730,257,1,8.4,0.1,False,7.5600000000000005
1643,731,196,3,518.75,0.0,False,1556.25
1644,731,13,1,152.16,0.0,False,152.16
1645,731,101,1,488.42,0.1,False,439.57800000000003
1646,732,148,1,304.48,0.2,False,243.58400000000003
1647,733,112,1,10.73,0.2,False,8.584000000000001
1648,734,53,1,192.38,0.0,False,192.38
1649,735,213,1,111.83,0.0,False,111.83
1650,736,248,3,75.61,0.0,False,226.82999999999998
1651,736,119,1,519.85,0.0,False,519.85
1652,737,41,2,376.48,0.0,False,752.96
1653,737,75,2,299.66,0.05,False,569.354
1654,737,59,1,287.12,0.0,False,287.12
1655,738,136,1,974.39,0.05,False,925.6705
1656,739,263,1,222.36,0.0,False,222.36
1657,740,206,1,612.54,0.1,False,551.286
1658,740,230,1,829.69,0.05,False,788.2055
1659,740,267,1,253.7,0.1,False,228.32999999999998
1660,741,162,1,126.53,0.1,False,113.87700000000001
1661,741,64,1,29.71,0.0,False,29.71
1662,742,274,1,528.78,0.2,False,423.024
1663,742,5,1,503.34,0.0,False,503.34
1664,743,49,1,850.7,0.0,False,850.7
1665,744,157,1,701.5,0.0,False,701.5
1666,745,298,2,238.39,0.0,False,476.78
1667,745,86,1,443.6,0.0,False,443.6
1668,746,88,1,275.21,0.0,False,275.21
1669,747,270,1,34872.0,0.0,False,34872.0
1670,748,84,1,43.2,0.05,False,41.04
1671,749,121,1,183.38,0.15,False,155.873
1672,749,64,1,29.71,0.1,False,26.739
1673,749,112,1,10.73,0.0,False,10.73
1674,749,176,1,199.39,0.1,False,179.451
1675,750,131,2,797.13,0.1,False,1434.834
1676,750,55,2,395.52,0.2,False,632.832
1677,751,293,1,709.48,0.0,False,709.48
1678,751,107,1,963.92,0.0,False,963.92
1679,752,5,2,503.34,0.1,False,906.012
1680,752,267,1,253.7,0.0,False,253.7
1681,753,70,1,402.01,0.15,False,341.70849999999996
1682,753,91,1,369.86,0.0,False,369.86
1683,754,261,1,429.63,0.15,False,365.1855
1684,754,241,1,306.12,0.0,False,306.12
1685,755,6,1,531.19,0.0,False,531.19
1686,755,88,1,275.21,0.05,False,261.44949999999994
1687,755,49,1,850.7,0.0,False,850.7
1688,756,121,1,183.38,0.0,False,183.38
1689,757,87,1,564.0,0.2,False,451.20000000000005
1690,758,189,1,24.7,0.05,False,23.465
1691,759,34,-1,399.8,0.0,True,-399.8
1692,759,295,1,139.02,0.0,False,139.02
1693,760,69,1,274.11,0.0,False,274.11
1694,761,37,1,608.8,0.0,False,608.8
1695,761,137,1,316.92,0.0,False,316.92
1696,761,19,1,727.02,0.0,False,727.02
1697,762,86,1,443.6,0.0,False,443.6
1698,762,48,1,231.62,0.0,False,231.62
1699,763,119,2,519.85,0.0,False,1039.7
1700,763,77,1,103.53,0.0,False,103.53
1701,763,263,1,222.36,0.0,False,222.36
1702,763,154,1,115.68,0.0,False,115.68
1703,764,270,1,34872.0,0.15,False,29641.2
1704,765,90,1,219.22,0.05,False,208.259
1705,765,69,1,274.11,0.0,False,274.11
1706,765,105,1,375.87,0.1,False,338.283
1707,766,192,1,697.79,0.15,False,593.1215
1708,766,5,1,503.34,0.0,False,503.34
1709,766,217,1,479.18,0.0,False,479.18
1710,767,282,1,280.61,0.0,False,280.61
1711,767,175,1,600.57,0.0,False,600.57
1712,768,194,1,222.76,0.0,False,222.76
1713,768,276,1,341.21,0.0,False,341.21
1714,769,44,2,6.81,0.05,False,12.938999999999998
1715,769,42,1,328.75,0.1,False,295.875
1716,770,184,1,278.4,0.05,False,264.47999999999996
1718,770,174,1,864.84,0.05,False,821.598
1719,771,134,1,541.79,0.05,False,514.7004999999999
1720,771,146,1,443.54,0.2,False,354.83200000000005
1721,771,223,1,57.85,0.0,False,57.85
1722,772,210,2,177.09,0.0,False,354.18
1723,772,249,1,682.27,0.0,False,682.27
1724,772,136,3,974.39,0.1,False,2630.853
1725,773,229,1,690.53,0.2,False,552.424
1726,773,170,1,723.66,0.1,False,651.294
1727,773,276,1,341.21,0.05,False,324.1495
1728,773,89,2,247.06,0.15,False,420.002
1729,774,209,2,797.01,0.1,False,1434.618
1730,774,101,1,488.42,0.0,False,488.42
1731,775,296,1,361.73,0.0,False,361.73
1732,775,107,1,963.92,0.0,False,963.92
1733,776,244,1,263.25,0.0,False,263.25
1734,776,76,1,938.11,0.0,False,938.11
1735,777,261,2,429.63,0.0,False,859.26
1736,778,78,1,213.82,0.0,False,213.82
1737,778,46,1,397.56,0.1,False,357.80400000000003
1738,778,230,2,829.69,0.1,False,1493.4420000000002
1739,779,89,1,247.06,0.15,False,210.001
1740,779,201,1,567.68,0.0,False,567.68
1741,779,284,3,228.9,0.05,False,652.365
1742,779,136,2,974.39,0.2,False,1559.0240000000001
1743,780,172,1,104.56,0.0,False,104.56
1744,780,236,2,55.21,0.15,False,93.857
1745,780,123,1,840.94,0.0,False,840.94
1746,780,145,1,61.15,0.15,False,51.9775
1747,781,228,1,162.75,0.0,False,162.75
1748,782,30,2,477.17,0.05,False,906.6229999999999
1749,783,260,1,619.66,0.05,False,588.6769999999999
1750,783,176,1,199.39,0.2,False,159.512
1751,784,67,3,355.8,0.0,False,1067.4
1752,784,7,2,357.42,0.0,False,714.84
1753,784,293,1,709.48,0.0,False,709.48
1754,784,158,1,282.03,0.1,False,253.82699999999997
1755,785,205,2,367.74,0.2,False,588.384
1756,785,53,1,192.38,0.0,False,192.38
1757,786,157,1,701.5,0.0,False,701.5
1758,787,237,1,335.88,0.0,False,335.88
1759,788,191,1,457.7,0.0,False,457.7
1760,789,85,1,530.7,0.05,False,504.165
1762,790,162,1,126.53,0.0,False,126.53
1763,790,274,1,528.78,0.15,False,449.46299999999997
1764,790,29,1,103.82,0.0,False,103.82
1765,790,199,1,51.0,0.0,False,51.0
1766,791,257,1,8.4,0.0,False,8.4
1767,792,145,1,61.15,0.15,False,51.9775
1768,792,86,3,443.6,0.0,False,1330.8000000000002
1769,793,255,1,249.2,0.0,False,249.2
1770,793,105,3,375.87,0.0,False,1127.6100000000001
1771,794,215,2,501.1,0.0,False,1002.2
1772,795,251,1,439.11,0.0,False,439.11
1773,795,30,2,477.17,0.0,False,954.34
1774,795,39,3,412.64,0.2,False,990.3360000000001
1775,796,57,1,510.39,0.0,False,510.39
1776,796,111,1,227.31,0.15,False,193.2135
1777,796,113,1,55.28,0.1,False,49.752
1778,796,281,2,146.98,0.1,False,264.56399999999996
1779,797,97,1,628.48,0.05,False,597.056
1780,797,89,1,247.06,0.0,False,247.06
1781,797,190,1,707.42,0.05,False,672.049
1782,797,27,2,686.85,0.05,False,1305.0149999999999
1783,798,152,1,910.86,0.0,False,910.86
1784,798,46,1,397.56,0.0,False,397.56
1785,798,183,1,942.96,0.1,False,848.6640000000001
1786,798,165,1,605.76,0.0,False,605.76
1787,799,52,2,12.48,0.05,False,23.712
1788,800,161,1,68.77,0.0,False,68.77
1789,800,222,1,264.61,0.1,False,238.14900000000003
1790,800,156,1,372.8,0.0,False,372.8
1791,801,137,1,316.92,0.0,False,316.92
1792,801,43,3,97.72,0.15,False,249.18599999999998
1793,801,12,1,156.75,0.0,False,156.75
1794,801,196,-1,518.75,0.0,True,-518.75
1795,802,129,1,492.47,0.05,False,467.8465
1796,803,256,1,537.93,0.05,False,511.03349999999995
1797,803,196,2,518.75,0.0,False,1037.5
1798,803,75,1,299.66,0.0,False,299.66
1799,804,72,1,286.08,0.05,False,271.77599999999995
1800,804,181,1,37.18,0.1,False,33.462
1801,805,238,3,192.17,0.0,False,576.51
1802,806,63,1,430.39,0.0,False,430.39
1803,806,96,3,682.77,0.1,False,1843.479
1804,807,265,1,839.64,0.1,False,755.676
1805,807,283,1,680.49,0.1,False,612.441
1806,807,135,1,550.83,0.1,False,495.74700000000007
1807,807,245,1,11506.5,0.2,False,9205.2
1808,808,43,1,97.72,0.2,False,78.176
1809,809,49,3,850.7,0.0,False,2552.1000000000004
1810,810,261,3,429.63,0.0,False,1288.8899999999999
1811,810,178,1,563.12,0.2,False,450.49600000000004
1812,811,66,2,447.18,0.0,False,894.36
1813,811,46,-1,397.56,0.1,True,-357.80400000000003
1814,812,142,1,717.32,0.0,False,717.32
1815,812,296,1,361.73,0.0,False,361.73
1816,812,169,1,458.05,0.05,False,435.1475
1817,812,267,1,253.7,0.2,False,202.96
1818,813,63,1,430.39,0.1,False,387.351
1819,814,184,2,278.4,0.2,False,445.44
1820,814,111,1,227.31,0.1,False,204.579
1821,815,285,1,667.54,0.0,False,667.54
1822,815,271,1,756.22,0.0,False,756.22
1823,816,274,1,528.78,0.15,False,449.46299999999997
1824,816,85,1,530.7,0.15,False,451.095
1825,816,57,1,510.39,0.0,False,510.39
1826,817,153,1,530.38,0.1,False,477.342
1827,817,210,1,177.09,0.0,False,177.09
1828,818,138,1,54.35,0.0,False,54.35
1829,819,103,1,456.96,0.0,False,456.96
1830,819,169,1,458.05,0.0,False,458.05
1831,820,45,3,511.39,0.0,False,1534.17
1832,820,270,1,34872.0,0.15,False,29641.2
1833,820,220,1,475.38,0.1,False,427.842
1834,820,61,2,512.76,0.05,False,974.2439999999999
1835,820,172,1,104.56,0.05,False,99.332
1836,821,58,1,87.55,0.0,False,87.55
1837,822,259,2,533.22,0.0,False,1066.44
1838,822,99,2,496.87,0.0,False,993.74
1839,823,144,1,299.76,0.0,False,299.76
1840,824,284,1,228.9,0.05,False,217.45499999999998
1841,824,224,1,23.12,0.0,False,23.12
1842,825,154,1,115.68,0.0,False,115.68
1843,826,249,1,682.27,0.0,False,682.27
1844,826,214,2,304.46,0.0,False,608.92
1845,827,207,1,518.71,0.0,False,518.71
1846,827,171,1,14.73,0.0,False,14.73
1847,827,154,1,115.68,0.0,False,115.68
1848,827,79,1,308.93,0.1,False,278.03700000000003
1849,828,44,2,6.81,0.15,False,11.576999999999998
1850,829,164,1,446.58,0.0,False,446.58
1851,829,94,1,514.73,0.0,False,514.73
1852,830,203,1,431.09,0.0,False,431.09
1853,831,52,1,12.48,0.0,False,12.48
1854,831,190,1,707.42,0.0,False,707.42
1855,831,154,1,115.68,0.0,False,115.68
1856,832,92,1,148.78,0.05,False,141.341
1857,832,173,1,587.7,0.0,False,587.7
1858,833,19,1,727.02,0.0,False,727.02
1859,833,135,1,550.83,0.05,False,523.2885
1860,834,53,1,192.38,0.0,False,192.38
1861,834,73,1,346.78,0.1,False,312.102
1862,834,28,1,749.19,0.15,False,636.8115
1863,835,239,1,517.8,0.0,False,517.8
1864,835,64,3,29.71,0.05,False,84.67349999999999
1865,836,135,1,550.83,0.0,False,550.83
1866,836,188,1,550.0,0.0,False,550.0
1867,836,54,1,679.71,0.0,False,679.71
1868,837,192,1,697.79,0.05,False,662.9005
1869,838,10,2,309.24,0.05,False,587.556
1870,839,257,1,8.4,0.0,False,8.4
1871,839,272,2,5.69,0.0,False,11.38
1872,840,155,1,607.36,0.0,False,607.36
1873,840,129,1,492.47,0.0,False,492.47
1874,840,50,1,240.1,0.2,False,192.08
1875,841,164,1,446.58,0.2,False,357.264
1876,842,237,1,335.88,0.05,False,319.08599999999996
1877,843,21,2,614.24,0.0,False,1228.48
1878,843,197,1,538.79,0.1,False,484.911
1879,843,18,1,35.67,0.0,False,35.67
1880,844,80,1,166.05,0.1,False,149.44500000000002
1881,844,122,1,607.34,0.1,False,546.606
1882,845,102,2,396.98,0.0,False,793.96
1883,845,183,1,942.96,0.0,False,942.96
1884,846,139,2,835.42,0.2,False,1336.672
1885,846,177,2,156.12,0.1,False,281.016
1886,847,159,1,818.3,0.05,False,777.3849999999999
1887,847,117,1,567.69,0.1,False,510.92100000000005
1888,848,33,3,217.73,0.0,False,653.1899999999999
1889,848,101,1,488.42,0.1,False,439.57800000000003
1890,848,6,1,531.19,0.15,False,451.5115
1891,849,79,1,308.93,0.0,False,308.93
1892,849,176,1,199.39,0.2,False,159.512
1893,850,268,1,23.79,0.15,False,20.2215
1894,850,65,1,460.75,0.2,False,368.6
1895,850,86,1,443.6,0.05,False,421.42
1896,850,82,2,235.49,0.0,False,470.98
1897,851,202,-1,514.85,0.1,True,-463.365
1898,851,136,1,974.39,0.0,False,974.39
1899,851,110,1,52.92,0.05,False,50.274
1900,851,147,3,517.03,0.0,False,1551.09
1901,852,97,1,628.48,0.0,False,628.48
1902,852,30,1,477.17,0.1,False,429.45300000000003
1903,852,52,1,12.48,0.0,False,12.48
1904,852,220,1,475.38,0.1,False,427.842
1905,853,85,1,530.7,0.0,False,530.7
1906,853,125,1,584.13,0.0,False,584.13
1907,853,50,1,240.1,0.0,False,240.1
1908,854,203,3,431.09,0.0,False,1293.27
1909,854,294,1,141.94,0.0,False,141.94
1910,855,192,1,697.79,0.0,False,697.79
1911,855,34,1,399.8,0.0,False,399.8
1912,856,203,1,431.09,0.05,False,409.53549999999996
1913,856,200,2,533.81,0.0,False,1067.62
1914,856,83,1,243.1,0.0,False,243.1
1915,856,206,1,612.54,0.0,False,612.54
1916,857,119,1,519.85,0.0,False,519.85
1917,857,129,2,492.47,0.0,False,984.94
1918,857,250,1,8284.0,0.0,False,8284.0
1919,858,36,1,749.87,0.0,False,749.87
1920,859,6,1,531.19,0.0,False,531.19
1921,859,127,1,111.4,0.0,False,111.4
1922,860,58,1,87.55,0.05,False,83.1725
1923,861,73,2,346.78,0.15,False,589.526
1924,861,189,1,24.7,0.1,False,22.23
1925,862,168,2,649.6,0.0,False,1299.2
1926,862,130,1,454.11,0.0,False,454.11
1927,863,46,1,397.56,0.0,False,397.56
1928,864,290,1,908.96,0.15,False,772.616
1929,864,233,1,82.49,0.15,False,70.11649999999999
1930,864,249,1,682.27,0.0,False,682.27
1931,865,130,3,454.11,0.05,False,1294.2134999999998
1933,866,285,1,667.54,0.0,False,667.54
1934,866,287,1,754.14,0.1,False,678.726
1935,866,207,1,518.71,0.1,False,466.83900000000006
1936,867,233,1,82.49,0.05,False,78.3655
1937,868,136,1,974.39,0.0,False,974.39
1938,869,1,1,433.54,0.0,False,433.54
1939,870,278,1,402.71,0.0,False,402.71
1940,870,175,2,600.57,0.0,False,1201.14
1941,870,299,2,725.08,0.0,False,1450.16
1942,870,154,2,115.68,0.0,False,231.36
1943,871,231,1,410.59,0.05,False,390.06049999999993
1944,871,175,1,600.57,0.0,False,600.57
1945,872,260,1,619.66,0.15,False,526.711
1946,873,195,1,132.26,0.0,False,132.26
1947,873,223,1,57.85,0.0,False,57.85
1948,873,209,1,797.01,0.0,False,797.01
1949,873,281,1,146.98,0.05,False,139.63099999999997
1950,873,226,2,211.98,0.0,False,423.96
1951,874,115,1,251.88,0.0,False,251.88
1952,875,184,1,278.4,0.0,False,278.4
1953,875,96,1,682.77,0.0,False,682.77
1954,875,86,1,443.6,0.0,False,443.6
1955,876,118,1,611.17,0.0,False,611.17
1956,876,15,2,536.46,0.2,False,858.3360000000001
1957,877,67,1,355.8,0.0,False,355.8
1958,878,176,1,199.39,0.05,False,189.42049999999998
1959,879,273,1,560.24,0.15,False,476.204
1960,880,160,3,150.1,0.0,False,450.29999999999995
1962,880,127,-1,111.4,0.0,True,-111.4
1963,881,218,1,127.17,0.05,False,120.8115
1964,881,204,1,578.66,0.0,False,578.66
1965,882,247,1,708.26,0.15,False,602.021
1966,882,167,1,39.88,0.2,False,31.904000000000003
1967,882,296,1,361.73,0.0,False,361.73
1968,882,269,2,603.81,0.0,False,1207.62
1969,883,291,1,19.78,0.0,False,19.78
1970,883,58,1,87.55,0.05,False,83.1725
1971,883,154,1,115.68,0.0,False,115.68
1972,884,41,1,376.48,0.0,False,376.48
1973,885,2,1,807.37,0.15,False,686.2645
1974,885,188,3,550.0,0.0,False,1650.0
1975,885,256,1,537.93,0.05,False,511.03349999999995
1976,886,164,1,446.58,0.0,False,446.58
1977,886,88,1,275.21,0.05,False,261.44949999999994
1978,886,142,1,717.32,0.0,False,717.32
1979,886,204,1,578.66,0.0,False,578.66
1980,887,260,3,619.66,0.0,False,1858.98
1981,887,285,1,667.54,0.0,False,667.54
1982,887,219,1,211.99,0.0,False,211.99
1983,887,229,-1,690.53,0.0,True,-690.53
1984,887,249,1,682.27,0.05,False,648.1564999999999
1985,888,187,1,127.57,0.0,False,127.57
1986,889,38,1,364.99,0.0,False,364.99
1987,890,290,1,908.96,0.0,False,908.96
1988,890,102,2,396.98,0.0,False,793.96
1989,890,53,1,192.38,0.2,False,153.904
1990,891,228,1,162.75,0.05,False,154.61249999999998
1991,891,239,1,517.8,0.15,False,440.12999999999994
1992,891,57,-1,510.39,0.2,True,-408.312
1993,891,154,1,115.68,0.0,False,115.68
1994,892,265,3,839.64,0.0,False,2518.92
1995,892,154,1,115.68,0.2,False,92.54400000000001
1996,893,237,1,335.88,0.15,False,285.498
1997,893,98,1,71.96,0.0,False,71.96
1998,893,156,1,372.8,0.0,False,372.8
1999,894,208,2,260.07,0.1,False,468.126
2000,895,293,1,709.48,0.1,False,638.532
2001,895,274,1,528.78,0.05,False,502.34099999999995
2002,896,291,1,19.78,0.05,False,18.791
2003,896,182,1,500.91,0.0,False,500.91
2004,896,86,1,443.6,0.05,False,421.42
2005,897,17,1,953.82,0.1,False,858.4380000000001
2006,898,171,1,14.73,0.0,False,14.73
2007,898,59,2,287.12,0.0,False,574.24
2008,898,160,3,150.1,0.0,False,450.29999999999995
2009,898,169,1,458.05,0.2,False,366.44000000000005
2010,899,115,1,251.88,0.0,False,251.88
2011,899,140,1,500.02,0.0,False,500.02
2012,899,276,1,341.21,0.1,False,307.089
2013,899,166,1,278.38,0.05,False,264.46099999999996
2014,900,11,2,216.27,0.0,False,432.54
2015,900,84,1,43.2,0.0,False,43.2
2016,900,207,1,518.71,0.0,False,518.71
2017,900,289,1,635.36,0.0,False,635.36
2018,901,160,1,150.1,0.0,False,150.1
2019,901,167,1,39.88,0.05,False,37.886
2020,902,253,1,621.95,0.05,False,590.8525
2021,902,222,1,264.61,0.0,False,264.61
2022,903,295,1,139.02,0.0,False,139.02
2023,903,109,1,59.23,0.05,False,56.268499999999996
2024,903,178,1,563.12,0.0,False,563.12
2025,903,172,1,104.56,0.0,False,104.56
2026,903,262,1,214.85,0.0,False,214.85
2027,904,107,1,963.92,0.2,False,771.136
2028,904,52,2,12.48,0.0,False,24.96
2029,905,235,1,370.09,0.0,False,370.09
2030,905,166,3,278.38,0.0,False,835.14
2031,906,46,1,397.56,0.0,False,397.56
2032,906,256,1,537.93,0.0,False,537.93
2033,907,202,1,514.85,0.0,False,514.85
2034,907,191,2,457.7,0.1,False,823.86
2035,907,120,1,146.96,0.1,False,132.264
2036,907,265,1,839.64,0.0,False,839.64
2037,907,177,3,156.12,0.0,False,468.36
2038,908,255,2,249.2,0.0,False,498.4
2039,909,264,1,16.2,0.0,False,16.2
2040,910,39,1,412.64,0.15,False,350.74399999999997
2041,911,1,1,433.54,0.15,False,368.509
2042,911,149,1,382.77,0.0,False,382.77
2043,911,198,1,266.02,0.0,False,266.02
2044,911,229,1,690.53,0.0,False,690.53
2045,912,20,1,548.49,0.0,False,548.49
2046,913,77,1,103.53,0.0,False,103.53
2047,913,51,1,863.34,0.0,False,863.34
2048,913,201,1,567.68,0.0,False,567.68
2049,914,181,1,37.18,0.1,False,33.462
2050,914,216,3,492.92,0.0,False,1478.76
2051,914,19,1,727.02,0.0,False,727.02
2052,915,18,1,35.67,0.15,False,30.3195
2053,916,149,1,382.77,0.05,False,363.63149999999996
2054,916,181,1,37.18,0.0,False,37.18
2055,916,15,3,536.46,0.0,False,1609.38
2056,917,292,1,425.68,0.05,False,404.396
2057,917,146,1,443.54,0.0,False,443.54
2058,918,223,1,57.85,0.0,False,57.85
2059,918,191,1,457.7,0.0,False,457.7
2060,919,180,1,843.45,0.1,False,759.105
2061,919,107,-1,963.92,0.0,True,-963.92
2062,920,76,1,938.11,0.0,False,938.11
2063,921,241,1,306.12,0.0,False,306.12
2064,922,83,2,243.1,0.0,False,486.2
2065,922,247,1,708.26,0.0,False,708.26
2066,923,13,1,152.16,0.2,False,121.72800000000001
2067,924,282,2,280.61,0.0,False,561.22
2068,924,235,1,370.09,0.0,False,370.09
2069,925,145,1,61.15,0.0,False,61.15
2070,926,81,1,779.01,0.05,False,740.0595
2071,927,290,3,908.96,0.0,False,2726.88
2072,927,212,2,445.65,0.0,False,891.3
2073,927,100,1,283.25,0.0,False,283.25
2074,927,81,1,779.01,0.0,False,779.01
2075,927,207,1,518.71,0.0,False,518.71
2076,928,240,1,555.47,0.1,False,499.92300000000006
2077,928,95,1,711.68,0.05,False,676.0959999999999
2078,929,260,2,619.66,0.0,False,1239.32
2079,929,207,1,518.71,0.05,False,492.7745
2080,929,93,1,98.57,0.0,False,98.57
2081,930,286,1,47.93,0.0,False,47.93
2082,931,145,1,61.15,0.0,False,61.15
2083,931,133,1,479.79,0.0,False,479.79
2084,931,202,1,514.85,0.0,False,514.85
2085,932,38,2,364.99,0.15,False,620.483
2086,933,63,3,430.39,0.1,False,1162.053
2087,933,128,1,686.4,0.0,False,686.4
2088,934,291,2,19.78,0.0,False,39.56
2089,934,298,2,238.39,0.05,False,452.941
2090,934,194,3,222.76,0.05,False,634.866
2091,934,156,1,372.8,0.0,False,372.8
2092,935,144,1,299.76,0.1,False,269.784
2093,936,176,3,199.39,0.05,False,568.2615
2094,937,159,1,818.3,0.0,False,818.3
2095,937,1,1,433.54,0.0,False,433.54
2096,937,198,1,266.02,0.0,False,266.02
2097,938,135,2,550.83,0.0,False,1101.66
2098,939,242,1,166.1,0.1,False,149.49
2099,939,138,1,54.35,0.0,False,54.35
2100,940,269,1,603.81,0.05,False,573.6194999999999
2101,940,55,1,395.52,0.0,False,395.52
2102,941,37,1,608.8,0.0,False,608.8
2103,941,219,2,211.99,0.0,False,423.98
2104,941,34,1,399.8,0.0,False,399.8
2105,941,204,1,578.66,0.05,False,549.727
2106,941,14,-1,90.93,0.05,True,-86.3835
2107,942,20,1,548.49,0.0,False,548.49
2108,943,288,1,515.26,0.05,False,489.49699999999996
2109,943,266,1,110.99,0.0,False,110.99
2110,944,13,-1,152.16,0.15,True,-129.33599999999998
2111,944,240,1,555.47,0.0,False,555.47
2112,944,114,1,23.97,0.0,False,23.97
2113,945,53,1,192.38,0.15,False,163.523
2114,945,294,1,141.94,0.0,False,141.94
2115,946,138,1,54.35,0.0,False,54.35
2116,946,183,1,942.96,0.0,False,942.96
2117,946,117,1,567.69,0.05,False,539.3055
2118,946,290,1,908.96,0.2,False,727.1680000000001
2119,947,14,2,90.93,0.05,False,172.767
2120,947,1,2,433.54,0.1,False,780.3720000000001
2121,948,110,1,52.92,0.05,False,50.274
2122,948,245,1,11506.5,0.0,False,11506.5
2123,948,233,1,82.49,0.0,False,82.49
2124,948,219,1,211.99,0.0,False,211.99
2125,948,78,3,213.82,0.0,False,641.46
2126,949,125,2,584.13,0.0,False,1168.26
2127,949,199,1,51.0,0.05,False,48.449999999999996
2128,949,41,-1,376.48,0.2,True,-301.184
2129,949,103,2,456.96,0.15,False,776.832
2130,949,200,1,533.81,0.0,False,533.81
2132,950,237,1,335.88,0.0,False,335.88
2133,950,199,1,51.0,0.0,False,51.0
2134,950,286,1,47.93,0.15,False,40.7405
2135,951,274,1,528.78,0.0,False,528.78
2136,951,152,1,910.86,0.05,False,865.317
2137,951,249,1,682.27,0.15,False,579.9295
2138,952,203,1,431.09,0.05,False,409.53549999999996
2139,952,186,1,290.81,0.05,False,276.2695
2140,952,29,1,103.82,0.05,False,98.62899999999999
2141,953,57,1,510.39,0.05,False,484.8705
2142,953,168,1,649.6,0.0,False,649.6
2143,953,236,1,55.21,0.0,False,55.21
2144,954,285,1,667.54,0.05,False,634.1629999999999
2145,955,288,2,515.26,0.0,False,1030.52
2146,955,112,1,10.73,0.0,False,10.73
2147,955,64,1,29.71,0.15,False,25.2535
2148,956,71,1,362.18,0.0,False,362.18
2149,957,42,1,328.75,0.2,False,263.0
2150,958,80,1,166.05,0.0,False,166.05
2151,958,224,1,23.12,0.0,False,23.12
2152,958,34,1,399.8,0.0,False,399.8
2153,959,293,1,709.48,0.05,False,674.006
2154,959,72,2,286.08,0.0,False,572.16
2155,959,206,2,612.54,0.15,False,1041.318
2156,960,291,1,19.78,0.1,False,17.802000000000003
2157,960,161,1,68.77,0.05,False,65.33149999999999
2158,961,220,2,475.38,0.05,False,903.222
2159,961,58,2,87.55,0.15,False,148.83499999999998
2160,961,114,1,23.97,0.0,False,23.97
2161,962,171,1,14.73,0.0,False,14.73
2162,962,29,2,103.82,0.15,False,176.49399999999997
2163,963,183,1,942.96,0.05,False,895.812
2164,964,92,2,148.78,0.2,False,238.048
2165,965,38,1,364.99,0.0,False,364.99
2166,965,177,1,156.12,0.0,False,156.12
2167,966,184,-1,278.4,0.1,True,-250.55999999999997
2168,967,232,1,71.83,0.0,False,71.83
2169,968,218,1,127.17,0.0,False,127.17
2170,968,238,2,192.17,0.0,False,384.34
2171,968,285,1,667.54,0.1,False,600.786
2172,969,128,1,686.4,0.15,False,583.4399999999999
2173,969,296,3,361.73,0.05,False,1030.9305
2174,970,88,2,275.21,0.0,False,550.42
2175,970,268,1,23.79,0.0,False,23.79
2176,970,118,1,611.17,0.2,False,488.936
2177,970,149,1,382.77,0.0,False,382.77
2179,970,69,1,274.11,0.05,False,260.4045
2180,971,36,1,749.87,0.05,False,712.3765
2181,972,168,1,649.6,0.0,False,649.6
2182,973,156,1,372.8,0.1,False,335.52000000000004
2183,974,215,1,501.1,0.0,False,501.1
2184,975,98,1,71.96,0.05,False,68.362
2185,976,223,2,57.85,0.0,False,115.7
2186,976,16,2,245.66,0.0,False,491.32
2187,977,286,1,47.93,0.05,False,45.5335
2188,977,106,2,150.04,0.0,False,300.08
2189,978,136,1,974.39,0.0,False,974.39
2190,978,148,1,304.48,0.05,False,289.25600000000003
2191,979,74,1,171.2,0.0,False,171.2
2192,979,265,1,839.64,0.0,False,839.64
2193,980,209,1,797.01,0.2,False,637.6080000000001
2194,980,100,1,283.25,0.1,False,254.925
2195,980,191,1,457.7,0.0,False,457.7
2196,981,234,1,486.72,0.05,False,462.384
2197,982,208,1,260.07,0.0,False,260.07
2198,982,102,1,396.98,0.0,False,396.98
2199,983,223,2,57.85,0.0,False,115.7
2200,984,228,1,162.75,0.0,False,162.75
2201,985,260,1,619.66,0.1,False,557.694
2202,985,279,1,226.81,0.1,False,204.12900000000002
2203,985,159,2,818.3,0.0,False,1636.6
2204,985,113,1,55.28,0.05,False,52.516
2205,986,181,1,37.18,0.0,False,37.18
2206,987,281,1,146.98,0.05,False,139.63099999999997
2207,987,240,1,555.47,0.0,False,555.47
2208,987,167,2,39.88,0.05,False,75.772
2209,988,293,1,709.48,0.15,False,603.058
2210,988,56,2,186.07,0.05,False,353.53299999999996
2211,988,93,1,98.57,0.0,False,98.57
2212,988,268,1,23.79,0.0,False,23.79
2214,988,264,1,16.2,0.0,False,16.2
2215,989,117,1,567.69,0.2,False,454.15200000000004
2216,989,200,3,533.81,0.05,False,1521.3584999999998
2217,989,293,1,709.48,0.05,False,674.006
2218,989,65,1,460.75,0.05,False,437.7125
2219,990,277,2,437.32,0.05,False,830.9079999999999
2220,990,75,1,299.66,0.05,False,284.677
2221,990,288,2,515.26,0.0,False,1030.52
2222,991,240,1,555.47,0.0,False,555.47
2223,991,292,1,425.68,0.0,False,425.68
2224,991,146,1,443.54,0.2,False,354.83200000000005
2225,991,153,2,530.38,0.0,False,1060.76
2226,991,130,2,454.11,0.0,False,908.22
2227,992,70,1,402.01,0.1,False,361.809
2228,992,119,1,519.85,0.0,False,519.85
2229,992,291,1,19.78,0.0,False,19.78
2230,993,265,1,839.64,0.05,False,797.6579999999999
2231,994,294,3,141.94,0.0,False,425.82
2232,994,231,1,410.59,0.0,False,410.59
2233,994,169,1,458.05,0.2,False,366.44000000000005
2234,995,20,1,548.49,0.2,False,438.79200000000003
2235,995,227,1,192.19,0.0,False,192.19
2236,995,239,1,517.8,0.0,False,517.8
2237,995,99,1,496.87,0.0,False,496.87
2238,995,252,1,274.43,0.0,False,274.43
2239,996,7,1,357.42,0.0,False,357.42
2240,997,23,1,235.35,0.0,False,235.35
2241,997,71,3,362.18,0.05,False,1032.213
2242,997,101,1,488.42,0.0,False,488.42
2243,998,28,1,749.19,0.2,False,599.3520000000001
2244,999,169,2,458.05,0.0,False,916.1
2245,999,161,1,68.77,0.05,False,65.33149999999999
2246,999,22,3,205.71,0.0,False,617.13
2247,1000,159,1,818.3,0.15,False,695.555
2248,1000,141,2,251.45,0.1,False,452.61
2249,1001,48,3,231.62,0.0,False,694.86
2250,1001,8,2,295.82,0.0,False,591.64
2251,1001,208,1,260.07,0.0,False,260.07
2252,1001,278,1,402.71,0.05,False,382.57449999999994
2253,1002,181,1,37.18,0.0,False,37.18
2254,1002,190,1,707.42,0.15,False,601.3069999999999
2255,1003,256,1,537.93,0.1,False,484.13699999999994
2256,1003,160,3,150.1,0.0,False,450.29999999999995
2257,1004,211,1,943.9,0.0,False,943.9
2258,1005,218,2,127.17,0.0,False,254.34
2259,1005,95,1,711.68,0.0,False,711.68
2260,1005,173,1,587.7,0.0,False,587.7
2261,1005,20,1,548.49,0.15,False,466.2165
2262,1005,35,3,425.48,0.05,False,1212.618
2263,1006,17,1,953.82,0.0,False,953.82
2264,1007,100,1,283.25,0.1,False,254.925
2265,1007,38,1,364.99,0.0,False,364.99
2266,1008,246,1,574.84,0.0,False,574.84
2267,1009,228,1,162.75,0.0,False,162.75
2268,1009,162,1,126.53,0.0,False,126.53
2269,1009,278,1,402.71,0.0,False,402.71
2270,1010,266,2,110.99,0.05,False,210.88099999999997
2271,1011,150,1,182.12,0.05,False,173.014
2272,1011,297,1,89.43,0.05,False,84.9585
2273,1012,136,1,974.39,0.05,False,925.6705
2274,1012,176,1,199.39,0.0,False,199.39
2275,1013,134,1,541.79,0.0,False,541.79
2276,1013,140,1,500.02,0.0,False,500.02
2277,1013,28,-1,749.19,0.0,True,-749.19
2278,1013,264,1,16.2,0.0,False,16.2
2279,1014,70,1,402.01,0.2,False,321.608
2280,1015,175,1,600.57,0.0,False,600.57
2281,1016,6,2,531.19,0.0,False,1062.38
2282,1016,206,1,612.54,0.2,False,490.032
2283,1017,299,1,725.08,0.15,False,616.318
2284,1018,192,1,697.79,0.0,False,697.79
2285,1019,285,1,667.54,0.0,False,667.54
2286,1019,2,3,807.37,0.0,False,2422.11
2288,1019,264,2,16.2,0.05,False,30.779999999999998
2289,1019,53,1,192.38,0.0,False,192.38
2291,1020,297,1,89.43,0.0,False,89.43
2292,1020,78,1,213.82,0.0,False,213.82
2293,1020,28,1,749.19,0.0,False,749.19
2294,1020,293,3,709.48,0.0,False,2128.44
2295,1020,55,1,395.52,0.05,False,375.74399999999997
2296,1021,148,1,304.48,0.0,False,304.48
2297,1022,89,1,247.06,0.15,False,210.001
2298,1023,171,1,14.73,0.1,False,13.257000000000001
2299,1023,232,1,71.83,0.0,False,71.83
2300,1023,178,1,563.12,0.05,False,534.9639999999999
2301,1024,58,1,87.55,0.05,False,83.1725
2302,1024,21,3,614.24,0.1,False,1658.448
2303,1025,228,2,162.75,0.1,False,292.95
2304,1025,294,2,141.94,0.05,False,269.686
2305,1025,274,1,528.78,0.05,False,502.34099999999995
2306,1026,46,2,397.56,0.0,False,795.12
2307,1026,24,2,696.97,0.0,False,1393.94
2308,1027,18,1,35.67,0.0,False,35.67
2309,1028,183,1,942.96,0.0,False,942.96
2310,1028,296,1,361.73,0.0,False,361.73
2311,1028,125,1,584.13,0.2,False,467.30400000000003
2312,1029,266,1,110.99,0.05,False,105.44049999999999
2313,1029,274,1,528.78,0.05,False,502.34099999999995
2314,1029,284,1,228.9,0.05,False,217.45499999999998
2315,1029,85,1,530.7,0.0,False,530.7
2316,1030,102,1,396.98,0.05,False,377.131
2317,1030,5,2,503.34,0.0,False,1006.68
2318,1030,215,1,501.1,0.0,False,501.1
2319,1031,152,1,910.86,0.0,False,910.86
2320,1031,248,3,75.61,0.0,False,226.82999999999998
2321,1031,73,3,346.78,0.1,False,936.3059999999999
2322,1031,241,-1,306.12,0.0,True,-306.12
2323,1032,299,1,725.08,0.0,False,725.08
2324,1033,221,1,704.75,0.0,False,704.75
2325,1034,93,1,98.57,0.1,False,88.713
2326,1034,258,1,626.09,0.05,False,594.7855
2327,1035,169,1,458.05,0.15,False,389.3425
2328,1036,70,1,402.01,0.0,False,402.01
2329,1036,110,1,52.92,0.15,False,44.982
2331,1036,169,3,458.05,0.0,False,1374.15
2332,1036,171,1,14.73,0.0,False,14.73
2333,1037,57,1,510.39,0.0,False,510.39
2334,1037,147,2,517.03,0.0,False,1034.06
2335,1038,206,1,612.54,0.0,False,612.54
2336,1038,32,3,338.4,0.1,False,913.68
2337,1039,162,3,126.53,0.0,False,379.59000000000003
2338,1040,110,2,52.92,0.2,False,84.67200000000001
2339,1041,234,2,486.72,0.0,False,973.44
2340,1042,8,1,295.82,0.1,False,266.238
2341,1043,153,1,530.38,0.1,False,477.342
2342,1044,152,1,910.86,0.15,False,774.231
2343,1045,88,3,275.21,0.0,False,825.6299999999999
2344,1046,270,2,34872.0,0.0,False,69744.0
2345,1047,169,1,458.05,0.0,False,458.05
2346,1047,86,2,443.6,0.0,False,887.2
2347,1047,236,1,55.21,0.05,False,52.4495
2348,1047,108,1,378.75,0.15,False,321.9375
2349,1048,227,3,192.19,0.05,False,547.7414999999999
2350,1049,74,1,171.2,0.05,False,162.64
2351,1050,116,2,862.37,0.0,False,1724.74
2352,1050,4,1,17.97,0.05,False,17.071499999999997
2353,1051,189,1,24.7,0.0,False,24.7
2354,1051,99,3,496.87,0.0,False,1490.6100000000001
2355,1051,232,1,71.83,0.05,False,68.2385
2356,1052,300,1,133.29,0.0,False,133.29
2357,1052,237,1,335.88,0.05,False,319.08599999999996
2358,1053,12,1,156.75,0.0,False,156.75
2359,1053,79,1,308.93,0.0,False,308.93
2360,1053,267,1,253.7,0.1,False,228.32999999999998
2361,1053,297,2,89.43,0.15,False,152.031
2362,1054,286,1,47.93,0.2,False,38.344
2363,1054,299,1,725.08,0.1,False,652.572
2364,1055,6,1,531.19,0.2,False,424.95200000000006
2365,1055,136,1,974.39,0.0,False,974.39
2366,1056,84,1,43.2,0.05,False,41.04
2367,1056,239,3,517.8,0.0,False,1553.3999999999999
2368,1056,217,2,479.18,0.0,False,958.36
2369,1056,161,1,68.77,0.0,False,68.77
2370,1056,82,1,235.49,0.0,False,235.49
2371,1057,25,1,282.92,0.2,False,226.336
2372,1058,193,1,351.11,0.0,False,351.11
2373,1058,282,1,280.61,0.0,False,280.61
2374,1059,188,2,550.0,0.0,False,1100.0
2375,1059,102,1,396.98,0.0,False,396.98
2376,1059,231,1,410.59,0.0,False,410.59
2377,1059,164,3,446.58,0.0,False,1339.74
2378,1059,189,1,24.7,0.15,False,20.994999999999997
2379,1060,292,1,425.68,0.0,False,425.68
2380,1061,43,1,97.72,0.0,False,97.72
2381,1062,83,1,243.1,0.0,False,243.1
2382,1063,257,1,8.4,0.1,False,7.5600000000000005
2383,1063,161,1,68.77,0.0,False,68.77
2384,1064,152,1,910.86,0.0,False,910.86
2385,1064,70,1,402.01,0.0,False,402.01
2386,1065,281,1,146.98,0.2,False,117.584
2387,1065,186,1,290.81,0.0,False,290.81
2388,1065,47,2,513.39,0.05,False,975.4409999999999
2389,1066,224,1,23.12,0.05,False,21.964
2390,1066,12,1,156.75,0.0,False,156.75
2391,1066,46,2,397.56,0.15,False,675.852
2392,1066,85,1,530.7,0.0,False,530.7
2393,1066,32,1,338.4,0.0,False,338.4
2394,1067,122,3,607.34,0.0,False,1822.02
2395,1067,45,1,511.39,0.0,False,511.39
2396,1067,59,1,287.12,0.0,False,287.12
2397,1068,104,1,957.31,0.1,False,861.579
2398,1068,91,2,369.86,0.0,False,739.72
2399,1069,60,1,148.68,0.1,False,133.812
2400,1070,157,1,701.5,0.0,False,701.5
2401,1071,297,1,89.43,0.0,False,89.43
2402,1071,81,1,779.01,0.1,False,701.109
2403,1071,295,2,139.02,0.0,False,278.04
2404,1072,106,1,150.04,0.2,False,120.032
2405,1072,221,2,704.75,0.05,False,1339.0249999999999
2406,1072,154,-1,115.68,0.05,True,-109.896
2407,1073,289,1,635.36,0.0,False,635.36
2408,1073,246,1,574.84,0.0,False,574.84
2409,1073,58,1,87.55,0.0,False,87.55
2410,1074,253,1,621.95,0.15,False,528.6575
2411,1074,201,1,567.68,0.1,False,510.912
2412,1075,39,2,412.64,0.1,False,742.752
2413,1076,258,1,626.09,0.0,False,626.09
2414,1076,29,1,103.82,0.15,False,88.24699999999999
2415,1076,16,3,245.66,0.1,False,663.282
2416,1076,195,2,132.26,0.0,False,264.52
2417,1076,237,1,335.88,0.0,False,335.88
2418,1077,71,-1,362.18,0.0,True,-362.18
2419,1078,5,2,503.34,0.0,False,1006.68
2420,1078,34,1,399.8,0.0,False,399.8
2421,1079,208,1,260.07,0.0,False,260.07
2422,1079,147,2,517.03,0.0,False,1034.06
2423,1079,99,1,496.87,0.05,False,472.0265
2424,1079,172,1,104.56,0.0,False,104.56
2425,1080,73,1,346.78,0.0,False,346.78
2426,1080,141,1,251.45,0.2,False,201.16
2427,1080,59,2,287.12,0.2,False,459.39200000000005
2428,1080,110,3,52.92,0.0,False,158.76
2429,1081,281,1,146.98,0.0,False,146.98
2430,1081,99,1,496.87,0.0,False,496.87
2431,1081,133,1,479.79,0.0,False,479.79
2432,1081,266,1,110.99,0.0,False,110.99
2433,1082,119,1,519.85,0.0,False,519.85
2434,1083,295,1,139.02,0.0,False,139.02
2435,1083,184,1,278.4,0.0,False,278.4
2436,1083,138,1,54.35,0.0,False,54.35
2437,1083,279,1,226.81,0.0,False,226.81
2438,1084,53,1,192.38,0.15,False,163.523
2439,1084,193,1,351.11,0.0,False,351.11
2440,1085,139,1,835.42,0.0,False,835.42
2441,1085,204,1,578.66,0.0,False,578.66
2442,1085,131,3,797.13,0.15,False,2032.6815
2443,1086,102,1,396.98,0.1,False,357.28200000000004
2444,1086,162,1,126.53,0.0,False,126.53
2445,1086,211,2,943.9,0.0,False,1887.8
2446,1087,71,1,362.18,0.1,False,325.962
2447,1087,268,1,23.79,0.0,False,23.79
2448,1088,107,1,963.92,0.0,False,963.92
2449,1088,29,3,103.82,0.0,False,311.46
2450,1088,231,1,410.59,0.1,False,369.531
2451,1089,59,1,287.12,0.0,False,287.12
2452,1090,288,1,515.26,0.15,False,437.971
2453,1090,238,1,192.17,0.05,False,182.56149999999997
2454,1091,93,1,98.57,0.0,False,98.57
2455,1092,44,-1,6.81,0.1,True,-6.129
2456,1093,4,3,17.97,0.0,False,53.91
2457,1094,146,1,443.54,0.0,False,443.54
2458,1094,161,1,68.77,0.1,False,61.893
2459,1095,264,1,16.2,0.05,False,15.389999999999999
2460,1095,24,1,696.97,0.0,False,696.97
2461,1095,53,1,192.38,0.05,False,182.761
2462,1095,173,1,587.7,0.2,False,470.1600000000001
2463,1096,145,1,61.15,0.15,False,51.9775
2464,1097,278,1,402.71,0.0,False,402.71
2465,1097,274,2,528.78,0.05,False,1004.6819999999999
2466,1097,252,1,274.43,0.0,False,274.43
2467,1098,234,3,486.72,0.0,False,1460.16
2468,1099,240,3,555.47,0.05,False,1583.0895
2469,1099,143,1,421.93,0.05,False,400.8335
2471,1099,296,1,361.73,0.2,False,289.384
2472,1099,154,3,115.68,0.0,False,347.04
2473,1100,296,1,361.73,0.1,False,325.557
2474,1101,173,-1,587.7,0.0,True,-587.7
2475,1101,248,-1,75.61,0.0,True,-75.61
2476,1101,254,1,286.86,0.0,False,286.86
2477,1101,62,1,244.7,0.0,False,244.7
2478,1102,282,3,280.61,0.1,False,757.647
2479,1102,293,-1,709.48,0.0,True,-709.48
2480,1102,208,1,260.07,0.0,False,260.07
2481,1103,185,1,582.19,0.0,False,582.19
2482,1103,272,1,5.69,0.0,False,5.69
2483,1104,11,1,216.27,0.1,False,194.643
2484,1104,32,1,338.4,0.0,False,338.4
2485,1104,223,2,57.85,0.15,False,98.345
2486,1104,19,1,727.02,0.1,False,654.318
2487,1105,80,1,166.05,0.05,False,157.7475
2488,1105,156,1,372.8,0.1,False,335.52000000000004
2489,1106,147,1,517.03,0.0,False,517.03
2490,1106,163,1,598.68,0.0,False,598.68
2491,1106,142,1,717.32,0.0,False,717.32
2492,1106,53,1,192.38,0.0,False,192.38
2493,1107,171,2,14.73,0.1,False,26.514000000000003
2494,1108,65,2,460.75,0.0,False,921.5
2495,1109,6,1,531.19,0.05,False,504.63050000000004
2496,1110,45,1,511.39,0.0,False,511.39
2497,1111,65,1,460.75,0.0,False,460.75
2498,1111,295,1,139.02,0.0,False,139.02
2499,1112,107,1,963.92,0.0,False,963.92
2500,1112,133,1,479.79,0.0,False,479.79
2501,1113,113,1,55.28,0.0,False,55.28
2502,1114,242,2,166.1,0.05,False,315.59
2503,1114,28,1,749.19,0.05,False,711.7305
2504,1114,107,1,963.92,0.15,False,819.332
2505,1115,101,1,488.42,0.05,False,463.99899999999997
2506,1116,43,1,97.72,0.05,False,92.83399999999999
2507,1116,7,1,357.42,0.0,False,357.42
2508,1117,198,1,266.02,0.15,False,226.117
2509,1117,198,1,266.02,0.1,False,239.41799999999998
2510,1118,277,2,437.32,0.0,False,874.64
2511,1118,223,1,57.85,0.0,False,57.85
2512,1118,231,1,410.59,0.2,False,328.472
2513,1119,68,1,133.13,0.0,False,133.13
2514,1120,240,3,555.47,0.05,False,1583.0895
2515,1120,112,1,10.73,0.0,False,10.73
2516,1121,298,2,238.39,0.0,False,476.78
2517,1121,186,2,290.81,0.05,False,552.539
2518,1122,269,1,603.81,0.05,False,573.6194999999999
2519,1122,235,1,370.09,0.0,False,370.09
2520,1123,73,1,346.78,0.0,False,346.78
2521,1123,1,1,433.54,0.0,False,433.54
2522,1124,290,2,908.96,0.0,False,1817.92
2523,1125,132,1,299.38,0.15,False,254.47299999999998
2524,1126,223,2,57.85,0.05,False,109.91499999999999
2525,1126,241,1,306.12,0.0,False,306.12
2526,1127,240,3,555.47,0.0,False,1666.41
2527,1127,86,1,443.6,0.0,False,443.6
2528,1127,105,1,375.87,0.1,False,338.283
2529,1128,34,1,399.8,0.0,False,399.8
2530,1128,298,1,238.39,0.05,False,226.4705
2531,1129,107,-1,963.92,0.05,True,-915.7239999999999
2532,1129,156,3,372.8,0.0,False,1118.4
2533,1129,293,1,709.48,0.0,False,709.48
2534,1130,221,2,704.75,0.1,False,1268.55
2535,1131,188,1,550.0,0.0,False,550.0
2536,1132,295,2,139.02,0.0,False,278.04
2537,1132,110,1,52.92,0.2,False,42.336000000000006
2538,1133,16,1,245.66,0.0,False,245.66
2539,1133,45,1,511.39,0.0,False,511.39
2540,1133,156,1,372.8,0.0,False,372.8
2541,1133,277,1,437.32,0.2,False,349.856
2542,1133,136,1,974.39,0.05,False,925.6705
2543,1134,166,1,278.38,0.0,False,278.38
2544,1135,85,1,530.7,0.0,False,530.7
2545,1135,119,1,519.85,0.0,False,519.85
2546,1135,91,-1,369.86,0.0,True,-369.86
2547,1135,183,1,942.96,0.1,False,848.6640000000001
2548,1135,33,1,217.73,0.0,False,217.73
2549,1136,154,1,115.68,0.0,False,115.68
2550,1136,133,1,479.79,0.0,False,479.79
2551,1137,96,1,682.77,0.1,False,614.493
2552,1137,122,1,607.34,0.1,False,546.606
2553,1138,36,1,749.87,0.15,False,637.3895
2554,1138,155,1,607.36,0.0,False,607.36
2555,1138,111,1,227.31,0.1,False,204.579
2556,1139,162,1,126.53,0.1,False,113.87700000000001
2557,1139,174,2,864.84,0.0,False,1729.68
2558,1140,182,2,500.91,0.0,False,1001.82
2559,1140,192,1,697.79,0.0,False,697.79
2560,1140,47,1,513.39,0.05,False,487.72049999999996
2561,1140,60,1,148.68,0.0,False,148.68
2562,1141,114,2,23.97,0.0,False,47.94
2563,1141,42,1,328.75,0.1,False,295.875
2564,1142,76,1,938.11,0.0,False,938.11
2565,1142,286,3,47.93,0.2,False,115.032
2566,1143,43,1,97.72,0.0,False,97.72
2567,1143,72,1,286.08,0.0,False,286.08
2568,1144,27,3,686.85,0.1,False,1854.4950000000001
2569,1145,198,1,266.02,0.0,False,266.02
2570,1145,199,1,51.0,0.0,False,51.0
2571,1146,31,-1,976.57,0.0,True,-976.57
2572,1146,38,1,364.99,0.0,False,364.99
2573,1147,33,1,217.73,0.15,False,185.07049999999998
2574,1147,68,2,133.13,0.05,False,252.94699999999997
2575,1147,114,1,23.97,0.0,False,23.97
2576,1147,261,2,429.63,0.0,False,859.26
2577,1148,175,1,600.57,0.0,False,600.57
2578,1148,54,2,679.71,0.15,False,1155.507
2579,1148,56,1,186.07,0.0,False,186.07
2580,1149,73,2,346.78,0.1,False,624.204
2581,1150,286,2,47.93,0.0,False,95.86
2582,1150,209,2,797.01,0.15,False,1354.917
2583,1150,256,3,537.93,0.0,False,1613.79
2584,1151,144,1,299.76,0.0,False,299.76
2585,1152,234,1,486.72,0.0,False,486.72
2586,1152,113,1,55.28,0.05,False,52.516
2587,1152,179,1,478.65,0.0,False,478.65
2588,1153,9,1,66.57,0.0,False,66.57
2589,1153,227,3,192.19,0.0,False,576.5699999999999
2590,1153,274,1,528.78,0.0,False,528.78
2591,1154,147,1,517.03,0.0,False,517.03
2592,1154,64,1,29.71,0.0,False,29.71
2593,1155,199,1,51.0,0.1,False,45.9
2594,1155,44,1,6.81,0.0,False,6.81
2595,1155,277,1,437.32,0.0,False,437.32
2596,1155,268,1,23.79,0.1,False,21.411
2597,1155,281,1,146.98,0.05,False,139.63099999999997
2598,1156,194,1,222.76,0.0,False,222.76
2599,1156,152,1,910.86,0.0,False,910.86
2600,1157,141,1,251.45,0.0,False,251.45
2601,1158,268,2,23.79,0.0,False,47.58
2602,1158,33,1,217.73,0.0,False,217.73
2603,1158,29,1,103.82,0.0,False,103.82
2604,1159,61,1,512.76,0.0,False,512.76
2605,1160,65,1,460.75,0.05,False,437.7125
2607,1161,116,1,862.37,0.1,False,776.133
2608,1161,39,1,412.64,0.0,False,412.64
2609,1161,249,1,682.27,0.0,False,682.27
2610,1161,101,1,488.42,0.05,False,463.99899999999997
2611,1162,59,1,287.12,0.0,False,287.12
2612,1163,56,1,186.07,0.2,False,148.856
2613,1164,210,1,177.09,0.0,False,177.09
2614,1165,145,2,61.15,0.15,False,103.955
2615,1165,214,1,304.46,0.05,False,289.23699999999997
2616,1166,77,1,103.53,0.0,False,103.53
2617,1166,165,1,605.76,0.0,False,605.76
2618,1166,270,1,34872.0,0.1,False,31384.8
2619,1167,284,1,228.9,0.0,False,228.9
2620,1167,82,1,235.49,0.0,False,235.49
2621,1168,277,1,437.32,0.0,False,437.32
2622,1168,257,1,8.4,0.05,False,7.9799999999999995
2623,1169,200,1,533.81,0.05,False,507.1194999999999
2624,1169,70,1,402.01,0.0,False,402.01
2625,1169,247,2,708.26,0.05,False,1345.694
2626,1170,199,1,51.0,0.15,False,43.35
2627,1171,105,1,375.87,0.0,False,375.87
2628,1172,125,2,584.13,0.1,False,1051.434
2629,1173,24,1,696.97,0.1,False,627.273
2630,1174,278,1,402.71,0.1,False,362.43899999999996
2631,1174,36,1,749.87,0.0,False,749.87
2632,1175,294,1,141.94,0.0,False,141.94
2633,1176,148,1,304.48,0.0,False,304.48
2634,1176,110,1,52.92,0.0,False,52.92
2635,1177,225,1,939.11,0.0,False,939.11
2636,1177,160,1,150.1,0.15,False,127.585
2637,1177,269,1,603.81,0.0,False,603.81
2638,1177,236,1,55.21,0.1,False,49.689
2639,1178,181,1,37.18,0.0,False,37.18
2640,1178,194,3,222.76,0.0,False,668.28
2641,1179,276,1,341.21,0.0,False,341.21
2642,1179,258,1,626.09,0.2,False,500.87200000000007
2643,1179,285,2,667.54,0.1,False,1201.572
2644,1180,6,3,531.19,0.05,False,1513.8915000000002
2645,1181,19,3,727.02,0.0,False,2181.06
2646,1181,17,2,953.82,0.0,False,1907.64
2647,1181,49,1,850.7,0.0,False,850.7
2648,1182,288,1,515.26,0.2,False,412.208
2649,1182,222,1,264.61,0.0,False,264.61
2650,1183,46,1,397.56,0.05,False,377.68199999999996
2651,1183,116,2,862.37,0.0,False,1724.74
2652,1184,186,1,290.81,0.1,False,261.729
2653,1184,191,1,457.7,0.0,False,457.7
2654,1185,107,2,963.92,0.0,False,1927.84
2655,1185,202,1,514.85,0.0,False,514.85
2656,1185,237,1,335.88,0.0,False,335.88
2657,1185,291,1,19.78,0.1,False,17.802000000000003
2658,1186,38,1,364.99,0.0,False,364.99
2659,1186,285,1,667.54,0.0,False,667.54
2660,1186,153,1,530.38,0.1,False,477.342
2661,1186,99,1,496.87,0.05,False,472.0265
2662,1186,251,2,439.11,0.0,False,878.22
2663,1187,172,1,104.56,0.2,False,83.64800000000001
2664,1187,94,1,514.73,0.0,False,514.73
2665,1188,45,1,511.39,0.05,False,485.8205
2666,1188,50,2,240.1,0.0,False,480.2
2667,1189,293,3,709.48,0.0,False,2128.44
2668,1189,115,1,251.88,0.15,False,214.09799999999998
2669,1189,294,1,141.94,0.05,False,134.843
2670,1189,93,-1,98.57,0.0,True,-98.57
2671,1190,115,1,251.88,0.0,False,251.88
2672,1190,199,1,51.0,0.0,False,51.0
2673,1191,187,1,127.57,0.05,False,121.19149999999999
2674,1191,81,2,779.01,0.0,False,1558.02
2676,1191,60,1,148.68,0.0,False,148.68
2677,1192,212,1,445.65,0.2,False,356.52
2678,1192,175,1,600.57,0.0,False,600.57
2679,1192,282,1,280.61,0.0,False,280.61
2680,1193,257,1,8.4,0.2,False,6.720000000000001
2681,1193,151,2,625.19,0.15,False,1062.823
2682,1193,211,1,943.9,0.15,False,802.3149999999999
2683,1193,196,1,518.75,0.0,False,518.75
2684,1193,218,2,127.17,0.1,False,228.906
2685,1194,199,1,51.0,0.0,False,51.0
2686,1194,136,-1,974.39,0.05,True,-925.6705
2687,1194,123,1,840.94,0.0,False,840.94
2688,1195,187,1,127.57,0.0,False,127.57
2689,1196,117,1,567.69,0.0,False,567.69
2690,1197,17,2,953.82,0.0,False,1907.64
2692,1197,118,1,611.17,0.0,False,611.17
2693,1197,207,1,518.71,0.0,False,518.71
2694,1197,127,1,111.4,0.0,False,111.4
2695,1198,235,1,370.09,0.2,False,296.072
2696,1198,45,1,511.39,0.05,False,485.8205
2697,1199,73,1,346.78,0.0,False,346.78
2698,1200,240,1,555.47,0.0,False,555.47
2699,1200,202,2,514.85,0.05,False,978.215
2700,1200,70,3,402.01,0.0,False,1206.03
2701,1200,243,1,746.93,0.0,False,746.93
2702,1201,251,1,439.11,0.0,False,439.11
2703,1202,135,1,550.83,0.0,False,550.83
2704,1202,241,1,306.12,0.0,False,306.12
2705,1202,12,1,156.75,0.0,False,156.75
2706,1202,165,1,605.76,0.05,False,575.472
2707,1202,243,1,746.93,0.0,False,746.93
2708,1203,96,2,682.77,0.0,False,1365.54
2709,1203,271,1,756.22,0.0,False,756.22
2710,1204,62,3,244.7,0.0,False,734.0999999999999
2711,1204,205,3,367.74,0.1,False,992.898
2712,1204,66,1,447.18,0.0,False,447.18
2713,1205,107,3,963.92,0.0,False,2891.7599999999998
2714,1205,257,1,8.4,0.0,False,8.4
2715,1205,6,1,531.19,0.0,False,531.19
2716,1206,137,1,316.92,0.0,False,316.92
2717,1206,105,2,375.87,0.05,False,714.153
2718,1206,272,1,5.69,0.0,False,5.69
2719,1207,222,3,264.61,0.0,False,793.83
2720,1207,4,2,17.97,0.15,False,30.548999999999996
2721,1208,61,2,512.76,0.0,False,1025.52
2722,1209,43,1,97.72,0.05,False,92.83399999999999
2723,1210,294,3,141.94,0.2,False,340.656
2724,1210,13,1,152.16,0.0,False,152.16
2725,1211,176,1,199.39,0.05,False,189.42049999999998
2726,1211,64,1,29.71,0.0,False,29.71
2727,1211,20,2,548.49,0.05,False,1042.1309999999999
2728,1211,206,1,612.54,0.0,False,612.54
2729,1212,2,-1,807.37,0.0,True,-807.37
2730,1212,61,2,512.76,0.0,False,1025.52
2731,1213,75,2,299.66,0.05,False,569.354
2732,1214,103,1,456.96,0.15,False,388.416
2733,1215,29,1,103.82,0.15,False,88.24699999999999
2734,1215,17,1,953.82,0.15,False,810.7470000000001
2735,1215,178,1,563.12,0.0,False,563.12
2736,1216,105,1,375.87,0.0,False,375.87
2737,1216,139,2,835.42,0.0,False,1670.84
2738,1217,249,1,682.27,0.05,False,648.1564999999999
2739,1217,71,1,362.18,0.0,False,362.18
2740,1218,187,1,127.57,0.05,False,121.19149999999999
2741,1218,270,1,34872.0,0.0,False,34872.0
2742,1218,22,1,205.71,0.15,False,174.8535
2743,1218,217,1,479.18,0.1,False,431.262
2744,1219,174,1,864.84,0.05,False,821.598
2745,1220,167,1,39.88,0.0,False,39.88
2746,1220,131,1,797.13,0.05,False,757.2735
2747,1220,171,1,14.73,0.15,False,12.5205
2748,1220,185,1,582.19,0.0,False,582.19
2749,1221,32,1,338.4,0.05,False,321.47999999999996
2750,1222,232,1,71.83,0.15,False,61.055499999999995
2751,1222,295,2,139.02,0.0,False,278.04
2752,1222,61,1,512.76,0.0,False,512.76
2753,1223,9,1,66.57,0.05,False,63.24149999999999
2754,1223,187,1,127.57,0.0,False,127.57
2755,1224,68,1,133.13,0.0,False,133.13
2756,1224,251,1,439.11,0.0,False,439.11
2757,1225,135,1,550.83,0.1,False,495.74700000000007
2758,1225,64,2,29.71,0.15,False,50.507
2759,1226,33,3,217.73,0.1,False,587.871
2760,1227,145,3,61.15,0.0,False,183.45
2761,1228,187,3,127.57,0.1,False,344.43899999999996
2762,1228,218,-1,127.17,0.2,True,-101.736
2763,1228,105,1,375.87,0.2,False,300.696
2764,1228,213,1,111.83,0.0,False,111.83
2765,1229,258,1,626.09,0.05,False,594.7855
2766,1230,287,1,754.14,0.0,False,754.14
2767,1230,297,1,89.43,0.0,False,89.43
2768,1230,197,2,538.79,0.1,False,969.822
2769,1231,266,-1,110.99,0.0,True,-110.99
2770,1231,13,-1,152.16,0.0,True,-152.16
2771,1232,105,1,375.87,0.0,False,375.87
2772,1233,222,1,264.61,0.0,False,264.61
2773,1233,2,1,807.37,0.15,False,686.2645
2774,1233,230,1,829.69,0.15,False,705.2365
2775,1233,33,1,217.73,0.05,False,206.84349999999998
2776,1233,146,3,443.54,0.0,False,1330.6200000000001
2777,1234,140,2,500.02,0.1,False,900.036
2778,1234,279,1,226.81,0.0,False,226.81
2779,1234,151,1,625.19,0.1,False,562.671
2780,1235,16,1,245.66,0.05,False,233.37699999999998
2781,1236,227,1,192.19,0.05,False,182.5805
2782,1236,282,1,280.61,0.1,False,252.549
2783,1237,46,1,397.56,0.15,False,337.926
2784,1237,112,-1,10.73,0.0,True,-10.73
2785,1238,74,1,171.2,0.0,False,171.2
2786,1238,194,2,222.76,0.0,False,445.52
2787,1239,215,1,501.1,0.1,False,450.99
2788,1239,63,1,430.39,0.0,False,430.39
2789,1240,287,1,754.14,0.0,False,754.14
2790,1241,28,-1,749.19,0.05,True,-711.7305
2791,1241,264,1,16.2,0.15,False,13.77
2792,1241,267,3,253.7,0.0,False,761.0999999999999
2793,1242,167,1,39.88,0.0,False,39.88
2794,1242,191,2,457.7,0.0,False,915.4
2795,1242,2,1,807.37,0.0,False,807.37
2796,1243,134,1,541.79,0.15,False,460.52149999999995
2797,1243,213,3,111.83,0.0,False,335.49
2798,1243,211,1,943.9,0.2,False,755.12
2799,1244,45,-1,511.39,0.0,True,-511.39
2800,1245,43,1,97.72,0.0,False,97.72
2801,1246,121,1,183.38,0.15,False,155.873
2802,1246,26,1,259.69,0.05,False,246.70549999999997
2803,1247,211,1,943.9,0.0,False,943.9
2804,1247,25,2,282.92,0.0,False,565.84
2805,1247,50,1,240.1,0.0,False,240.1
2806,1247,259,1,533.22,0.0,False,533.22
2807,1248,271,1,756.22,0.0,False,756.22
2808,1248,152,1,910.86,0.1,False,819.774
2809,1249,93,1,98.57,0.05,False,93.6415
2810,1249,58,2,87.55,0.0,False,175.1
2811,1250,246,1,574.84,0.05,False,546.098
2812,1250,114,1,23.97,0.0,False,23.97
2813,1251,148,1,304.48,0.15,False,258.808
2814,1251,57,1,510.39,0.0,False,510.39
2815,1252,228,1,162.75,0.1,False,146.475
2816,1252,218,1,127.17,0.0,False,127.17
2817,1253,174,1,864.84,0.0,False,864.84
2818,1253,233,1,82.49,0.0,False,82.49
2819,1253,72,2,286.08,0.05,False,543.5519999999999
2820,1253,243,1,746.93,0.0,False,746.93
2821,1253,58,1,87.55,0.15,False,74.41749999999999
2822,1254,237,3,335.88,0.1,False,906.876
2823,1255,104,2,957.31,0.2,False,1531.696
2824,1255,97,1,628.48,0.0,False,628.48
2825,1256,145,1,61.15,0.05,False,58.092499999999994
2826,1257,298,1,238.39,0.0,False,238.39
2827,1257,271,1,756.22,0.0,False,756.22
2828,1257,136,1,974.39,0.0,False,974.39
2829,1257,170,1,723.66,0.0,False,723.66
2830,1258,157,1,701.5,0.0,False,701.5
2831,1259,127,1,111.4,0.0,False,111.4
2832,1259,4,1,17.97,0.05,False,17.071499999999997
2833,1259,155,1,607.36,0.05,False,576.992
2834,1260,230,1,829.69,0.05,False,788.2055
2835,1261,95,1,711.68,0.05,False,676.0959999999999
2836,1262,48,1,231.62,0.1,False,208.458
2837,1262,195,1,132.26,0.0,False,132.26
2838,1262,192,1,697.79,0.05,False,662.9005
2839,1263,178,1,563.12,0.15,False,478.652
2840,1263,194,1,222.76,0.0,False,222.76
2841,1263,38,1,364.99,0.0,False,364.99
2842,1263,148,1,304.48,0.0,False,304.48
2843,1263,132,1,299.38,0.0,False,299.38
2844,1264,189,1,24.7,0.05,False,23.465
2845,1264,196,2,518.75,0.0,False,1037.5
2846,1265,94,1,514.73,0.0,False,514.73
2847,1265,211,1,943.9,0.0,False,943.9
2848,1266,11,1,216.27,0.0,False,216.27
2849,1266,113,1,55.28,0.0,False,55.28
2850,1267,240,1,555.47,0.15,False,472.1495
2851,1268,269,1,603.81,0.1,False,543.429
2852,1269,198,1,266.02,0.15,False,226.117
2853,1269,289,1,635.36,0.05,False,603.592
2854,1270,231,1,410.59,0.0,False,410.59
2855,1270,200,1,533.81,0.0,False,533.81
2856,1270,86,1,443.6,0.0,False,443.6
2857,1270,62,-1,244.7,0.0,True,-244.7
2858,1270,292,3,425.68,0.05,False,1213.1879999999999
2859,1271,55,1,395.52,0.05,False,375.74399999999997
2860,1271,269,1,603.81,0.0,False,603.81
2861,1272,231,3,410.59,0.0,False,1231.77
2862,1273,158,1,282.03,0.0,False,282.03
2863,1273,297,1,89.43,0.1,False,80.48700000000001
2864,1273,75,2,299.66,0.1,False,539.388
2865,1274,64,1,29.71,0.1,False,26.739
2866,1274,46,1,397.56,0.2,False,318.048
2867,1275,40,1,171.89,0.0,False,171.89
2868,1276,245,1,11506.5,0.0,False,11506.5
2869,1277,142,2,717.32,0.2,False,1147.7120000000002
2870,1277,259,1,533.22,0.0,False,533.22
2871,1278,119,1,519.85,0.0,False,519.85
2872,1279,172,3,104.56,0.0,False,313.68
2873,1279,142,1,717.32,0.1,False,645.5880000000001
2874,1280,289,1,635.36,0.0,False,635.36
2875,1280,65,1,460.75,0.0,False,460.75
2876,1280,106,1,150.04,0.0,False,150.04
2877,1281,73,2,346.78,0.0,False,693.56
2878,1281,140,1,500.02,0.05,False,475.01899999999995
2879,1281,192,1,697.79,0.0,False,697.79
2880,1281,132,1,299.38,0.0,False,299.38
2881,1282,167,1,39.88,0.0,False,39.88
2882,1282,297,1,89.43,0.0,False,89.43
2883,1283,243,1,746.93,0.0,False,746.93
2884,1283,300,1,133.29,0.15,False,113.2965
2886,1283,269,2,603.81,0.0,False,1207.62
2887,1283,213,1,111.83,0.15,False,95.0555
2888,1284,165,1,605.76,0.0,False,605.76
2889,1284,40,1,171.89,0.0,False,171.89
2890,1285,48,2,231.62,0.1,False,416.916
2891,1286,146,1,443.54,0.0,False,443.54
2892,1286,64,2,29.71,0.0,False,59.42
2893,1286,200,1,533.81,0.05,False,507.1194999999999
2894,1286,128,1,686.4,0.0,False,686.4
2895,1287,198,1,266.02,0.0,False,266.02
2896,1288,26,1,259.69,0.1,False,233.721
2897,1288,293,1,709.48,0.2,False,567.5840000000001
2898,1288,296,-1,361.73,0.0,True,-361.73
2899,1289,1,3,433.54,0.0,False,1300.6200000000001
2900,1289,250,1,8284.0,0.0,False,8284.0
2901,1289,173,1,587.7,0.05,False,558.315
2902,1290,223,1,57.85,0.05,False,54.957499999999996
2903,1290,266,1,110.99,0.15,False,94.3415
2904,1290,35,1,425.48,0.0,False,425.48
2905,1291,192,1,697.79,0.0,False,697.79
2906,1292,300,2,133.29,0.05,False,253.25099999999998
2907,1293,58,1,87.55,0.0,False,87.55
2908,1294,298,1,238.39,0.0,False,238.39
2909,1294,212,1,445.65,0.0,False,445.65
2910,1294,84,2,43.2,0.0,False,86.4
2911,1294,22,1,205.71,0.05,False,195.4245
2912,1295,267,1,253.7,0.0,False,253.7
2913,1295,38,1,364.99,0.0,False,364.99
2914,1296,168,3,649.6,0.2,False,1559.0400000000002
2915,1296,160,3,150.1,0.05,False,427.7849999999999
2916,1297,14,2,90.93,0.0,False,181.86
2917,1297,162,2,126.53,0.0,False,253.06
2918,1298,7,1,357.42,0.0,False,357.42
2919,1298,129,1,492.47,0.15,False,418.59950000000003
2920,1299,72,1,286.08,0.15,False,243.16799999999998
2921,1300,21,2,614.24,0.0,False,1228.48
2922,1300,69,1,274.11,0.05,False,260.4045
2923,1301,241,1,306.12,0.2,False,244.89600000000002
2924,1301,256,1,537.93,0.0,False,537.93
2925,1301,174,1,864.84,0.0,False,864.84
2926,1302,190,2,707.42,0.0,False,1414.84
2927,1302,253,3,621.95,0.0,False,1865.8500000000001
2928,1302,71,1,362.18,0.0,False,362.18
2929,1302,34,1,399.8,0.1,False,359.82
2930,1303,223,2,57.85,0.2,False,92.56
2931,1303,120,1,146.96,0.0,False,146.96
2932,1303,285,1,667.54,0.1,False,600.786
2933,1303,262,1,214.85,0.15,False,182.6225
2934,1303,86,2,443.6,0.0,False,887.2
2935,1304,119,1,519.85,0.15,False,441.8725
2936,1305,121,1,183.38,0.0,False,183.38
2937,1305,297,1,89.43,0.05,False,84.9585
2938,1306,178,1,563.12,0.0,False,563.12
2939,1306,2,1,807.37,0.0,False,807.37
2940,1306,283,3,680.49,0.15,False,1735.2495
2941,1307,259,1,533.22,0.2,False,426.576
2942,1307,37,1,608.8,0.15,False,517.4799999999999
2943,1308,184,1,278.4,0.0,False,278.4
2944,1308,299,1,725.08,0.0,False,725.08
2945,1309,50,1,240.1,0.0,False,240.1
2946,1309,57,3,510.39,0.05,False,1454.6115
2947,1310,118,-1,611.17,0.1,True,-550.053
2948,1311,129,1,492.47,0.0,False,492.47
2949,1311,73,1,346.78,0.0,False,346.78
2950,1311,250,2,8284.0,0.1,False,14911.2
2951,1312,280,1,121.8,0.0,False,121.8
2952,1313,164,2,446.58,0.2,False,714.528
2953,1313,83,1,243.1,0.0,False,243.1
2954,1313,126,2,240.49,0.0,False,480.98
2955,1314,54,2,679.71,0.2,False,1087.536
2956,1315,172,2,104.56,0.0,False,209.12
2957,1315,14,1,90.93,0.1,False,81.837
2958,1315,261,2,429.63,0.0,False,859.26
2959,1316,67,1,355.8,0.0,False,355.8
2960,1316,130,1,454.11,0.0,False,454.11
2961,1316,266,1,110.99,0.0,False,110.99
2962,1316,282,1,280.61,0.0,False,280.61
2963,1317,245,2,11506.5,0.1,False,20711.7
2964,1317,66,3,447.18,0.0,False,1341.54
2965,1318,67,1,355.8,0.0,False,355.8
2966,1319,7,1,357.42,0.0,False,357.42
2967,1320,69,1,274.11,0.0,False,274.11
2968,1320,76,1,938.11,0.0,False,938.11
2969,1321,40,1,171.89,0.1,False,154.701
2970,1321,287,3,754.14,0.0,False,2262.42
2971,1322,33,1,217.73,0.0,False,217.73
2972,1322,66,2,447.18,0.05,False,849.6419999999999
2973,1322,294,1,141.94,0.0,False,141.94
2974,1322,83,1,243.1,0.0,False,243.1
2975,1323,257,1,8.4,0.0,False,8.4
2976,1324,16,1,245.66,0.2,False,196.52800000000002
2977,1324,160,1,150.1,0.0,False,150.1
2978,1325,99,3,496.87,0.0,False,1490.6100000000001
2979,1325,167,1,39.88,0.0,False,39.88
2980,1326,299,1,725.08,0.0,False,725.08
2981,1326,129,1,492.47,0.0,False,492.47
2982,1326,216,2,492.92,0.0,False,985.84
2983,1327,287,1,754.14,0.0,False,754.14
2984,1328,164,1,446.58,0.15,False,379.59299999999996
2985,1328,231,2,410.59,0.15,False,698.0029999999999
2986,1328,212,1,445.65,0.05,False,423.36749999999995
2987,1329,55,2,395.52,0.0,False,791.04
2988,1329,72,1,286.08,0.0,False,286.08
2989,1329,159,1,818.3,0.2,False,654.64
2990,1329,89,1,247.06,0.0,False,247.06
2991,1329,252,1,274.43,0.0,False,274.43
2992,1330,42,1,328.75,0.0,False,328.75
2993,1330,222,1,264.61,0.0,False,264.61
2994,1331,43,1,97.72,0.0,False,97.72
2995,1331,238,1,192.17,0.0,False,192.17
2996,1332,115,2,251.88,0.0,False,503.76
2997,1332,158,2,282.03,0.05,False,535.857
2998,1332,290,-1,908.96,0.15,True,-772.616
2999,1333,117,1,567.69,0.0,False,567.69
3000,1334,294,1,141.94,0.0,False,141.94
3001,1335,262,1,214.85,0.2,False,171.88
3002,1336,50,1,240.1,0.0,False,240.1
3003,1336,42,2,328.75,0.0,False,657.5
3004,1336,139,1,835.42,0.1,False,751.8779999999999
3005,1337,170,1,723.66,0.0,False,723.66
3006,1338,35,1,425.48,0.1,False,382.932
3007,1339,206,1,612.54,0.0,False,612.54
3008,1340,218,2,127.17,0.0,False,254.34
3009,1341,162,2,126.53,0.0,False,253.06
3010,1341,56,3,186.07,0.0,False,558.21
3011,1341,293,1,709.48,0.0,False,709.48
3012,1342,225,2,939.11,0.2,False,1502.576
3013,1343,274,1,528.78,0.1,False,475.902
3014,1343,160,3,150.1,0.0,False,450.29999999999995
3015,1344,179,1,478.65,0.05,False,454.7175
3016,1345,15,3,536.46,0.0,False,1609.38
3017,1346,185,1,582.19,0.1,False,523.9710000000001
3018,1346,68,1,133.13,0.0,False,133.13
3019,1346,253,1,621.95,0.0,False,621.95
3020,1347,157,1,701.5,0.1,False,631.35
3021,1348,200,1,533.81,0.0,False,533.81
3022,1348,235,1,370.09,0.0,False,370.09
3023,1348,237,1,335.88,0.1,False,302.29200000000003
3024,1348,288,1,515.26,0.05,False,489.49699999999996
3025,1349,131,1,797.13,0.0,False,797.13
3026,1350,223,1,57.85,0.1,False,52.065000000000005
3027,1351,226,1,211.98,0.0,False,211.98
3028,1351,54,1,679.71,0.0,False,679.71
3029,1352,119,1,519.85,0.2,False,415.88000000000005
3030,1353,133,3,479.79,0.15,False,1223.4645
3031,1353,294,1,141.94,0.05,False,134.843
3032,1353,47,2,513.39,0.0,False,1026.78
3033,1353,292,1,425.68,0.0,False,425.68
3034,1353,157,1,701.5,0.05,False,666.425
3035,1354,99,1,496.87,0.0,False,496.87
3036,1354,74,1,171.2,0.0,False,171.2
3037,1355,107,1,963.92,0.05,False,915.7239999999999
3038,1355,199,1,51.0,0.0,False,51.0
3039,1356,188,1,550.0,0.0,False,550.0
3040,1357,70,1,402.01,0.1,False,361.809
3041,1358,174,1,864.84,0.0,False,864.84
3042,1358,270,-1,34872.0,0.15,True,-29641.2
3043,1358,216,1,492.92,0.1,False,443.62800000000004
3044,1359,234,1,486.72,0.1,False,438.04800000000006
3045,1359,267,3,253.7,0.05,False,723.0449999999998
3046,1359,297,1,89.43,0.1,False,80.48700000000001
3047,1360,85,1,530.7,0.0,False,530.7
3048,1360,129,3,492.47,0.05,False,1403.5395
3049,1361,183,1,942.96,0.0,False,942.96
3050,1362,285,1,667.54,0.0,False,667.54
3051,1363,240,1,555.47,0.1,False,499.92300000000006
3052,1363,67,1,355.8,0.2,False,284.64000000000004
3053,1363,141,3,251.45,0.05,False,716.6324999999999
3054,1363,27,2,686.85,0.1,False,1236.3300000000002
3055,1364,211,1,943.9,0.0,False,943.9
3056,1364,242,1,166.1,0.0,False,166.1
3057,1365,143,1,421.93,0.0,False,421.93
3058,1365,166,1,278.38,0.1,False,250.542
3059,1366,265,1,839.64,0.15,False,713.694
3060,1366,185,1,582.19,0.05,False,553.0805
3061,1366,101,1,488.42,0.15,False,415.157
3062,1366,30,2,477.17,0.1,False,858.9060000000001
3063,1367,144,1,299.76,0.0,False,299.76
3064,1368,179,1,478.65,0.1,False,430.78499999999997
3065,1368,278,1,402.71,0.2,False,322.168
3066,1369,225,1,939.11,0.0,False,939.11
3067,1370,220,3,475.38,0.0,False,1426.1399999999999
3068,1371,116,1,862.37,0.0,False,862.37
3069,1371,24,1,696.97,0.05,False,662.1215
3070,1371,75,1,299.66,0.15,False,254.711
3071,1372,147,1,517.03,0.1,False,465.327
3072,1372,194,1,222.76,0.2,False,178.208
3073,1372,287,1,754.14,0.05,False,716.433
3074,1372,185,1,582.19,0.0,False,582.19
3075,1373,78,-1,213.82,0.0,True,-213.82
3076,1373,230,1,829.69,0.05,False,788.2055
3077,1374,82,1,235.49,0.0,False,235.49
3078,1375,76,3,938.11,0.0,False,2814.33
3079,1375,225,1,939.11,0.0,False,939.11
3081,1376,35,2,425.48,0.1,False,765.864
3082,1376,297,1,89.43,0.0,False,89.43
3083,1377,82,1,235.49,0.0,False,235.49
3084,1377,255,1,249.2,0.0,False,249.2
3085,1377,95,-1,711.68,0.0,True,-711.68
3086,1378,179,2,478.65,0.0,False,957.3
3087,1378,157,1,701.5,0.1,False,631.35
3088,1378,4,1,17.97,0.1,False,16.173
3089,1378,171,3,14.73,0.1,False,39.771
3090,1379,138,1,54.35,0.15,False,46.1975
3091,1379,208,1,260.07,0.0,False,260.07
3092,1379,166,1,278.38,0.15,False,236.623
3093,1379,228,2,162.75,0.1,False,292.95
3094,1380,13,1,152.16,0.15,False,129.33599999999998
3095,1380,143,2,421.93,0.0,False,843.86
3096,1381,146,1,443.54,0.0,False,443.54
3097,1381,196,1,518.75,0.15,False,440.9375
3098,1381,96,2,682.77,0.15,False,1160.7089999999998
3099,1381,251,2,439.11,0.1,False,790.398
3100,1381,131,-1,797.13,0.1,True,-717.417
3101,1382,158,1,282.03,0.0,False,282.03
3102,1382,120,1,146.96,0.0,False,146.96
3103,1382,258,1,626.09,0.0,False,626.09
3104,1383,113,1,55.28,0.0,False,55.28
3105,1384,63,1,430.39,0.2,False,344.312
3106,1385,180,1,843.45,0.15,False,716.9325
3107,1385,187,2,127.57,0.05,False,242.38299999999998
3108,1385,238,1,192.17,0.0,False,192.17
3110,1385,162,1,126.53,0.0,False,126.53
3111,1386,206,1,612.54,0.1,False,551.286
3112,1386,231,2,410.59,0.0,False,821.18
3113,1387,202,1,514.85,0.0,False,514.85
3114,1387,176,2,199.39,0.0,False,398.78
3115,1388,148,1,304.48,0.0,False,304.48
3116,1388,69,1,274.11,0.0,False,274.11
3117,1389,3,1,978.72,0.05,False,929.784
3118,1390,240,2,555.47,0.0,False,1110.94
3119,1390,142,1,717.32,0.0,False,717.32
3120,1390,157,1,701.5,0.2,False,561.2
3121,1391,29,1,103.82,0.0,False,103.82
3122,1392,56,3,186.07,0.1,False,502.38900000000007
3123,1392,11,1,216.27,0.0,False,216.27
3124,1392,176,1,199.39,0.0,False,199.39
3125,1392,149,1,382.77,0.0,False,382.77
3126,1393,130,1,454.11,0.05,False,431.4045
3127,1393,163,1,598.68,0.0,False,598.68
3128,1394,46,1,397.56,0.0,False,397.56
3129,1394,218,3,127.17,0.0,False,381.51
3130,1394,105,2,375.87,0.0,False,751.74
3131,1395,274,3,528.78,0.0,False,1586.34
3132,1396,222,1,264.61,0.1,False,238.14900000000003
3133,1396,157,1,701.5,0.0,False,701.5
3134,1396,101,1,488.42,0.15,False,415.157
3135,1396,146,1,443.54,0.0,False,443.54
3136,1396,60,1,148.68,0.0,False,148.68
3137,1397,254,2,286.86,0.05,False,545.034
3138,1398,233,1,82.49,0.15,False,70.11649999999999
3139,1398,188,1,550.0,0.0,False,550.0
3140,1398,181,1,37.18,0.0,False,37.18
3141,1398,139,1,835.42,0.0,False,835.42
3142,1398,201,1,567.68,0.0,False,567.68
3143,1399,80,1,166.05,0.05,False,157.7475
3144,1400,28,1,749.19,0.0,False,749.19
3145,1401,32,1,338.4,0.0,False,338.4
3146,1401,178,1,563.12,0.0,False,563.12
3147,1401,109,1,59.23,0.0,False,59.23
3148,1401,28,2,749.19,0.05,False,1423.461
3149,1402,155,3,607.36,0.0,False,1822.08
3150,1403,169,1,458.05,0.0,False,458.05
3151,1404,182,1,500.91,0.0,False,500.91
3152,1404,66,1,447.18,0.0,False,447.18
3153,1405,50,1,240.1,0.0,False,240.1
3154,1405,174,2,864.84,0.0,False,1729.68
3155,1406,27,2,686.85,0.2,False,1098.96
3156,1406,51,1,863.34,0.0,False,863.34
3157,1407,277,-1,437.32,0.05,True,-415.45399999999995
3158,1407,93,2,98.57,0.1,False,177.426
3159,1408,23,1,235.35,0.15,False,200.04749999999999
3160,1408,57,1,510.39,0.0,False,510.39
3161,1409,93,1,98.57,0.05,False,93.6415
3162,1409,96,-1,682.77,0.0,True,-682.77
3163,1409,201,2,567.68,0.05,False,1078.5919999999999
3164,1409,46,1,397.56,0.05,False,377.68199999999996
3165,1409,98,1,71.96,0.15,False,61.16599999999999
3166,1410,289,2,635.36,0.0,False,1270.72
3167,1410,76,1,938.11,0.1,False,844.299
3168,1410,4,1,17.97,0.0,False,17.97
3169,1411,261,1,429.63,0.05,False,408.14849999999996
3170,1412,112,1,10.73,0.1,False,9.657
3171,1412,8,1,295.82,0.0,False,295.82
3172,1413,218,1,127.17,0.0,False,127.17
3173,1413,170,1,723.66,0.0,False,723.66
3174,1414,15,1,536.46,0.0,False,536.46
3175,1414,111,1,227.31,0.05,False,215.9445
3176,1414,182,1,500.91,0.2,False,400.72800000000007
3177,1414,271,1,756.22,0.1,False,680.5980000000001
3178,1414,152,1,910.86,0.05,False,865.317
3179,1415,35,2,425.48,0.0,False,850.96
3180,1415,256,1,537.93,0.05,False,511.03349999999995
3181,1415,290,1,908.96,0.0,False,908.96
3182,1415,211,1,943.9,0.1,False,849.51
3183,1415,118,1,611.17,0.0,False,611.17
3184,1416,46,1,397.56,0.0,False,397.56
3185,1416,66,1,447.18,0.05,False,424.82099999999997
3186,1417,67,1,355.8,0.0,False,355.8
3187,1417,36,1,749.87,0.15,False,637.3895
3188,1418,40,1,171.89,0.0,False,171.89
3189,1419,186,1,290.81,0.0,False,290.81
3190,1419,98,1,71.96,0.0,False,71.96
3191,1419,17,1,953.82,0.2,False,763.056
3192,1420,236,2,55.21,0.05,False,104.899
3193,1421,109,1,59.23,0.05,False,56.268499999999996
3194,1421,207,1,518.71,0.05,False,492.7745
3195,1422,201,1,567.68,0.0,False,567.68
3196,1422,221,3,704.75,0.1,False,1902.825
3197,1423,82,2,235.49,0.05,False,447.431
3198,1423,9,1,66.57,0.0,False,66.57
3199,1424,290,2,908.96,0.0,False,1817.92
3200,1424,74,1,171.2,0.05,False,162.64
3201,1425,243,3,746.93,0.05,False,2128.7504999999996
3202,1425,91,1,369.86,0.05,False,351.367
3203,1425,129,2,492.47,0.2,False,787.9520000000001
3204,1426,198,1,266.02,0.0,False,266.02
3205,1426,263,1,222.36,0.0,False,222.36
3206,1427,129,1,492.47,0.2,False,393.97600000000006
3207,1428,267,3,253.7,0.05,False,723.0449999999998
3208,1428,45,1,511.39,0.0,False,511.39
3209,1429,279,1,226.81,0.0,False,226.81
3210,1429,98,1,71.96,0.0,False,71.96
3211,1429,70,1,402.01,0.1,False,361.809
3212,1429,253,1,621.95,0.1,False,559.7550000000001
3213,1430,15,1,536.46,0.0,False,536.46
3214,1431,51,1,863.34,0.0,False,863.34
3215,1432,150,2,182.12,0.0,False,364.24
3216,1432,86,1,443.6,0.0,False,443.6
3217,1432,219,1,211.99,0.0,False,211.99
3218,1433,164,1,446.58,0.0,False,446.58
3219,1433,4,1,17.97,0.05,False,17.071499999999997
3220,1434,109,2,59.23,0.0,False,118.46
3221,1434,159,1,818.3,0.0,False,818.3
3222,1434,262,3,214.85,0.0,False,644.55
3223,1434,38,1,364.99,0.05,False,346.7405
3224,1435,283,1,680.49,0.0,False,680.49
3225,1435,96,3,682.77,0.1,False,1843.479
3226,1435,122,1,607.34,0.05,False,576.973
3227,1435,280,3,121.8,0.0,False,365.4
3228,1436,195,1,132.26,0.0,False,132.26
3229,1437,72,1,286.08,0.1,False,257.472
3230,1437,231,1,410.59,0.0,False,410.59
3231,1438,240,1,555.47,0.05,False,527.6965
3232,1439,43,1,97.72,0.0,False,97.72
3233,1440,4,1,17.97,0.0,False,17.97
3234,1440,204,2,578.66,0.1,False,1041.588
3235,1440,120,2,146.96,0.0,False,293.92
3236,1440,294,1,141.94,0.0,False,141.94
3237,1440,174,1,864.84,0.1,False,778.356
3238,1441,39,1,412.64,0.0,False,412.64
3239,1441,164,1,446.58,0.0,False,446.58
3240,1442,255,1,249.2,0.0,False,249.2
3241,1443,231,1,410.59,0.05,False,390.06049999999993
3242,1443,174,3,864.84,0.0,False,2594.52
3243,1443,4,1,17.97,0.15,False,15.274499999999998
3244,1443,233,1,82.49,0.2,False,65.992
3245,1443,71,1,362.18,0.0,False,362.18
3246,1444,81,1,779.01,0.0,False,779.01
3247,1445,21,1,614.24,0.0,False,614.24
3248,1445,162,1,126.53,0.05,False,120.20349999999999
3249,1445,140,2,500.02,0.0,False,1000.04
3250,1445,46,1,397.56,0.05,False,377.68199999999996
3251,1446,100,1,283.25,0.0,False,283.25
3252,1446,131,2,797.13,0.0,False,1594.26
3253,1447,127,1,111.4,0.05,False,105.83
3254,1447,32,3,338.4,0.0,False,1015.1999999999999
3255,1447,141,2,251.45,0.0,False,502.9
3256,1448,174,1,864.84,0.0,False,864.84
3257,1448,50,1,240.1,0.0,False,240.1
3258,1449,248,2,75.61,0.0,False,151.22
3259,1449,67,2,355.8,0.05,False,676.02
3260,1449,129,1,492.47,0.0,False,492.47
3261,1449,232,1,71.83,0.0,False,71.83
3262,1449,70,1,402.01,0.0,False,402.01
3263,1450,243,2,746.93,0.0,False,1493.86
3264,1450,90,-1,219.22,0.2,True,-175.376
3265,1451,9,1,66.57,0.15,False,56.58449999999999
3266,1451,125,1,584.13,0.0,False,584.13
3267,1451,271,1,756.22,0.0,False,756.22
3268,1452,164,1,446.58,0.0,False,446.58
3269,1452,68,1,133.13,0.05,False,126.47349999999999
3270,1453,80,1,166.05,0.0,False,166.05
3271,1453,116,2,862.37,0.1,False,1552.266
3272,1453,200,1,533.81,0.0,False,533.81
3273,1454,69,1,274.11,0.0,False,274.11
3274,1455,271,1,756.22,0.0,False,756.22
3275,1456,186,2,290.81,0.0,False,581.62
3276,1457,44,1,6.81,0.0,False,6.81
3277,1457,295,1,139.02,0.2,False,111.21600000000001
3278,1457,148,1,304.48,0.1,False,274.03200000000004
3279,1457,273,1,560.24,0.0,False,560.24
3280,1457,154,1,115.68,0.0,False,115.68
3281,1458,209,1,797.01,0.0,False,797.01
3282,1458,129,1,492.47,0.0,False,492.47
3283,1458,257,-1,8.4,0.0,True,-8.4
3284,1458,105,1,375.87,0.05,False,357.0765
3285,1458,271,2,756.22,0.0,False,1512.44
3286,1459,162,2,126.53,0.0,False,253.06
3287,1460,292,1,425.68,0.05,False,404.396
3288,1460,174,3,864.84,0.1,False,2335.068
3289,1461,47,1,513.39,0.0,False,513.39
3290,1461,123,1,840.94,0.0,False,840.94
3291,1461,197,3,538.79,0.0,False,1616.37
3292,1462,200,1,533.81,0.0,False,533.81
3293,1462,212,1,445.65,0.0,False,445.65
3294,1463,19,1,727.02,0.0,False,727.02
3295,1463,137,1,316.92,0.0,False,316.92
3296,1464,98,1,71.96,0.0,False,71.96
3297,1464,27,1,686.85,0.2,False,549.48
3298,1464,278,1,402.71,0.2,False,322.168
3299,1465,201,2,567.68,0.0,False,1135.36
3300,1466,203,2,431.09,0.05,False,819.0709999999999
3301,1466,232,1,71.83,0.0,False,71.83
3302,1466,32,1,338.4,0.0,False,338.4
3303,1466,139,1,835.42,0.0,False,835.42
3304,1467,35,1,425.48,0.0,False,425.48
3305,1467,266,1,110.99,0.1,False,99.89099999999999
3306,1467,140,1,500.02,0.0,False,500.02
3307,1467,224,1,23.12,0.1,False,20.808
3308,1468,161,1,68.77,0.0,False,68.77
3309,1469,241,1,306.12,0.05,False,290.81399999999996
3310,1469,112,1,10.73,0.05,False,10.1935
3311,1470,122,1,607.34,0.1,False,546.606
3312,1470,69,1,274.11,0.1,False,246.699
3313,1471,183,1,942.96,0.0,False,942.96
3314,1471,9,3,66.57,0.0,False,199.70999999999998
3315,1472,200,1,533.81,0.0,False,533.81
3316,1473,177,1,156.12,0.0,False,156.12
3317,1473,120,1,146.96,0.0,False,146.96
3318,1473,142,1,717.32,0.0,False,717.32
3319,1473,170,1,723.66,0.0,False,723.66
3320,1474,130,1,454.11,0.05,False,431.4045
3321,1474,80,1,166.05,0.0,False,166.05
3322,1474,283,2,680.49,0.0,False,1360.98
3323,1474,27,1,686.85,0.0,False,686.85
3324,1475,289,1,635.36,0.1,False,571.8240000000001
3325,1475,83,1,243.1,0.05,False,230.945
3326,1476,174,1,864.84,0.0,False,864.84
3327,1476,135,2,550.83,0.0,False,1101.66
3328,1476,66,1,447.18,0.0,False,447.18
3329,1477,104,1,957.31,0.05,False,909.4445
3330,1478,160,1,150.1,0.0,False,150.1
3331,1478,139,1,835.42,0.0,False,835.42
3332,1479,256,1,537.93,0.0,False,537.93
3333,1480,260,1,619.66,0.0,False,619.66
3334,1480,34,1,399.8,0.1,False,359.82
3335,1480,25,-1,282.92,0.0,True,-282.92
3336,1481,45,1,511.39,0.0,False,511.39
3337,1482,102,1,396.98,0.0,False,396.98
3338,1482,25,1,282.92,0.05,False,268.774
3339,1483,235,2,370.09,0.0,False,740.18
3340,1483,176,2,199.39,0.0,False,398.78
3341,1484,259,1,533.22,0.0,False,533.22
3342,1485,26,1,259.69,0.05,False,246.70549999999997
3343,1486,70,1,402.01,0.0,False,402.01
3344,1486,43,1,97.72,0.05,False,92.83399999999999
3345,1487,74,1,171.2,0.0,False,171.2
3346,1487,217,1,479.18,0.0,False,479.18
3347,1488,260,1,619.66,0.0,False,619.66
3348,1489,233,1,82.49,0.1,False,74.241
3349,1489,128,1,686.4,0.0,False,686.4
3350,1489,291,1,19.78,0.0,False,19.78
3351,1490,106,1,150.04,0.1,False,135.036
3352,1490,280,1,121.8,0.0,False,121.8
3353,1491,154,2,115.68,0.0,False,231.36
3354,1491,171,1,14.73,0.0,False,14.73
3355,1491,299,1,725.08,0.1,False,652.572
3356,1491,151,-1,625.19,0.0,True,-625.19
3357,1491,74,1,171.2,0.0,False,171.2
3358,1492,270,1,34872.0,0.0,False,34872.0
3359,1492,253,2,621.95,0.1,False,1119.5100000000002
3360,1492,241,2,306.12,0.0,False,612.24
3361,1492,24,1,696.97,0.05,False,662.1215
3362,1492,23,1,235.35,0.05,False,223.58249999999998
3363,1493,66,3,447.18,0.05,False,1274.463
3364,1493,159,1,818.3,0.0,False,818.3
3365,1493,17,2,953.82,0.0,False,1907.64
3366,1493,217,1,479.18,0.0,False,479.18
3367,1494,66,2,447.18,0.05,False,849.6419999999999
3368,1494,138,1,54.35,0.0,False,54.35
3369,1495,104,2,957.31,0.1,False,1723.158
3370,1495,251,1,439.11,0.0,False,439.11
3371,1495,182,1,500.91,0.0,False,500.91
3372,1496,57,1,510.39,0.0,False,510.39
3373,1496,214,1,304.46,0.0,False,304.46
3374,1496,299,2,725.08,0.2,False,1160.1280000000002
3375,1497,175,1,600.57,0.0,False,600.57
3376,1497,212,1,445.65,0.15,False,378.80249999999995
3377,1498,191,3,457.7,0.0,False,1373.1
3378,1499,75,1,299.66,0.0,False,299.66
3379,1500,247,1,708.26,0.1,False,637.434
3380,1501,30,1,477.17,0.0,False,477.17
3381,1501,105,1,375.87,0.15,False,319.4895
3382,1501,93,2,98.57,0.1,False,177.426
3383,1501,217,1,479.18,0.0,False,479.18
3384,1502,6,1,531.19,0.0,False,531.19
3385,1502,47,1,513.39,0.0,False,513.39
3386,1502,239,-1,517.8,0.05,True,-491.9099999999999
3387,1502,186,1,290.81,0.0,False,290.81
3388,1503,179,1,478.65,0.0,False,478.65
3389,1503,252,1,274.43,0.0,False,274.43
3390,1504,153,2,530.38,0.1,False,954.684
3391,1505,66,1,447.18,0.0,False,447.18
3392,1506,118,2,611.17,0.1,False,1100.106
3393,1507,277,1,437.32,0.1,False,393.588
3394,1507,299,1,725.08,0.05,False,688.826
3395,1507,72,1,286.08,0.0,False,286.08
3396,1507,33,1,217.73,0.0,False,217.73
3397,1508,108,1,378.75,0.0,False,378.75
3398,1509,127,1,111.4,0.2,False,89.12
3399,1510,252,1,274.43,0.05,False,260.7085
3400,1511,112,1,10.73,0.05,False,10.1935
3401,1511,56,1,186.07,0.0,False,186.07
3402,1512,51,1,863.34,0.0,False,863.34
3403,1512,128,1,686.4,0.0,False,686.4
3404,1513,146,2,443.54,0.05,False,842.726
3405,1514,259,1,533.22,0.0,False,533.22
3406,1514,3,3,978.72,0.0,False,2936.16
3407,1514,240,1,555.47,0.0,False,555.47
3408,1515,178,1,563.12,0.15,False,478.652
3409,1515,69,1,274.11,0.1,False,246.699
3410,1516,289,1,635.36,0.0,False,635.36
3411,1516,68,1,133.13,0.0,False,133.13
3412,1516,152,1,910.86,0.1,False,819.774
3413,1517,40,1,171.89,0.0,False,171.89
3414,1517,224,1,23.12,0.0,False,23.12
3415,1517,18,1,35.67,0.0,False,35.67
3416,1517,189,1,24.7,0.05,False,23.465
3417,1518,187,3,127.57,0.1,False,344.43899999999996
3418,1518,197,2,538.79,0.15,False,915.9429999999999
3419,1518,146,1,443.54,0.05,False,421.363
3420,1519,210,1,177.09,0.0,False,177.09
3421,1519,225,1,939.11,0.05,False,892.1545
3422,1519,115,3,251.88,0.05,False,717.858
3423,1520,296,1,361.73,0.0,False,361.73
3424,1520,113,1,55.28,0.15,False,46.988
3425,1520,228,1,162.75,0.1,False,146.475
3426,1521,52,1,12.48,0.05,False,11.856
3427,1521,167,1,39.88,0.0,False,39.88
3428,1522,201,2,567.68,0.0,False,1135.36
3429,1523,175,1,600.57,0.0,False,600.57
3430,1523,273,1,560.24,0.2,False,448.192
3431,1523,26,2,259.69,0.0,False,519.38
3432,1523,274,1,528.78,0.1,False,475.902
3433,1523,49,1,850.7,0.0,False,850.7
3434,1524,25,1,282.92,0.0,False,282.92
3435,1524,157,1,701.5,0.0,False,701.5
3436,1524,63,2,430.39,0.05,False,817.741
3437,1525,18,1,35.67,0.0,False,35.67
3438,1525,132,1,299.38,0.15,False,254.47299999999998
3439,1525,159,1,818.3,0.0,False,818.3
3440,1526,142,1,717.32,0.0,False,717.32
3441,1526,295,1,139.02,0.0,False,139.02
3442,1527,278,1,402.71,0.05,False,382.57449999999994
3443,1528,101,2,488.42,0.05,False,927.9979999999999
3444,1528,8,1,295.82,0.0,False,295.82
3445,1528,33,2,217.73,0.0,False,435.46
3446,1529,278,1,402.71,0.05,False,382.57449999999994
3447,1530,269,1,603.81,0.0,False,603.81
3448,1530,37,2,608.8,0.1,False,1095.84
3449,1530,9,1,66.57,0.0,False,66.57
3450,1530,241,1,306.12,0.0,False,306.12
3451,1531,123,1,840.94,0.1,False,756.8460000000001
3452,1532,86,2,443.6,0.0,False,887.2
3453,1533,54,1,679.71,0.0,False,679.71
3454,1534,70,-1,402.01,0.1,True,-361.809
3455,1534,287,1,754.14,0.0,False,754.14
3456,1535,225,1,939.11,0.0,False,939.11
3457,1536,225,1,939.11,0.0,False,939.11
3458,1537,175,2,600.57,0.0,False,1201.14
3459,1537,208,1,260.07,0.1,False,234.063
3460,1538,232,1,71.83,0.0,False,71.83
3461,1539,166,1,278.38,0.0,False,278.38
3462,1539,294,3,141.94,0.05,False,404.529
3463,1539,188,3,550.0,0.1,False,1485.0
3464,1539,58,1,87.55,0.0,False,87.55
3465,1539,119,1,519.85,0.0,False,519.85
3466,1540,31,1,976.57,0.1,False,878.913
3467,1540,273,1,560.24,0.05,False,532.228
3468,1541,31,1,976.57,0.0,False,976.57
3469,1541,220,1,475.38,0.15,False,404.073
3470,1542,277,1,437.32,0.0,False,437.32
3471,1542,185,1,582.19,0.1,False,523.9710000000001
3472,1542,174,1,864.84,0.1,False,778.356
3473,1542,241,2,306.12,0.15,False,520.404
3474,1543,104,2,957.31,0.2,False,1531.696
3475,1543,75,1,299.66,0.0,False,299.66
3476,1543,200,2,533.81,0.05,False,1014.2389999999998
3477,1544,93,3,98.57,0.2,False,236.56799999999998
3478,1544,13,1,152.16,0.0,False,152.16
3479,1544,143,1,421.93,0.1,False,379.737
3480,1545,97,3,628.48,0.1,False,1696.8960000000002
3481,1545,293,3,709.48,0.0,False,2128.44
3482,1545,90,3,219.22,0.05,False,624.7769999999999
3483,1545,1,2,433.54,0.1,False,780.3720000000001
3484,1545,95,1,711.68,0.05,False,676.0959999999999
3485,1546,33,2,217.73,0.05,False,413.68699999999995
3486,1546,272,2,5.69,0.15,False,9.673
3487,1547,104,3,957.31,0.0,False,2871.93
3488,1548,5,1,503.34,0.0,False,503.34
3489,1548,280,3,121.8,0.0,False,365.4
3490,1548,258,1,626.09,0.0,False,626.09
3491,1548,100,1,283.25,0.05,False,269.0875
3492,1549,275,1,82.62,0.0,False,82.62
3493,1549,153,1,530.38,0.0,False,530.38
3494,1550,186,1,290.81,0.0,False,290.81
3495,1551,40,1,171.89,0.0,False,171.89
3496,1551,151,1,625.19,0.0,False,625.19
3497,1552,107,1,963.92,0.0,False,963.92
3498,1553,47,1,513.39,0.2,False,410.712
3499,1554,51,1,863.34,0.0,False,863.34
3500,1555,157,1,701.5,0.1,False,631.35
3501,1555,170,1,723.66,0.15,False,615.111
3502,1555,194,1,222.76,0.15,False,189.34599999999998
3503,1555,54,1,679.71,0.0,False,679.71
3504,1556,31,1,976.57,0.0,False,976.57
3506,1556,215,1,501.1,0.05,False,476.045
3507,1556,172,1,104.56,0.1,False,94.104
3508,1557,13,1,152.16,0.05,False,144.552
3509,1558,76,3,938.11,0.0,False,2814.33
3510,1558,91,3,369.86,0.0,False,1109.58
3511,1558,269,1,603.81,0.0,False,603.81
3512,1558,8,1,295.82,0.1,False,266.238
3513,1559,87,1,564.0,0.05,False,535.8
3514,1559,16,2,245.66,0.0,False,491.32
3515,1560,256,2,537.93,0.0,False,1075.86
3516,1560,163,1,598.68,0.05,False,568.746
3517,1560,289,3,635.36,0.1,False,1715.472
3518,1561,282,1,280.61,0.1,False,252.549
3519,1561,261,1,429.63,0.2,False,343.704
3520,1562,81,1,779.01,0.0,False,779.01
3521,1563,70,1,402.01,0.15,False,341.70849999999996
3522,1563,152,1,910.86,0.0,False,910.86
3523,1563,87,1,564.0,0.05,False,535.8
3524,1563,129,1,492.47,0.1,False,443.223
3525,1563,123,1,840.94,0.0,False,840.94
3526,1564,108,1,378.75,0.0,False,378.75
3527,1564,288,2,515.26,0.05,False,978.9939999999999
3528,1565,148,1,304.48,0.05,False,289.25600000000003
3529,1565,24,1,696.97,0.1,False,627.273
3530,1565,30,2,477.17,0.0,False,954.34
3531,1566,61,1,512.76,0.15,False,435.846
3532,1566,88,1,275.21,0.05,False,261.44949999999994
3533,1566,148,1,304.48,0.0,False,304.48
3534,1566,55,1,395.52,0.0,False,395.52
3535,1567,271,1,756.22,0.0,False,756.22
3536,1567,272,1,5.69,0.05,False,5.4055
3537,1568,208,1,260.07,0.0,False,260.07
3538,1568,202,1,514.85,0.0,False,514.85
3539,1569,279,1,226.81,0.0,False,226.81
3540,1569,257,1,8.4,0.0,False,8.4
3541,1570,187,1,127.57,0.0,False,127.57
3542,1570,169,1,458.05,0.0,False,458.05
3543,1571,112,1,10.73,0.0,False,10.73
3544,1571,241,1,306.12,0.0,False,306.12
3545,1571,284,1,228.9,0.0,False,228.9
3546,1571,138,1,54.35,0.1,False,48.915
3547,1571,118,2,611.17,0.0,False,1222.34
3548,1572,204,1,578.66,0.05,False,549.727
3549,1572,97,1,628.48,0.1,False,565.6320000000001
3550,1572,122,1,607.34,0.1,False,546.606
3551,1573,251,1,439.11,0.1,False,395.199
3552,1574,21,1,614.24,0.0,False,614.24
3553,1574,159,1,818.3,0.1,False,736.47
3554,1574,173,1,587.7,0.15,False,499.545
3555,1574,198,1,266.02,0.15,False,226.117
3556,1574,129,1,492.47,0.0,False,492.47
3557,1575,57,1,510.39,0.0,False,510.39
3558,1576,83,2,243.1,0.15,False,413.27
3559,1576,260,1,619.66,0.0,False,619.66
3560,1576,218,3,127.17,0.0,False,381.51
3561,1576,164,1,446.58,0.0,False,446.58
3562,1577,170,1,723.66,0.0,False,723.66
3563,1577,231,3,410.59,0.0,False,1231.77
3564,1578,74,2,171.2,0.0,False,342.4
3565,1578,252,2,274.43,0.05,False,521.417
3566,1579,299,1,725.08,0.15,False,616.318
3567,1579,272,1,5.69,0.05,False,5.4055
3568,1580,32,1,338.4,0.0,False,338.4
3569,1580,214,1,304.46,0.0,False,304.46
3570,1580,207,-1,518.71,0.0,True,-518.71
3571,1581,157,1,701.5,0.0,False,701.5
3572,1582,63,1,430.39,0.0,False,430.39
3573,1583,269,1,603.81,0.0,False,603.81
3574,1583,170,1,723.66,0.0,False,723.66
3575,1584,77,2,103.53,0.0,False,207.06
3576,1584,246,1,574.84,0.1,False,517.356
3577,1585,237,2,335.88,0.05,False,638.1719999999999
3578,1585,125,3,584.13,0.0,False,1752.3899999999999
3579,1586,74,1,171.2,0.05,False,162.64
3580,1586,221,1,704.75,0.0,False,704.75
3581,1586,166,1,278.38,0.0,False,278.38
3582,1587,81,1,779.01,0.2,False,623.2080000000001
3583,1588,254,1,286.86,0.0,False,286.86
3584,1588,1,1,433.54,0.2,False,346.83200000000005
3585,1588,295,-1,139.02,0.05,True,-132.06900000000002
3586,1589,152,1,910.86,0.05,False,865.317
3587,1590,52,1,12.48,0.05,False,11.856
3588,1590,70,3,402.01,0.0,False,1206.03
3589,1591,203,1,431.09,0.2,False,344.872
3590,1591,164,1,446.58,0.2,False,357.264
3591,1591,248,1,75.61,0.0,False,75.61
3592,1591,197,2,538.79,0.2,False,862.064
3593,1591,23,1,235.35,0.0,False,235.35
3594,1592,34,1,399.8,0.0,False,399.8
3595,1592,242,1,166.1,0.1,False,149.49
3596,1593,166,1,278.38,0.0,False,278.38
3597,1593,92,1,148.78,0.05,False,141.341
3598,1594,86,3,443.6,0.0,False,1330.8000000000002
3599,1595,35,1,425.48,0.2,False,340.384
3600,1595,171,1,14.73,0.0,False,14.73
3601,1596,69,1,274.11,0.0,False,274.11
3602,1596,6,-1,531.19,0.0,True,-531.19
3603,1596,255,1,249.2,0.2,False,199.36
3604,1596,192,1,697.79,0.0,False,697.79
3605,1597,299,2,725.08,0.2,False,1160.1280000000002
3606,1598,205,1,367.74,0.0,False,367.74
3607,1598,96,1,682.77,0.0,False,682.77
3608,1599,267,1,253.7,0.0,False,253.7
3609,1600,172,1,104.56,0.0,False,104.56
3610,1600,253,1,621.95,0.0,False,621.95
3611,1600,138,1,54.35,0.0,False,54.35
3612,1601,128,1,686.4,0.0,False,686.4
3613,1601,134,3,541.79,0.1,False,1462.8329999999999
3614,1601,262,1,214.85,0.2,False,171.88
3615,1602,286,1,47.93,0.0,False,47.93
3616,1603,62,2,244.7,0.15,False,415.98999999999995
3617,1603,250,2,8284.0,0.05,False,15739.599999999999
3618,1604,7,1,357.42,0.05,False,339.549
3619,1604,22,1,205.71,0.0,False,205.71
3620,1605,58,1,87.55,0.15,False,74.41749999999999
3621,1605,114,1,23.97,0.05,False,22.7715
3622,1605,222,2,264.61,0.0,False,529.22
3623,1605,95,3,711.68,0.1,False,1921.536
3624,1606,71,3,362.18,0.0,False,1086.54
3625,1606,149,3,382.77,0.2,False,918.648
3626,1607,178,1,563.12,0.1,False,506.808
3627,1607,82,1,235.49,0.1,False,211.941
3628,1607,261,2,429.63,0.1,False,773.3340000000001
3629,1608,77,1,103.53,0.0,False,103.53
3630,1608,133,1,479.79,0.0,False,479.79
3631,1608,182,1,500.91,0.15,False,425.7735
3632,1608,215,1,501.1,0.0,False,501.1
3633,1609,177,2,156.12,0.0,False,312.24
3634,1609,292,1,425.68,0.0,False,425.68
3635,1609,204,1,578.66,0.0,False,578.66
3636,1609,289,2,635.36,0.0,False,1270.72
3637,1609,66,2,447.18,0.0,False,894.36
3638,1610,96,1,682.77,0.15,False,580.3544999999999
3639,1611,204,1,578.66,0.05,False,549.727
3640,1612,19,1,727.02,0.0,False,727.02
3641,1612,143,2,421.93,0.05,False,801.667
3642,1612,272,1,5.69,0.0,False,5.69
3643,1612,89,1,247.06,0.05,False,234.707
3644,1613,73,3,346.78,0.0,False,1040.34
3645,1613,123,1,840.94,0.0,False,840.94
3646,1614,177,3,156.12,0.05,False,444.942
3647,1614,288,2,515.26,0.1,False,927.468
3648,1615,14,1,90.93,0.0,False,90.93
3649,1615,10,1,309.24,0.0,False,309.24
3650,1616,143,1,421.93,0.15,False,358.6405
3651,1616,127,1,111.4,0.0,False,111.4
3652,1616,123,1,840.94,0.0,False,840.94
3653,1617,217,1,479.18,0.2,False,383.34400000000005
3654,1617,247,1,708.26,0.0,False,708.26
3655,1617,50,1,240.1,0.15,False,204.08499999999998
3656,1617,283,1,680.49,0.0,False,680.49
3657,1618,229,1,690.53,0.0,False,690.53
3658,1618,178,1,563.12,0.0,False,563.12
3659,1619,67,1,355.8,0.0,False,355.8
3660,1619,253,1,621.95,0.1,False,559.7550000000001
3661,1620,55,1,395.52,0.0,False,395.52
3662,1621,18,1,35.67,0.0,False,35.67
3663,1622,153,1,530.38,0.1,False,477.342
3664,1622,147,1,517.03,0.15,False,439.47549999999995
3665,1622,287,1,754.14,0.05,False,716.433
3666,1622,160,1,150.1,0.0,False,150.1
3667,1623,67,1,355.8,0.0,False,355.8
3668,1624,243,1,746.93,0.0,False,746.93
3669,1624,228,1,162.75,0.0,False,162.75
3670,1624,267,-1,253.7,0.0,True,-253.7
3671,1625,294,1,141.94,0.05,False,134.843
3672,1625,168,-1,649.6,0.0,True,-649.6
3673,1625,34,1,399.8,0.0,False,399.8
3674,1625,89,1,247.06,0.05,False,234.707
3675,1626,250,1,8284.0,0.0,False,8284.0
3676,1627,289,3,635.36,0.15,False,1620.168
3677,1628,70,1,402.01,0.0,False,402.01
3678,1628,12,2,156.75,0.0,False,313.5
3679,1628,259,2,533.22,0.05,False,1013.118
3680,1629,175,1,600.57,0.1,False,540.513
3681,1629,22,1,205.71,0.0,False,205.71
3682,1630,181,1,37.18,0.0,False,37.18
3683,1630,81,1,779.01,0.0,False,779.01
3684,1630,151,2,625.19,0.05,False,1187.861
3685,1631,265,1,839.64,0.0,False,839.64
3686,1631,59,1,287.12,0.0,False,287.12
3687,1632,132,1,299.38,0.15,False,254.47299999999998
3688,1632,222,1,264.61,0.05,False,251.3795
3689,1632,255,1,249.2,0.0,False,249.2
3690,1632,67,1,355.8,0.1,False,320.22
3691,1633,225,1,939.11,0.0,False,939.11
3692,1634,16,3,245.66,0.0,False,736.98
3693,1634,296,1,361.73,0.0,False,361.73
3694,1634,202,1,514.85,0.05,False,489.1075
3695,1634,255,2,249.2,0.0,False,498.4
3696,1635,118,1,611.17,0.0,False,611.17
3697,1636,199,3,51.0,0.1,False,137.70000000000002
3698,1636,74,2,171.2,0.0,False,342.4
3699,1636,195,1,132.26,0.0,False,132.26
3700,1637,115,1,251.88,0.0,False,251.88
3701,1638,194,1,222.76,0.05,False,211.62199999999999
3702,1639,294,1,141.94,0.1,False,127.746
3703,1640,20,1,548.49,0.0,False,548.49
3704,1640,173,1,587.7,0.2,False,470.1600000000001
3705,1641,61,2,512.76,0.0,False,1025.52
3706,1641,200,1,533.81,0.0,False,533.81
3707,1642,187,2,127.57,0.15,False,216.86899999999997
3708,1643,187,3,127.57,0.0,False,382.71
3709,1643,84,2,43.2,0.0,False,86.4
3710,1644,172,1,104.56,0.0,False,104.56
3711,1644,19,1,727.02,0.2,False,581.616
3712,1644,197,1,538.79,0.05,False,511.85049999999995
3713,1645,294,1,141.94,0.1,False,127.746
3714,1645,109,-1,59.23,0.0,True,-59.23
3715,1645,242,2,166.1,0.0,False,332.2
3716,1646,185,1,582.19,0.0,False,582.19
3717,1647,192,1,697.79,0.0,False,697.79
3718,1647,44,1,6.81,0.05,False,6.469499999999999
3719,1647,173,1,587.7,0.0,False,587.7
3720,1648,252,1,274.43,0.1,False,246.98700000000002
3721,1649,91,1,369.86,0.0,False,369.86
3722,1649,74,1,171.2,0.0,False,171.2
3723,1650,154,1,115.68,0.0,False,115.68
3724,1650,159,2,818.3,0.0,False,1636.6
3725,1651,126,1,240.49,0.0,False,240.49
3726,1651,282,3,280.61,0.05,False,799.7385
3727,1651,280,1,121.8,0.0,False,121.8
3728,1651,159,2,818.3,0.15,False,1391.11
3729,1652,56,1,186.07,0.15,False,158.15949999999998
3730,1652,216,1,492.92,0.0,False,492.92
3731,1653,273,2,560.24,0.05,False,1064.456
3732,1654,170,1,723.66,0.0,False,723.66
3733,1654,228,1,162.75,0.05,False,154.61249999999998
3734,1655,221,3,704.75,0.0,False,2114.25
3735,1656,106,1,150.04,0.05,False,142.53799999999998
3736,1656,161,1,68.77,0.2,False,55.016
3737,1657,67,2,355.8,0.0,False,711.6
3738,1658,250,1,8284.0,0.2,False,6627.200000000001
3739,1659,286,1,47.93,0.1,False,43.137
3740,1659,119,1,519.85,0.0,False,519.85
3741,1660,260,1,619.66,0.05,False,588.6769999999999
3742,1660,186,1,290.81,0.0,False,290.81
3743,1660,275,1,82.62,0.0,False,82.62
3744,1661,164,1,446.58,0.0,False,446.58
3745,1661,248,1,75.61,0.0,False,75.61
3746,1661,73,1,346.78,0.0,False,346.78
3747,1661,190,1,707.42,0.1,False,636.678
3748,1662,276,2,341.21,0.0,False,682.42
3749,1662,21,1,614.24,0.0,False,614.24
3750,1663,225,1,939.11,0.0,False,939.11
3751,1663,17,1,953.82,0.0,False,953.82
3752,1663,142,1,717.32,0.0,False,717.32
3753,1664,29,2,103.82,0.1,False,186.876
3754,1665,242,1,166.1,0.15,False,141.185
3755,1665,278,1,402.71,0.0,False,402.71
3756,1666,269,1,603.81,0.0,False,603.81
3757,1666,241,1,306.12,0.1,False,275.50800000000004
3758,1666,244,-1,263.25,0.0,True,-263.25
3759,1666,127,1,111.4,0.15,False,94.69
3760,1667,211,1,943.9,0.0,False,943.9
3761,1667,256,1,537.93,0.0,False,537.93
3762,1667,6,2,531.19,0.1,False,956.1420000000002
3763,1667,150,1,182.12,0.0,False,182.12
3764,1668,9,3,66.57,0.05,False,189.72449999999998
3765,1668,76,1,938.11,0.0,False,938.11
3766,1668,177,1,156.12,0.0,False,156.12
3767,1669,235,1,370.09,0.0,False,370.09
3768,1670,284,1,228.9,0.0,False,228.9
3769,1670,257,1,8.4,0.0,False,8.4
3770,1671,201,1,567.68,0.05,False,539.2959999999999
3771,1671,268,1,23.79,0.05,False,22.600499999999997
3772,1672,24,1,696.97,0.0,False,696.97
3773,1672,66,1,447.18,0.0,False,447.18
3774,1672,284,1,228.9,0.0,False,228.9
3775,1673,286,2,47.93,0.0,False,95.86
3776,1673,294,1,141.94,0.0,False,141.94
3777,1674,290,1,908.96,0.2,False,727.1680000000001
3778,1674,111,1,227.31,0.0,False,227.31
3779,1674,257,1,8.4,0.1,False,7.5600000000000005
3780,1675,203,1,431.09,0.05,False,409.53549999999996
3781,1676,230,2,829.69,0.05,False,1576.411
3782,1676,168,1,649.6,0.1,False,584.64
3783,1677,151,1,625.19,0.0,False,625.19
3784,1677,273,1,560.24,0.05,False,532.228
3785,1677,14,1,90.93,0.15,False,77.29050000000001
3786,1677,271,1,756.22,0.0,False,756.22
3787,1677,150,2,182.12,0.1,False,327.81600000000003
3788,1678,9,2,66.57,0.0,False,133.14
3789,1678,240,1,555.47,0.15,False,472.1495
3790,1678,126,1,240.49,0.0,False,240.49
3791,1678,61,1,512.76,0.05,False,487.12199999999996
3792,1678,176,1,199.39,0.05,False,189.42049999999998
3793,1679,226,1,211.98,0.0,False,211.98
3794,1679,160,1,150.1,0.0,False,150.1
3795,1679,284,1,228.9,0.0,False,228.9
3796,1680,197,1,538.79,0.1,False,484.911
3797,1680,171,1,14.73,0.0,False,14.73
3798,1680,260,3,619.66,0.15,False,1580.133
3799,1680,202,1,514.85,0.0,False,514.85
3800,1681,50,1,240.1,0.0,False,240.1
3801,1681,179,1,478.65,0.1,False,430.78499999999997
3802,1681,95,1,711.68,0.05,False,676.0959999999999
3803,1682,21,1,614.24,0.0,False,614.24
3804,1683,279,2,226.81,0.0,False,453.62
3805,1683,162,1,126.53,0.0,False,126.53
3806,1683,57,1,510.39,0.0,False,510.39
3807,1683,230,1,829.69,0.0,False,829.69
3808,1684,288,1,515.26,0.15,False,437.971
3809,1684,280,1,121.8,0.05,False,115.71
3810,1684,282,1,280.61,0.0,False,280.61
3811,1684,167,1,39.88,0.0,False,39.88
3812,1684,190,1,707.42,0.0,False,707.42
3813,1685,257,1,8.4,0.0,False,8.4
3814,1685,300,1,133.29,0.0,False,133.29
3815,1686,31,1,976.57,0.05,False,927.7415
3816,1687,173,2,587.7,0.0,False,1175.4
3817,1688,130,1,454.11,0.15,False,385.9935
3818,1689,146,3,443.54,0.05,False,1264.089
3819,1689,74,1,171.2,0.1,False,154.07999999999998
3820,1690,59,2,287.12,0.15,False,488.104
3821,1690,286,1,47.93,0.0,False,47.93
3822,1690,220,1,475.38,0.05,False,451.611
3823,1691,85,1,530.7,0.0,False,530.7
3824,1691,214,1,304.46,0.1,False,274.014
3825,1691,62,1,244.7,0.0,False,244.7
3826,1691,139,1,835.42,0.0,False,835.42
3827,1691,98,1,71.96,0.0,False,71.96
3828,1692,221,1,704.75,0.1,False,634.275
3829,1693,295,1,139.02,0.0,False,139.02
3830,1693,186,2,290.81,0.1,False,523.458
3831,1693,189,1,24.7,0.0,False,24.7
3832,1693,262,3,214.85,0.05,False,612.3224999999999
3833,1694,201,1,567.68,0.0,False,567.68
3834,1695,54,1,679.71,0.0,False,679.71
3835,1695,82,1,235.49,0.0,False,235.49
3836,1696,223,2,57.85,0.0,False,115.7
3837,1696,261,2,429.63,0.0,False,859.26
3838,1697,299,1,725.08,0.2,False,580.0640000000001
3839,1697,100,2,283.25,0.0,False,566.5
3840,1697,254,1,286.86,0.1,False,258.17400000000004
3841,1698,3,3,978.72,0.0,False,2936.16
3842,1698,217,2,479.18,0.05,False,910.442
3843,1698,96,1,682.77,0.0,False,682.77
3844,1698,106,2,150.04,0.0,False,300.08
3845,1698,175,1,600.57,0.0,False,600.57
3846,1699,50,1,240.1,0.0,False,240.1
3847,1699,277,2,437.32,0.0,False,874.64
3848,1699,276,1,341.21,0.0,False,341.21
3849,1700,37,1,608.8,0.0,False,608.8
3850,1700,124,1,640.23,0.0,False,640.23
3851,1700,249,1,682.27,0.1,False,614.043
3852,1700,297,2,89.43,0.0,False,178.86
3853,1700,219,1,211.99,0.0,False,211.99
3854,1701,73,1,346.78,0.2,False,277.424
3855,1702,173,1,587.7,0.1,False,528.9300000000001
3856,1703,126,1,240.49,0.2,False,192.39200000000002
3857,1703,31,1,976.57,0.0,False,976.57
3858,1703,246,2,574.84,0.15,False,977.2280000000001
3859,1703,10,1,309.24,0.05,False,293.778
3860,1703,33,1,217.73,0.2,False,174.184
3861,1704,192,1,697.79,0.0,False,697.79
3862,1704,48,2,231.62,0.0,False,463.24
3863,1705,242,-1,166.1,0.0,True,-166.1
3864,1705,233,1,82.49,0.0,False,82.49
3865,1705,10,1,309.24,0.0,False,309.24
3866,1705,80,1,166.05,0.0,False,166.05
3867,1705,201,1,567.68,0.1,False,510.912
3868,1706,168,2,649.6,0.0,False,1299.2
3869,1706,274,2,528.78,0.05,False,1004.6819999999999
3870,1707,90,1,219.22,0.1,False,197.298
3871,1707,70,1,402.01,0.05,False,381.9095
3872,1707,168,1,649.6,0.0,False,649.6
3873,1707,128,1,686.4,0.2,False,549.12
3874,1708,206,2,612.54,0.0,False,1225.08
3875,1708,280,1,121.8,0.0,False,121.8
3876,1709,211,-1,943.9,0.1,True,-849.51
3877,1710,144,2,299.76,0.0,False,599.52
3878,1710,253,1,621.95,0.0,False,621.95
3879,1711,60,1,148.68,0.0,False,148.68
3880,1711,40,2,171.89,0.1,False,309.402
3881,1711,257,1,8.4,0.0,False,8.4
3882,1712,25,1,282.92,0.0,False,282.92
3883,1713,223,1,57.85,0.0,False,57.85
3884,1713,28,1,749.19,0.0,False,749.19
3885,1713,142,1,717.32,0.0,False,717.32
3886,1713,117,1,567.69,0.0,False,567.69
3887,1714,44,1,6.81,0.0,False,6.81
3888,1715,57,1,510.39,0.05,False,484.8705
3889,1716,171,1,14.73,0.0,False,14.73
3890,1717,45,1,511.39,0.0,False,511.39
3891,1717,136,1,974.39,0.05,False,925.6705
3892,1718,213,1,111.83,0.0,False,111.83
3893,1719,148,1,304.48,0.0,False,304.48
3894,1719,242,1,166.1,0.0,False,166.1
3895,1720,179,1,478.65,0.2,False,382.92
3896,1720,238,3,192.17,0.0,False,576.51
3897,1720,269,1,603.81,0.05,False,573.6194999999999
3898,1721,163,2,598.68,0.0,False,1197.36
3899,1721,84,1,43.2,0.0,False,43.2
3900,1721,257,1,8.4,0.0,False,8.4
3901,1721,214,1,304.46,0.0,False,304.46
3902,1721,105,1,375.87,0.15,False,319.4895
3903,1722,165,1,605.76,0.15,False,514.896
3904,1722,278,1,402.71,0.05,False,382.57449999999994
3906,1723,207,2,518.71,0.0,False,1037.42
3907,1723,54,1,679.71,0.15,False,577.7535
3908,1723,65,1,460.75,0.0,False,460.75
3909,1723,268,1,23.79,0.05,False,22.600499999999997
3910,1723,16,3,245.66,0.2,False,589.5840000000001
3911,1724,292,1,425.68,0.1,False,383.112
3912,1725,225,1,939.11,0.2,False,751.288
3913,1725,39,1,412.64,0.15,False,350.74399999999997
3914,1725,89,1,247.06,0.05,False,234.707
3915,1726,203,3,431.09,0.0,False,1293.27
3916,1726,271,1,756.22,0.0,False,756.22
3917,1726,218,2,127.17,0.15,False,216.189
3918,1726,38,2,364.99,0.0,False,729.98
3919,1727,51,1,863.34,0.0,False,863.34
3920,1727,143,3,421.93,0.0,False,1265.79
3921,1727,34,2,399.8,0.0,False,799.6
3922,1728,139,1,835.42,0.0,False,835.42
3923,1728,166,1,278.38,0.0,False,278.38
3924,1728,110,1,52.92,0.2,False,42.336000000000006
3925,1729,7,3,357.42,0.0,False,1072.26
3926,1729,24,1,696.97,0.0,False,696.97
3927,1730,270,1,34872.0,0.0,False,34872.0
3928,1730,166,1,278.38,0.2,False,222.704
3929,1731,115,1,251.88,0.05,False,239.28599999999997
3930,1732,49,1,850.7,0.0,False,850.7
3931,1732,186,2,290.81,0.0,False,581.62
3932,1733,110,1,52.92,0.0,False,52.92
3933,1733,266,1,110.99,0.0,False,110.99
3934,1733,230,1,829.69,0.0,False,829.69
3935,1734,180,1,843.45,0.0,False,843.45
3936,1735,259,1,533.22,0.15,False,453.237
3937,1735,89,1,247.06,0.0,False,247.06
3938,1736,250,1,8284.0,0.15,False,7041.4
3939,1737,104,1,957.31,0.0,False,957.31
3940,1737,61,1,512.76,0.0,False,512.76
3941,1738,95,1,711.68,0.0,False,711.68
3942,1738,2,2,807.37,0.05,False,1534.003
3943,1738,177,3,156.12,0.15,False,398.106
3944,1738,90,1,219.22,0.05,False,208.259
3945,1738,134,1,541.79,0.0,False,541.79
3946,1739,120,1,146.96,0.1,False,132.264
3947,1739,52,1,12.48,0.0,False,12.48
3948,1739,130,1,454.11,0.0,False,454.11
3949,1740,148,1,304.48,0.0,False,304.48
3950,1740,169,-1,458.05,0.0,True,-458.05
3951,1741,295,1,139.02,0.05,False,132.06900000000002
3952,1741,281,1,146.98,0.05,False,139.63099999999997
3953,1741,115,1,251.88,0.05,False,239.28599999999997
3954,1741,108,1,378.75,0.0,False,378.75
3955,1742,77,1,103.53,0.0,False,103.53
3956,1743,244,1,263.25,0.0,False,263.25
3957,1744,269,2,603.81,0.1,False,1086.858
3958,1745,88,3,275.21,0.0,False,825.6299999999999
3959,1746,300,2,133.29,0.0,False,266.58
3960,1747,87,1,564.0,0.15,False,479.4
3961,1748,108,1,378.75,0.0,False,378.75
3962,1748,39,3,412.64,0.1,False,1114.1280000000002
3963,1749,143,-1,421.93,0.0,True,-421.93
3964,1749,119,1,519.85,0.0,False,519.85
3965,1750,157,2,701.5,0.0,False,1403.0
3966,1750,250,2,8284.0,0.0,False,16568.0
3967,1751,105,3,375.87,0.0,False,1127.6100000000001
3968,1751,64,2,29.71,0.0,False,59.42
3969,1752,165,1,605.76,0.15,False,514.896
3970,1752,274,1,528.78,0.0,False,528.78
3971,1753,36,-1,749.87,0.0,True,-749.87
3972,1754,9,1,66.57,0.0,False,66.57
3973,1754,32,1,338.4,0.05,False,321.47999999999996
3974,1755,48,-1,231.62,0.2,True,-185.29600000000002
3975,1755,173,1,587.7,0.0,False,587.7
3976,1755,106,1,150.04,0.1,False,135.036
3977,1756,239,1,517.8,0.15,False,440.12999999999994
3978,1757,27,2,686.85,0.0,False,1373.7
3979,1757,265,1,839.64,0.0,False,839.64
3980,1758,221,1,704.75,0.15,False,599.0375
3981,1759,69,1,274.11,0.05,False,260.4045
3982,1759,113,1,55.28,0.15,False,46.988
3983,1759,62,1,244.7,0.1,False,220.23
3984,1759,18,1,35.67,0.0,False,35.67
3985,1759,12,2,156.75,0.0,False,313.5
3986,1760,213,1,111.83,0.1,False,100.647
3987,1760,135,1,550.83,0.0,False,550.83
3988,1761,18,3,35.67,0.0,False,107.01
3989,1761,186,3,290.81,0.2,False,697.9440000000001
3990,1761,167,1,39.88,0.1,False,35.892
3991,1761,289,2,635.36,0.0,False,1270.72
3992,1761,256,2,537.93,0.05,False,1022.0669999999999
3993,1762,41,1,376.48,0.0,False,376.48
3994,1762,276,1,341.21,0.05,False,324.1495
3995,1762,37,2,608.8,0.1,False,1095.84
3996,1762,222,1,264.61,0.0,False,264.61
3998,1763,212,1,445.65,0.0,False,445.65
3999,1764,180,1,843.45,0.0,False,843.45
4000,1764,283,1,680.49,0.0,False,680.49
4001,1764,218,1,127.17,0.0,False,127.17
4002,1765,41,1,376.48,0.0,False,376.48
4003,1765,55,2,395.52,0.0,False,791.04
4004,1766,169,1,458.05,0.0,False,458.05
4005,1766,12,1,156.75,0.1,False,141.07500000000002
4006,1767,247,3,708.26,0.0,False,2124.7799999999997
4007,1767,199,2,51.0,0.1,False,91.8
4008,1767,52,1,12.48,0.05,False,11.856
4009,1768,242,1,166.1,0.0,False,166.1
4010,1768,52,1,12.48,0.0,False,12.48
4011,1769,259,1,533.22,0.1,False,479.898
4012,1769,158,1,282.03,0.05,False,267.9285
4013,1769,261,2,429.63,0.0,False,859.26
4014,1770,143,2,421.93,0.15,False,717.281
4015,1771,137,3,316.92,0.0,False,950.76
4016,1771,295,-1,139.02,0.0,True,-139.02
4018,1771,159,1,818.3,0.1,False,736.47
4019,1772,149,1,382.77,0.1,False,344.493
4020,1773,245,1,11506.5,0.0,False,11506.5
4021,1773,106,1,150.04,0.0,False,150.04
4022,1774,233,1,82.49,0.0,False,82.49
4023,1774,229,1,690.53,0.0,False,690.53
4024,1774,218,1,127.17,0.0,False,127.17
4025,1774,42,1,328.75,0.05,False,312.3125
4026,1775,108,1,378.75,0.0,False,378.75
4027,1775,8,1,295.82,0.0,False,295.82
4028,1776,224,1,23.12,0.0,False,23.12
4029,1776,213,1,111.83,0.05,False,106.23849999999999
4030,1777,182,2,500.91,0.1,False,901.638
4031,1778,185,1,582.19,0.0,False,582.19
4032,1778,19,1,727.02,0.1,False,654.318
4033,1778,276,1,341.21,0.1,False,307.089
4034,1779,282,1,280.61,0.0,False,280.61
4035,1779,243,1,746.93,0.1,False,672.237
4036,1779,210,1,177.09,0.1,False,159.381
4037,1779,95,1,711.68,0.15,False,604.928
4038,1779,290,2,908.96,0.2,False,1454.3360000000002
4039,1780,74,1,171.2,0.0,False,171.2
4040,1781,140,2,500.02,0.1,False,900.036
4041,1781,219,2,211.99,0.0,False,423.98
4042,1782,157,1,701.5,0.0,False,701.5
4043,1782,147,1,517.03,0.0,False,517.03
4044,1783,254,2,286.86,0.0,False,573.72
4045,1784,289,-1,635.36,0.0,True,-635.36
4046,1784,220,1,475.38,0.0,False,475.38
4047,1784,242,2,166.1,0.0,False,332.2
4048,1784,19,1,727.02,0.05,False,690.669
4049,1784,244,1,263.25,0.0,False,263.25
4050,1785,33,1,217.73,0.1,False,195.957
4051,1786,92,2,148.78,0.0,False,297.56
4052,1787,47,1,513.39,0.05,False,487.72049999999996
4053,1787,61,1,512.76,0.05,False,487.12199999999996
4054,1788,55,1,395.52,0.0,False,395.52
4055,1789,43,1,97.72,0.0,False,97.72
4056,1790,222,1,264.61,0.0,False,264.61
4057,1790,149,2,382.77,0.0,False,765.54
4058,1790,247,1,708.26,0.1,False,637.434
4059,1790,147,2,517.03,0.0,False,1034.06
4060,1790,125,1,584.13,0.0,False,584.13
4061,1791,92,2,148.78,0.0,False,297.56
4062,1792,184,1,278.4,0.1,False,250.55999999999997
4063,1792,81,1,779.01,0.05,False,740.0595
4064,1793,286,1,47.93,0.1,False,43.137
4065,1794,224,1,23.12,0.0,False,23.12
4066,1794,255,2,249.2,0.0,False,498.4
4067,1794,27,1,686.85,0.0,False,686.85
4068,1794,85,1,530.7,0.1,False,477.63000000000005
4069,1795,163,1,598.68,0.0,False,598.68
4070,1796,5,1,503.34,0.0,False,503.34
4071,1797,93,1,98.57,0.0,False,98.57
4072,1797,150,1,182.12,0.0,False,182.12
4073,1798,33,1,217.73,0.0,False,217.73
4074,1799,116,3,862.37,0.0,False,2587.11
4075,1799,30,1,477.17,0.05,False,453.31149999999997
4076,1800,231,1,410.59,0.2,False,328.472
4077,1800,120,1,146.96,0.15,False,124.916
4078,1800,228,1,162.75,0.0,False,162.75
4079,1800,247,2,708.26,0.05,False,1345.694
4080,1801,40,2,171.89,0.2,False,275.024
4081,1801,81,3,779.01,0.0,False,2337.0299999999997
4082,1802,196,1,518.75,0.1,False,466.875
4083,1803,139,1,835.42,0.0,False,835.42
4084,1803,142,2,717.32,0.0,False,1434.64
4085,1803,16,-1,245.66,0.0,True,-245.66
4086,1803,27,1,686.85,0.0,False,686.85
4087,1804,209,1,797.01,0.2,False,637.6080000000001
4088,1804,98,2,71.96,0.05,False,136.724
4089,1804,254,-1,286.86,0.05,True,-272.517
4090,1804,168,1,649.6,0.0,False,649.6
4091,1804,193,1,351.11,0.0,False,351.11
4092,1805,30,1,477.17,0.15,False,405.5945
4093,1805,257,1,8.4,0.0,False,8.4
4094,1805,252,1,274.43,0.0,False,274.43
4095,1805,266,1,110.99,0.1,False,99.89099999999999
4096,1806,189,3,24.7,0.0,False,74.1
4097,1806,256,1,537.93,0.1,False,484.13699999999994
4098,1807,281,1,146.98,0.2,False,117.584
4099,1807,135,1,550.83,0.0,False,550.83
4100,1808,208,1,260.07,0.05,False,247.0665
4101,1808,32,1,338.4,0.1,False,304.56
4102,1808,64,1,29.71,0.05,False,28.2245
4103,1809,228,1,162.75,0.0,False,162.75
4104,1809,289,1,635.36,0.0,False,635.36
4105,1809,3,1,978.72,0.0,False,978.72
4106,1809,225,1,939.11,0.0,False,939.11
4107,1809,136,1,974.39,0.0,False,974.39
4108,1810,54,1,679.71,0.0,False,679.71
4109,1810,236,2,55.21,0.0,False,110.42
4110,1811,57,1,510.39,0.0,False,510.39
4112,1812,189,1,24.7,0.0,False,24.7
4113,1812,220,3,475.38,0.0,False,1426.1399999999999
4114,1813,82,2,235.49,0.0,False,470.98
4115,1813,154,1,115.68,0.0,False,115.68
4116,1814,91,1,369.86,0.05,False,351.367
4117,1814,101,1,488.42,0.1,False,439.57800000000003
4118,1815,24,1,696.97,0.0,False,696.97
4119,1816,274,-1,528.78,0.0,True,-528.78
4120,1816,85,1,530.7,0.0,False,530.7
4121,1817,277,1,437.32,0.0,False,437.32
4122,1817,20,2,548.49,0.1,False,987.282
4123,1817,87,1,564.0,0.05,False,535.8
4124,1817,124,1,640.23,0.0,False,640.23
4125,1818,201,1,567.68,0.0,False,567.68
4126,1819,204,3,578.66,0.05,False,1649.181
4127,1819,28,1,749.19,0.0,False,749.19
4128,1820,76,1,938.11,0.15,False,797.3935
4129,1820,282,-1,280.61,0.15,True,-238.51850000000002
4130,1820,138,1,54.35,0.0,False,54.35
4131,1821,50,2,240.1,0.0,False,480.2
4132,1821,148,2,304.48,0.1,False,548.0640000000001
4133,1822,148,-1,304.48,0.2,True,-243.58400000000003
4134,1823,32,1,338.4,0.1,False,304.56
4135,1824,197,1,538.79,0.1,False,484.911
4136,1824,241,1,306.12,0.1,False,275.50800000000004
4137,1824,240,2,555.47,0.2,False,888.7520000000001
4138,1824,162,1,126.53,0.1,False,113.87700000000001
4139,1825,82,2,235.49,0.0,False,470.98
4140,1825,97,1,628.48,0.15,False,534.208
4141,1826,169,1,458.05,0.0,False,458.05
4142,1826,1,1,433.54,0.0,False,433.54
4143,1826,196,1,518.75,0.0,False,518.75
4144,1826,2,1,807.37,0.0,False,807.37
4145,1827,190,2,707.42,0.0,False,1414.84
4146,1828,243,1,746.93,0.2,False,597.544
4147,1828,186,1,290.81,0.2,False,232.64800000000002
4148,1829,184,1,278.4,0.1,False,250.55999999999997
4149,1829,12,3,156.75,0.15,False,399.7125
4151,1830,220,1,475.38,0.15,False,404.073
4152,1831,196,1,518.75,0.15,False,440.9375
4153,1832,291,3,19.78,0.05,False,56.373
4154,1833,211,2,943.9,0.0,False,1887.8
4155,1833,64,1,29.71,0.0,False,29.71
4156,1834,36,1,749.87,0.15,False,637.3895
4157,1834,148,2,304.48,0.0,False,608.96
4158,1834,219,1,211.99,0.05,False,201.3905
4159,1834,157,3,701.5,0.2,False,1683.6000000000001
4160,1834,144,1,299.76,0.0,False,299.76
4161,1835,151,1,625.19,0.0,False,625.19
4162,1835,56,1,186.07,0.05,False,176.76649999999998
4163,1835,211,2,943.9,0.0,False,1887.8
4164,1835,24,1,696.97,0.0,False,696.97
4165,1835,108,1,378.75,0.0,False,378.75
4166,1836,167,1,39.88,0.05,False,37.886
4167,1836,254,1,286.86,0.0,False,286.86
4168,1836,126,2,240.49,0.0,False,480.98
4169,1837,256,1,537.93,0.0,False,537.93
4170,1838,219,1,211.99,0.0,False,211.99
4171,1838,249,1,682.27,0.0,False,682.27
4172,1839,16,1,245.66,0.1,False,221.094
4173,1839,87,1,564.0,0.0,False,564.0
4174,1840,2,1,807.37,0.05,False,767.0015
4175,1841,90,1,219.22,0.05,False,208.259
4176,1841,279,3,226.81,0.0,False,680.4300000000001
4177,1841,205,2,367.74,0.0,False,735.48
4178,1841,33,2,217.73,0.0,False,435.46
4179,1841,160,1,150.1,0.0,False,150.1
4180,1842,39,1,412.64,0.0,False,412.64
4181,1842,147,1,517.03,0.05,False,491.17849999999993
4182,1843,32,1,338.4,0.0,False,338.4
4183,1844,283,1,680.49,0.15,False,578.4165
4184,1844,140,2,500.02,0.0,False,1000.04
4185,1844,214,3,304.46,0.0,False,913.3799999999999
4186,1844,235,3,370.09,0.05,False,1054.7565
4187,1844,94,1,514.73,0.0,False,514.73
4188,1845,164,3,446.58,0.05,False,1272.753
4189,1846,285,1,667.54,0.05,False,634.1629999999999
4190,1846,89,3,247.06,0.05,False,704.121
4191,1847,270,1,34872.0,0.0,False,34872.0
4192,1847,42,1,328.75,0.2,False,263.0
4193,1847,51,1,863.34,0.05,False,820.173
4194,1848,199,-1,51.0,0.0,True,-51.0
4195,1848,142,3,717.32,0.0,False,2151.96
4196,1848,57,1,510.39,0.0,False,510.39
4197,1849,223,1,57.85,0.0,False,57.85
4198,1849,226,1,211.98,0.05,False,201.38099999999997
4199,1850,209,-1,797.01,0.0,True,-797.01
4200,1850,249,1,682.27,0.0,False,682.27
4201,1851,172,1,104.56,0.0,False,104.56
4202,1852,83,1,243.1,0.05,False,230.945
4203,1852,139,1,835.42,0.05,False,793.6489999999999
4204,1852,134,1,541.79,0.0,False,541.79
4205,1852,120,1,146.96,0.05,False,139.612
4206,1852,122,1,607.34,0.1,False,546.606
4207,1853,130,1,454.11,0.0,False,454.11
4208,1853,289,1,635.36,0.0,False,635.36
4209,1854,284,1,228.9,0.15,False,194.565
4210,1855,75,1,299.66,0.05,False,284.677
4212,1856,220,1,475.38,0.0,False,475.38
4213,1857,19,1,727.02,0.1,False,654.318
4215,1857,55,1,395.52,0.0,False,395.52
4216,1858,50,1,240.1,0.0,False,240.1
4217,1859,81,2,779.01,0.0,False,1558.02
4218,1859,93,2,98.57,0.0,False,197.14
4219,1859,282,1,280.61,0.15,False,238.51850000000002
4220,1860,211,-1,943.9,0.0,True,-943.9
4221,1861,273,1,560.24,0.0,False,560.24
4222,1862,76,1,938.11,0.2,False,750.488
4223,1863,295,1,139.02,0.1,False,125.11800000000001
4224,1864,146,1,443.54,0.0,False,443.54
4225,1864,41,1,376.48,0.0,False,376.48
4226,1864,192,1,697.79,0.15,False,593.1215
4227,1864,282,1,280.61,0.0,False,280.61
4228,1864,288,1,515.26,0.0,False,515.26
4229,1865,166,1,278.38,0.1,False,250.542
4230,1865,85,2,530.7,0.0,False,1061.4
4231,1865,205,3,367.74,0.0,False,1103.22
4232,1866,143,1,421.93,0.1,False,379.737
4233,1866,75,1,299.66,0.0,False,299.66
4234,1867,28,1,749.19,0.1,False,674.2710000000001
4235,1867,233,1,82.49,0.05,False,78.3655
4236,1867,141,3,251.45,0.0,False,754.3499999999999
4237,1867,262,1,214.85,0.1,False,193.365
4238,1868,294,1,141.94,0.0,False,141.94
4239,1869,133,1,479.79,0.0,False,479.79
4240,1870,26,3,259.69,0.1,False,701.163
4241,1870,265,1,839.64,0.0,False,839.64
4242,1870,241,1,306.12,0.0,False,306.12
4243,1870,271,1,756.22,0.0,False,756.22
4244,1870,180,2,843.45,0.0,False,1686.9
4245,1871,240,1,555.47,0.0,False,555.47
4246,1872,150,1,182.12,0.15,False,154.802
4247,1872,138,2,54.35,0.05,False,103.265
4248,1873,52,2,12.48,0.0,False,24.96
4249,1874,254,-1,286.86,0.0,True,-286.86
4250,1875,15,1,536.46,0.05,False,509.637
4251,1875,11,1,216.27,0.15,False,183.8295
4252,1876,104,1,957.31,0.0,False,957.31
4253,1876,254,1,286.86,0.0,False,286.86
4254,1876,21,1,614.24,0.05,False,583.528
4255,1876,124,1,640.23,0.15,False,544.1955
4256,1876,169,1,458.05,0.2,False,366.44000000000005
4257,1877,266,1,110.99,0.0,False,110.99
4258,1877,280,1,121.8,0.2,False,97.44
4259,1877,232,-1,71.83,0.15,True,-61.055499999999995
4260,1878,215,2,501.1,0.0,False,1002.2
4261,1879,279,2,226.81,0.2,False,362.896
4262,1879,185,1,582.19,0.05,False,553.0805
4263,1880,117,1,567.69,0.05,False,539.3055
4264,1880,254,1,286.86,0.0,False,286.86
4265,1880,217,1,479.18,0.1,False,431.262
4266,1880,26,1,259.69,0.1,False,233.721
4267,1880,23,1,235.35,0.0,False,235.35
4268,1881,3,1,978.72,0.05,False,929.784
4269,1882,2,1,807.37,0.0,False,807.37
4270,1883,295,3,139.02,0.05,False,396.20700000000005
4271,1883,255,1,249.2,0.1,False,224.28
4272,1884,100,1,283.25,0.05,False,269.0875
4273,1884,134,2,541.79,0.0,False,1083.58
4274,1885,50,1,240.1,0.05,False,228.09499999999997
4275,1886,139,1,835.42,0.05,False,793.6489999999999
4276,1886,197,1,538.79,0.0,False,538.79
4277,1887,229,3,690.53,0.0,False,2071.59
4278,1887,118,1,611.17,0.0,False,611.17
4279,1887,228,1,162.75,0.05,False,154.61249999999998
4280,1888,99,1,496.87,0.0,False,496.87
4281,1888,10,1,309.24,0.0,False,309.24
4282,1888,192,1,697.79,0.2,False,558.232
4283,1889,48,1,231.62,0.0,False,231.62
4284,1889,140,-1,500.02,0.1,True,-450.018
4286,1889,95,1,711.68,0.0,False,711.68
4287,1890,235,2,370.09,0.05,False,703.1709999999999
4288,1890,245,1,11506.5,0.0,False,11506.5
4289,1891,78,1,213.82,0.0,False,213.82
4290,1891,219,2,211.99,0.0,False,423.98
4291,1892,172,1,104.56,0.1,False,94.104
4292,1892,7,1,357.42,0.1,False,321.678
4293,1892,85,1,530.7,0.0,False,530.7
4294,1892,271,1,756.22,0.15,False,642.787
4295,1893,29,1,103.82,0.1,False,93.438
4296,1894,236,1,55.21,0.0,False,55.21
4297,1895,241,1,306.12,0.0,False,306.12
4298,1895,295,-1,139.02,0.0,True,-139.02
4299,1896,36,2,749.87,0.0,False,1499.74
4300,1896,262,1,214.85,0.0,False,214.85
4301,1897,289,1,635.36,0.15,False,540.056
4302,1897,111,1,227.31,0.05,False,215.9445
4303,1898,258,1,626.09,0.05,False,594.7855
4304,1898,19,1,727.02,0.0,False,727.02
4305,1898,132,1,299.38,0.0,False,299.38
4306,1898,9,1,66.57,0.2,False,53.256
4307,1898,111,1,227.31,0.1,False,204.579
4308,1899,268,3,23.79,0.0,False,71.37
4309,1899,274,1,528.78,0.0,False,528.78
4310,1899,158,3,282.03,0.05,False,803.7854999999998
4311,1900,167,1,39.88,0.0,False,39.88
4312,1900,111,1,227.31,0.0,False,227.31
4313,1901,33,1,217.73,0.0,False,217.73
4314,1902,226,1,211.98,0.0,False,211.98
4315,1903,280,1,121.8,0.0,False,121.8
4316,1903,131,3,797.13,0.0,False,2391.39
4317,1903,48,-1,231.62,0.05,True,-220.039
4318,1904,257,2,8.4,0.0,False,16.8
4319,1905,42,1,328.75,0.05,False,312.3125
4320,1906,143,1,421.93,0.0,False,421.93
4321,1906,241,1,306.12,0.2,False,244.89600000000002
4322,1906,266,1,110.99,0.0,False,110.99
4323,1907,166,1,278.38,0.0,False,278.38
4324,1907,18,1,35.67,0.0,False,35.67
4325,1908,223,1,57.85,0.0,False,57.85
4326,1908,156,1,372.8,0.0,False,372.8
4327,1909,109,1,59.23,0.0,False,59.23
4328,1909,20,1,548.49,0.0,False,548.49
4329,1909,207,1,518.71,0.0,False,518.71
4330,1909,69,-1,274.11,0.0,True,-274.11
4331,1910,85,1,530.7,0.0,False,530.7
4332,1911,94,1,514.73,0.0,False,514.73
4334,1912,142,2,717.32,0.05,False,1362.9080000000001
4335,1912,53,1,192.38,0.0,False,192.38
4336,1913,259,2,533.22,0.05,False,1013.118
4337,1913,237,1,335.88,0.0,False,335.88
4338,1914,50,1,240.1,0.0,False,240.1
4339,1914,248,2,75.61,0.15,False,128.537
4340,1914,224,1,23.12,0.0,False,23.12
4341,1915,167,2,39.88,0.05,False,75.772
4342,1915,157,2,701.5,0.0,False,1403.0
4343,1915,22,1,205.71,0.05,False,195.4245
4344,1916,93,1,98.57,0.1,False,88.713
4345,1916,12,2,156.75,0.15,False,266.47499999999997
4346,1917,269,1,603.81,0.0,False,603.81
4347,1917,70,1,402.01,0.1,False,361.809
4348,1918,190,1,707.42,0.0,False,707.42
4349,1919,147,3,517.03,0.0,False,1551.09
4350,1919,195,2,132.26,0.0,False,264.52
4351,1919,216,1,492.92,0.0,False,492.92
4352,1920,171,1,14.73,0.0,False,14.73
4353,1920,282,1,280.61,0.0,False,280.61
4354,1920,77,1,103.53,0.1,False,93.177
4355,1920,200,2,533.81,0.0,False,1067.62
4356,1921,148,1,304.48,0.0,False,304.48
4357,1922,106,2,150.04,0.1,False,270.072
4358,1922,138,2,54.35,0.0,False,108.7
4359,1923,287,1,754.14,0.15,False,641.019
4360,1923,222,1,264.61,0.1,False,238.14900000000003
4361,1924,271,1,756.22,0.05,False,718.409
4362,1924,37,1,608.8,0.2,False,487.03999999999996
4363,1924,194,1,222.76,0.05,False,211.62199999999999
4364,1924,192,1,697.79,0.1,False,628.011
4365,1924,30,1,477.17,0.05,False,453.31149999999997
4366,1925,162,1,126.53,0.05,False,120.20349999999999
4367,1925,154,1,115.68,0.0,False,115.68
4368,1925,271,1,756.22,0.0,False,756.22
4369,1925,1,1,433.54,0.15,False,368.509
4370,1926,2,1,807.37,0.0,False,807.37
4371,1927,260,1,619.66,0.2,False,495.728
4372,1927,147,1,517.03,0.1,False,465.327
4373,1928,254,-1,286.86,0.1,True,-258.17400000000004
4374,1929,259,1,533.22,0.0,False,533.22
4375,1930,292,3,425.68,0.0,False,1277.04
4376,1930,263,1,222.36,0.0,False,222.36
4377,1930,63,1,430.39,0.2,False,344.312
4378,1930,270,2,34872.0,0.0,False,69744.0
4379,1930,47,1,513.39,0.05,False,487.72049999999996
4380,1931,159,1,818.3,0.0,False,818.3
4381,1931,109,1,59.23,0.0,False,59.23
4382,1931,230,2,829.69,0.0,False,1659.38
4383,1932,283,1,680.49,0.0,False,680.49
4384,1932,86,1,443.6,0.0,False,443.6
4385,1933,203,1,431.09,0.15,False,366.4265
4386,1934,36,1,749.87,0.05,False,712.3765
4387,1935,279,1,226.81,0.0,False,226.81
4388,1936,287,2,754.14,0.0,False,1508.28
4389,1936,3,1,978.72,0.15,False,831.912
4390,1936,199,1,51.0,0.05,False,48.449999999999996
4391,1937,145,1,61.15,0.05,False,58.092499999999994
4392,1938,180,1,843.45,0.2,False,674.7600000000001
4393,1938,58,3,87.55,0.05,False,249.51749999999996
4394,1938,167,-1,39.88,0.0,True,-39.88
4395,1939,186,1,290.81,0.1,False,261.729
4396,1940,203,1,431.09,0.0,False,431.09
4397,1941,104,1,957.31,0.05,False,909.4445
4398,1942,197,1,538.79,0.2,False,431.032
4399,1943,164,2,446.58,0.0,False,893.16
4400,1943,283,1,680.49,0.0,False,680.49
4401,1944,124,1,640.23,0.0,False,640.23
4402,1944,10,1,309.24,0.0,False,309.24
4403,1945,148,1,304.48,0.0,False,304.48
4404,1945,11,1,216.27,0.0,False,216.27
4405,1946,4,1,17.97,0.0,False,17.97
4406,1946,250,2,8284.0,0.0,False,16568.0
4407,1946,62,3,244.7,0.05,False,697.3949999999999
4408,1946,200,2,533.81,0.0,False,1067.62
4409,1946,11,1,216.27,0.0,False,216.27
4410,1947,221,1,704.75,0.0,False,704.75
4411,1947,286,2,47.93,0.05,False,91.067
4412,1947,85,1,530.7,0.15,False,451.095
4413,1947,285,-1,667.54,0.0,True,-667.54
4414,1947,117,1,567.69,0.05,False,539.3055
4415,1948,74,1,171.2,0.05,False,162.64
4416,1949,33,2,217.73,0.0,False,435.46
4417,1950,219,1,211.99,0.0,False,211.99
4418,1950,162,1,126.53,0.15,False,107.5505
4419,1950,230,1,829.69,0.0,False,829.69
4420,1950,48,1,231.62,0.1,False,208.458
4421,1951,60,1,148.68,0.0,False,148.68
4422,1951,22,1,205.71,0.0,False,205.71
4424,1952,89,1,247.06,0.0,False,247.06
4425,1953,96,-1,682.77,0.0,True,-682.77
4426,1953,178,1,563.12,0.0,False,563.12
4427,1954,180,2,843.45,0.0,False,1686.9
4428,1954,59,1,287.12,0.05,False,272.764
4429,1955,279,1,226.81,0.0,False,226.81
4430,1955,182,1,500.91,0.0,False,500.91
4431,1955,196,1,518.75,0.0,False,518.75
4432,1956,196,1,518.75,0.15,False,440.9375
4433,1956,181,1,37.18,0.05,False,35.321
4434,1956,157,1,701.5,0.2,False,561.2
4435,1957,297,2,89.43,0.0,False,178.86
4436,1957,74,1,171.2,0.05,False,162.64
4437,1957,55,1,395.52,0.0,False,395.52
4438,1957,166,1,278.38,0.0,False,278.38
4439,1958,63,2,430.39,0.0,False,860.78
4440,1959,22,2,205.71,0.0,False,411.42
4441,1959,222,1,264.61,0.15,False,224.9185
4442,1959,278,1,402.71,0.0,False,402.71
4443,1960,238,2,192.17,0.0,False,384.34
4444,1960,34,1,399.8,0.05,False,379.81
4445,1961,182,-1,500.91,0.0,True,-500.91
4446,1961,157,1,701.5,0.05,False,666.425
4447,1962,223,1,57.85,0.0,False,57.85
4448,1962,60,2,148.68,0.15,False,252.756
4449,1963,237,1,335.88,0.0,False,335.88
4450,1964,136,3,974.39,0.0,False,2923.17
4451,1965,56,3,186.07,0.0,False,558.21
4452,1965,158,1,282.03,0.15,False,239.72549999999998
4453,1965,119,1,519.85,0.0,False,519.85
4454,1966,182,2,500.91,0.05,False,951.729
4455,1967,122,1,607.34,0.0,False,607.34
4456,1968,39,1,412.64,0.0,False,412.64
4457,1969,288,1,515.26,0.0,False,515.26
4458,1969,147,1,517.03,0.15,False,439.47549999999995
4459,1969,228,1,162.75,0.0,False,162.75
4460,1970,166,3,278.38,0.1,False,751.626
4461,1970,157,1,701.5,0.15,False,596.275
4462,1970,51,2,863.34,0.0,False,1726.68
4463,1971,10,1,309.24,0.1,False,278.31600000000003
4464,1971,138,1,54.35,0.0,False,54.35
4465,1972,54,1,679.71,0.15,False,577.7535
4466,1972,272,3,5.69,0.15,False,14.5095
4467,1972,136,2,974.39,0.0,False,1948.78
4468,1973,88,1,275.21,0.0,False,275.21
4469,1973,194,1,222.76,0.15,False,189.34599999999998
4470,1974,48,1,231.62,0.0,False,231.62
4471,1974,78,1,213.82,0.0,False,213.82
4472,1975,269,2,603.81,0.0,False,1207.62
4473,1976,95,1,711.68,0.0,False,711.68
4474,1977,244,1,263.25,0.15,False,223.7625
4475,1977,250,2,8284.0,0.1,False,14911.2
4476,1977,39,1,412.64,0.15,False,350.74399999999997
4477,1977,95,1,711.68,0.0,False,711.68
4478,1978,27,1,686.85,0.0,False,686.85
4479,1979,262,1,214.85,0.0,False,214.85
4480,1980,174,1,864.84,0.0,False,864.84
4481,1981,228,1,162.75,0.0,False,162.75
4482,1981,169,3,458.05,0.0,False,1374.15
4483,1981,30,2,477.17,0.15,False,811.189
4484,1982,293,1,709.48,0.0,False,709.48
4485,1983,86,1,443.6,0.1,False,399.24
4486,1984,27,2,686.85,0.0,False,1373.7
4487,1985,142,1,717.32,0.0,False,717.32
4488,1985,1,1,433.54,0.0,False,433.54
4489,1985,82,1,235.49,0.0,False,235.49
4490,1985,66,1,447.18,0.0,False,447.18
4491,1985,207,1,518.71,0.1,False,466.83900000000006
4492,1986,67,2,355.8,0.0,False,711.6
4493,1986,213,-1,111.83,0.0,True,-111.83
4494,1986,170,1,723.66,0.05,False,687.477
4495,1987,150,1,182.12,0.0,False,182.12
4496,1987,113,3,55.28,0.0,False,165.84
4497,1987,125,1,584.13,0.0,False,584.13
4498,1988,114,1,23.97,0.0,False,23.97
4499,1989,174,1,864.84,0.0,False,864.84
4500,1990,290,3,908.96,0.0,False,2726.88
4501,1990,194,1,222.76,0.0,False,222.76
4502,1991,32,1,338.4,0.2,False,270.71999999999997
4503,1991,89,1,247.06,0.1,False,222.354
4504,1992,120,1,146.96,0.0,False,146.96
4505,1992,150,1,182.12,0.1,False,163.90800000000002
4506,1992,16,1,245.66,0.0,False,245.66
4507,1993,263,1,222.36,0.0,False,222.36
4508,1993,8,1,295.82,0.1,False,266.238
4509,1993,237,3,335.88,0.0,False,1007.64
4510,1993,258,1,626.09,0.1,False,563.481
4511,1993,121,1,183.38,0.0,False,183.38
4512,1994,22,1,205.71,0.15,False,174.8535
4513,1995,109,1,59.23,0.0,False,59.23
4514,1995,254,1,286.86,0.1,False,258.17400000000004
4515,1996,146,1,443.54,0.0,False,443.54
4517,1997,35,1,425.48,0.0,False,425.48
4518,1997,194,1,222.76,0.1,False,200.484
4519,1998,47,1,513.39,0.0,False,513.39
4520,1998,199,2,51.0,0.2,False,81.60000000000001
4521,1999,98,1,71.96,0.2,False,57.568
4522,1999,191,1,457.7,0.15,False,389.04499999999996
4523,2000,280,1,121.8,0.1,False,109.62
4524,2000,60,1,148.68,0.1,False,133.812
4525,2000,19,1,727.02,0.0,False,727.02
4526,2001,54,1,679.71,0.05,False,645.7245
4527,2002,81,1,779.01,0.15,False,662.1585
4528,2002,12,1,156.75,0.05,False,148.9125
4529,2002,36,1,749.87,0.0,False,749.87
4530,2002,166,1,278.38,0.0,False,278.38
4531,2003,286,1,47.93,0.15,False,40.7405
4532,2003,108,3,378.75,0.0,False,1136.25
4533,2004,27,1,686.85,0.0,False,686.85
4534,2005,104,1,957.31,0.05,False,909.4445
4535,2005,197,1,538.79,0.0,False,538.79
4536,2005,242,1,166.1,0.1,False,149.49
4537,2006,136,1,974.39,0.15,False,828.2315
4538,2007,229,1,690.53,0.0,False,690.53
4539,2008,260,1,619.66,0.0,False,619.66
4540,2008,5,1,503.34,0.0,False,503.34
4541,2009,166,1,278.38,0.05,False,264.46099999999996
4542,2009,147,1,517.03,0.05,False,491.17849999999993
4543,2009,134,1,541.79,0.0,False,541.79
4544,2010,246,1,574.84,0.0,False,574.84
4545,2010,130,1,454.11,0.05,False,431.4045
4546,2010,142,3,717.32,0.0,False,2151.96
4547,2011,123,1,840.94,0.0,False,840.94
4548,2011,16,1,245.66,0.0,False,245.66
4549,2011,59,1,287.12,0.0,False,287.12
4550,2012,241,1,306.12,0.0,False,306.12
4551,2013,245,1,11506.5,0.0,False,11506.5
4552,2013,202,2,514.85,0.0,False,1029.7
4553,2013,247,1,708.26,0.0,False,708.26
4554,2013,226,1,211.98,0.1,False,190.78199999999998
4555,2014,274,1,528.78,0.0,False,528.78
4556,2014,210,1,177.09,0.05,False,168.2355
4557,2015,188,2,550.0,0.0,False,1100.0
4558,2015,16,2,245.66,0.0,False,491.32
4559,2016,68,1,133.13,0.0,False,133.13
4560,2017,128,2,686.4,0.15,False,1166.8799999999999
4561,2017,5,3,503.34,0.1,False,1359.018
4562,2017,10,1,309.24,0.1,False,278.31600000000003
4563,2017,148,1,304.48,0.0,False,304.48
4564,2018,112,1,10.73,0.1,False,9.657
4565,2018,154,1,115.68,0.0,False,115.68
4566,2019,75,1,299.66,0.0,False,299.66
4567,2019,48,1,231.62,0.0,False,231.62
4568,2019,293,1,709.48,0.0,False,709.48
4569,2020,80,1,166.05,0.0,False,166.05
4570,2021,90,2,219.22,0.1,False,394.596
4571,2021,187,1,127.57,0.0,False,127.57
4572,2022,250,2,8284.0,0.05,False,15739.599999999999
4573,2022,189,2,24.7,0.0,False,49.4
4574,2023,66,2,447.18,0.1,False,804.924
4575,2023,278,1,402.71,0.2,False,322.168
4576,2023,89,1,247.06,0.0,False,247.06
4577,2024,59,2,287.12,0.05,False,545.528
4578,2024,109,1,59.23,0.1,False,53.306999999999995
4579,2024,93,1,98.57,0.05,False,93.6415
4580,2024,65,2,460.75,0.0,False,921.5
4581,2025,260,1,619.66,0.05,False,588.6769999999999
4582,2025,38,1,364.99,0.1,False,328.49100000000004
4583,2025,238,1,192.17,0.05,False,182.56149999999997
4584,2026,71,1,362.18,0.0,False,362.18
4585,2026,162,2,126.53,0.0,False,253.06
4586,2026,68,1,133.13,0.05,False,126.47349999999999
4587,2026,221,1,704.75,0.05,False,669.5124999999999
4588,2027,123,2,840.94,0.0,False,1681.88
4589,2028,139,2,835.42,0.1,False,1503.7559999999999
4590,2028,165,1,605.76,0.0,False,605.76
4591,2028,85,2,530.7,0.05,False,1008.33
4592,2029,8,2,295.82,0.0,False,591.64
4593,2029,14,2,90.93,0.0,False,181.86
4594,2030,199,1,51.0,0.15,False,43.35
4595,2031,155,1,607.36,0.0,False,607.36
4596,2031,227,1,192.19,0.0,False,192.19
4597,2031,118,1,611.17,0.05,False,580.6115
4598,2031,107,1,963.92,0.0,False,963.92
4599,2032,272,3,5.69,0.1,False,15.363000000000001
4600,2032,8,1,295.82,0.0,False,295.82
4601,2033,37,1,608.8,0.0,False,608.8
4602,2034,150,1,182.12,0.0,False,182.12
4603,2034,194,1,222.76,0.0,False,222.76
4604,2034,81,1,779.01,0.15,False,662.1585
4605,2034,260,1,619.66,0.0,False,619.66
4606,2035,65,1,460.75,0.0,False,460.75
4607,2036,205,2,367.74,0.15,False,625.158
4608,2037,131,2,797.13,0.1,False,1434.834
4609,2038,278,1,402.71,0.05,False,382.57449999999994
4611,2038,35,1,425.48,0.1,False,382.932
4612,2039,130,3,454.11,0.15,False,1157.9805
4613,2039,201,1,567.68,0.0,False,567.68
4614,2039,15,1,536.46,0.0,False,536.46
4615,2040,13,1,152.16,0.0,False,152.16
4616,2040,99,1,496.87,0.0,False,496.87
4617,2040,41,1,376.48,0.0,False,376.48
4618,2040,170,1,723.66,0.0,False,723.66
4619,2040,253,1,621.95,0.1,False,559.7550000000001
4620,2041,152,1,910.86,0.1,False,819.774
4621,2041,204,1,578.66,0.0,False,578.66
4622,2042,195,1,132.26,0.0,False,132.26
4623,2043,85,1,530.7,0.0,False,530.7
4624,2043,31,1,976.57,0.1,False,878.913
4625,2043,132,1,299.38,0.1,False,269.442
4626,2043,24,1,696.97,0.05,False,662.1215
4627,2044,277,1,437.32,0.0,False,437.32
4628,2044,11,2,216.27,0.1,False,389.286
4629,2044,237,2,335.88,0.0,False,671.76
4630,2045,299,2,725.08,0.0,False,1450.16
4631,2045,248,1,75.61,0.0,False,75.61
4632,2045,162,1,126.53,0.1,False,113.87700000000001
4633,2046,13,1,152.16,0.1,False,136.944
4634,2046,238,2,192.17,0.0,False,384.34
4635,2046,240,1,555.47,0.0,False,555.47
4636,2046,223,2,57.85,0.1,False,104.13000000000001
4637,2047,242,2,166.1,0.0,False,332.2
4638,2048,46,1,397.56,0.2,False,318.048
4639,2048,116,1,862.37,0.1,False,776.133
4640,2049,264,1,16.2,0.15,False,13.77
4641,2049,86,2,443.6,0.0,False,887.2
4642,2050,65,1,460.75,0.0,False,460.75
4643,2050,208,1,260.07,0.0,False,260.07
4644,2050,49,3,850.7,0.1,False,2296.8900000000003
4645,2050,213,3,111.83,0.2,False,268.392
4646,2051,232,1,71.83,0.0,False,71.83
4647,2051,203,1,431.09,0.0,False,431.09
4648,2052,180,2,843.45,0.1,False,1518.21
4649,2052,292,1,425.68,0.05,False,404.396
4650,2052,96,1,682.77,0.0,False,682.77
4651,2052,195,1,132.26,0.1,False,119.03399999999999
4652,2053,199,1,51.0,0.0,False,51.0
4653,2053,83,-1,243.1,0.05,True,-230.945
4654,2054,181,1,37.18,0.2,False,29.744
4655,2054,40,1,171.89,0.2,False,137.512
4656,2054,195,1,132.26,0.05,False,125.64699999999999
4657,2054,115,1,251.88,0.0,False,251.88
4658,2055,186,1,290.81,0.05,False,276.2695
4659,2055,177,1,156.12,0.05,False,148.314
4660,2055,259,2,533.22,0.0,False,1066.44
4661,2056,261,1,429.63,0.05,False,408.14849999999996
4662,2056,204,1,578.66,0.1,False,520.794
4663,2056,14,-1,90.93,0.0,True,-90.93
4664,2057,291,1,19.78,0.0,False,19.78
4665,2058,128,1,686.4,0.0,False,686.4
4666,2058,134,1,541.79,0.0,False,541.79
4667,2059,209,1,797.01,0.0,False,797.01
4668,2060,268,1,23.79,0.05,False,22.600499999999997
4669,2060,89,1,247.06,0.0,False,247.06
4670,2060,87,1,564.0,0.0,False,564.0
4671,2061,225,1,939.11,0.0,False,939.11
4672,2061,96,1,682.77,0.0,False,682.77
4673,2062,132,2,299.38,0.05,False,568.822
4674,2063,67,1,355.8,0.1,False,320.22
4675,2063,170,3,723.66,0.0,False,2170.98
4676,2063,35,1,425.48,0.0,False,425.48
4677,2064,233,1,82.49,0.05,False,78.3655
4678,2065,23,1,235.35,0.0,False,235.35
4679,2065,266,1,110.99,0.0,False,110.99
4680,2065,61,1,512.76,0.0,False,512.76
4681,2066,66,3,447.18,0.0,False,1341.54
4682,2066,278,1,402.71,0.0,False,402.71
4683,2067,181,1,37.18,0.0,False,37.18
4684,2067,53,1,192.38,0.0,False,192.38
4685,2068,41,1,376.48,0.1,False,338.83200000000005
4686,2068,121,3,183.38,0.0,False,550.14
4687,2069,70,2,402.01,0.2,False,643.216
4688,2069,165,1,605.76,0.0,False,605.76
4689,2070,250,1,8284.0,0.15,False,7041.4
4690,2071,276,1,341.21,0.0,False,341.21
4691,2071,23,2,235.35,0.0,False,470.7
4692,2071,200,1,533.81,0.05,False,507.1194999999999
4693,2072,213,1,111.83,0.0,False,111.83
4694,2073,164,1,446.58,0.2,False,357.264
4695,2073,7,1,357.42,0.0,False,357.42
4696,2073,62,2,244.7,0.1,False,440.46
4697,2073,4,1,17.97,0.0,False,17.97
4698,2074,269,1,603.81,0.05,False,573.6194999999999
4699,2074,80,1,166.05,0.1,False,149.44500000000002
4700,2074,233,1,82.49,0.2,False,65.992
4701,2074,218,1,127.17,0.0,False,127.17
4702,2074,240,1,555.47,0.05,False,527.6965
4703,2075,288,1,515.26,0.0,False,515.26
4704,2075,65,1,460.75,0.0,False,460.75
4705,2075,158,2,282.03,0.15,False,479.45099999999996
4706,2075,210,1,177.09,0.0,False,177.09
4707,2075,157,1,701.5,0.05,False,666.425
4708,2076,180,1,843.45,0.0,False,843.45
4709,2076,118,3,611.17,0.0,False,1833.5099999999998
4710,2077,114,1,23.97,0.05,False,22.7715
4711,2077,50,2,240.1,0.0,False,480.2
4712,2077,180,1,843.45,0.15,False,716.9325
4713,2077,107,1,963.92,0.05,False,915.7239999999999
4714,2078,153,1,530.38,0.0,False,530.38
4715,2078,81,1,779.01,0.0,False,779.01
4716,2078,261,1,429.63,0.05,False,408.14849999999996
4717,2078,169,2,458.05,0.15,False,778.685
4718,2078,37,1,608.8,0.05,False,578.3599999999999
4719,2079,248,1,75.61,0.0,False,75.61
4720,2080,265,-1,839.64,0.0,True,-839.64
4721,2080,12,-1,156.75,0.0,True,-156.75
4722,2080,11,2,216.27,0.0,False,432.54
4723,2080,183,1,942.96,0.0,False,942.96
4724,2081,76,1,938.11,0.05,False,891.2044999999999
4725,2081,192,2,697.79,0.0,False,1395.58
4726,2082,1,1,433.54,0.05,False,411.863
4727,2082,66,2,447.18,0.0,False,894.36
4728,2082,96,1,682.77,0.05,False,648.6315
4729,2083,21,1,614.24,0.05,False,583.528
4730,2084,243,1,746.93,0.15,False,634.8905
4731,2084,273,1,560.24,0.0,False,560.24
4732,2084,28,3,749.19,0.0,False,2247.57
4733,2084,68,1,133.13,0.05,False,126.47349999999999
4734,2084,49,2,850.7,0.05,False,1616.33
4735,2085,42,1,328.75,0.1,False,295.875
4736,2086,289,1,635.36,0.0,False,635.36
4737,2087,231,1,410.59,0.0,False,410.59
4738,2087,261,1,429.63,0.0,False,429.63
4739,2088,137,-1,316.92,0.0,True,-316.92
4740,2088,206,1,612.54,0.2,False,490.032
4741,2088,115,1,251.88,0.0,False,251.88
4742,2089,123,1,840.94,0.05,False,798.893
4743,2089,300,1,133.29,0.05,False,126.62549999999999
4744,2089,148,1,304.48,0.0,False,304.48
4745,2089,160,1,150.1,0.0,False,150.1
4746,2090,172,1,104.56,0.1,False,94.104
4747,2090,202,1,514.85,0.0,False,514.85
4748,2091,295,1,139.02,0.0,False,139.02
4749,2092,237,1,335.88,0.0,False,335.88
4751,2092,56,1,186.07,0.0,False,186.07
4752,2093,280,1,121.8,0.0,False,121.8
4753,2093,170,1,723.66,0.0,False,723.66
4754,2093,115,1,251.88,0.0,False,251.88
4755,2094,200,1,533.81,0.0,False,533.81
4756,2094,259,1,533.22,0.0,False,533.22
4757,2094,270,1,34872.0,0.1,False,31384.8
4758,2095,213,1,111.83,0.0,False,111.83
4759,2096,100,1,283.25,0.0,False,283.25
4760,2096,190,1,707.42,0.1,False,636.678
4761,2096,72,3,286.08,0.2,False,686.5920000000001
4762,2096,155,3,607.36,0.05,False,1730.9759999999999
4763,2097,49,1,850.7,0.0,False,850.7
4764,2097,18,1,35.67,0.0,False,35.67
4765,2098,56,1,186.07,0.0,False,186.07
4766,2098,134,1,541.79,0.05,False,514.7004999999999
4767,2098,190,1,707.42,0.0,False,707.42
4768,2098,148,1,304.48,0.1,False,274.03200000000004
4769,2099,107,1,963.92,0.15,False,819.332
4770,2100,29,1,103.82,0.0,False,103.82
4771,2100,18,1,35.67,0.05,False,33.8865
4772,2101,152,1,910.86,0.0,False,910.86
4773,2101,2,1,807.37,0.2,False,645.8960000000001
4774,2102,38,1,364.99,0.05,False,346.7405
4775,2102,281,1,146.98,0.0,False,146.98
4776,2103,117,3,567.69,0.1,False,1532.7630000000001
4777,2104,160,1,150.1,0.0,False,150.1
4778,2105,87,1,564.0,0.15,False,479.4
4779,2106,60,-1,148.68,0.05,True,-141.246
4781,2106,188,1,550.0,0.15,False,467.5
4782,2106,187,2,127.57,0.0,False,255.14
4783,2106,260,1,619.66,0.1,False,557.694
4784,2107,261,1,429.63,0.0,False,429.63
4785,2107,79,1,308.93,0.15,False,262.5905
4786,2108,22,1,205.71,0.0,False,205.71
4787,2108,107,2,963.92,0.1,False,1735.056
4788,2109,199,1,51.0,0.05,False,48.449999999999996
4789,2109,129,1,492.47,0.15,False,418.59950000000003
4790,2110,201,1,567.68,0.0,False,567.68
4791,2110,20,1,548.49,0.0,False,548.49
4792,2110,255,2,249.2,0.05,False,473.47999999999996
4793,2111,123,1,840.94,0.0,False,840.94
4794,2112,241,2,306.12,0.0,False,612.24
4795,2112,196,2,518.75,0.0,False,1037.5
4796,2112,47,2,513.39,0.2,False,821.424
4797,2112,26,-1,259.69,0.0,True,-259.69
4798,2113,62,1,244.7,0.05,False,232.46499999999997
4799,2113,148,3,304.48,0.0,False,913.44
4800,2114,119,1,519.85,0.1,False,467.865
4801,2115,88,1,275.21,0.05,False,261.44949999999994
4802,2115,121,1,183.38,0.05,False,174.21099999999998
4803,2116,166,-1,278.38,0.0,True,-278.38
4804,2116,211,1,943.9,0.0,False,943.9
4805,2116,266,1,110.99,0.05,False,105.44049999999999
4806,2117,235,1,370.09,0.0,False,370.09
4807,2117,141,1,251.45,0.0,False,251.45
4808,2117,21,1,614.24,0.0,False,614.24
4809,2117,122,1,607.34,0.0,False,607.34
4810,2118,251,1,439.11,0.15,False,373.2435
4811,2118,96,1,682.77,0.0,False,682.77
4812,2119,101,1,488.42,0.05,False,463.99899999999997
4813,2119,100,3,283.25,0.0,False,849.75
4814,2119,86,1,443.6,0.0,False,443.6
4815,2119,272,2,5.69,0.0,False,11.38
4816,2120,112,1,10.73,0.2,False,8.584000000000001
4817,2120,249,1,682.27,0.1,False,614.043
4818,2120,150,3,182.12,0.1,False,491.72400000000005
4819,2121,83,1,243.1,0.2,False,194.48000000000002
4820,2122,291,1,19.78,0.05,False,18.791
4821,2122,179,1,478.65,0.0,False,478.65
4822,2123,101,2,488.42,0.0,False,976.84
4823,2124,299,1,725.08,0.05,False,688.826
4824,2124,12,1,156.75,0.1,False,141.07500000000002
4825,2125,31,1,976.57,0.2,False,781.2560000000001
4826,2125,245,1,11506.5,0.0,False,11506.5
4827,2126,36,1,749.87,0.05,False,712.3765
4828,2126,153,1,530.38,0.0,False,530.38
4829,2127,188,3,550.0,0.0,False,1650.0
4830,2127,285,1,667.54,0.0,False,667.54
4831,2128,67,1,355.8,0.0,False,355.8
4832,2129,189,1,24.7,0.0,False,24.7
4833,2129,37,1,608.8,0.05,False,578.3599999999999
4834,2129,260,1,619.66,0.05,False,588.6769999999999
4835,2129,136,3,974.39,0.05,False,2777.0115
4836,2130,137,1,316.92,0.0,False,316.92
4837,2130,102,-1,396.98,0.0,True,-396.98
4838,2131,113,1,55.28,0.0,False,55.28
4839,2132,137,1,316.92,0.0,False,316.92
4840,2132,172,1,104.56,0.15,False,88.876
4841,2132,16,1,245.66,0.15,False,208.81099999999998
4842,2132,40,1,171.89,0.0,False,171.89
4843,2133,282,1,280.61,0.0,False,280.61
4844,2134,120,1,146.96,0.2,False,117.56800000000001
4845,2134,236,1,55.21,0.05,False,52.4495
4846,2135,5,1,503.34,0.05,False,478.17299999999994
4847,2135,66,1,447.18,0.05,False,424.82099999999997
4848,2136,36,2,749.87,0.05,False,1424.753
4849,2137,151,3,625.19,0.0,False,1875.5700000000002
4850,2137,292,1,425.68,0.0,False,425.68
4851,2137,149,1,382.77,0.0,False,382.77
4852,2138,106,1,150.04,0.1,False,135.036
4853,2138,5,1,503.34,0.0,False,503.34
4854,2138,234,1,486.72,0.0,False,486.72
4855,2139,136,1,974.39,0.0,False,974.39
4856,2140,68,3,133.13,0.0,False,399.39
4857,2141,172,1,104.56,0.0,False,104.56
4858,2142,190,1,707.42,0.0,False,707.42
4859,2143,256,1,537.93,0.0,False,537.93
4860,2143,19,1,727.02,0.0,False,727.02
4861,2143,75,1,299.66,0.0,False,299.66
4862,2143,280,1,121.8,0.0,False,121.8
4863,2143,91,1,369.86,0.0,False,369.86
4864,2144,118,2,611.17,0.0,False,1222.34
4865,2144,8,3,295.82,0.0,False,887.46
4866,2144,295,1,139.02,0.0,False,139.02
4867,2145,259,1,533.22,0.1,False,479.898
4868,2145,232,3,71.83,0.0,False,215.49
4869,2146,157,1,701.5,0.0,False,701.5
4870,2146,132,1,299.38,0.1,False,269.442
4871,2147,219,1,211.99,0.0,False,211.99
4872,2148,143,1,421.93,0.15,False,358.6405
4873,2148,36,3,749.87,0.0,False,2249.61
4874,2148,70,1,402.01,0.0,False,402.01
4875,2148,97,1,628.48,0.0,False,628.48
4876,2149,6,1,531.19,0.0,False,531.19
4877,2149,129,3,492.47,0.0,False,1477.41
4878,2150,233,1,82.49,0.0,False,82.49
4879,2150,128,2,686.4,0.0,False,1372.8
4880,2150,199,1,51.0,0.0,False,51.0
4881,2150,78,1,213.82,0.2,False,171.056
4882,2150,72,1,286.08,0.1,False,257.472
4883,2151,11,1,216.27,0.0,False,216.27
4884,2151,14,1,90.93,0.0,False,90.93
4885,2151,245,1,11506.5,0.0,False,11506.5
4886,2151,11,2,216.27,0.0,False,432.54
4887,2151,106,1,150.04,0.0,False,150.04
4888,2152,253,1,621.95,0.1,False,559.7550000000001
4889,2152,11,1,216.27,0.0,False,216.27
4890,2153,214,1,304.46,0.0,False,304.46
4891,2154,190,2,707.42,0.15,False,1202.6139999999998
4892,2154,40,1,171.89,0.05,False,163.29549999999998
4893,2155,191,1,457.7,0.0,False,457.7
4894,2155,300,1,133.29,0.0,False,133.29
4895,2156,159,1,818.3,0.0,False,818.3
4896,2156,268,1,23.79,0.0,False,23.79
4897,2156,48,1,231.62,0.0,False,231.62
4898,2157,12,3,156.75,0.2,False,376.20000000000005
4899,2158,54,1,679.71,0.0,False,679.71
4900,2158,68,2,133.13,0.05,False,252.94699999999997
4901,2158,276,1,341.21,0.0,False,341.21
4902,2159,220,1,475.38,0.0,False,475.38
4903,2160,162,1,126.53,0.05,False,120.20349999999999
4904,2160,253,1,621.95,0.0,False,621.95
4905,2160,1,1,433.54,0.0,False,433.54
4906,2160,23,2,235.35,0.05,False,447.16499999999996
4907,2160,277,1,437.32,0.0,False,437.32
4909,2161,50,2,240.1,0.0,False,480.2
4910,2162,182,1,500.91,0.0,False,500.91
4911,2162,10,1,309.24,0.0,False,309.24
4912,2163,205,1,367.74,0.0,False,367.74
4913,2164,54,1,679.71,0.0,False,679.71
4914,2165,155,2,607.36,0.0,False,1214.72
4915,2165,300,1,133.29,0.0,False,133.29
4916,2166,295,2,139.02,0.1,False,250.23600000000002
4917,2166,231,-1,410.59,0.0,True,-410.59
4918,2166,33,1,217.73,0.0,False,217.73
4919,2166,285,1,667.54,0.0,False,667.54
4920,2167,226,3,211.98,0.0,False,635.9399999999999
4921,2167,19,1,727.02,0.1,False,654.318
4922,2167,225,1,939.11,0.1,False,845.1990000000001
4923,2168,112,1,10.73,0.0,False,10.73
4924,2169,276,3,341.21,0.0,False,1023.6299999999999
4925,2169,152,1,910.86,0.2,False,728.6880000000001
4926,2170,3,2,978.72,0.15,False,1663.824
4927,2170,46,1,397.56,0.15,False,337.926
4928,2171,159,1,818.3,0.0,False,818.3
4929,2171,283,1,680.49,0.0,False,680.49
4930,2171,169,1,458.05,0.05,False,435.1475
4931,2172,295,1,139.02,0.0,False,139.02
4932,2172,102,1,396.98,0.0,False,396.98
4933,2172,200,1,533.81,0.0,False,533.81
4934,2173,71,1,362.18,0.0,False,362.18
4935,2173,116,1,862.37,0.0,False,862.37
4936,2173,40,1,171.89,0.15,False,146.10649999999998
4937,2173,9,1,66.57,0.05,False,63.24149999999999
4938,2173,22,2,205.71,0.05,False,390.849
4939,2174,116,3,862.37,0.0,False,2587.11
4940,2175,129,1,492.47,0.1,False,443.223
4941,2176,252,2,274.43,0.05,False,521.417
4942,2177,69,1,274.11,0.0,False,274.11
4943,2178,229,2,690.53,0.0,False,1381.06
4944,2178,165,1,605.76,0.05,False,575.472
4945,2179,232,1,71.83,0.2,False,57.464
4946,2179,93,-1,98.57,0.0,True,-98.57
4947,2180,162,1,126.53,0.05,False,120.20349999999999
4948,2181,214,1,304.46,0.0,False,304.46
4949,2181,83,1,243.1,0.05,False,230.945
4950,2181,243,1,746.93,0.1,False,672.237
4951,2182,194,1,222.76,0.15,False,189.34599999999998
4952,2182,80,1,166.05,0.05,False,157.7475
4953,2182,169,3,458.05,0.05,False,1305.4425
4954,2183,246,1,574.84,0.0,False,574.84
4955,2183,153,3,530.38,0.0,False,1591.1399999999999
4956,2184,4,2,17.97,0.0,False,35.94
4957,2184,215,2,501.1,0.1,False,901.98
4958,2184,221,3,704.75,0.0,False,2114.25
4959,2185,129,1,492.47,0.1,False,443.223
4960,2185,157,1,701.5,0.2,False,561.2
4961,2186,169,1,458.05,0.05,False,435.1475
4962,2186,87,1,564.0,0.0,False,564.0
4963,2187,204,1,578.66,0.15,False,491.86099999999993
4964,2187,6,1,531.19,0.0,False,531.19
4965,2188,262,1,214.85,0.15,False,182.6225
4966,2188,266,1,110.99,0.1,False,99.89099999999999
4967,2188,266,1,110.99,0.05,False,105.44049999999999
4968,2188,137,1,316.92,0.0,False,316.92
4969,2189,91,2,369.86,0.0,False,739.72
4970,2190,198,1,266.02,0.15,False,226.117
4971,2190,286,1,47.93,0.0,False,47.93
4972,2191,158,1,282.03,0.0,False,282.03
4973,2191,229,1,690.53,0.0,False,690.53
4974,2192,207,1,518.71,0.05,False,492.7745
4975,2192,243,2,746.93,0.0,False,1493.86
4976,2192,254,1,286.86,0.0,False,286.86
4977,2192,111,3,227.31,0.0,False,681.9300000000001
4978,2193,160,1,150.1,0.05,False,142.595
4979,2193,280,1,121.8,0.0,False,121.8
4980,2194,93,1,98.57,0.0,False,98.57
4982,2195,227,1,192.19,0.0,False,192.19
4983,2196,190,1,707.42,0.0,False,707.42
4984,2196,78,1,213.82,0.0,False,213.82
4985,2197,175,1,600.57,0.2,False,480.4560000000001
4986,2198,93,3,98.57,0.0,False,295.71
4987,2198,171,1,14.73,0.0,False,14.73
4988,2198,1,1,433.54,0.0,False,433.54
4989,2198,219,-1,211.99,0.05,True,-201.3905
4990,2198,60,1,148.68,0.1,False,133.812
4991,2199,152,1,910.86,0.0,False,910.86
4992,2200,46,1,397.56,0.0,False,397.56
4993,2200,207,1,518.71,0.1,False,466.83900000000006
4994,2200,150,1,182.12,0.05,False,173.014
4995,2201,246,1,574.84,0.0,False,574.84
4996,2202,137,2,316.92,0.0,False,633.84
4997,2203,264,1,16.2,0.2,False,12.96
4998,2203,257,1,8.4,0.0,False,8.4
4999,2204,260,2,619.66,0.0,False,1239.32
5000,2204,100,2,283.25,0.1,False,509.85
5001,2204,99,1,496.87,0.05,False,472.0265
5002,2204,12,1,156.75,0.1,False,141.07500000000002
5003,2205,137,1,316.92,0.2,False,253.53600000000003
5004,2205,175,1,600.57,0.05,False,570.5415
5005,2205,87,1,564.0,0.0,False,564.0
5006,2206,111,1,227.31,0.05,False,215.9445
5007,2206,99,1,496.87,0.1,False,447.183
5008,2206,21,1,614.24,0.15,False,522.104
5009,2206,189,1,24.7,0.15,False,20.994999999999997
5010,2206,219,1,211.99,0.0,False,211.99
5011,2207,16,1,245.66,0.2,False,196.52800000000002
5012,2208,103,1,456.96,0.1,False,411.264
5013,2208,124,1,640.23,0.15,False,544.1955
5014,2208,101,1,488.42,0.05,False,463.99899999999997
5015,2209,67,1,355.8,0.1,False,320.22
5016,2209,56,1,186.07,0.1,False,167.463
5017,2210,214,1,304.46,0.05,False,289.23699999999997
5018,2211,13,3,152.16,0.2,False,365.184
5019,2211,39,1,412.64,0.0,False,412.64
5020,2211,43,1,97.72,0.2,False,78.176
5021,2212,154,1,115.68,0.1,False,104.11200000000001
5022,2213,299,1,725.08,0.15,False,616.318
5023,2214,92,2,148.78,0.0,False,297.56
5024,2214,89,3,247.06,0.05,False,704.121
5025,2215,154,-1,115.68,0.0,True,-115.68
5026,2216,50,1,240.1,0.0,False,240.1
5027,2216,145,1,61.15,0.0,False,61.15
5028,2216,231,2,410.59,0.05,False,780.1209999999999
5029,2216,52,1,12.48,0.05,False,11.856
5030,2216,102,1,396.98,0.05,False,377.131
5031,2217,14,1,90.93,0.05,False,86.3835
5032,2217,38,-1,364.99,0.15,True,-310.2415
5033,2218,97,1,628.48,0.0,False,628.48
5034,2219,277,2,437.32,0.0,False,874.64
5035,2220,232,1,71.83,0.1,False,64.647
5036,2221,106,1,150.04,0.0,False,150.04
5037,2221,283,1,680.49,0.0,False,680.49
5038,2222,30,1,477.17,0.0,False,477.17
5039,2223,142,1,717.32,0.0,False,717.32
5040,2224,54,1,679.71,0.05,False,645.7245
5041,2224,167,1,39.88,0.0,False,39.88
5042,2225,140,1,500.02,0.15,False,425.017
5043,2225,289,1,635.36,0.0,False,635.36
5044,2226,75,1,299.66,0.0,False,299.66
5045,2227,120,1,146.96,0.1,False,132.264
5046,2227,208,1,260.07,0.15,False,221.05949999999999
5047,2228,212,-1,445.65,0.0,True,-445.65
5048,2228,31,1,976.57,0.0,False,976.57
5049,2228,113,-1,55.28,0.0,True,-55.28
5050,2229,126,1,240.49,0.0,False,240.49
5051,2229,99,1,496.87,0.0,False,496.87
5052,2229,158,1,282.03,0.15,False,239.72549999999998
5053,2230,161,-1,68.77,0.0,True,-68.77
5054,2230,293,2,709.48,0.0,False,1418.96
5055,2231,36,1,749.87,0.0,False,749.87
5056,2232,252,1,274.43,0.0,False,274.43
5057,2232,26,2,259.69,0.0,False,519.38
5058,2232,180,1,843.45,0.15,False,716.9325
5059,2233,183,1,942.96,0.1,False,848.6640000000001
5060,2233,218,1,127.17,0.05,False,120.8115
5061,2234,136,2,974.39,0.0,False,1948.78
5062,2235,80,1,166.05,0.05,False,157.7475
5063,2236,125,1,584.13,0.0,False,584.13
5064,2236,172,2,104.56,0.0,False,209.12
5065,2236,126,1,240.49,0.0,False,240.49
5066,2237,71,1,362.18,0.0,False,362.18
5067,2238,158,1,282.03,0.0,False,282.03
5068,2238,245,1,11506.5,0.15,False,9780.525
5069,2239,243,1,746.93,0.05,False,709.5835
5070,2239,157,1,701.5,0.0,False,701.5
5072,2239,231,1,410.59,0.0,False,410.59
5073,2240,8,2,295.82,0.05,False,562.058
5074,2241,98,1,71.96,0.0,False,71.96
5075,2241,21,1,614.24,0.15,False,522.104
5076,2241,145,1,61.15,0.0,False,61.15
5077,2242,248,2,75.61,0.2,False,120.976
5078,2243,71,1,362.18,0.0,False,362.18
5079,2244,208,1,260.07,0.05,False,247.0665
5080,2244,158,1,282.03,0.15,False,239.72549999999998
5081,2245,270,2,34872.0,0.0,False,69744.0
5082,2245,57,1,510.39,0.0,False,510.39
5083,2246,165,1,605.76,0.15,False,514.896
5084,2246,6,1,531.19,0.0,False,531.19
5085,2247,147,1,517.03,0.05,False,491.17849999999993
5086,2247,229,1,690.53,0.0,False,690.53
5087,2248,236,1,55.21,0.0,False,55.21
5088,2248,255,1,249.2,0.05,False,236.73999999999998
5089,2249,131,1,797.13,0.0,False,797.13
5090,2249,105,1,375.87,0.0,False,375.87
5091,2249,159,1,818.3,0.0,False,818.3
5092,2250,35,1,425.48,0.05,False,404.206
5093,2251,225,-1,939.11,0.05,True,-892.1545
5094,2251,65,1,460.75,0.0,False,460.75
5095,2252,168,2,649.6,0.0,False,1299.2
5096,2252,172,1,104.56,0.1,False,94.104
5097,2253,16,1,245.66,0.05,False,233.37699999999998
5098,2253,244,2,263.25,0.05,False,500.17499999999995
5099,2254,101,1,488.42,0.15,False,415.157
5100,2255,94,1,514.73,0.0,False,514.73
5101,2256,84,1,43.2,0.1,False,38.88
5102,2257,207,1,518.71,0.0,False,518.71
5103,2258,70,2,402.01,0.0,False,804.02
5104,2258,141,1,251.45,0.0,False,251.45
5105,2259,32,3,338.4,0.15,False,862.92
5106,2260,232,3,71.83,0.0,False,215.49
5107,2260,29,1,103.82,0.2,False,83.056
5108,2261,92,1,148.78,0.05,False,141.341
5109,2262,59,1,287.12,0.1,False,258.408
5110,2262,277,1,437.32,0.0,False,437.32
5111,2262,112,1,10.73,0.0,False,10.73
5112,2262,53,3,192.38,0.0,False,577.14
5113,2263,18,1,35.67,0.15,False,30.3195
5114,2263,126,3,240.49,0.0,False,721.47
5115,2264,92,2,148.78,0.0,False,297.56
5116,2264,221,1,704.75,0.0,False,704.75
5117,2265,24,3,696.97,0.0,False,2090.91
5119,2266,260,1,619.66,0.05,False,588.6769999999999
5120,2266,151,1,625.19,0.05,False,593.9305
5121,2266,249,2,682.27,0.2,False,1091.632
5122,2266,242,1,166.1,0.0,False,166.1
5123,2267,106,1,150.04,0.0,False,150.04
5124,2268,85,1,530.7,0.0,False,530.7
5125,2268,139,1,835.42,0.0,False,835.42
5126,2269,205,1,367.74,0.0,False,367.74
5127,2269,57,3,510.39,0.05,False,1454.6115
5128,2270,300,1,133.29,0.05,False,126.62549999999999
5129,2271,198,1,266.02,0.05,False,252.71899999999997
5130,2272,219,1,211.99,0.05,False,201.3905
5131,2273,136,1,974.39,0.0,False,974.39
5132,2273,213,1,111.83,0.15,False,95.0555
5133,2273,106,1,150.04,0.1,False,135.036
5134,2274,138,2,54.35,0.2,False,86.96000000000001
5135,2274,5,1,503.34,0.1,False,453.006
5136,2275,164,2,446.58,0.05,False,848.502
5137,2275,96,1,682.77,0.0,False,682.77
5138,2275,60,1,148.68,0.0,False,148.68
5139,2275,93,1,98.57,0.05,False,93.6415
5140,2276,72,2,286.08,0.0,False,572.16
5141,2276,73,3,346.78,0.0,False,1040.34
5142,2277,200,1,533.81,0.0,False,533.81
5143,2277,83,1,243.1,0.0,False,243.1
5144,2277,187,2,127.57,0.15,False,216.86899999999997
5145,2277,121,1,183.38,0.0,False,183.38
5146,2277,111,1,227.31,0.05,False,215.9445
5147,2278,58,1,87.55,0.05,False,83.1725
5148,2278,200,1,533.81,0.0,False,533.81
5149,2279,123,1,840.94,0.0,False,840.94
5150,2279,249,-1,682.27,0.0,True,-682.27
5151,2280,287,1,754.14,0.15,False,641.019
5152,2280,45,1,511.39,0.05,False,485.8205
5153,2281,292,1,425.68,0.0,False,425.68
5154,2281,209,-1,797.01,0.05,True,-757.1595
5155,2282,65,1,460.75,0.05,False,437.7125
5156,2282,203,1,431.09,0.15,False,366.4265
5157,2282,73,2,346.78,0.0,False,693.56
5158,2283,54,1,679.71,0.05,False,645.7245
5159,2283,257,1,8.4,0.1,False,7.5600000000000005
5160,2284,107,1,963.92,0.05,False,915.7239999999999
5161,2285,185,1,582.19,0.0,False,582.19
5162,2286,162,-1,126.53,0.0,True,-126.53
5163,2287,96,1,682.77,0.15,False,580.3544999999999
5164,2288,280,1,121.8,0.1,False,109.62
5165,2288,167,2,39.88,0.0,False,79.76
5166,2289,77,1,103.53,0.0,False,103.53
5167,2290,69,1,274.11,0.0,False,274.11
5168,2291,205,1,367.74,0.0,False,367.74
5169,2291,211,3,943.9,0.0,False,2831.7
5170,2292,216,1,492.92,0.0,False,492.92
5171,2292,298,1,238.39,0.2,False,190.712
5172,2292,212,1,445.65,0.0,False,445.65
5173,2292,71,1,362.18,0.0,False,362.18
5174,2293,3,1,978.72,0.0,False,978.72
5175,2294,102,1,396.98,0.0,False,396.98
5176,2295,155,1,607.36,0.05,False,576.992
5177,2295,246,1,574.84,0.0,False,574.84
5178,2295,296,1,361.73,0.0,False,361.73
5179,2295,54,1,679.71,0.0,False,679.71
5180,2296,260,1,619.66,0.0,False,619.66
5181,2297,112,1,10.73,0.0,False,10.73
5182,2298,34,2,399.8,0.0,False,799.6
5183,2298,101,2,488.42,0.0,False,976.84
5184,2298,184,2,278.4,0.1,False,501.11999999999995
5185,2298,260,3,619.66,0.0,False,1858.98
5186,2298,249,2,682.27,0.0,False,1364.54
5187,2299,131,1,797.13,0.0,False,797.13
5188,2299,263,3,222.36,0.0,False,667.08
5189,2300,264,-1,16.2,0.0,True,-16.2
5190,2300,151,1,625.19,0.0,False,625.19
5191,2300,165,1,605.76,0.0,False,605.76
5192,2301,149,2,382.77,0.0,False,765.54
5193,2301,6,1,531.19,0.0,False,531.19
5194,2302,256,1,537.93,0.0,False,537.93
5195,2303,271,2,756.22,0.0,False,1512.44
5196,2303,199,1,51.0,0.0,False,51.0
5197,2304,284,1,228.9,0.05,False,217.45499999999998
5198,2305,232,1,71.83,0.05,False,68.2385
5199,2305,133,1,479.79,0.0,False,479.79
5200,2305,60,1,148.68,0.0,False,148.68
5201,2305,127,2,111.4,0.0,False,222.8
5202,2306,152,1,910.86,0.0,False,910.86
5203,2306,140,1,500.02,0.05,False,475.01899999999995
5204,2307,30,1,477.17,0.0,False,477.17
5205,2307,32,1,338.4,0.0,False,338.4
5206,2308,268,1,23.79,0.0,False,23.79
5207,2309,184,1,278.4,0.05,False,264.47999999999996
5208,2310,263,1,222.36,0.15,False,189.006
5209,2310,295,1,139.02,0.0,False,139.02
5210,2311,208,1,260.07,0.0,False,260.07
5211,2312,176,1,199.39,0.0,False,199.39
5212,2312,138,3,54.35,0.1,False,146.745
5213,2312,291,1,19.78,0.0,False,19.78
5214,2312,66,1,447.18,0.0,False,447.18
5215,2312,32,1,338.4,0.05,False,321.47999999999996
5216,2313,298,1,238.39,0.1,False,214.551
5217,2314,37,1,608.8,0.0,False,608.8
5218,2315,74,1,171.2,0.2,False,136.96
5219,2316,249,1,682.27,0.0,False,682.27
5220,2317,119,1,519.85,0.0,False,519.85
5221,2317,227,1,192.19,0.05,False,182.5805
5222,2318,51,1,863.34,0.0,False,863.34
5223,2318,117,1,567.69,0.1,False,510.92100000000005
5224,2318,22,1,205.71,0.05,False,195.4245
5225,2319,74,2,171.2,0.0,False,342.4
5226,2320,48,1,231.62,0.0,False,231.62
5227,2321,190,1,707.42,0.0,False,707.42
5228,2321,15,1,536.46,0.2,False,429.16800000000006
5229,2321,246,1,574.84,0.0,False,574.84
5230,2322,108,2,378.75,0.0,False,757.5
5231,2323,22,1,205.71,0.0,False,205.71
5232,2323,28,1,749.19,0.0,False,749.19
5233,2324,135,2,550.83,0.0,False,1101.66
5234,2324,290,1,908.96,0.2,False,727.1680000000001
5235,2324,61,3,512.76,0.05,False,1461.366
5236,2325,22,3,205.71,0.05,False,586.2735
5237,2325,233,1,82.49,0.05,False,78.3655
5238,2325,52,1,12.48,0.0,False,12.48
5239,2325,197,1,538.79,0.15,False,457.97149999999993
5240,2325,292,1,425.68,0.0,False,425.68
5241,2326,44,1,6.81,0.1,False,6.129
5242,2327,205,-1,367.74,0.05,True,-349.353
5243,2328,184,1,278.4,0.0,False,278.4
5244,2329,268,1,23.79,0.0,False,23.79
5245,2329,201,1,567.68,0.1,False,510.912
5246,2329,119,1,519.85,0.0,False,519.85
5247,2330,134,1,541.79,0.05,False,514.7004999999999
5248,2330,13,1,152.16,0.05,False,144.552
5249,2331,175,1,600.57,0.2,False,480.4560000000001
5250,2332,110,3,52.92,0.0,False,158.76
5251,2333,154,1,115.68,0.0,False,115.68
5252,2333,88,1,275.21,0.0,False,275.21
5253,2333,170,1,723.66,0.0,False,723.66
5255,2333,58,-1,87.55,0.05,True,-83.1725
5256,2334,159,1,818.3,0.0,False,818.3
5257,2334,30,1,477.17,0.1,False,429.45300000000003
5258,2335,88,1,275.21,0.05,False,261.44949999999994
5259,2335,28,1,749.19,0.1,False,674.2710000000001
5260,2335,272,1,5.69,0.0,False,5.69
5261,2336,27,1,686.85,0.0,False,686.85
5262,2337,175,2,600.57,0.0,False,1201.14
5263,2337,59,1,287.12,0.0,False,287.12
5264,2338,12,2,156.75,0.0,False,313.5
5265,2339,90,1,219.22,0.0,False,219.22
5266,2339,83,1,243.1,0.0,False,243.1
5267,2340,204,3,578.66,0.0,False,1735.98
5268,2340,88,1,275.21,0.05,False,261.44949999999994
5269,2340,17,1,953.82,0.05,False,906.129
5270,2340,153,1,530.38,0.0,False,530.38
5271,2340,107,2,963.92,0.0,False,1927.84
5272,2341,182,1,500.91,0.15,False,425.7735
5273,2341,224,1,23.12,0.0,False,23.12
5274,2341,255,1,249.2,0.0,False,249.2
5275,2342,298,1,238.39,0.0,False,238.39
5276,2342,51,1,863.34,0.05,False,820.173
5277,2343,85,1,530.7,0.0,False,530.7
5278,2344,209,2,797.01,0.05,False,1514.319
5279,2344,113,1,55.28,0.1,False,49.752
5280,2344,259,1,533.22,0.05,False,506.559
5281,2345,81,1,779.01,0.0,False,779.01
5282,2346,196,-1,518.75,0.15,True,-440.9375
5283,2347,151,1,625.19,0.0,False,625.19
5284,2347,47,1,513.39,0.0,False,513.39
5285,2347,169,1,458.05,0.1,False,412.245
5286,2347,124,1,640.23,0.0,False,640.23
5287,2348,35,1,425.48,0.0,False,425.48
5288,2348,174,1,864.84,0.0,False,864.84
5289,2349,34,1,399.8,0.0,False,399.8
5290,2349,295,1,139.02,0.1,False,125.11800000000001
5291,2349,148,2,304.48,0.0,False,608.96
5292,2350,165,1,605.76,0.0,False,605.76
5293,2351,186,1,290.81,0.0,False,290.81
5294,2352,87,1,564.0,0.05,False,535.8
5295,2352,261,3,429.63,0.1,False,1160.001
5296,2352,96,1,682.77,0.15,False,580.3544999999999
5297,2353,169,1,458.05,0.0,False,458.05
5298,2354,230,2,829.69,0.2,False,1327.5040000000001
5299,2354,227,2,192.19,0.0,False,384.38
5300,2355,58,1,87.55,0.0,False,87.55
5301,2355,278,1,402.71,0.1,False,362.43899999999996
5302,2356,82,1,235.49,0.05,False,223.7155
5303,2356,299,1,725.08,0.0,False,725.08
5304,2357,129,1,492.47,0.0,False,492.47
5305,2357,269,1,603.81,0.0,False,603.81
5306,2357,6,1,531.19,0.0,False,531.19
5307,2358,197,1,538.79,0.0,False,538.79
5308,2358,106,1,150.04,0.05,False,142.53799999999998
5309,2359,245,1,11506.5,0.1,False,10355.85
5310,2360,271,1,756.22,0.0,False,756.22
5311,2360,46,1,397.56,0.05,False,377.68199999999996
5312,2360,45,1,511.39,0.0,False,511.39
5313,2361,121,1,183.38,0.0,False,183.38
5314,2362,258,1,626.09,0.05,False,594.7855
5315,2363,36,1,749.87,0.15,False,637.3895
5316,2363,26,2,259.69,0.15,False,441.47299999999996
5317,2363,28,1,749.19,0.0,False,749.19
5318,2363,123,2,840.94,0.0,False,1681.88
5319,2364,58,2,87.55,0.0,False,175.1
5320,2364,73,1,346.78,0.0,False,346.78
5321,2365,69,1,274.11,0.0,False,274.11
5322,2366,49,1,850.7,0.0,False,850.7
5323,2366,132,1,299.38,0.2,False,239.50400000000002
5324,2366,175,1,600.57,0.0,False,600.57
5325,2366,47,1,513.39,0.0,False,513.39
5326,2367,84,1,43.2,0.05,False,41.04
5327,2368,148,1,304.48,0.0,False,304.48
5328,2368,232,1,71.83,0.0,False,71.83
5329,2369,235,2,370.09,0.05,False,703.1709999999999
5330,2370,126,2,240.49,0.0,False,480.98
5331,2371,194,1,222.76,0.05,False,211.62199999999999
5332,2371,297,1,89.43,0.0,False,89.43
5333,2371,43,2,97.72,0.0,False,195.44
5334,2371,300,3,133.29,0.0,False,399.87
5335,2372,239,2,517.8,0.05,False,983.8199999999998
5336,2372,148,1,304.48,0.1,False,274.03200000000004
5337,2373,292,1,425.68,0.0,False,425.68
5338,2373,197,1,538.79,0.15,False,457.97149999999993
5339,2374,150,1,182.12,0.0,False,182.12
5340,2374,262,2,214.85,0.0,False,429.7
5341,2375,118,2,611.17,0.0,False,1222.34
5342,2375,244,3,263.25,0.0,False,789.75
5343,2375,51,1,863.34,0.0,False,863.34
5344,2375,256,1,537.93,0.0,False,537.93
5345,2376,186,1,290.81,0.0,False,290.81
5346,2376,85,-1,530.7,0.2,True,-424.56000000000006
5347,2376,1,1,433.54,0.1,False,390.18600000000004
5348,2377,118,-1,611.17,0.1,True,-550.053
5349,2378,111,2,227.31,0.0,False,454.62
5350,2378,220,1,475.38,0.0,False,475.38
5351,2379,82,1,235.49,0.0,False,235.49
5352,2379,272,1,5.69,0.05,False,5.4055
5353,2379,280,2,121.8,0.1,False,219.24
5354,2379,116,1,862.37,0.0,False,862.37
5355,2379,190,2,707.42,0.05,False,1344.098
5356,2380,48,1,231.62,0.15,False,196.877
5357,2380,139,1,835.42,0.0,False,835.42
5358,2381,98,1,71.96,0.15,False,61.16599999999999
5359,2381,164,1,446.58,0.1,False,401.92199999999997
5360,2382,7,1,357.42,0.1,False,321.678
5361,2382,111,1,227.31,0.0,False,227.31
5362,2383,236,1,55.21,0.0,False,55.21
5363,2383,151,1,625.19,0.0,False,625.19
5364,2383,255,2,249.2,0.0,False,498.4
5365,2384,61,2,512.76,0.0,False,1025.52
5366,2384,188,1,550.0,0.1,False,495.0
5367,2384,222,3,264.61,0.2,False,635.0640000000001
5368,2384,156,2,372.8,0.0,False,745.6
5369,2385,185,1,582.19,0.0,False,582.19
5370,2385,299,1,725.08,0.0,False,725.08
5371,2385,277,1,437.32,0.0,False,437.32
5372,2386,208,1,260.07,0.15,False,221.05949999999999
5373,2387,11,2,216.27,0.0,False,432.54
5374,2388,242,1,166.1,0.0,False,166.1
5375,2389,160,1,150.1,0.1,False,135.09
5376,2390,280,1,121.8,0.15,False,103.53
5377,2390,199,1,51.0,0.0,False,51.0
5378,2390,90,1,219.22,0.0,False,219.22
5379,2391,48,1,231.62,0.05,False,220.039
5380,2391,106,3,150.04,0.05,False,427.614
5381,2391,195,1,132.26,0.0,False,132.26
5382,2392,90,1,219.22,0.0,False,219.22
5383,2392,295,1,139.02,0.0,False,139.02
5384,2393,40,1,171.89,0.0,False,171.89
5385,2394,145,1,61.15,0.15,False,51.9775
5386,2395,65,1,460.75,0.15,False,391.6375
5387,2395,38,1,364.99,0.05,False,346.7405
5388,2395,143,2,421.93,0.2,False,675.0880000000001
5389,2396,185,1,582.19,0.0,False,582.19
5390,2396,76,1,938.11,0.05,False,891.2044999999999
5391,2396,193,1,351.11,0.0,False,351.11
5392,2397,262,1,214.85,0.15,False,182.6225
5393,2397,56,1,186.07,0.0,False,186.07
5394,2397,176,1,199.39,0.15,False,169.48149999999998
5395,2397,95,3,711.68,0.0,False,2135.04
5396,2398,12,1,156.75,0.0,False,156.75
5397,2399,263,1,222.36,0.0,False,222.36
5398,2400,135,1,550.83,0.0,False,550.83
5399,2401,179,1,478.65,0.15,False,406.85249999999996
5400,2402,245,1,11506.5,0.0,False,11506.5
5401,2403,221,3,704.75,0.0,False,2114.25
5402,2403,163,1,598.68,0.1,False,538.812
5403,2404,268,1,23.79,0.15,False,20.2215
5404,2404,192,1,697.79,0.1,False,628.011
5405,2404,114,1,23.97,0.1,False,21.573
5406,2404,212,1,445.65,0.05,False,423.36749999999995
5407,2404,80,1,166.05,0.0,False,166.05
5408,2405,189,2,24.7,0.05,False,46.93
5409,2405,38,2,364.99,0.0,False,729.98
5410,2405,232,1,71.83,0.0,False,71.83
5411,2406,11,1,216.27,0.0,False,216.27
5412,2407,148,1,304.48,0.0,False,304.48
5413,2407,168,1,649.6,0.0,False,649.6
5414,2407,114,1,23.97,0.05,False,22.7715
5415,2407,269,2,603.81,0.0,False,1207.62
5416,2408,128,3,686.4,0.0,False,2059.2
5417,2408,52,1,12.48,0.0,False,12.48
5418,2408,30,1,477.17,0.0,False,477.17
5419,2408,244,1,263.25,0.05,False,250.08749999999998
5420,2409,159,1,818.3,0.0,False,818.3
5421,2410,237,1,335.88,0.0,False,335.88
5422,2411,2,1,807.37,0.0,False,807.37
5423,2411,233,1,82.49,0.0,False,82.49
5424,2412,60,1,148.68,0.0,False,148.68
5425,2413,40,2,171.89,0.15,False,292.21299999999997
5426,2414,196,3,518.75,0.0,False,1556.25
5427,2415,157,1,701.5,0.1,False,631.35
5428,2416,186,1,290.81,0.0,False,290.81
5429,2416,169,1,458.05,0.0,False,458.05
5430,2416,75,1,299.66,0.15,False,254.711
5431,2417,200,1,533.81,0.0,False,533.81
5432,2417,142,3,717.32,0.0,False,2151.96
5433,2417,266,1,110.99,0.1,False,99.89099999999999
5434,2418,177,1,156.12,0.2,False,124.89600000000002
5436,2418,88,1,275.21,0.2,False,220.168
5437,2418,71,1,362.18,0.0,False,362.18
5438,2419,227,1,192.19,0.0,False,192.19
5439,2420,106,1,150.04,0.05,False,142.53799999999998
5440,2420,55,2,395.52,0.0,False,791.04
5441,2421,251,1,439.11,0.0,False,439.11
5442,2422,297,3,89.43,0.0,False,268.29
5443,2423,223,3,57.85,0.0,False,173.55
5444,2423,36,3,749.87,0.05,False,2137.1295
5445,2424,132,-1,299.38,0.2,True,-239.50400000000002
5446,2425,61,1,512.76,0.1,False,461.484
5447,2425,57,1,510.39,0.0,False,510.39
5448,2426,238,2,192.17,0.0,False,384.34
5449,2426,89,2,247.06,0.1,False,444.708
5450,2427,157,2,701.5,0.1,False,1262.7
5451,2428,97,2,628.48,0.0,False,1256.96
5452,2428,52,2,12.48,0.0,False,24.96
5453,2429,89,-1,247.06,0.0,True,-247.06
5454,2429,157,2,701.5,0.0,False,1403.0
5455,2429,179,1,478.65,0.0,False,478.65
5456,2429,68,2,133.13,0.0,False,266.26
5457,2429,213,2,111.83,0.1,False,201.294
5458,2430,114,2,23.97,0.05,False,45.543
5460,2430,104,1,957.31,0.05,False,909.4445
5461,2430,38,2,364.99,0.0,False,729.98
5462,2430,234,1,486.72,0.0,False,486.72
5463,2430,46,1,397.56,0.0,False,397.56
5464,2431,182,1,500.91,0.0,False,500.91
5465,2432,296,2,361.73,0.0,False,723.46
5466,2433,71,1,362.18,0.1,False,325.962
5467,2433,286,2,47.93,0.0,False,95.86
5468,2433,136,1,974.39,0.0,False,974.39
5469,2434,172,1,104.56,0.0,False,104.56
5470,2434,212,1,445.65,0.0,False,445.65
5471,2434,270,1,34872.0,0.1,False,31384.8
5472,2435,52,1,12.48,0.0,False,12.48
5473,2435,235,1,370.09,0.1,False,333.08099999999996
5474,2435,244,-1,263.25,0.0,True,-263.25
5475,2436,193,1,351.11,0.1,False,315.999
5476,2437,260,2,619.66,0.0,False,1239.32
5477,2437,69,1,274.11,0.05,False,260.4045
5478,2437,160,2,150.1,0.0,False,300.2
5479,2437,243,1,746.93,0.0,False,746.93
5480,2438,248,2,75.61,0.0,False,151.22
5481,2438,235,3,370.09,0.0,False,1110.27
5482,2438,92,1,148.78,0.1,False,133.90200000000002
5483,2438,152,1,910.86,0.05,False,865.317
5484,2438,63,1,430.39,0.0,False,430.39
5485,2439,165,2,605.76,0.0,False,1211.52
5486,2439,17,1,953.82,0.0,False,953.82
5487,2440,111,1,227.31,0.0,False,227.31
5488,2440,5,1,503.34,0.05,False,478.17299999999994
5489,2441,94,2,514.73,0.0,False,1029.46
5490,2441,233,2,82.49,0.0,False,164.98
5491,2441,55,1,395.52,0.0,False,395.52
5492,2441,272,1,5.69,0.0,False,5.69
5493,2442,252,1,274.43,0.0,False,274.43
5494,2442,211,1,943.9,0.0,False,943.9
5495,2443,159,1,818.3,0.0,False,818.3
5496,2443,244,1,263.25,0.15,False,223.7625
5497,2444,43,3,97.72,0.15,False,249.18599999999998
5498,2444,143,1,421.93,0.1,False,379.737
5499,2444,170,1,723.66,0.05,False,687.477
5500,2445,221,1,704.75,0.0,False,704.75
5501,2445,73,3,346.78,0.0,False,1040.34
5502,2445,244,1,263.25,0.0,False,263.25
5503,2445,247,1,708.26,0.0,False,708.26
5504,2446,182,1,500.91,0.0,False,500.91
5505,2446,54,1,679.71,0.05,False,645.7245
5506,2447,141,1,251.45,0.0,False,251.45
5507,2447,122,1,607.34,0.1,False,546.606
5508,2448,15,1,536.46,0.05,False,509.637
5509,2449,210,1,177.09,0.0,False,177.09
5510,2449,63,1,430.39,0.1,False,387.351
5511,2449,46,1,397.56,0.0,False,397.56
5512,2450,225,1,939.11,0.05,False,892.1545
5513,2450,165,3,605.76,0.0,False,1817.28
5514,2451,231,1,410.59,0.0,False,410.59
5515,2451,151,2,625.19,0.1,False,1125.342
5516,2451,178,2,563.12,0.0,False,1126.24
5517,2452,125,1,584.13,0.0,False,584.13
5518,2452,181,1,37.18,0.0,False,37.18
5519,2452,29,1,103.82,0.0,False,103.82
5520,2452,173,1,587.7,0.05,False,558.315
5521,2453,185,1,582.19,0.0,False,582.19
5522,2454,108,1,378.75,0.1,False,340.875
5523,2455,140,1,500.02,0.1,False,450.018
5524,2456,163,1,598.68,0.1,False,538.812
5525,2456,3,2,978.72,0.0,False,1957.44
5526,2456,4,3,17.97,0.0,False,53.91
5527,2456,111,1,227.31,0.0,False,227.31
5528,2457,295,2,139.02,0.0,False,278.04
5529,2458,2,1,807.37,0.0,False,807.37
5530,2458,186,1,290.81,0.05,False,276.2695
5531,2459,164,1,446.58,0.0,False,446.58
5532,2459,45,1,511.39,0.05,False,485.8205
5533,2459,87,1,564.0,0.15,False,479.4
5534,2460,251,1,439.11,0.0,False,439.11
5535,2460,236,3,55.21,0.0,False,165.63
5536,2461,177,1,156.12,0.0,False,156.12
5537,2461,190,1,707.42,0.1,False,636.678
5538,2461,165,1,605.76,0.15,False,514.896
5539,2462,87,1,564.0,0.1,False,507.6
5540,2463,100,1,283.25,0.0,False,283.25
5541,2463,97,1,628.48,0.0,False,628.48
5542,2463,160,-1,150.1,0.0,True,-150.1
5543,2463,259,1,533.22,0.0,False,533.22
5544,2464,59,1,287.12,0.15,False,244.052
5545,2464,112,1,10.73,0.0,False,10.73
5546,2465,242,1,166.1,0.0,False,166.1
5547,2465,30,1,477.17,0.0,False,477.17
5548,2465,159,2,818.3,0.0,False,1636.6
5549,2465,213,1,111.83,0.0,False,111.83
5550,2465,220,1,475.38,0.0,False,475.38
5551,2466,45,1,511.39,0.05,False,485.8205
5552,2467,189,2,24.7,0.1,False,44.46
5553,2468,22,2,205.71,0.1,False,370.278
5554,2468,121,2,183.38,0.0,False,366.76
5555,2468,226,2,211.98,0.0,False,423.96
5556,2469,63,1,430.39,0.1,False,387.351
5557,2469,29,3,103.82,0.0,False,311.46
5558,2470,262,1,214.85,0.05,False,204.1075
5559,2471,6,1,531.19,0.0,False,531.19
5560,2472,261,1,429.63,0.15,False,365.1855
5561,2472,270,1,34872.0,0.2,False,27897.600000000002
5562,2473,298,1,238.39,0.0,False,238.39
5563,2473,45,1,511.39,0.2,False,409.112
5564,2474,193,1,351.11,0.15,False,298.44350000000003
5565,2475,276,2,341.21,0.2,False,545.936
5566,2476,201,1,567.68,0.0,False,567.68
5567,2476,293,1,709.48,0.0,False,709.48
5568,2476,96,3,682.77,0.15,False,1741.0635
5569,2476,117,-1,567.69,0.15,True,-482.53650000000005
5570,2476,134,1,541.79,0.0,False,541.79
5571,2477,115,1,251.88,0.0,False,251.88
5572,2477,192,1,697.79,0.0,False,697.79
5573,2477,292,1,425.68,0.05,False,404.396
5574,2477,277,1,437.32,0.2,False,349.856
5575,2477,291,1,19.78,0.05,False,18.791
5576,2478,278,1,402.71,0.0,False,402.71
5577,2478,291,1,19.78,0.0,False,19.78
5578,2478,101,1,488.42,0.05,False,463.99899999999997
5579,2478,35,-1,425.48,0.05,True,-404.206
5580,2478,62,1,244.7,0.0,False,244.7
5581,2479,186,1,290.81,0.15,False,247.1885
5582,2479,26,1,259.69,0.1,False,233.721
5583,2479,22,1,205.71,0.2,False,164.568
5584,2479,90,1,219.22,0.2,False,175.376
5585,2480,128,1,686.4,0.0,False,686.4
5586,2480,77,1,103.53,0.0,False,103.53
5587,2480,64,2,29.71,0.0,False,59.42
5588,2481,241,1,306.12,0.15,False,260.202
5589,2481,151,1,625.19,0.2,False,500.15200000000004
5590,2481,91,1,369.86,0.1,False,332.874
5591,2482,175,2,600.57,0.15,False,1020.969
5592,2483,42,1,328.75,0.0,False,328.75
5593,2483,141,1,251.45,0.1,False,226.305
5594,2484,247,1,708.26,0.0,False,708.26
5595,2484,218,1,127.17,0.05,False,120.8115
5596,2485,191,1,457.7,0.0,False,457.7
5597,2485,238,1,192.17,0.0,False,192.17
5598,2486,251,1,439.11,0.0,False,439.11
5599,2487,94,1,514.73,0.2,False,411.78400000000005
5600,2488,257,1,8.4,0.0,False,8.4
5601,2488,147,1,517.03,0.2,False,413.624
5602,2489,156,1,372.8,0.0,False,372.8
5603,2489,100,1,283.25,0.0,False,283.25
5604,2490,14,1,90.93,0.0,False,90.93
5605,2490,252,1,274.43,0.1,False,246.98700000000002
5606,2491,134,1,541.79,0.0,False,541.79
5607,2491,259,1,533.22,0.0,False,533.22
5608,2492,216,1,492.92,0.1,False,443.62800000000004
5609,2493,162,1,126.53,0.05,False,120.20349999999999
5610,2493,119,1,519.85,0.1,False,467.865
5611,2493,218,1,127.17,0.0,False,127.17
5612,2493,252,1,274.43,0.0,False,274.43
5613,2494,74,1,171.2,0.0,False,171.2
5614,2495,123,1,840.94,0.1,False,756.8460000000001
5615,2495,126,1,240.49,0.1,False,216.441
5616,2496,270,1,34872.0,0.0,False,34872.0
5617,2496,283,1,680.49,0.0,False,680.49
5618,2496,272,1,5.69,0.0,False,5.69
5619,2497,73,1,346.78,0.0,False,346.78
5620,2498,185,1,582.19,0.0,False,582.19
5621,2499,101,3,488.42,0.15,False,1245.471
5622,2500,79,1,308.93,0.05,False,293.4835
5623,2501,228,2,162.75,0.0,False,325.5
5624,2501,227,1,192.19,0.0,False,192.19
5625,2502,296,1,361.73,0.15,False,307.4705
5626,2502,294,2,141.94,0.0,False,283.88
5627,2503,132,1,299.38,0.0,False,299.38
5628,2504,200,1,533.81,0.0,False,533.81
5629,2504,57,1,510.39,0.1,False,459.351
5630,2505,122,3,607.34,0.2,False,1457.616
5631,2506,76,2,938.11,0.05,False,1782.4089999999999
5632,2507,154,2,115.68,0.0,False,231.36
5633,2507,182,1,500.91,0.15,False,425.7735
5634,2507,297,1,89.43,0.0,False,89.43
5635,2507,223,2,57.85,0.15,False,98.345
5636,2508,15,1,536.46,0.1,False,482.814
5637,2508,177,1,156.12,0.0,False,156.12
5638,2508,147,3,517.03,0.0,False,1551.09
5639,2508,151,1,625.19,0.0,False,625.19
5640,2509,77,1,103.53,0.05,False,98.3535
5641,2509,194,1,222.76,0.0,False,222.76
5642,2510,70,1,402.01,0.0,False,402.01
5643,2510,244,2,263.25,0.1,False,473.85
5644,2511,164,1,446.58,0.0,False,446.58
5645,2511,194,1,222.76,0.05,False,211.62199999999999
5646,2511,223,1,57.85,0.15,False,49.1725
5647,2512,207,1,518.71,0.1,False,466.83900000000006
5648,2513,113,2,55.28,0.15,False,93.976
5649,2513,74,2,171.2,0.0,False,342.4
5650,2513,224,1,23.12,0.0,False,23.12
5651,2513,156,1,372.8,0.0,False,372.8
5652,2514,44,3,6.81,0.0,False,20.43
5653,2514,107,3,963.92,0.0,False,2891.7599999999998
5654,2515,223,1,57.85,0.05,False,54.957499999999996
5655,2516,266,2,110.99,0.0,False,221.98
5656,2516,258,1,626.09,0.0,False,626.09
5657,2516,13,1,152.16,0.0,False,152.16
5658,2517,226,2,211.98,0.1,False,381.56399999999996
5659,2518,121,1,183.38,0.05,False,174.21099999999998
5660,2518,29,1,103.82,0.0,False,103.82
5661,2518,165,1,605.76,0.0,False,605.76
5662,2518,55,1,395.52,0.0,False,395.52
5663,2518,135,1,550.83,0.0,False,550.83
5664,2519,283,1,680.49,0.2,False,544.392
5665,2519,8,1,295.82,0.0,False,295.82
5666,2520,96,3,682.77,0.05,False,1945.8944999999999
5667,2520,191,1,457.7,0.0,False,457.7
5668,2521,25,2,282.92,0.0,False,565.84
5670,2522,50,1,240.1,0.15,False,204.08499999999998
5671,2522,114,3,23.97,0.0,False,71.91
5672,2523,185,1,582.19,0.0,False,582.19
5673,2523,262,2,214.85,0.05,False,408.215
5674,2523,220,1,475.38,0.0,False,475.38
5675,2523,244,1,263.25,0.2,False,210.60000000000002
5676,2524,291,2,19.78,0.0,False,39.56
5677,2524,79,1,308.93,0.1,False,278.03700000000003
5678,2525,217,3,479.18,0.0,False,1437.54
5679,2526,52,1,12.48,0.05,False,11.856
5680,2527,231,1,410.59,0.05,False,390.06049999999993
5681,2528,135,1,550.83,0.0,False,550.83
5682,2529,93,1,98.57,0.0,False,98.57
5683,2529,187,1,127.57,0.0,False,127.57
5684,2529,283,1,680.49,0.1,False,612.441
5685,2530,295,1,139.02,0.15,False,118.167
5686,2530,111,1,227.31,0.0,False,227.31
5687,2530,28,3,749.19,0.1,False,2022.813
5688,2530,279,-1,226.81,0.05,True,-215.46949999999998
5689,2531,233,1,82.49,0.15,False,70.11649999999999
5690,2531,55,2,395.52,0.15,False,672.3839999999999
5691,2531,59,1,287.12,0.1,False,258.408
5692,2531,59,3,287.12,0.0,False,861.36
5693,2531,175,1,600.57,0.0,False,600.57
5694,2532,201,1,567.68,0.0,False,567.68
5695,2532,161,1,68.77,0.0,False,68.77
5696,2532,205,1,367.74,0.15,False,312.579
5697,2532,222,1,264.61,0.05,False,251.3795
5698,2533,68,1,133.13,0.1,False,119.817
5699,2534,262,2,214.85,0.05,False,408.215
5700,2534,201,1,567.68,0.0,False,567.68
5701,2534,265,1,839.64,0.0,False,839.64
5702,2534,31,1,976.57,0.1,False,878.913
5703,2534,185,1,582.19,0.0,False,582.19
5704,2535,3,1,978.72,0.0,False,978.72
5705,2535,153,1,530.38,0.2,False,424.30400000000003
5706,2535,99,1,496.87,0.05,False,472.0265
5707,2535,57,1,510.39,0.0,False,510.39
5708,2535,209,1,797.01,0.15,False,677.4585
5709,2536,62,1,244.7,0.05,False,232.46499999999997
5710,2536,254,1,286.86,0.0,False,286.86
5711,2536,141,1,251.45,0.0,False,251.45
5712,2537,178,1,563.12,0.0,False,563.12
5713,2537,29,1,103.82,0.0,False,103.82
5714,2537,149,1,382.77,0.0,False,382.77
5715,2538,300,2,133.29,0.05,False,253.25099999999998
5716,2539,129,1,492.47,0.2,False,393.97600000000006
5717,2540,61,1,512.76,0.0,False,512.76
5718,2541,185,1,582.19,0.0,False,582.19
5719,2542,117,1,567.69,0.0,False,567.69
5720,2542,139,1,835.42,0.05,False,793.6489999999999
5721,2542,37,1,608.8,0.0,False,608.8
5722,2542,3,1,978.72,0.0,False,978.72
5723,2543,51,1,863.34,0.1,False,777.0060000000001
5724,2543,168,1,649.6,0.0,False,649.6
5725,2544,202,1,514.85,0.0,False,514.85
5726,2545,36,1,749.87,0.0,False,749.87
5727,2545,240,1,555.47,0.2,False,444.37600000000003
5728,2546,198,1,266.02,0.0,False,266.02
5729,2546,4,1,17.97,0.0,False,17.97
5730,2546,64,1,29.71,0.05,False,28.2245
5731,2547,253,1,621.95,0.0,False,621.95
5732,2548,114,2,23.97,0.05,False,45.543
5733,2548,135,2,550.83,0.0,False,1101.66
5734,2548,23,1,235.35,0.0,False,235.35
5735,2549,188,1,550.0,0.0,False,550.0
5736,2550,190,1,707.42,0.05,False,672.049
5737,2550,223,1,57.85,0.0,False,57.85
5738,2550,32,1,338.4,0.05,False,321.47999999999996
5739,2551,46,1,397.56,0.05,False,377.68199999999996
5740,2551,199,1,51.0,0.1,False,45.9
5741,2551,46,1,397.56,0.0,False,397.56
5742,2552,89,1,247.06,0.0,False,247.06
5743,2552,295,1,139.02,0.0,False,139.02
5744,2552,105,1,375.87,0.0,False,375.87
5745,2552,97,1,628.48,0.0,False,628.48
5746,2553,33,1,217.73,0.0,False,217.73
5747,2554,204,1,578.66,0.0,False,578.66
5748,2554,263,1,222.36,0.05,False,211.242
5749,2555,217,1,479.18,0.0,False,479.18
5750,2555,2,1,807.37,0.0,False,807.37
5751,2556,135,1,550.83,0.0,False,550.83
5752,2556,110,2,52.92,0.0,False,105.84
5753,2556,170,2,723.66,0.0,False,1447.32
5754,2557,288,1,515.26,0.0,False,515.26
5755,2557,147,1,517.03,0.05,False,491.17849999999993
5756,2557,175,1,600.57,0.15,False,510.4845
5757,2557,33,1,217.73,0.0,False,217.73
5758,2557,147,2,517.03,0.0,False,1034.06
5759,2558,78,-1,213.82,0.0,True,-213.82
5760,2558,184,1,278.4,0.0,False,278.4
5761,2558,9,1,66.57,0.05,False,63.24149999999999
5762,2559,72,1,286.08,0.0,False,286.08
5763,2559,92,1,148.78,0.1,False,133.90200000000002
5764,2559,115,1,251.88,0.0,False,251.88
5765,2559,133,1,479.79,0.2,False,383.83200000000005
5766,2560,66,1,447.18,0.0,False,447.18
5767,2560,244,1,263.25,0.05,False,250.08749999999998
5768,2560,64,2,29.71,0.0,False,59.42
5769,2561,41,1,376.48,0.05,False,357.656
5770,2561,52,1,12.48,0.0,False,12.48
5771,2561,101,3,488.42,0.05,False,1391.9969999999998
5772,2562,107,1,963.92,0.0,False,963.92
5773,2562,97,1,628.48,0.15,False,534.208
5774,2562,228,1,162.75,0.0,False,162.75
5775,2563,233,3,82.49,0.15,False,210.34949999999998
5776,2564,111,1,227.31,0.0,False,227.31
5777,2564,299,1,725.08,0.05,False,688.826
5778,2564,274,1,528.78,0.05,False,502.34099999999995
5779,2564,192,1,697.79,0.05,False,662.9005
5780,2565,269,3,603.81,0.2,False,1449.144
5781,2565,64,2,29.71,0.05,False,56.449
5782,2566,43,1,97.72,0.05,False,92.83399999999999
5783,2567,168,1,649.6,0.0,False,649.6
5784,2567,232,1,71.83,0.0,False,71.83
5785,2568,210,3,177.09,0.0,False,531.27
5786,2568,273,1,560.24,0.0,False,560.24
5787,2569,31,1,976.57,0.05,False,927.7415
5788,2569,44,1,6.81,0.05,False,6.469499999999999
5789,2569,106,2,150.04,0.15,False,255.06799999999998
5790,2569,149,1,382.77,0.0,False,382.77
5791,2570,29,-1,103.82,0.1,True,-93.438
5792,2570,294,1,141.94,0.0,False,141.94
5793,2570,297,2,89.43,0.0,False,178.86
5794,2570,97,-1,628.48,0.1,True,-565.6320000000001
5795,2570,131,3,797.13,0.0,False,2391.39
5796,2571,281,1,146.98,0.0,False,146.98
5797,2572,25,1,282.92,0.15,False,240.482
5798,2572,300,1,133.29,0.0,False,133.29
5799,2572,54,1,679.71,0.0,False,679.71
5800,2573,246,1,574.84,0.05,False,546.098
5801,2573,206,3,612.54,0.1,False,1653.858
5802,2573,94,1,514.73,0.0,False,514.73
5803,2574,92,1,148.78,0.0,False,148.78
5804,2574,204,1,578.66,0.0,False,578.66
5805,2574,275,3,82.62,0.0,False,247.86
5806,2575,205,1,367.74,0.0,False,367.74
5807,2575,232,2,71.83,0.15,False,122.11099999999999
5808,2575,91,1,369.86,0.0,False,369.86
5809,2575,53,1,192.38,0.0,False,192.38
5810,2576,275,1,82.62,0.1,False,74.358
5812,2576,5,1,503.34,0.1,False,453.006
5813,2576,8,1,295.82,0.05,False,281.029
5814,2577,110,1,52.92,0.0,False,52.92
5815,2577,180,2,843.45,0.0,False,1686.9
5816,2578,121,1,183.38,0.0,False,183.38
5817,2578,236,1,55.21,0.0,False,55.21
5818,2578,253,1,621.95,0.05,False,590.8525
5819,2578,123,1,840.94,0.0,False,840.94
5820,2579,129,3,492.47,0.0,False,1477.41
5821,2580,258,1,626.09,0.0,False,626.09
5822,2580,155,1,607.36,0.0,False,607.36
5823,2581,16,-1,245.66,0.05,True,-233.37699999999998
5824,2581,160,1,150.1,0.0,False,150.1
5825,2582,46,1,397.56,0.0,False,397.56
5826,2582,101,1,488.42,0.05,False,463.99899999999997
5827,2583,167,1,39.88,0.1,False,35.892
5828,2584,131,1,797.13,0.0,False,797.13
5829,2584,234,1,486.72,0.0,False,486.72
5830,2585,199,1,51.0,0.2,False,40.800000000000004
5831,2585,74,1,171.2,0.05,False,162.64
5832,2586,236,1,55.21,0.0,False,55.21
5833,2587,11,3,216.27,0.05,False,616.3695
5834,2588,204,1,578.66,0.15,False,491.86099999999993
5835,2589,208,3,260.07,0.0,False,780.21
5836,2590,247,1,708.26,0.0,False,708.26
5837,2590,200,1,533.81,0.1,False,480.429
5838,2591,46,1,397.56,0.0,False,397.56
5839,2592,1,1,433.54,0.15,False,368.509
5840,2592,248,1,75.61,0.0,False,75.61
5841,2592,145,1,61.15,0.1,False,55.035
5842,2593,22,2,205.71,0.0,False,411.42
5843,2593,168,-1,649.6,0.0,True,-649.6
5844,2593,215,1,501.1,0.0,False,501.1
5845,2593,257,1,8.4,0.0,False,8.4
5846,2593,158,2,282.03,0.1,False,507.65399999999994
5847,2594,98,1,71.96,0.0,False,71.96
5848,2594,271,1,756.22,0.15,False,642.787
5849,2595,114,1,23.97,0.05,False,22.7715
5850,2596,13,2,152.16,0.05,False,289.104
5851,2596,271,1,756.22,0.2,False,604.976
5852,2597,79,-1,308.93,0.0,True,-308.93
5853,2597,101,1,488.42,0.0,False,488.42
5854,2598,184,1,278.4,0.05,False,264.47999999999996
5855,2598,299,1,725.08,0.05,False,688.826
5856,2599,240,1,555.47,0.0,False,555.47
5857,2599,81,1,779.01,0.0,False,779.01
5858,2600,209,1,797.01,0.0,False,797.01
5859,2600,261,1,429.63,0.0,False,429.63
5860,2600,207,1,518.71,0.0,False,518.71
5861,2601,225,1,939.11,0.0,False,939.11
5862,2601,41,1,376.48,0.0,False,376.48
5864,2602,149,2,382.77,0.0,False,765.54
5865,2603,11,1,216.27,0.2,False,173.01600000000002
5866,2603,144,1,299.76,0.0,False,299.76
5867,2603,145,1,61.15,0.15,False,51.9775
5868,2603,86,1,443.6,0.15,False,377.06
5869,2604,58,2,87.55,0.0,False,175.1
5870,2604,110,-1,52.92,0.2,True,-42.336000000000006
5871,2604,140,2,500.02,0.0,False,1000.04
5872,2605,124,1,640.23,0.0,False,640.23
5873,2606,211,3,943.9,0.0,False,2831.7
5874,2607,274,1,528.78,0.0,False,528.78
5875,2608,61,1,512.76,0.1,False,461.484
5876,2608,223,1,57.85,0.0,False,57.85
5877,2608,55,2,395.52,0.0,False,791.04
5878,2608,31,2,976.57,0.0,False,1953.14
5879,2608,92,2,148.78,0.05,False,282.682
5880,2609,270,1,34872.0,0.0,False,34872.0
5881,2609,49,1,850.7,0.0,False,850.7
5882,2610,261,1,429.63,0.0,False,429.63
5883,2610,139,3,835.42,0.0,False,2506.2599999999998
5884,2610,125,1,584.13,0.0,False,584.13
5885,2610,254,2,286.86,0.0,False,573.72
5886,2610,49,1,850.7,0.0,False,850.7
5887,2611,236,3,55.21,0.0,False,165.63
5888,2611,102,2,396.98,0.0,False,793.96
5889,2612,131,1,797.13,0.2,False,637.7040000000001
5890,2612,285,1,667.54,0.2,False,534.032
5891,2613,262,1,214.85,0.05,False,204.1075
5892,2613,155,1,607.36,0.0,False,607.36
5893,2613,159,1,818.3,0.0,False,818.3
5894,2614,297,3,89.43,0.1,False,241.461
5895,2615,142,1,717.32,0.0,False,717.32
5896,2616,227,2,192.19,0.1,False,345.942
5897,2617,138,2,54.35,0.0,False,108.7
5898,2617,70,2,402.01,0.2,False,643.216
5899,2618,37,1,608.8,0.0,False,608.8
5900,2618,72,1,286.08,0.0,False,286.08
5901,2618,29,1,103.82,0.0,False,103.82
5902,2619,293,1,709.48,0.0,False,709.48
5903,2619,79,1,308.93,0.2,False,247.144
5904,2619,4,3,17.97,0.2,False,43.128
5905,2620,35,2,425.48,0.0,False,850.96
5906,2620,200,1,533.81,0.1,False,480.429
5907,2620,125,2,584.13,0.0,False,1168.26
5908,2620,186,2,290.81,0.0,False,581.62
5909,2621,188,1,550.0,0.0,False,550.0
5910,2621,82,2,235.49,0.0,False,470.98
5911,2622,200,1,533.81,0.0,False,533.81
5912,2623,10,1,309.24,0.05,False,293.778
5913,2623,173,1,587.7,0.1,False,528.9300000000001
5914,2623,189,1,24.7,0.0,False,24.7
5915,2623,96,2,682.77,0.15,False,1160.7089999999998
5916,2623,174,1,864.84,0.0,False,864.84
5917,2624,263,1,222.36,0.0,False,222.36
5918,2624,214,1,304.46,0.0,False,304.46
5919,2624,265,1,839.64,0.0,False,839.64
5920,2625,254,1,286.86,0.0,False,286.86
5921,2625,64,1,29.71,0.0,False,29.71
5922,2626,25,1,282.92,0.15,False,240.482
5923,2627,156,1,372.8,0.0,False,372.8
5924,2628,24,1,696.97,0.05,False,662.1215
5925,2628,237,1,335.88,0.0,False,335.88
5926,2629,295,3,139.02,0.0,False,417.06000000000006
5927,2629,268,1,23.79,0.0,False,23.79
5928,2629,97,1,628.48,0.0,False,628.48
5929,2630,228,1,162.75,0.0,False,162.75
5930,2630,235,1,370.09,0.0,False,370.09
5931,2631,184,2,278.4,0.05,False,528.9599999999999
5932,2631,237,3,335.88,0.0,False,1007.64
5933,2632,228,2,162.75,0.0,False,325.5
5934,2632,274,2,528.78,0.0,False,1057.56
5935,2632,21,1,614.24,0.0,False,614.24
5936,2632,274,1,528.78,0.05,False,502.34099999999995
5937,2633,189,2,24.7,0.0,False,49.4
5938,2633,58,3,87.55,0.0,False,262.65
5939,2633,225,3,939.11,0.1,False,2535.597
5940,2633,87,1,564.0,0.0,False,564.0
5941,2633,276,2,341.21,0.0,False,682.42
5942,2634,91,1,369.86,0.0,False,369.86
5943,2635,95,1,711.68,0.05,False,676.0959999999999
5944,2635,117,1,567.69,0.0,False,567.69
5945,2635,124,1,640.23,0.1,False,576.207
5946,2635,257,1,8.4,0.15,False,7.14
5947,2636,199,1,51.0,0.0,False,51.0
5948,2637,39,1,412.64,0.05,False,392.008
5949,2637,257,2,8.4,0.1,False,15.120000000000001
5950,2638,295,1,139.02,0.0,False,139.02
5951,2639,69,1,274.11,0.2,False,219.288
5952,2639,18,1,35.67,0.0,False,35.67
5953,2639,176,1,199.39,0.0,False,199.39
5954,2640,196,1,518.75,0.0,False,518.75
5955,2640,230,2,829.69,0.0,False,1659.38
5956,2641,291,1,19.78,0.15,False,16.813
5957,2642,117,1,567.69,0.05,False,539.3055
5958,2643,143,1,421.93,0.05,False,400.8335
5959,2644,216,1,492.92,0.05,False,468.274
5960,2644,193,1,351.11,0.0,False,351.11
5961,2644,96,1,682.77,0.2,False,546.216
5962,2644,145,1,61.15,0.05,False,58.092499999999994
5963,2645,147,1,517.03,0.0,False,517.03
5964,2645,225,1,939.11,0.0,False,939.11
5965,2646,136,1,974.39,0.05,False,925.6705
5966,2646,287,3,754.14,0.0,False,2262.42
5967,2647,282,1,280.61,0.0,False,280.61
5968,2648,226,1,211.98,0.15,False,180.183
5969,2648,300,1,133.29,0.05,False,126.62549999999999
5970,2648,10,1,309.24,0.0,False,309.24
5971,2649,29,2,103.82,0.05,False,197.25799999999998
5972,2649,268,1,23.79,0.0,False,23.79
5973,2649,145,1,61.15,0.0,False,61.15
5974,2649,16,1,245.66,0.1,False,221.094
5975,2649,152,1,910.86,0.0,False,910.86
5976,2650,208,2,260.07,0.1,False,468.126
5977,2650,44,1,6.81,0.0,False,6.81
5978,2651,248,1,75.61,0.0,False,75.61
5979,2651,221,1,704.75,0.0,False,704.75
5980,2652,53,1,192.38,0.1,False,173.142
5981,2652,291,1,19.78,0.0,False,19.78
5982,2652,172,1,104.56,0.1,False,94.104
5983,2653,192,1,697.79,0.05,False,662.9005
5984,2653,185,1,582.19,0.0,False,582.19
5985,2653,101,3,488.42,0.0,False,1465.26
5986,2653,72,1,286.08,0.1,False,257.472
5987,2653,238,1,192.17,0.0,False,192.17
5988,2654,266,1,110.99,0.05,False,105.44049999999999
5989,2654,131,1,797.13,0.05,False,757.2735
5990,2654,171,1,14.73,0.05,False,13.9935
5991,2655,35,1,425.48,0.2,False,340.384
5992,2655,34,1,399.8,0.1,False,359.82
5993,2655,200,1,533.81,0.05,False,507.1194999999999
5994,2655,265,1,839.64,0.0,False,839.64
5995,2656,255,1,249.2,0.0,False,249.2
5996,2656,162,1,126.53,0.1,False,113.87700000000001
5997,2656,243,1,746.93,0.05,False,709.5835
5998,2657,179,1,478.65,0.2,False,382.92
5999,2657,32,1,338.4,0.15,False,287.64
6000,2658,76,3,938.11,0.0,False,2814.33
6001,2658,170,1,723.66,0.0,False,723.66
6002,2658,284,1,228.9,0.2,False,183.12
6003,2659,144,2,299.76,0.05,False,569.544
6004,2659,89,1,247.06,0.0,False,247.06
6005,2659,23,1,235.35,0.0,False,235.35
6006,2660,50,-1,240.1,0.05,True,-228.09499999999997
6007,2661,149,2,382.77,0.05,False,727.2629999999999
6008,2662,232,1,71.83,0.0,False,71.83
6009,2662,24,1,696.97,0.0,False,696.97
6010,2662,14,1,90.93,0.0,False,90.93
6011,2663,132,2,299.38,0.0,False,598.76
6012,2663,113,1,55.28,0.0,False,55.28
6013,2664,182,2,500.91,0.0,False,1001.82
6014,2664,247,1,708.26,0.05,False,672.847
6015,2664,276,1,341.21,0.05,False,324.1495
6016,2664,143,2,421.93,0.05,False,801.667
6017,2664,280,1,121.8,0.0,False,121.8
6018,2665,188,3,550.0,0.0,False,1650.0
6019,2665,87,1,564.0,0.0,False,564.0
6020,2665,137,1,316.92,0.15,False,269.382
6021,2665,240,1,555.47,0.0,False,555.47
6022,2665,235,1,370.09,0.05,False,351.58549999999997
6023,2666,241,1,306.12,0.05,False,290.81399999999996
6024,2667,250,1,8284.0,0.05,False,7869.799999999999
6025,2667,81,1,779.01,0.0,False,779.01
6026,2667,220,2,475.38,0.0,False,950.76
6027,2668,51,2,863.34,0.1,False,1554.0120000000002
6028,2669,98,1,71.96,0.05,False,68.362
6029,2670,200,1,533.81,0.0,False,533.81
6031,2670,121,1,183.38,0.0,False,183.38
6032,2671,158,1,282.03,0.0,False,282.03
6033,2671,161,1,68.77,0.05,False,65.33149999999999
6034,2671,60,1,148.68,0.0,False,148.68
6035,2671,137,1,316.92,0.05,False,301.074
6036,2671,177,1,156.12,0.0,False,156.12
6037,2672,261,1,429.63,0.05,False,408.14849999999996
6038,2672,21,1,614.24,0.0,False,614.24
6039,2672,29,1,103.82,0.0,False,103.82
6040,2672,278,1,402.71,0.0,False,402.71
6041,2673,197,1,538.79,0.0,False,538.79
6042,2674,239,2,517.8,0.15,False,880.2599999999999
6043,2675,201,1,567.68,0.0,False,567.68
6044,2676,94,1,514.73,0.15,False,437.5205
6045,2676,11,1,216.27,0.2,False,173.01600000000002
6046,2676,157,2,701.5,0.0,False,1403.0
6047,2677,179,1,478.65,0.15,False,406.85249999999996
6048,2677,219,1,211.99,0.0,False,211.99
6049,2677,161,1,68.77,0.0,False,68.77
6050,2677,194,1,222.76,0.1,False,200.484
6051,2677,131,1,797.13,0.1,False,717.417
6052,2678,7,2,357.42,0.0,False,714.84
6053,2679,50,1,240.1,0.0,False,240.1
6054,2680,278,1,402.71,0.0,False,402.71
6055,2680,85,1,530.7,0.0,False,530.7
6056,2680,121,1,183.38,0.0,False,183.38
6057,2680,61,1,512.76,0.0,False,512.76
6058,2681,180,1,843.45,0.1,False,759.105
6059,2682,123,1,840.94,0.05,False,798.893
6060,2682,155,1,607.36,0.0,False,607.36
6061,2683,116,1,862.37,0.0,False,862.37
6062,2683,180,1,843.45,0.0,False,843.45
6063,2683,247,1,708.26,0.1,False,637.434
6064,2683,51,3,863.34,0.0,False,2590.02
6065,2683,115,1,251.88,0.0,False,251.88
6066,2684,275,3,82.62,0.0,False,247.86
6067,2685,153,2,530.38,0.0,False,1060.76
6068,2685,116,1,862.37,0.0,False,862.37
6069,2685,166,1,278.38,0.0,False,278.38
6070,2686,35,1,425.48,0.0,False,425.48
6071,2686,178,1,563.12,0.05,False,534.9639999999999
6072,2686,43,1,97.72,0.0,False,97.72
6073,2687,247,1,708.26,0.0,False,708.26
6074,2687,1,1,433.54,0.0,False,433.54
6075,2688,52,1,12.48,0.05,False,11.856
6076,2688,282,1,280.61,0.1,False,252.549
6077,2689,288,2,515.26,0.0,False,1030.52
6078,2690,297,2,89.43,0.15,False,152.031
6079,2690,209,-1,797.01,0.0,True,-797.01
6080,2690,62,1,244.7,0.0,False,244.7
6081,2690,222,1,264.61,0.15,False,224.9185
6082,2690,196,3,518.75,0.05,False,1478.4375
6083,2691,174,2,864.84,0.0,False,1729.68
6084,2691,6,1,531.19,0.1,False,478.0710000000001
6085,2691,283,2,680.49,0.0,False,1360.98
6086,2692,21,1,614.24,0.0,False,614.24
6087,2692,286,3,47.93,0.0,False,143.79
6088,2692,96,1,682.77,0.2,False,546.216
6089,2693,97,1,628.48,0.2,False,502.78400000000005
6090,2693,286,1,47.93,0.05,False,45.5335
6091,2694,23,1,235.35,0.2,False,188.28
6092,2695,134,1,541.79,0.05,False,514.7004999999999
6093,2696,8,2,295.82,0.0,False,591.64
6094,2697,131,3,797.13,0.0,False,2391.39
6095,2697,127,2,111.4,0.1,False,200.52
6096,2698,239,2,517.8,0.15,False,880.2599999999999
6097,2698,128,1,686.4,0.05,False,652.0799999999999
6098,2699,294,2,141.94,0.0,False,283.88
6099,2699,280,1,121.8,0.0,False,121.8
6100,2700,54,1,679.71,0.0,False,679.71
6101,2700,61,1,512.76,0.05,False,487.12199999999996
6102,2700,8,2,295.82,0.1,False,532.476
6103,2700,268,2,23.79,0.1,False,42.822
6104,2701,298,1,238.39,0.15,False,202.6315
6105,2701,207,1,518.71,0.05,False,492.7745
6106,2702,258,2,626.09,0.0,False,1252.18
6107,2702,182,1,500.91,0.15,False,425.7735
6108,2702,276,1,341.21,0.0,False,341.21
6109,2703,110,1,52.92,0.1,False,47.628
6110,2703,9,1,66.57,0.0,False,66.57
6111,2704,121,2,183.38,0.0,False,366.76
6112,2704,240,2,555.47,0.05,False,1055.393
6113,2704,90,1,219.22,0.0,False,219.22
6114,2705,279,3,226.81,0.0,False,680.4300000000001
6115,2705,2,1,807.37,0.1,False,726.633
6116,2706,171,1,14.73,0.0,False,14.73
6117,2707,81,1,779.01,0.1,False,701.109
6118,2707,256,1,537.93,0.1,False,484.13699999999994
6119,2707,268,1,23.79,0.0,False,23.79
6120,2707,225,1,939.11,0.0,False,939.11
6121,2707,6,1,531.19,0.0,False,531.19
6122,2708,41,1,376.48,0.0,False,376.48
6123,2709,204,1,578.66,0.0,False,578.66
6124,2709,82,1,235.49,0.0,False,235.49
6125,2710,25,3,282.92,0.0,False,848.76
6126,2710,73,1,346.78,0.1,False,312.102
6127,2711,84,1,43.2,0.0,False,43.2
6128,2711,127,1,111.4,0.0,False,111.4
6129,2712,40,1,171.89,0.0,False,171.89
6130,2712,138,2,54.35,0.05,False,103.265
6131,2712,82,1,235.49,0.0,False,235.49
6132,2713,285,1,667.54,0.0,False,667.54
6133,2714,152,1,910.86,0.2,False,728.6880000000001
6134,2714,132,3,299.38,0.0,False,898.14
6135,2715,94,3,514.73,0.1,False,1389.7710000000002
6136,2715,175,1,600.57,0.0,False,600.57
6137,2715,155,1,607.36,0.0,False,607.36
6138,2716,120,1,146.96,0.05,False,139.612
6139,2716,171,1,14.73,0.0,False,14.73
6140,2717,1,1,433.54,0.0,False,433.54
6141,2717,119,1,519.85,0.0,False,519.85
6142,2717,223,1,57.85,0.1,False,52.065000000000005
6143,2717,246,1,574.84,0.05,False,546.098
6144,2718,142,1,717.32,0.0,False,717.32
6145,2719,293,1,709.48,0.0,False,709.48
6146,2719,39,2,412.64,0.0,False,825.28
6147,2719,194,3,222.76,0.0,False,668.28
6148,2719,132,1,299.38,0.0,False,299.38
6149,2720,299,1,725.08,0.0,False,725.08
6150,2721,288,1,515.26,0.1,False,463.734
6151,2721,186,1,290.81,0.05,False,276.2695
6152,2721,109,1,59.23,0.05,False,56.268499999999996
6153,2722,69,2,274.11,0.0,False,548.22
6154,2722,62,1,244.7,0.05,False,232.46499999999997
6155,2722,87,1,564.0,0.2,False,451.20000000000005
6156,2722,72,1,286.08,0.05,False,271.77599999999995
6157,2722,2,2,807.37,0.0,False,1614.74
6158,2723,187,1,127.57,0.0,False,127.57
6159,2724,252,1,274.43,0.0,False,274.43
6160,2724,77,1,103.53,0.15,False,88.0005
6161,2725,43,3,97.72,0.0,False,293.15999999999997
6162,2725,279,2,226.81,0.05,False,430.93899999999996
6163,2726,15,1,536.46,0.0,False,536.46
6164,2726,255,1,249.2,0.1,False,224.28
6165,2726,273,1,560.24,0.0,False,560.24
6166,2727,50,1,240.1,0.0,False,240.1
6167,2728,225,2,939.11,0.0,False,1878.22
6168,2728,112,3,10.73,0.2,False,25.752
6169,2729,202,1,514.85,0.0,False,514.85
6170,2729,54,1,679.71,0.2,False,543.768
6171,2729,249,3,682.27,0.0,False,2046.81
6172,2730,227,1,192.19,0.0,False,192.19
6173,2730,2,1,807.37,0.0,False,807.37
6174,2730,18,1,35.67,0.0,False,35.67
6175,2731,138,1,54.35,0.1,False,48.915
6176,2732,3,2,978.72,0.05,False,1859.568
6177,2733,62,1,244.7,0.05,False,232.46499999999997
6178,2733,220,1,475.38,0.0,False,475.38
6179,2733,54,1,679.71,0.15,False,577.7535
6180,2734,147,1,517.03,0.0,False,517.03
6181,2735,266,2,110.99,0.05,False,210.88099999999997
6182,2736,287,2,754.14,0.0,False,1508.28
6183,2736,243,1,746.93,0.1,False,672.237
6184,2736,264,2,16.2,0.0,False,32.4
6185,2737,141,2,251.45,0.0,False,502.9
6186,2738,81,1,779.01,0.1,False,701.109
6187,2739,86,1,443.6,0.0,False,443.6
6188,2740,293,2,709.48,0.15,False,1206.116
6189,2740,129,3,492.47,0.0,False,1477.41
6190,2741,240,1,555.47,0.0,False,555.47
6191,2741,274,1,528.78,0.0,False,528.78
6192,2742,260,1,619.66,0.2,False,495.728
6193,2742,190,2,707.42,0.0,False,1414.84
6194,2743,72,1,286.08,0.0,False,286.08
6195,2743,24,1,696.97,0.0,False,696.97
6196,2743,234,3,486.72,0.0,False,1460.16
6197,2744,32,1,338.4,0.0,False,338.4
6198,2744,251,1,439.11,0.0,False,439.11
6199,2744,11,2,216.27,0.0,False,432.54
6200,2744,219,1,211.99,0.0,False,211.99
6201,2744,118,1,611.17,0.2,False,488.936
6202,2745,160,-1,150.1,0.2,True,-120.08
6203,2746,42,2,328.75,0.0,False,657.5
6204,2746,255,1,249.2,0.0,False,249.2
6205,2746,43,1,97.72,0.05,False,92.83399999999999
6206,2747,179,1,478.65,0.0,False,478.65
6207,2747,92,1,148.78,0.0,False,148.78
6208,2747,45,1,511.39,0.0,False,511.39
6209,2748,140,1,500.02,0.0,False,500.02
6210,2748,57,1,510.39,0.0,False,510.39
6211,2748,60,1,148.68,0.15,False,126.378
6212,2748,257,1,8.4,0.0,False,8.4
6213,2748,59,1,287.12,0.05,False,272.764
6214,2749,200,1,533.81,0.0,False,533.81
6215,2750,1,1,433.54,0.0,False,433.54
6216,2750,60,2,148.68,0.0,False,297.36
6217,2750,285,1,667.54,0.0,False,667.54
6218,2750,82,1,235.49,0.1,False,211.941
6219,2750,292,2,425.68,0.0,False,851.36
6220,2751,250,1,8284.0,0.05,False,7869.799999999999
6221,2751,34,-1,399.8,0.0,True,-399.8
6222,2752,110,1,52.92,0.05,False,50.274
6223,2752,105,1,375.87,0.2,False,300.696
6224,2752,26,1,259.69,0.05,False,246.70549999999997
6225,2752,3,1,978.72,0.0,False,978.72
6226,2753,241,1,306.12,0.1,False,275.50800000000004
6227,2754,229,1,690.53,0.0,False,690.53
6228,2754,291,1,19.78,0.15,False,16.813
6229,2754,265,1,839.64,0.0,False,839.64
6230,2755,10,2,309.24,0.2,False,494.78400000000005
6231,2755,14,1,90.93,0.0,False,90.93
6232,2756,101,1,488.42,0.0,False,488.42
6233,2756,223,1,57.85,0.05,False,54.957499999999996
6234,2756,290,3,908.96,0.0,False,2726.88
6235,2757,264,1,16.2,0.0,False,16.2
6236,2757,286,2,47.93,0.2,False,76.688
6237,2758,112,1,10.73,0.05,False,10.1935
6238,2758,238,1,192.17,0.0,False,192.17
6239,2759,60,1,148.68,0.0,False,148.68
6240,2760,258,2,626.09,0.0,False,1252.18
6241,2760,240,1,555.47,0.05,False,527.6965
6242,2761,211,1,943.9,0.0,False,943.9
6243,2761,153,2,530.38,0.0,False,1060.76
6244,2762,294,2,141.94,0.05,False,269.686
6245,2763,172,1,104.56,0.05,False,99.332
6246,2763,293,1,709.48,0.05,False,674.006
6247,2763,75,2,299.66,0.0,False,599.32
6248,2763,234,2,486.72,0.2,False,778.7520000000001
6249,2763,299,-1,725.08,0.1,True,-652.572
6250,2764,78,2,213.82,0.05,False,406.258
6251,2764,124,1,640.23,0.2,False,512.1840000000001
6252,2765,34,1,399.8,0.0,False,399.8
6253,2765,30,2,477.17,0.0,False,954.34
6254,2765,115,1,251.88,0.05,False,239.28599999999997
6255,2766,236,1,55.21,0.1,False,49.689
6256,2766,106,2,150.04,0.05,False,285.07599999999996
6257,2766,93,3,98.57,0.0,False,295.71
6258,2766,230,1,829.69,0.0,False,829.69
6259,2766,35,2,425.48,0.0,False,850.96
6260,2767,232,3,71.83,0.15,False,183.1665
6261,2767,283,1,680.49,0.0,False,680.49
6262,2767,68,1,133.13,0.15,False,113.1605
6263,2767,167,2,39.88,0.05,False,75.772
6264,2767,205,1,367.74,0.0,False,367.74
6265,2768,40,1,171.89,0.0,False,171.89
6266,2769,174,1,864.84,0.0,False,864.84
6267,2769,278,3,402.71,0.1,False,1087.317
6268,2769,148,1,304.48,0.0,False,304.48
6269,2769,213,1,111.83,0.2,False,89.464
6270,2770,25,1,282.92,0.0,False,282.92
6271,2771,263,1,222.36,0.2,False,177.88800000000003
6272,2772,189,1,24.7,0.0,False,24.7
6273,2772,100,1,283.25,0.1,False,254.925
6274,2772,295,1,139.02,0.0,False,139.02
6275,2772,176,1,199.39,0.15,False,169.48149999999998
6276,2773,53,1,192.38,0.0,False,192.38
6277,2773,117,1,567.69,0.0,False,567.69
6278,2774,89,1,247.06,0.0,False,247.06
6279,2774,95,1,711.68,0.0,False,711.68
6280,2775,112,1,10.73,0.0,False,10.73
6281,2776,82,3,235.49,0.0,False,706.47
6282,2776,83,1,243.1,0.1,False,218.79
6283,2777,132,1,299.38,0.05,False,284.411
6284,2777,60,1,148.68,0.0,False,148.68
6285,2778,59,1,287.12,0.05,False,272.764
6286,2778,19,1,727.02,0.0,False,727.02
6287,2779,274,2,528.78,0.05,False,1004.6819999999999
6288,2779,103,1,456.96,0.0,False,456.96
6289,2779,93,1,98.57,0.1,False,88.713
6290,2779,118,2,611.17,0.15,False,1038.9889999999998
6291,2780,138,1,54.35,0.0,False,54.35
6292,2781,243,2,746.93,0.0,False,1493.86
6293,2781,181,3,37.18,0.2,False,89.232
6294,2782,152,1,910.86,0.0,False,910.86
6295,2783,261,1,429.63,0.1,False,386.66700000000003
6296,2784,137,1,316.92,0.05,False,301.074
6297,2784,143,1,421.93,0.1,False,379.737
6298,2785,159,1,818.3,0.0,False,818.3
6299,2785,91,1,369.86,0.0,False,369.86
6300,2785,48,1,231.62,0.0,False,231.62
6301,2786,120,3,146.96,0.0,False,440.88
6302,2787,181,1,37.18,0.0,False,37.18
6303,2788,227,1,192.19,0.2,False,153.752
6304,2788,240,1,555.47,0.1,False,499.92300000000006
6305,2788,236,1,55.21,0.0,False,55.21
6306,2788,110,1,52.92,0.0,False,52.92
6307,2789,45,2,511.39,0.1,False,920.502
6308,2789,98,1,71.96,0.0,False,71.96
6309,2789,289,2,635.36,0.0,False,1270.72
6310,2790,273,1,560.24,0.0,False,560.24
6311,2790,19,1,727.02,0.0,False,727.02
6312,2791,171,1,14.73,0.2,False,11.784
6313,2791,37,1,608.8,0.15,False,517.4799999999999
6314,2791,83,1,243.1,0.15,False,206.635
6315,2791,118,2,611.17,0.1,False,1100.106
6316,2791,157,1,701.5,0.0,False,701.5
6317,2792,105,1,375.87,0.0,False,375.87
6318,2792,109,1,59.23,0.0,False,59.23
6319,2793,267,1,253.7,0.0,False,253.7
6320,2794,126,1,240.49,0.0,False,240.49
6321,2794,120,1,146.96,0.0,False,146.96
6322,2794,95,1,711.68,0.0,False,711.68
6323,2794,159,2,818.3,0.1,False,1472.94
6324,2795,104,1,957.31,0.0,False,957.31
6325,2795,210,1,177.09,0.0,False,177.09
6326,2795,4,1,17.97,0.2,False,14.376
6327,2795,114,1,23.97,0.1,False,21.573
6328,2796,10,1,309.24,0.0,False,309.24
6329,2796,171,3,14.73,0.0,False,44.19
6330,2797,298,1,238.39,0.0,False,238.39
6331,2797,169,3,458.05,0.0,False,1374.15
6332,2798,134,3,541.79,0.0,False,1625.37
6333,2799,117,1,567.69,0.0,False,567.69
6334,2799,283,2,680.49,0.15,False,1156.833
6335,2800,189,1,24.7,0.2,False,19.76
6336,2801,258,1,626.09,0.0,False,626.09
6337,2801,297,1,89.43,0.05,False,84.9585
6338,2801,287,1,754.14,0.05,False,716.433
6339,2801,259,1,533.22,0.0,False,533.22
6340,2801,175,3,600.57,0.15,False,1531.4535
6341,2802,90,1,219.22,0.05,False,208.259
6342,2803,10,1,309.24,0.0,False,309.24
6343,2803,72,2,286.08,0.0,False,572.16
6344,2803,179,1,478.65,0.05,False,454.7175
6345,2804,227,1,192.19,0.0,False,192.19
6346,2804,25,3,282.92,0.0,False,848.76
6347,2805,152,1,910.86,0.0,False,910.86
6348,2806,54,1,679.71,0.05,False,645.7245
6349,2806,266,1,110.99,0.1,False,99.89099999999999
6350,2807,69,1,274.11,0.15,False,232.9935
6351,2807,299,1,725.08,0.0,False,725.08
6352,2807,145,1,61.15,0.0,False,61.15
6353,2807,207,1,518.71,0.0,False,518.71
6354,2808,53,3,192.38,0.05,False,548.283
6355,2809,195,1,132.26,0.1,False,119.03399999999999
6356,2809,222,1,264.61,0.1,False,238.14900000000003
6357,2809,209,1,797.01,0.1,False,717.309
6358,2809,176,2,199.39,0.0,False,398.78
6359,2810,59,1,287.12,0.0,False,287.12
6360,2810,191,-1,457.7,0.0,True,-457.7
6361,2810,254,1,286.86,0.0,False,286.86
6362,2811,105,1,375.87,0.0,False,375.87
6363,2812,61,2,512.76,0.0,False,1025.52
6364,2812,139,1,835.42,0.0,False,835.42
6365,2813,287,1,754.14,0.0,False,754.14
6366,2813,224,1,23.12,0.0,False,23.12
6367,2814,89,1,247.06,0.1,False,222.354
6368,2814,135,2,550.83,0.0,False,1101.66
6369,2814,13,1,152.16,0.0,False,152.16
6370,2815,210,1,177.09,0.0,False,177.09
6371,2815,159,1,818.3,0.0,False,818.3
6372,2815,56,1,186.07,0.1,False,167.463
6373,2816,1,1,433.54,0.05,False,411.863
6374,2816,77,1,103.53,0.1,False,93.177
6375,2816,60,1,148.68,0.0,False,148.68
6376,2816,14,1,90.93,0.0,False,90.93
6377,2817,185,2,582.19,0.0,False,1164.38
6378,2817,11,1,216.27,0.2,False,173.01600000000002
6379,2818,286,1,47.93,0.0,False,47.93
6380,2818,231,1,410.59,0.0,False,410.59
6381,2818,194,1,222.76,0.15,False,189.34599999999998
6382,2818,152,1,910.86,0.15,False,774.231
6383,2818,235,1,370.09,0.0,False,370.09
6384,2819,10,2,309.24,0.0,False,618.48
6385,2820,9,1,66.57,0.05,False,63.24149999999999
6386,2820,275,1,82.62,0.05,False,78.489
6387,2820,283,1,680.49,0.0,False,680.49
6388,2820,161,1,68.77,0.05,False,65.33149999999999
6389,2820,88,1,275.21,0.0,False,275.21
6390,2821,90,1,219.22,0.0,False,219.22
6391,2821,74,1,171.2,0.0,False,171.2
6392,2821,201,2,567.68,0.0,False,1135.36
6393,2822,86,-1,443.6,0.0,True,-443.6
6394,2823,203,1,431.09,0.0,False,431.09
6395,2823,24,1,696.97,0.0,False,696.97
6396,2824,163,1,598.68,0.05,False,568.746
6397,2824,134,1,541.79,0.0,False,541.79
6398,2825,136,-1,974.39,0.15,True,-828.2315
6399,2825,253,2,621.95,0.1,False,1119.5100000000002
6400,2825,90,1,219.22,0.05,False,208.259
6401,2826,187,1,127.57,0.0,False,127.57
6402,2826,225,2,939.11,0.1,False,1690.3980000000001
6403,2827,282,1,280.61,0.05,False,266.5795
6404,2827,125,3,584.13,0.05,False,1664.7704999999999
6405,2827,187,3,127.57,0.0,False,382.71
6406,2827,250,3,8284.0,0.05,False,23609.399999999998
6407,2828,114,1,23.97,0.0,False,23.97
6408,2829,150,2,182.12,0.0,False,364.24
6409,2829,149,1,382.77,0.0,False,382.77
6410,2829,87,1,564.0,0.05,False,535.8
6411,2829,79,1,308.93,0.15,False,262.5905
6412,2830,181,1,37.18,0.0,False,37.18
6413,2830,233,1,82.49,0.0,False,82.49
6414,2830,126,2,240.49,0.0,False,480.98
6415,2830,244,2,263.25,0.05,False,500.17499999999995
6416,2831,201,1,567.68,0.15,False,482.52799999999996
6417,2832,153,1,530.38,0.05,False,503.861
6418,2832,261,1,429.63,0.0,False,429.63
6419,2832,64,1,29.71,0.0,False,29.71
6420,2833,295,2,139.02,0.0,False,278.04
6421,2833,1,-1,433.54,0.0,True,-433.54
6422,2833,155,1,607.36,0.0,False,607.36
6423,2833,62,2,244.7,0.05,False,464.92999999999995
6424,2833,10,-1,309.24,0.0,True,-309.24
6425,2834,190,1,707.42,0.0,False,707.42
6426,2835,15,2,536.46,0.0,False,1072.92
6427,2835,280,1,121.8,0.05,False,115.71
6428,2836,69,2,274.11,0.0,False,548.22
6429,2836,74,3,171.2,0.0,False,513.5999999999999
6430,2837,20,1,548.49,0.0,False,548.49
6431,2838,199,1,51.0,0.15,False,43.35
6432,2838,280,1,121.8,0.0,False,121.8
6433,2839,62,1,244.7,0.0,False,244.7
6434,2839,135,1,550.83,0.0,False,550.83
6435,2840,259,1,533.22,0.0,False,533.22
6436,2840,258,1,626.09,0.1,False,563.481
6437,2840,83,1,243.1,0.0,False,243.1
6438,2841,87,1,564.0,0.2,False,451.20000000000005
6439,2841,76,1,938.11,0.1,False,844.299
6440,2841,114,1,23.97,0.05,False,22.7715
6441,2842,188,2,550.0,0.0,False,1100.0
6442,2842,239,1,517.8,0.0,False,517.8
6443,2843,170,1,723.66,0.0,False,723.66
6444,2843,32,1,338.4,0.1,False,304.56
6445,2843,274,3,528.78,0.1,False,1427.706
6446,2843,251,1,439.11,0.05,False,417.1545
6447,2843,206,2,612.54,0.05,False,1163.8259999999998
6448,2844,2,3,807.37,0.2,False,1937.688
6449,2845,242,1,166.1,0.2,False,132.88
6450,2845,266,2,110.99,0.0,False,221.98
6451,2845,245,1,11506.5,0.0,False,11506.5
6452,2845,25,1,282.92,0.0,False,282.92
6453,2846,77,1,103.53,0.2,False,82.82400000000001
6454,2846,150,2,182.12,0.0,False,364.24
6455,2847,254,1,286.86,0.1,False,258.17400000000004
6456,2847,225,2,939.11,0.05,False,1784.309
6457,2848,286,1,47.93,0.0,False,47.93
6458,2848,134,1,541.79,0.0,False,541.79
6459,2848,62,1,244.7,0.0,False,244.7
6460,2848,85,1,530.7,0.0,False,530.7
6461,2849,279,1,226.81,0.1,False,204.12900000000002
6462,2849,15,1,536.46,0.0,False,536.46
6463,2849,91,3,369.86,0.15,False,943.1429999999999
6464,2849,112,1,10.73,0.15,False,9.1205
6465,2850,89,3,247.06,0.0,False,741.1800000000001
6466,2851,67,2,355.8,0.1,False,640.44
6467,2852,95,2,711.68,0.0,False,1423.36
6468,2852,51,2,863.34,0.0,False,1726.68
6469,2852,30,1,477.17,0.0,False,477.17
6470,2853,247,3,708.26,0.0,False,2124.7799999999997
6471,2854,251,1,439.11,0.05,False,417.1545
6472,2854,111,2,227.31,0.0,False,454.62
6473,2854,250,1,8284.0,0.15,False,7041.4
6474,2854,133,1,479.79,0.0,False,479.79
6475,2854,195,1,132.26,0.05,False,125.64699999999999
6476,2855,79,1,308.93,0.05,False,293.4835
6477,2856,292,1,425.68,0.0,False,425.68
6478,2857,130,1,454.11,0.15,False,385.9935
6479,2857,237,1,335.88,0.0,False,335.88
6480,2857,243,1,746.93,0.1,False,672.237
6481,2857,242,2,166.1,0.05,False,315.59
6482,2858,61,1,512.76,0.15,False,435.846
6483,2858,244,1,263.25,0.0,False,263.25
6484,2858,292,2,425.68,0.15,False,723.656
6485,2858,127,1,111.4,0.0,False,111.4
6486,2859,226,1,211.98,0.05,False,201.38099999999997
6487,2859,249,1,682.27,0.0,False,682.27
6488,2860,219,1,211.99,0.1,False,190.79100000000003
6489,2861,20,1,548.49,0.0,False,548.49
6490,2861,58,1,87.55,0.0,False,87.55
6491,2861,205,1,367.74,0.05,False,349.353
6492,2861,156,1,372.8,0.05,False,354.15999999999997
6493,2862,167,1,39.88,0.0,False,39.88
6494,2862,139,1,835.42,0.1,False,751.8779999999999
6495,2862,168,1,649.6,0.0,False,649.6
6496,2863,154,2,115.68,0.2,False,185.08800000000002
6497,2863,97,1,628.48,0.0,False,628.48
6498,2863,24,1,696.97,0.0,False,696.97
6499,2864,54,1,679.71,0.05,False,645.7245
6500,2864,83,1,243.1,0.1,False,218.79
6501,2864,18,1,35.67,0.1,False,32.103
6502,2865,54,2,679.71,0.0,False,1359.42
6503,2865,275,1,82.62,0.05,False,78.489
6504,2865,172,1,104.56,0.0,False,104.56
6505,2865,245,-1,11506.5,0.15,True,-9780.525
6506,2865,219,1,211.99,0.0,False,211.99
6507,2866,260,1,619.66,0.0,False,619.66
6508,2866,244,1,263.25,0.0,False,263.25
6509,2867,245,3,11506.5,0.0,False,34519.5
6510,2867,267,2,253.7,0.1,False,456.65999999999997
6511,2868,192,2,697.79,0.0,False,1395.58
6512,2869,37,1,608.8,0.0,False,608.8
6513,2870,197,1,538.79,0.0,False,538.79
6514,2870,290,1,908.96,0.0,False,908.96
6515,2870,65,1,460.75,0.1,False,414.675
6516,2871,217,1,479.18,0.1,False,431.262
6517,2871,210,1,177.09,0.2,False,141.672
6518,2871,159,1,818.3,0.0,False,818.3
6519,2872,267,1,253.7,0.1,False,228.32999999999998
6520,2873,147,1,517.03,0.15,False,439.47549999999995
6521,2873,257,2,8.4,0.2,False,13.440000000000001
6522,2874,133,1,479.79,0.0,False,479.79
6523,2875,275,3,82.62,0.0,False,247.86
6524,2876,7,1,357.42,0.0,False,357.42
6525,2876,132,1,299.38,0.05,False,284.411
6526,2877,177,1,156.12,0.1,False,140.508
6527,2877,152,3,910.86,0.0,False,2732.58
6528,2877,44,1,6.81,0.1,False,6.129
6529,2878,300,-1,133.29,0.0,True,-133.29
6530,2879,193,1,351.11,0.0,False,351.11
6531,2879,98,1,71.96,0.0,False,71.96
6532,2879,25,2,282.92,0.0,False,565.84
6533,2879,60,1,148.68,0.1,False,133.812
6534,2880,287,3,754.14,0.0,False,2262.42
6535,2881,68,3,133.13,0.0,False,399.39
6536,2882,251,1,439.11,0.05,False,417.1545
6537,2883,144,1,299.76,0.05,False,284.772
6538,2884,98,1,71.96,0.0,False,71.96
6539,2884,99,3,496.87,0.0,False,1490.6100000000001
6540,2884,17,1,953.82,0.0,False,953.82
6541,2884,212,1,445.65,0.0,False,445.65
6542,2885,291,2,19.78,0.0,False,39.56
6543,2885,179,1,478.65,0.0,False,478.65
6544,2885,296,1,361.73,0.15,False,307.4705
6545,2886,30,1,477.17,0.2,False,381.73600000000005
6546,2886,132,1,299.38,0.05,False,284.411
6547,2886,134,1,541.79,0.1,False,487.611
6548,2887,244,1,263.25,0.0,False,263.25
6549,2887,220,1,475.38,0.0,False,475.38
6550,2888,249,1,682.27,0.0,False,682.27
6551,2888,31,1,976.57,0.0,False,976.57
6552,2889,265,1,839.64,0.0,False,839.64
6553,2889,29,3,103.82,0.05,False,295.88699999999994
6554,2889,146,2,443.54,0.0,False,887.08
6555,2889,196,1,518.75,0.05,False,492.8125
6556,2889,111,1,227.31,0.1,False,204.579
6557,2890,265,1,839.64,0.0,False,839.64
6558,2891,171,1,14.73,0.15,False,12.5205
6559,2891,28,1,749.19,0.0,False,749.19
6560,2891,267,1,253.7,0.0,False,253.7
6561,2892,110,1,52.92,0.0,False,52.92
6562,2892,111,1,227.31,0.0,False,227.31
6563,2893,107,1,963.92,0.0,False,963.92
6564,2893,71,2,362.18,0.0,False,724.36
6566,2893,134,2,541.79,0.0,False,1083.58
6567,2893,187,3,127.57,0.15,False,325.3035
6568,2894,85,1,530.7,0.0,False,530.7
6569,2895,19,1,727.02,0.0,False,727.02
6570,2896,11,1,216.27,0.0,False,216.27
6571,2896,207,1,518.71,0.05,False,492.7745
6572,2896,168,1,649.6,0.0,False,649.6
6573,2896,95,2,711.68,0.0,False,1423.36
6574,2897,151,1,625.19,0.0,False,625.19
6575,2897,253,1,621.95,0.0,False,621.95
6576,2897,185,1,582.19,0.0,False,582.19
6577,2897,144,1,299.76,0.0,False,299.76
6578,2898,182,1,500.91,0.0,False,500.91
6579,2898,141,1,251.45,0.0,False,251.45
6580,2898,93,1,98.57,0.05,False,93.6415
6581,2898,163,1,598.68,0.0,False,598.68
6582,2898,62,1,244.7,0.0,False,244.7
6583,2899,35,3,425.48,0.0,False,1276.44
6584,2899,112,1,10.73,0.0,False,10.73
6585,2899,248,-1,75.61,0.05,True,-71.8295
6586,2900,221,-1,704.75,0.0,True,-704.75
6587,2901,113,1,55.28,0.05,False,52.516
6588,2901,262,3,214.85,0.2,False,515.64
6589,2902,269,2,603.81,0.0,False,1207.62
6590,2902,210,1,177.09,0.0,False,177.09
6591,2902,163,1,598.68,0.0,False,598.68
6592,2902,181,1,37.18,0.0,False,37.18
6593,2902,154,2,115.68,0.05,False,219.792
6594,2903,45,1,511.39,0.0,False,511.39
6595,2903,250,1,8284.0,0.0,False,8284.0
6596,2903,234,3,486.72,0.1,False,1314.144
6597,2903,213,1,111.83,0.05,False,106.23849999999999
6598,2904,200,1,533.81,0.05,False,507.1194999999999
6599,2905,6,1,531.19,0.0,False,531.19
6600,2905,208,2,260.07,0.1,False,468.126
6601,2906,68,1,133.13,0.0,False,133.13
6602,2906,17,3,953.82,0.05,False,2718.3869999999997
6603,2906,65,1,460.75,0.0,False,460.75
6604,2907,104,2,957.31,0.0,False,1914.62
6605,2907,32,1,338.4,0.05,False,321.47999999999996
6606,2907,105,-1,375.87,0.15,True,-319.4895
6607,2908,203,1,431.09,0.1,False,387.981
6608,2908,269,1,603.81,0.1,False,543.429
6609,2908,9,1,66.57,0.0,False,66.57
6610,2908,108,1,378.75,0.05,False,359.8125
6611,2909,114,-1,23.97,0.0,True,-23.97
6612,2909,227,1,192.19,0.15,False,163.3615
6613,2910,11,3,216.27,0.0,False,648.8100000000001
6615,2910,211,1,943.9,0.15,False,802.3149999999999
6616,2910,285,2,667.54,0.0,False,1335.08
6617,2911,98,1,71.96,0.15,False,61.16599999999999
6618,2911,120,2,146.96,0.0,False,293.92
6619,2911,240,2,555.47,0.1,False,999.8460000000001
6620,2912,275,1,82.62,0.0,False,82.62
6621,2913,28,1,749.19,0.0,False,749.19
6622,2913,172,1,104.56,0.0,False,104.56
6623,2914,20,1,548.49,0.0,False,548.49
6624,2914,34,1,399.8,0.0,False,399.8
6625,2914,286,1,47.93,0.0,False,47.93
6626,2915,266,1,110.99,0.0,False,110.99
6627,2915,178,-1,563.12,0.0,True,-563.12
6628,2915,123,1,840.94,0.05,False,798.893
6629,2916,261,2,429.63,0.05,False,816.2969999999999
6630,2916,100,1,283.25,0.15,False,240.7625
6631,2917,229,1,690.53,0.0,False,690.53
6632,2917,99,1,496.87,0.0,False,496.87
6633,2918,252,1,274.43,0.0,False,274.43
6634,2918,43,2,97.72,0.15,False,166.124
6635,2918,24,1,696.97,0.0,False,696.97
6636,2918,110,1,52.92,0.0,False,52.92
6637,2919,108,1,378.75,0.0,False,378.75
6639,2920,194,1,222.76,0.0,False,222.76
6640,2921,37,1,608.8,0.0,False,608.8
6641,2921,165,2,605.76,0.0,False,1211.52
6642,2921,159,1,818.3,0.0,False,818.3
6643,2921,83,1,243.1,0.0,False,243.1
6644,2922,279,1,226.81,0.0,False,226.81
6645,2923,263,2,222.36,0.05,False,422.484
6646,2924,238,1,192.17,0.1,False,172.953
6647,2925,220,1,475.38,0.0,False,475.38
6648,2925,181,1,37.18,0.0,False,37.18
6649,2925,248,1,75.61,0.1,False,68.049
6650,2925,9,1,66.57,0.1,False,59.913
6651,2926,290,1,908.96,0.0,False,908.96
6652,2926,217,2,479.18,0.0,False,958.36
6653,2927,154,1,115.68,0.0,False,115.68
6654,2927,230,1,829.69,0.05,False,788.2055
6655,2928,112,1,10.73,0.15,False,9.1205
6656,2928,160,1,150.1,0.1,False,135.09
6657,2928,298,1,238.39,0.1,False,214.551
6658,2928,77,1,103.53,0.0,False,103.53
6659,2929,82,1,235.49,0.0,False,235.49
6660,2929,42,1,328.75,0.05,False,312.3125
6661,2930,224,2,23.12,0.15,False,39.304
6662,2930,2,1,807.37,0.0,False,807.37
6663,2931,74,1,171.2,0.05,False,162.64
6664,2931,43,1,97.72,0.1,False,87.94800000000001
6665,2931,59,1,287.12,0.05,False,272.764
6666,2932,34,1,399.8,0.1,False,359.82
6667,2933,63,2,430.39,0.15,False,731.663
6668,2933,200,1,533.81,0.0,False,533.81
6669,2933,159,1,818.3,0.0,False,818.3
6670,2934,112,1,10.73,0.0,False,10.73
6671,2934,121,1,183.38,0.05,False,174.21099999999998
6672,2935,299,3,725.08,0.0,False,2175.2400000000002
6673,2936,292,1,425.68,0.1,False,383.112
6674,2937,37,1,608.8,0.0,False,608.8
6675,2938,230,1,829.69,0.2,False,663.7520000000001
6676,2938,24,2,696.97,0.0,False,1393.94
6677,2939,257,1,8.4,0.0,False,8.4
6678,2939,204,3,578.66,0.05,False,1649.181
6679,2940,90,1,219.22,0.0,False,219.22
6680,2941,22,1,205.71,0.0,False,205.71
6681,2941,172,1,104.56,0.0,False,104.56
6682,2941,108,1,378.75,0.0,False,378.75
6683,2942,222,1,264.61,0.05,False,251.3795
6684,2942,192,3,697.79,0.0,False,2093.37
6685,2943,193,1,351.11,0.0,False,351.11
6686,2944,217,1,479.18,0.0,False,479.18
6687,2945,71,1,362.18,0.0,False,362.18
6688,2946,293,1,709.48,0.0,False,709.48
6689,2946,127,2,111.4,0.15,False,189.38
6690,2946,204,-1,578.66,0.05,True,-549.727
6691,2946,147,-1,517.03,0.1,True,-465.327
6692,2946,97,2,628.48,0.0,False,1256.96
6693,2947,282,1,280.61,0.0,False,280.61
6694,2947,234,1,486.72,0.0,False,486.72
6695,2948,168,1,649.6,0.0,False,649.6
6696,2949,59,1,287.12,0.05,False,272.764
6697,2949,72,2,286.08,0.0,False,572.16
6698,2949,146,3,443.54,0.0,False,1330.6200000000001
6699,2950,155,1,607.36,0.0,False,607.36
6700,2950,111,1,227.31,0.0,False,227.31
6701,2950,90,1,219.22,0.0,False,219.22
6702,2950,292,2,425.68,0.05,False,808.792
6703,2951,67,1,355.8,0.05,False,338.01
6704,2952,147,1,517.03,0.0,False,517.03
6705,2952,4,1,17.97,0.15,False,15.274499999999998
6706,2953,42,-1,328.75,0.05,True,-312.3125
6707,2953,101,2,488.42,0.0,False,976.84
6708,2953,160,1,150.1,0.0,False,150.1
6709,2953,222,1,264.61,0.0,False,264.61
6710,2954,121,3,183.38,0.05,False,522.6329999999999
6711,2955,212,1,445.65,0.0,False,445.65
6712,2956,39,1,412.64,0.05,False,392.008
6713,2956,148,1,304.48,0.0,False,304.48
6714,2957,252,1,274.43,0.0,False,274.43
6715,2957,176,1,199.39,0.0,False,199.39
6716,2957,76,1,938.11,0.15,False,797.3935
6717,2958,76,1,938.11,0.0,False,938.11
6718,2959,47,1,513.39,0.1,False,462.051
6719,2959,4,1,17.97,0.0,False,17.97
6720,2959,138,1,54.35,0.0,False,54.35
6721,2960,254,1,286.86,0.0,False,286.86
6722,2961,98,1,71.96,0.05,False,68.362
6723,2962,228,2,162.75,0.05,False,309.22499999999997
6724,2962,123,3,840.94,0.15,False,2144.397
6725,2963,200,1,533.81,0.0,False,533.81
6726,2964,281,1,146.98,0.1,False,132.28199999999998
6727,2964,277,1,437.32,0.0,False,437.32
6728,2964,219,1,211.99,0.0,False,211.99
6729,2964,214,1,304.46,0.1,False,274.014
6730,2965,30,3,477.17,0.05,False,1359.9344999999998
6731,2965,33,1,217.73,0.0,False,217.73
6732,2966,199,1,51.0,0.0,False,51.0
6733,2967,259,1,533.22,0.2,False,426.576
6734,2967,214,3,304.46,0.1,False,822.0419999999999
6735,2967,289,1,635.36,0.1,False,571.8240000000001
6736,2967,172,1,104.56,0.0,False,104.56
6737,2968,246,1,574.84,0.0,False,574.84
6738,2968,226,1,211.98,0.1,False,190.78199999999998
6739,2968,65,1,460.75,0.0,False,460.75
6740,2969,99,1,496.87,0.05,False,472.0265
6741,2970,73,1,346.78,0.0,False,346.78
6742,2971,43,1,97.72,0.1,False,87.94800000000001
6743,2971,28,2,749.19,0.15,False,1273.623
6744,2972,136,1,974.39,0.0,False,974.39
6745,2972,144,1,299.76,0.05,False,284.772
6746,2972,58,1,87.55,0.05,False,83.1725
6747,2972,78,2,213.82,0.1,False,384.876
6748,2973,101,-1,488.42,0.0,True,-488.42
6749,2973,112,3,10.73,0.0,False,32.19
6750,2973,174,1,864.84,0.0,False,864.84
6751,2974,221,1,704.75,0.0,False,704.75
6752,2974,275,1,82.62,0.05,False,78.489
6753,2974,142,1,717.32,0.2,False,573.8560000000001
6754,2974,129,2,492.47,0.0,False,984.94
6755,2975,272,1,5.69,0.1,False,5.121
6756,2975,207,2,518.71,0.0,False,1037.42
6757,2975,81,2,779.01,0.0,False,1558.02
6758,2975,192,1,697.79,0.05,False,662.9005
6759,2976,109,2,59.23,0.2,False,94.768
6760,2976,203,1,431.09,0.0,False,431.09
6761,2977,23,1,235.35,0.0,False,235.35
6762,2977,260,3,619.66,0.0,False,1858.98
6764,2978,16,1,245.66,0.1,False,221.094
6765,2979,221,1,704.75,0.0,False,704.75
6766,2979,124,2,640.23,0.1,False,1152.414
6767,2979,165,1,605.76,0.0,False,605.76
6768,2980,82,1,235.49,0.0,False,235.49
6769,2980,25,1,282.92,0.0,False,282.92
6770,2980,172,2,104.56,0.0,False,209.12
6771,2980,20,1,548.49,0.0,False,548.49
6772,2980,137,1,316.92,0.05,False,301.074
6773,2981,70,3,402.01,0.0,False,1206.03
6774,2981,20,1,548.49,0.0,False,548.49
6775,2981,93,1,98.57,0.0,False,98.57
6776,2982,143,2,421.93,0.0,False,843.86
6777,2982,96,1,682.77,0.05,False,648.6315
6778,2982,102,1,396.98,0.1,False,357.28200000000004
6779,2983,239,1,517.8,0.0,False,517.8
6780,2983,97,1,628.48,0.0,False,628.48
6781,2983,129,1,492.47,0.0,False,492.47
6782,2984,265,1,839.64,0.0,False,839.64
6783,2984,253,3,621.95,0.0,False,1865.8500000000001
6784,2984,6,1,531.19,0.0,False,531.19
6785,2985,60,1,148.68,0.0,False,148.68
6786,2986,214,3,304.46,0.0,False,913.3799999999999
6787,2987,134,3,541.79,0.05,False,1544.1014999999998
6788,2988,118,1,611.17,0.0,False,611.17
6789,2989,298,2,238.39,0.05,False,452.941
6790,2989,15,1,536.46,0.1,False,482.814
6791,2989,249,1,682.27,0.0,False,682.27
6792,2990,213,1,111.83,0.15,False,95.0555
6793,2990,279,1,226.81,0.0,False,226.81
6794,2990,86,1,443.6,0.0,False,443.6
6795,2991,72,1,286.08,0.05,False,271.77599999999995
6796,2992,135,1,550.83,0.15,False,468.20550000000003
6797,2992,127,1,111.4,0.0,False,111.4
6798,2993,265,1,839.64,0.0,False,839.64
6799,2994,255,-1,249.2,0.0,True,-249.2
6800,2994,34,1,399.8,0.1,False,359.82
6801,2994,20,1,548.49,0.15,False,466.2165
6802,2995,97,2,628.48,0.0,False,1256.96
6803,2996,282,1,280.61,0.0,False,280.61
6804,2997,29,1,103.82,0.15,False,88.24699999999999
6805,2997,74,2,171.2,0.05,False,325.28
6806,2997,97,1,628.48,0.0,False,628.48
6807,2997,273,1,560.24,0.05,False,532.228
6808,2997,55,1,395.52,0.0,False,395.52
6809,2998,211,1,943.9,0.15,False,802.3149999999999
6810,2999,98,-1,71.96,0.0,True,-71.96
6811,2999,119,1,519.85,0.1,False,467.865
6812,3000,125,1,584.13,0.0,False,584.13
6813,3001,277,3,437.32,0.0,False,1311.96
6814,3002,255,1,249.2,0.0,False,249.2
6815,3002,103,1,456.96,0.0,False,456.96
6816,3002,74,1,171.2,0.0,False,171.2
6817,3003,2,1,807.37,0.1,False,726.633
6818,3003,105,1,375.87,0.15,False,319.4895
6819,3003,201,1,567.68,0.1,False,510.912
6820,3004,84,2,43.2,0.05,False,82.08
6821,3004,214,1,304.46,0.0,False,304.46
6822,3004,270,1,34872.0,0.1,False,31384.8
6823,3004,210,1,177.09,0.0,False,177.09
6824,3005,73,1,346.78,0.05,False,329.441
6825,3006,250,1,8284.0,0.0,False,8284.0
6826,3007,234,1,486.72,0.05,False,462.384
6827,3007,205,1,367.74,0.1,False,330.966
6828,3008,20,-1,548.49,0.0,True,-548.49
6829,3009,40,1,171.89,0.0,False,171.89
6830,3009,187,2,127.57,0.0,False,255.14
6831,3010,73,1,346.78,0.2,False,277.424
6832,3010,245,1,11506.5,0.0,False,11506.5
6833,3010,25,1,282.92,0.05,False,268.774
6834,3011,2,1,807.37,0.0,False,807.37
6835,3011,134,1,541.79,0.05,False,514.7004999999999
6836,3012,211,2,943.9,0.15,False,1604.6299999999999
6837,3012,21,1,614.24,0.0,False,614.24
6838,3013,219,1,211.99,0.0,False,211.99
6839,3013,119,1,519.85,0.0,False,519.85
6840,3014,232,1,71.83,0.0,False,71.83
6841,3015,119,2,519.85,0.0,False,1039.7
6842,3015,236,1,55.21,0.0,False,55.21
6843,3015,68,1,133.13,0.2,False,106.504
6844,3015,7,-1,357.42,0.0,True,-357.42
6845,3015,298,1,238.39,0.05,False,226.4705
6846,3016,36,1,749.87,0.0,False,749.87
6847,3016,283,1,680.49,0.0,False,680.49
6848,3017,199,1,51.0,0.2,False,40.800000000000004
6849,3018,94,2,514.73,0.0,False,1029.46
6850,3018,27,1,686.85,0.0,False,686.85
6851,3019,268,1,23.79,0.05,False,22.600499999999997
6852,3019,96,2,682.77,0.15,False,1160.7089999999998
6853,3019,208,2,260.07,0.0,False,520.14
6854,3019,228,-1,162.75,0.0,True,-162.75
6855,3019,162,1,126.53,0.2,False,101.224
6856,3020,69,1,274.11,0.1,False,246.699
6857,3021,129,3,492.47,0.0,False,1477.41
6858,3021,40,1,171.89,0.0,False,171.89
6859,3021,119,2,519.85,0.0,False,1039.7
6860,3022,197,3,538.79,0.0,False,1616.37
6861,3022,8,1,295.82,0.15,False,251.44699999999997
6862,3023,128,1,686.4,0.0,False,686.4
6863,3024,206,1,612.54,0.05,False,581.9129999999999
6864,3024,12,1,156.75,0.0,False,156.75
6865,3024,14,1,90.93,0.0,False,90.93
6866,3025,161,1,68.77,0.1,False,61.893
6867,3026,14,2,90.93,0.05,False,172.767
6868,3026,76,1,938.11,0.05,False,891.2044999999999
6869,3026,252,1,274.43,0.2,False,219.544
6870,3026,99,1,496.87,0.0,False,496.87
6871,3026,6,1,531.19,0.0,False,531.19
6872,3027,232,1,71.83,0.05,False,68.2385
6873,3027,11,1,216.27,0.0,False,216.27
6874,3028,133,1,479.79,0.0,False,479.79
6875,3029,28,2,749.19,0.0,False,1498.38
6876,3029,271,1,756.22,0.0,False,756.22
6877,3030,248,1,75.61,0.0,False,75.61
6878,3030,278,1,402.71,0.0,False,402.71
6879,3030,260,1,619.66,0.05,False,588.6769999999999
6880,3031,237,1,335.88,0.1,False,302.29200000000003
6881,3032,100,1,283.25,0.15,False,240.7625
6882,3033,64,2,29.71,0.1,False,53.478
6883,3033,106,2,150.04,0.15,False,255.06799999999998
6884,3034,98,3,71.96,0.0,False,215.88
6885,3035,33,2,217.73,0.0,False,435.46
6886,3035,240,1,555.47,0.15,False,472.1495
6887,3035,163,1,598.68,0.05,False,568.746
6888,3035,215,1,501.1,0.15,False,425.935
6889,3036,235,1,370.09,0.0,False,370.09
6890,3036,205,-1,367.74,0.0,True,-367.74
6891,3036,168,1,649.6,0.0,False,649.6
6892,3037,80,1,166.05,0.0,False,166.05
6893,3037,252,2,274.43,0.0,False,548.86
6894,3037,94,1,514.73,0.05,False,488.9935
6896,3037,53,2,192.38,0.1,False,346.284
6897,3038,78,1,213.82,0.1,False,192.438
6898,3039,22,1,205.71,0.2,False,164.568
6899,3039,9,1,66.57,0.05,False,63.24149999999999
6900,3039,211,1,943.9,0.0,False,943.9
6901,3040,227,1,192.19,0.2,False,153.752
6902,3040,172,1,104.56,0.0,False,104.56
6903,3040,124,1,640.23,0.15,False,544.1955
6904,3041,152,1,910.86,0.0,False,910.86
6905,3041,186,1,290.81,0.2,False,232.64800000000002
6906,3041,69,1,274.11,0.0,False,274.11
6907,3041,210,1,177.09,0.15,False,150.5265
6908,3041,81,2,779.01,0.0,False,1558.02
6909,3042,57,1,510.39,0.1,False,459.351
6910,3042,284,1,228.9,0.05,False,217.45499999999998
6911,3043,275,1,82.62,0.0,False,82.62
6912,3043,87,2,564.0,0.0,False,1128.0
6913,3044,184,1,278.4,0.0,False,278.4
6914,3045,264,2,16.2,0.2,False,25.92
6915,3045,23,1,235.35,0.0,False,235.35
6916,3045,281,1,146.98,0.0,False,146.98
6917,3045,297,1,89.43,0.05,False,84.9585
6918,3046,199,1,51.0,0.15,False,43.35
6919,3047,68,1,133.13,0.0,False,133.13
6920,3047,10,1,309.24,0.0,False,309.24
6921,3047,239,1,517.8,0.0,False,517.8
6922,3048,297,1,89.43,0.0,False,89.43
6923,3049,297,1,89.43,0.0,False,89.43
6924,3049,74,3,171.2,0.05,False,487.9199999999999
6925,3050,72,1,286.08,0.0,False,286.08
6926,3050,134,2,541.79,0.1,False,975.222
6927,3050,156,2,372.8,0.0,False,745.6
6928,3050,91,1,369.86,0.0,False,369.86
6929,3051,264,2,16.2,0.0,False,32.4
6930,3052,274,1,528.78,0.0,False,528.78
6931,3052,247,1,708.26,0.0,False,708.26
6932,3053,156,1,372.8,0.1,False,335.52000000000004
6933,3053,98,2,71.96,0.0,False,143.92
6934,3053,125,1,584.13,0.15,False,496.5105
6935,3053,5,1,503.34,0.15,False,427.83899999999994
6936,3053,39,1,412.64,0.0,False,412.64
6937,3054,187,2,127.57,0.0,False,255.14
6938,3055,275,2,82.62,0.0,False,165.24
6939,3055,197,1,538.79,0.15,False,457.97149999999993
6940,3055,257,2,8.4,0.0,False,16.8
6941,3055,78,1,213.82,0.0,False,213.82
6942,3055,209,1,797.01,0.0,False,797.01
6943,3056,156,1,372.8,0.15,False,316.88
6944,3057,67,1,355.8,0.0,False,355.8
6945,3057,119,1,519.85,0.2,False,415.88000000000005
6946,3057,144,1,299.76,0.1,False,269.784
6947,3057,265,1,839.64,0.0,False,839.64
6948,3058,230,1,829.69,0.0,False,829.69
6949,3058,128,1,686.4,0.0,False,686.4
6950,3058,85,1,530.7,0.05,False,504.165
6951,3058,71,1,362.18,0.0,False,362.18
6952,3058,265,1,839.64,0.05,False,797.6579999999999
6953,3059,130,3,454.11,0.0,False,1362.33
6954,3059,209,1,797.01,0.05,False,757.1595
6955,3059,43,3,97.72,0.15,False,249.18599999999998
6956,3059,49,1,850.7,0.2,False,680.5600000000001
6957,3060,25,1,282.92,0.1,False,254.62800000000001
6958,3060,227,1,192.19,0.0,False,192.19
6959,3061,75,1,299.66,0.0,False,299.66
6960,3062,127,1,111.4,0.05,False,105.83
6961,3062,157,1,701.5,0.0,False,701.5
6962,3063,247,2,708.26,0.0,False,1416.52
6963,3063,193,1,351.11,0.05,False,333.5545
6964,3064,91,2,369.86,0.0,False,739.72
6965,3065,55,1,395.52,0.05,False,375.74399999999997
6966,3065,55,1,395.52,0.1,False,355.968
6967,3066,147,1,517.03,0.1,False,465.327
6968,3066,299,1,725.08,0.1,False,652.572
6969,3067,47,1,513.39,0.0,False,513.39
6970,3068,202,1,514.85,0.0,False,514.85
6971,3068,194,2,222.76,0.0,False,445.52
6972,3068,199,1,51.0,0.0,False,51.0
6973,3069,135,1,550.83,0.1,False,495.74700000000007
6974,3070,248,1,75.61,0.0,False,75.61
6975,3070,71,3,362.18,0.15,False,923.559
6976,3071,205,1,367.74,0.0,False,367.74
6977,3071,107,2,963.92,0.0,False,1927.84
6978,3071,199,1,51.0,0.15,False,43.35
6979,3071,116,1,862.37,0.15,False,733.0145
6980,3071,10,1,309.24,0.0,False,309.24
6981,3072,71,1,362.18,0.1,False,325.962
6982,3072,21,1,614.24,0.1,False,552.816
6983,3072,12,1,156.75,0.05,False,148.9125
6984,3072,7,1,357.42,0.0,False,357.42
6985,3073,258,1,626.09,0.2,False,500.87200000000007
6986,3073,127,1,111.4,0.15,False,94.69
6987,3074,200,1,533.81,0.05,False,507.1194999999999
6988,3074,276,1,341.21,0.15,False,290.02849999999995
6989,3075,180,2,843.45,0.1,False,1518.21
6990,3075,49,2,850.7,0.0,False,1701.4
6991,3076,45,1,511.39,0.0,False,511.39
6992,3076,113,1,55.28,0.0,False,55.28
6993,3076,157,1,701.5,0.0,False,701.5
6994,3076,145,1,61.15,0.0,False,61.15
6995,3076,221,3,704.75,0.0,False,2114.25
6996,3077,169,3,458.05,0.0,False,1374.15
6997,3078,190,1,707.42,0.0,False,707.42
6998,3078,15,2,536.46,0.05,False,1019.274
6999,3078,279,1,226.81,0.2,False,181.448
7000,3079,150,3,182.12,0.05,False,519.042
7001,3080,219,1,211.99,0.1,False,190.79100000000003
7002,3081,191,1,457.7,0.0,False,457.7
7003,3082,152,2,910.86,0.1,False,1639.548
7004,3082,12,1,156.75,0.15,False,133.23749999999998
7005,3083,233,1,82.49,0.1,False,74.241
7006,3083,218,1,127.17,0.0,False,127.17
7007,3083,241,1,306.12,0.0,False,306.12
7008,3083,218,1,127.17,0.05,False,120.8115
7009,3083,117,2,567.69,0.1,False,1021.8420000000001
7010,3084,146,2,443.54,0.0,False,887.08
7011,3084,296,1,361.73,0.0,False,361.73
7012,3084,197,1,538.79,0.15,False,457.97149999999993
7013,3085,247,1,708.26,0.0,False,708.26
7014,3085,222,1,264.61,0.05,False,251.3795
7015,3085,226,2,211.98,0.1,False,381.56399999999996
7016,3086,30,1,477.17,0.0,False,477.17
7017,3086,52,2,12.48,0.1,False,22.464000000000002
7018,3086,222,1,264.61,0.05,False,251.3795
7019,3087,123,1,840.94,0.1,False,756.8460000000001
7020,3087,107,-1,963.92,0.0,True,-963.92
7021,3087,265,1,839.64,0.0,False,839.64
7022,3088,230,1,829.69,0.0,False,829.69
7023,3088,217,1,479.18,0.05,False,455.221
7024,3089,279,1,226.81,0.05,False,215.46949999999998
7025,3089,131,1,797.13,0.0,False,797.13
7026,3089,196,1,518.75,0.0,False,518.75
7027,3090,85,1,530.7,0.15,False,451.095
7028,3091,274,2,528.78,0.0,False,1057.56
7029,3091,78,2,213.82,0.1,False,384.876
7030,3091,10,2,309.24,0.15,False,525.708
7031,3091,245,1,11506.5,0.0,False,11506.5
7032,3092,2,1,807.37,0.0,False,807.37
7033,3092,194,-1,222.76,0.15,True,-189.34599999999998
7034,3093,220,1,475.38,0.2,False,380.30400000000003
7035,3093,15,3,536.46,0.1,False,1448.4420000000002
7036,3093,286,1,47.93,0.0,False,47.93
7037,3093,64,1,29.71,0.0,False,29.71
7038,3094,204,2,578.66,0.05,False,1099.454
7039,3094,50,1,240.1,0.0,False,240.1
7040,3095,86,2,443.6,0.0,False,887.2
7041,3095,20,1,548.49,0.1,False,493.641
7042,3095,72,1,286.08,0.1,False,257.472
7043,3096,134,1,541.79,0.0,False,541.79
7044,3096,281,1,146.98,0.0,False,146.98
7046,3097,240,1,555.47,0.1,False,499.92300000000006
7047,3098,240,2,555.47,0.0,False,1110.94
7048,3098,46,2,397.56,0.05,False,755.3639999999999
7049,3098,114,1,23.97,0.2,False,19.176
7050,3099,197,1,538.79,0.1,False,484.911
7051,3099,53,1,192.38,0.1,False,173.142
7052,3100,18,2,35.67,0.0,False,71.34
7053,3100,59,1,287.12,0.1,False,258.408
7054,3100,32,1,338.4,0.0,False,338.4
7055,3101,43,1,97.72,0.0,False,97.72
7056,3101,17,1,953.82,0.0,False,953.82
7057,3102,282,1,280.61,0.0,False,280.61
7058,3103,200,3,533.81,0.05,False,1521.3584999999998
7059,3104,291,1,19.78,0.15,False,16.813
7060,3104,96,1,682.77,0.0,False,682.77
7061,3104,139,1,835.42,0.1,False,751.8779999999999
7062,3104,205,1,367.74,0.15,False,312.579
7063,3104,177,1,156.12,0.0,False,156.12
7064,3105,143,2,421.93,0.0,False,843.86
7065,3105,288,1,515.26,0.1,False,463.734
7066,3105,61,1,512.76,0.0,False,512.76
7067,3106,32,2,338.4,0.0,False,676.8
7068,3106,270,1,34872.0,0.0,False,34872.0
7069,3107,103,1,456.96,0.2,False,365.568
7070,3107,227,2,192.19,0.0,False,384.38
7071,3107,31,2,976.57,0.05,False,1855.483
7072,3107,31,1,976.57,0.0,False,976.57
7073,3108,96,2,682.77,0.0,False,1365.54
7074,3109,295,3,139.02,0.05,False,396.20700000000005
7075,3109,37,2,608.8,0.15,False,1034.9599999999998
7076,3109,225,1,939.11,0.0,False,939.11
7077,3110,197,1,538.79,0.0,False,538.79
7078,3110,93,2,98.57,0.0,False,197.14
7079,3110,150,1,182.12,0.1,False,163.90800000000002
7080,3111,96,1,682.77,0.1,False,614.493
7081,3111,45,1,511.39,0.0,False,511.39
7082,3112,169,2,458.05,0.0,False,916.1
7083,3112,36,1,749.87,0.0,False,749.87
7084,3112,28,1,749.19,0.0,False,749.19
7085,3112,237,1,335.88,0.0,False,335.88
7086,3113,21,1,614.24,0.1,False,552.816
7087,3114,248,2,75.61,0.05,False,143.659
7088,3115,237,1,335.88,0.0,False,335.88
7089,3115,34,1,399.8,0.0,False,399.8
7090,3116,134,1,541.79,0.05,False,514.7004999999999
7091,3116,63,2,430.39,0.0,False,860.78
7092,3117,191,1,457.7,0.05,False,434.81499999999994
7093,3118,53,1,192.38,0.2,False,153.904
7094,3118,232,1,71.83,0.0,False,71.83
7095,3119,287,1,754.14,0.05,False,716.433
7096,3119,174,1,864.84,0.1,False,778.356
7097,3119,170,1,723.66,0.0,False,723.66
7098,3120,67,1,355.8,0.0,False,355.8
7099,3120,58,1,87.55,0.15,False,74.41749999999999
7100,3121,246,1,574.84,0.2,False,459.87200000000007
7101,3121,104,1,957.31,0.0,False,957.31
7102,3122,10,1,309.24,0.05,False,293.778
7103,3123,295,2,139.02,0.0,False,278.04
7104,3124,140,2,500.02,0.2,False,800.032
7105,3124,151,1,625.19,0.0,False,625.19
7106,3125,152,2,910.86,0.0,False,1821.72
7107,3126,274,1,528.78,0.0,False,528.78
7108,3127,185,3,582.19,0.2,False,1397.2560000000003
7109,3127,98,1,71.96,0.15,False,61.16599999999999
7110,3127,191,3,457.7,0.0,False,1373.1
7111,3127,142,1,717.32,0.0,False,717.32
7112,3128,255,2,249.2,0.0,False,498.4
7113,3128,28,1,749.19,0.15,False,636.8115
7114,3128,62,1,244.7,0.0,False,244.7
7115,3129,218,1,127.17,0.0,False,127.17
7116,3129,112,2,10.73,0.1,False,19.314
7117,3129,134,1,541.79,0.0,False,541.79
7118,3130,157,1,701.5,0.0,False,701.5
7119,3130,154,1,115.68,0.0,False,115.68
7120,3130,204,1,578.66,0.0,False,578.66
7121,3131,59,1,287.12,0.0,False,287.12
7122,3131,9,3,66.57,0.0,False,199.70999999999998
7123,3132,85,1,530.7,0.0,False,530.7
7124,3132,209,1,797.01,0.0,False,797.01
7125,3133,31,1,976.57,0.0,False,976.57
7126,3133,17,2,953.82,0.0,False,1907.64
7127,3133,263,2,222.36,0.0,False,444.72
7128,3134,263,2,222.36,0.0,False,444.72
7129,3134,151,1,625.19,0.0,False,625.19
7130,3134,270,1,34872.0,0.0,False,34872.0
7131,3135,95,1,711.68,0.0,False,711.68
7132,3135,48,1,231.62,0.0,False,231.62
7133,3135,55,1,395.52,0.0,False,395.52
7134,3135,294,1,141.94,0.0,False,141.94
7135,3135,38,1,364.99,0.0,False,364.99
7136,3136,295,1,139.02,0.0,False,139.02
7137,3136,72,1,286.08,0.15,False,243.16799999999998
7138,3136,131,1,797.13,0.05,False,757.2735
7139,3136,231,1,410.59,0.0,False,410.59
7140,3136,137,1,316.92,0.1,False,285.228
7141,3137,207,2,518.71,0.2,False,829.9360000000001
7142,3138,4,1,17.97,0.0,False,17.97
7143,3139,24,-1,696.97,0.15,True,-592.4245
7144,3139,46,1,397.56,0.0,False,397.56
7146,3140,258,1,626.09,0.0,False,626.09
7147,3141,122,1,607.34,0.0,False,607.34
7148,3141,121,1,183.38,0.0,False,183.38
7149,3141,234,1,486.72,0.0,False,486.72
7150,3142,85,1,530.7,0.05,False,504.165
7151,3142,154,1,115.68,0.15,False,98.328
7152,3143,47,1,513.39,0.0,False,513.39
7153,3144,279,2,226.81,0.0,False,453.62
7154,3145,206,1,612.54,0.0,False,612.54
7155,3145,289,1,635.36,0.05,False,603.592
7156,3145,161,3,68.77,0.05,False,195.9945
7157,3145,240,3,555.47,0.0,False,1666.41
7158,3145,35,1,425.48,0.0,False,425.48
7159,3146,151,1,625.19,0.0,False,625.19
7160,3147,51,1,863.34,0.0,False,863.34
7161,3148,96,1,682.77,0.15,False,580.3544999999999
7162,3149,148,1,304.48,0.05,False,289.25600000000003
7163,3149,77,1,103.53,0.05,False,98.3535
7164,3150,36,1,749.87,0.0,False,749.87
7165,3150,264,3,16.2,0.0,False,48.599999999999994
7166,3151,164,1,446.58,0.05,False,424.251
7167,3151,62,1,244.7,0.0,False,244.7
7168,3151,216,3,492.92,0.0,False,1478.76
7169,3151,66,2,447.18,0.0,False,894.36
7170,3152,219,2,211.99,0.05,False,402.781
7171,3152,153,1,530.38,0.0,False,530.38
7172,3152,26,1,259.69,0.05,False,246.70549999999997
7173,3153,25,1,282.92,0.2,False,226.336
7174,3153,271,1,756.22,0.1,False,680.5980000000001
7175,3154,165,2,605.76,0.05,False,1150.944
7176,3155,131,1,797.13,0.05,False,757.2735
7177,3156,28,1,749.19,0.1,False,674.2710000000001
7178,3156,158,-1,282.03,0.0,True,-282.03
7179,3156,135,1,550.83,0.05,False,523.2885
7180,3156,142,1,717.32,0.15,False,609.722
7181,3157,116,1,862.37,0.0,False,862.37
7182,3157,15,1,536.46,0.0,False,536.46
7183,3158,203,1,431.09,0.15,False,366.4265
7184,3158,110,1,52.92,0.0,False,52.92
7185,3159,28,1,749.19,0.0,False,749.19
7186,3159,98,2,71.96,0.0,False,143.92
7187,3160,114,1,23.97,0.05,False,22.7715
7188,3160,109,1,59.23,0.0,False,59.23
7189,3160,24,1,696.97,0.0,False,696.97
7190,3160,21,1,614.24,0.0,False,614.24
7191,3160,281,1,146.98,0.0,False,146.98
7192,3161,283,2,680.49,0.0,False,1360.98
7193,3161,214,2,304.46,0.15,False,517.582
7194,3161,260,1,619.66,0.0,False,619.66
7195,3162,116,2,862.37,0.0,False,1724.74
7196,3162,72,2,286.08,0.05,False,543.5519999999999
7197,3163,118,1,611.17,0.2,False,488.936
7198,3163,267,1,253.7,0.05,False,241.015
7199,3163,145,1,61.15,0.0,False,61.15
7200,3163,250,1,8284.0,0.0,False,8284.0
7201,3163,47,2,513.39,0.0,False,1026.78
7202,3164,10,1,309.24,0.0,False,309.24
7203,3165,275,3,82.62,0.1,False,223.074
7204,3166,187,1,127.57,0.0,False,127.57
7205,3167,47,1,513.39,0.0,False,513.39
7206,3167,152,1,910.86,0.0,False,910.86
7207,3167,2,2,807.37,0.05,False,1534.003
7208,3167,45,1,511.39,0.0,False,511.39
7209,3167,92,1,148.78,0.0,False,148.78
7210,3168,270,1,34872.0,0.15,False,29641.2
7211,3168,191,1,457.7,0.0,False,457.7
7212,3169,119,1,519.85,0.2,False,415.88000000000005
7213,3169,198,1,266.02,0.0,False,266.02
7214,3170,31,1,976.57,0.1,False,878.913
7215,3170,13,1,152.16,0.0,False,152.16
7216,3171,200,3,533.81,0.2,False,1281.144
7217,3171,299,1,725.08,0.1,False,652.572
7218,3171,152,1,910.86,0.0,False,910.86
7219,3172,90,-1,219.22,0.0,True,-219.22
7220,3172,77,1,103.53,0.05,False,98.3535
7221,3173,45,1,511.39,0.0,False,511.39
7222,3173,214,1,304.46,0.0,False,304.46
7223,3173,258,1,626.09,0.15,False,532.1765
7224,3173,39,1,412.64,0.0,False,412.64
7225,3174,180,1,843.45,0.1,False,759.105
7227,3175,267,1,253.7,0.0,False,253.7
7228,3175,83,1,243.1,0.1,False,218.79
7229,3176,229,1,690.53,0.0,False,690.53
7230,3177,247,1,708.26,0.0,False,708.26
7231,3177,63,1,430.39,0.0,False,430.39
7232,3178,272,1,5.69,0.15,False,4.8365
7233,3178,277,1,437.32,0.0,False,437.32
7234,3178,288,1,515.26,0.0,False,515.26
7235,3178,283,-1,680.49,0.0,True,-680.49
7236,3178,191,1,457.7,0.0,False,457.7
7237,3179,147,1,517.03,0.0,False,517.03
7238,3179,206,1,612.54,0.0,False,612.54
7239,3180,28,2,749.19,0.0,False,1498.38
7240,3181,225,3,939.11,0.05,False,2676.4635
7241,3181,192,2,697.79,0.0,False,1395.58
7242,3182,135,2,550.83,0.0,False,1101.66
7243,3183,201,3,567.68,0.2,False,1362.432
7244,3184,79,1,308.93,0.0,False,308.93
7245,3184,59,1,287.12,0.0,False,287.12
7246,3185,51,1,863.34,0.05,False,820.173
7247,3186,8,2,295.82,0.0,False,591.64
7248,3186,266,1,110.99,0.0,False,110.99
7249,3187,239,2,517.8,0.0,False,1035.6
7250,3188,219,1,211.99,0.0,False,211.99
7251,3188,52,1,12.48,0.15,False,10.608
7252,3189,134,1,541.79,0.15,False,460.52149999999995
7253,3190,295,1,139.02,0.0,False,139.02
7254,3190,280,1,121.8,0.0,False,121.8
7255,3191,265,1,839.64,0.05,False,797.6579999999999
7256,3192,10,1,309.24,0.1,False,278.31600000000003
7257,3192,46,1,397.56,0.0,False,397.56
7258,3192,195,1,132.26,0.1,False,119.03399999999999
7259,3193,287,2,754.14,0.0,False,1508.28
7260,3193,207,2,518.71,0.0,False,1037.42
7261,3193,52,1,12.48,0.0,False,12.48
7262,3193,13,1,152.16,0.0,False,152.16
7263,3193,103,2,456.96,0.0,False,913.92
7264,3194,177,1,156.12,0.2,False,124.89600000000002
7265,3194,181,1,37.18,0.0,False,37.18
7266,3195,139,2,835.42,0.15,False,1420.214
7267,3196,276,1,341.21,0.0,False,341.21
7268,3197,95,1,711.68,0.0,False,711.68
7269,3197,83,1,243.1,0.1,False,218.79
7270,3197,183,1,942.96,0.0,False,942.96
7271,3197,3,1,978.72,0.0,False,978.72
7272,3198,21,1,614.24,0.0,False,614.24
7273,3198,298,1,238.39,0.0,False,238.39
7274,3198,110,3,52.92,0.0,False,158.76
7275,3199,265,1,839.64,0.05,False,797.6579999999999
7276,3199,72,1,286.08,0.0,False,286.08
7277,3199,27,1,686.85,0.0,False,686.85
7278,3199,77,1,103.53,0.0,False,103.53
7279,3199,44,3,6.81,0.15,False,17.3655
7280,3200,230,1,829.69,0.0,False,829.69
7281,3201,250,1,8284.0,0.0,False,8284.0
7282,3201,244,1,263.25,0.0,False,263.25
7283,3202,65,1,460.75,0.0,False,460.75
7284,3203,19,1,727.02,0.2,False,581.616
7285,3203,135,1,550.83,0.0,False,550.83
7286,3203,111,1,227.31,0.1,False,204.579
7287,3204,234,1,486.72,0.1,False,438.04800000000006
7288,3205,282,1,280.61,0.0,False,280.61
7289,3206,253,1,621.95,0.0,False,621.95
7290,3207,80,1,166.05,0.0,False,166.05
7291,3207,131,1,797.13,0.0,False,797.13
7292,3208,199,1,51.0,0.1,False,45.9
7293,3209,139,1,835.42,0.0,False,835.42
7294,3209,20,2,548.49,0.0,False,1096.98
7295,3209,59,2,287.12,0.0,False,574.24
7296,3209,28,1,749.19,0.0,False,749.19
7297,3210,93,1,98.57,0.0,False,98.57
7298,3210,10,1,309.24,0.0,False,309.24
7299,3211,110,1,52.92,0.0,False,52.92
7300,3212,200,1,533.81,0.15,False,453.73849999999993
7301,3212,64,1,29.71,0.0,False,29.71
7302,3212,235,3,370.09,0.0,False,1110.27
7303,3212,107,1,963.92,0.1,False,867.528
7304,3213,9,1,66.57,0.0,False,66.57
7305,3213,182,1,500.91,0.0,False,500.91
7306,3214,38,1,364.99,0.2,False,291.992
7307,3214,13,1,152.16,0.0,False,152.16
7308,3214,119,3,519.85,0.05,False,1481.5725
7309,3214,68,2,133.13,0.0,False,266.26
7310,3215,113,1,55.28,0.0,False,55.28
7311,3215,214,1,304.46,0.0,False,304.46
7312,3216,50,1,240.1,0.15,False,204.08499999999998
7313,3216,15,1,536.46,0.0,False,536.46
7314,3216,293,1,709.48,0.0,False,709.48
7315,3217,203,1,431.09,0.0,False,431.09
7316,3217,22,2,205.71,0.0,False,411.42
7317,3218,297,1,89.43,0.0,False,89.43
7318,3218,240,1,555.47,0.0,False,555.47
7319,3219,226,2,211.98,0.2,False,339.168
7320,3219,113,1,55.28,0.0,False,55.28
7321,3220,73,1,346.78,0.0,False,346.78
7322,3221,147,1,517.03,0.0,False,517.03
7323,3221,49,1,850.7,0.0,False,850.7
7324,3221,162,3,126.53,0.0,False,379.59000000000003
7325,3222,39,2,412.64,0.0,False,825.28
7326,3222,44,1,6.81,0.0,False,6.81
7327,3223,235,-1,370.09,0.0,True,-370.09
7328,3224,170,1,723.66,0.15,False,615.111
7329,3224,166,1,278.38,0.2,False,222.704
7330,3224,221,-1,704.75,0.0,True,-704.75
7331,3224,153,1,530.38,0.05,False,503.861
7332,3224,23,1,235.35,0.0,False,235.35
7333,3225,294,1,141.94,0.05,False,134.843
7334,3225,189,1,24.7,0.0,False,24.7
7335,3226,111,1,227.31,0.0,False,227.31
7336,3227,281,1,146.98,0.0,False,146.98
7337,3228,63,1,430.39,0.0,False,430.39
7338,3229,33,1,217.73,0.15,False,185.07049999999998
7339,3230,121,1,183.38,0.0,False,183.38
7340,3231,300,1,133.29,0.15,False,113.2965
7341,3231,102,1,396.98,0.0,False,396.98
7342,3232,196,1,518.75,0.0,False,518.75
7343,3232,57,3,510.39,0.15,False,1301.4945
7344,3232,92,1,148.78,0.0,False,148.78
7345,3233,150,1,182.12,0.0,False,182.12
7346,3233,176,1,199.39,0.0,False,199.39
7347,3233,145,1,61.15,0.0,False,61.15
7348,3233,103,1,456.96,0.0,False,456.96
7349,3234,109,3,59.23,0.0,False,177.69
7350,3234,141,1,251.45,0.0,False,251.45
7351,3235,275,1,82.62,0.2,False,66.096
7352,3235,123,1,840.94,0.0,False,840.94
7353,3236,250,1,8284.0,0.15,False,7041.4
7355,3236,106,1,150.04,0.05,False,142.53799999999998
7356,3236,66,1,447.18,0.2,False,357.744
7357,3237,100,1,283.25,0.15,False,240.7625
7358,3237,208,1,260.07,0.05,False,247.0665
7359,3238,41,1,376.48,0.0,False,376.48
7360,3239,228,-1,162.75,0.0,True,-162.75
7361,3240,189,1,24.7,0.1,False,22.23
7362,3240,151,1,625.19,0.0,False,625.19
7363,3240,157,1,701.5,0.15,False,596.275
7364,3240,278,1,402.71,0.0,False,402.71
7365,3241,146,3,443.54,0.0,False,1330.6200000000001
7366,3242,127,1,111.4,0.0,False,111.4
7367,3243,101,1,488.42,0.0,False,488.42
7368,3243,71,1,362.18,0.0,False,362.18
7369,3243,258,1,626.09,0.0,False,626.09
7370,3243,132,2,299.38,0.0,False,598.76
7371,3244,198,1,266.02,0.0,False,266.02
7372,3244,160,3,150.1,0.0,False,450.29999999999995
7373,3245,67,1,355.8,0.0,False,355.8
7374,3245,178,1,563.12,0.2,False,450.49600000000004
7375,3246,159,1,818.3,0.0,False,818.3
7376,3246,62,1,244.7,0.2,False,195.76
7377,3247,1,1,433.54,0.2,False,346.83200000000005
7378,3247,194,1,222.76,0.05,False,211.62199999999999
7379,3248,88,3,275.21,0.2,False,660.5039999999999
7380,3248,260,2,619.66,0.0,False,1239.32
7381,3248,47,-1,513.39,0.15,True,-436.38149999999996
7382,3248,290,1,908.96,0.0,False,908.96
7383,3249,217,2,479.18,0.05,False,910.442
7384,3249,64,2,29.71,0.0,False,59.42
7385,3249,13,1,152.16,0.0,False,152.16
7386,3249,233,2,82.49,0.05,False,156.731
7387,3250,71,1,362.18,0.15,False,307.853
7388,3250,189,1,24.7,0.1,False,22.23
7389,3250,228,-1,162.75,0.05,True,-154.61249999999998
7390,3251,188,1,550.0,0.0,False,550.0
7391,3252,263,2,222.36,0.2,False,355.77600000000007
7392,3252,184,1,278.4,0.0,False,278.4
7393,3252,225,1,939.11,0.0,False,939.11
7394,3252,300,2,133.29,0.0,False,266.58
7395,3252,164,3,446.58,0.1,False,1205.766
7396,3253,232,3,71.83,0.1,False,193.941
7397,3253,296,1,361.73,0.05,False,343.6435
7398,3253,289,1,635.36,0.0,False,635.36
7399,3254,75,1,299.66,0.0,False,299.66
7400,3254,44,1,6.81,0.1,False,6.129
7401,3254,183,2,942.96,0.0,False,1885.92
7402,3255,212,1,445.65,0.15,False,378.80249999999995
7403,3255,243,1,746.93,0.0,False,746.93
7404,3256,109,1,59.23,0.0,False,59.23
7405,3256,219,1,211.99,0.0,False,211.99
7406,3257,258,1,626.09,0.2,False,500.87200000000007
7407,3258,167,1,39.88,0.0,False,39.88
7408,3259,214,1,304.46,0.0,False,304.46
7409,3259,1,2,433.54,0.1,False,780.3720000000001
7410,3260,191,1,457.7,0.0,False,457.7
7411,3260,290,1,908.96,0.0,False,908.96
7412,3260,11,1,216.27,0.0,False,216.27
7413,3260,133,1,479.79,0.2,False,383.83200000000005
7414,3261,55,1,395.52,0.1,False,355.968
7415,3261,172,1,104.56,0.15,False,88.876
7416,3261,71,3,362.18,0.0,False,1086.54
7417,3261,95,1,711.68,0.0,False,711.68
7418,3261,118,3,611.17,0.15,False,1558.4834999999998
7419,3262,223,1,57.85,0.0,False,57.85
7420,3263,29,2,103.82,0.0,False,207.64
7421,3264,240,1,555.47,0.15,False,472.1495
7422,3264,197,2,538.79,0.0,False,1077.58
7423,3265,46,1,397.56,0.0,False,397.56
7424,3265,12,2,156.75,0.05,False,297.825
7425,3266,265,-1,839.64,0.15,True,-713.694
7426,3267,149,1,382.77,0.0,False,382.77
7427,3267,81,1,779.01,0.05,False,740.0595
7428,3267,128,3,686.4,0.0,False,2059.2
7429,3268,197,1,538.79,0.05,False,511.85049999999995
7430,3268,90,1,219.22,0.0,False,219.22
7431,3269,210,3,177.09,0.2,False,425.016
7432,3269,208,1,260.07,0.1,False,234.063
7433,3270,220,1,475.38,0.0,False,475.38
7434,3270,125,1,584.13,0.0,False,584.13
7435,3271,284,1,228.9,0.0,False,228.9
7436,3271,135,1,550.83,0.05,False,523.2885
7437,3272,243,1,746.93,0.2,False,597.544
7438,3272,198,2,266.02,0.15,False,452.234
7439,3272,77,1,103.53,0.0,False,103.53
7440,3273,35,1,425.48,0.0,False,425.48
7441,3273,280,1,121.8,0.0,False,121.8
7442,3273,113,1,55.28,0.0,False,55.28
7443,3273,146,1,443.54,0.0,False,443.54
7444,3274,69,1,274.11,0.0,False,274.11
7445,3274,33,1,217.73,0.1,False,195.957
7446,3274,45,1,511.39,0.0,False,511.39
7447,3275,68,1,133.13,0.0,False,133.13
7448,3275,223,1,57.85,0.15,False,49.1725
7449,3276,242,1,166.1,0.0,False,166.1
7450,3276,158,1,282.03,0.15,False,239.72549999999998
7451,3276,92,1,148.78,0.0,False,148.78
7452,3277,182,1,500.91,0.0,False,500.91
7453,3277,253,1,621.95,0.0,False,621.95
7454,3278,46,1,397.56,0.1,False,357.80400000000003
7455,3278,164,1,446.58,0.0,False,446.58
7456,3279,178,1,563.12,0.05,False,534.9639999999999
7457,3280,221,2,704.75,0.0,False,1409.5
7458,3280,235,2,370.09,0.1,False,666.1619999999999
7459,3280,268,1,23.79,0.0,False,23.79
7460,3280,259,1,533.22,0.1,False,479.898
7461,3281,296,3,361.73,0.15,False,922.4115
7462,3282,225,3,939.11,0.0,False,2817.33
7463,3283,201,1,567.68,0.15,False,482.52799999999996
7464,3283,4,1,17.97,0.05,False,17.071499999999997
7465,3283,254,2,286.86,0.0,False,573.72
7466,3283,234,1,486.72,0.0,False,486.72
7467,3284,93,1,98.57,0.0,False,98.57
7468,3284,31,1,976.57,0.0,False,976.57
7469,3285,207,-1,518.71,0.0,True,-518.71
7470,3285,260,-1,619.66,0.05,True,-588.6769999999999
7471,3286,17,3,953.82,0.0,False,2861.46
7472,3287,214,1,304.46,0.0,False,304.46
7473,3287,160,1,150.1,0.0,False,150.1
7474,3287,159,1,818.3,0.1,False,736.47
7475,3288,198,2,266.02,0.0,False,532.04
7476,3288,29,1,103.82,0.0,False,103.82
7477,3288,9,1,66.57,0.1,False,59.913
7478,3289,203,1,431.09,0.15,False,366.4265
7479,3289,14,1,90.93,0.0,False,90.93
7480,3290,50,1,240.1,0.0,False,240.1
7481,3290,258,1,626.09,0.1,False,563.481
7482,3290,32,1,338.4,0.0,False,338.4
7483,3291,217,2,479.18,0.15,False,814.606
7484,3291,116,1,862.37,0.0,False,862.37
7485,3292,23,1,235.35,0.1,False,211.815
7486,3292,139,1,835.42,0.05,False,793.6489999999999
7487,3292,180,1,843.45,0.15,False,716.9325
7488,3293,164,1,446.58,0.0,False,446.58
7489,3294,124,2,640.23,0.05,False,1216.437
7490,3294,72,2,286.08,0.2,False,457.728
7491,3295,69,1,274.11,0.0,False,274.11
7492,3296,19,1,727.02,0.2,False,581.616
7493,3297,171,1,14.73,0.05,False,13.9935
7494,3297,123,1,840.94,0.0,False,840.94
7495,3298,220,1,475.38,0.0,False,475.38
7496,3299,193,1,351.11,0.05,False,333.5545
7497,3299,294,1,141.94,0.0,False,141.94
7498,3299,220,-1,475.38,0.1,True,-427.842
7499,3299,9,1,66.57,0.0,False,66.57
7500,3300,104,1,957.31,0.0,False,957.31
7501,3301,41,1,376.48,0.0,False,376.48
7502,3301,82,1,235.49,0.0,False,235.49
7503,3301,123,2,840.94,0.0,False,1681.88
7504,3301,9,1,66.57,0.0,False,66.57
7505,3301,82,2,235.49,0.1,False,423.882
7506,3302,237,1,335.88,0.15,False,285.498
7507,3302,152,1,910.86,0.0,False,910.86
7508,3302,158,1,282.03,0.0,False,282.03
7509,3303,300,1,133.29,0.0,False,133.29
7510,3303,12,3,156.75,0.0,False,470.25
7511,3304,166,1,278.38,0.1,False,250.542
7512,3304,65,1,460.75,0.0,False,460.75
7513,3304,37,1,608.8,0.15,False,517.4799999999999
7514,3305,56,1,186.07,0.05,False,176.76649999999998
7515,3305,110,1,52.92,0.0,False,52.92
7516,3305,117,1,567.69,0.0,False,567.69
7517,3306,28,1,749.19,0.05,False,711.7305
7518,3306,109,1,59.23,0.0,False,59.23
7519,3307,16,3,245.66,0.0,False,736.98
7520,3307,26,1,259.69,0.0,False,259.69
7521,3308,43,1,97.72,0.05,False,92.83399999999999
7522,3309,289,1,635.36,0.15,False,540.056
7523,3310,266,1,110.99,0.2,False,88.792
7524,3310,190,1,707.42,0.0,False,707.42
7525,3310,278,1,402.71,0.1,False,362.43899999999996
7526,3311,254,1,286.86,0.0,False,286.86
7527,3311,134,1,541.79,0.15,False,460.52149999999995
7528,3312,140,1,500.02,0.05,False,475.01899999999995
7529,3313,249,3,682.27,0.0,False,2046.81
7530,3314,47,1,513.39,0.0,False,513.39
7531,3314,107,2,963.92,0.0,False,1927.84
7532,3315,193,1,351.11,0.0,False,351.11
7533,3315,140,1,500.02,0.0,False,500.02
7534,3315,130,2,454.11,0.2,False,726.576
7535,3316,89,3,247.06,0.0,False,741.1800000000001
7536,3316,228,1,162.75,0.05,False,154.61249999999998
7537,3316,243,1,746.93,0.1,False,672.237
7538,3317,266,1,110.99,0.15,False,94.3415
7539,3317,180,1,843.45,0.0,False,843.45
7540,3318,86,1,443.6,0.1,False,399.24
7541,3318,214,1,304.46,0.15,False,258.791
7542,3318,181,1,37.18,0.15,False,31.602999999999998
7543,3318,186,1,290.81,0.05,False,276.2695
7544,3318,223,1,57.85,0.05,False,54.957499999999996
7545,3319,34,1,399.8,0.0,False,399.8
7546,3319,162,1,126.53,0.0,False,126.53
7547,3319,110,2,52.92,0.0,False,105.84
7548,3320,120,1,146.96,0.0,False,146.96
7549,3320,18,1,35.67,0.0,False,35.67
7550,3320,129,1,492.47,0.0,False,492.47
7552,3320,234,1,486.72,0.0,False,486.72
7553,3320,57,1,510.39,0.05,False,484.8705
7554,3321,241,1,306.12,0.2,False,244.89600000000002
7555,3321,148,1,304.48,0.0,False,304.48
7556,3321,257,-1,8.4,0.0,True,-8.4
7557,3321,11,2,216.27,0.0,False,432.54
7558,3321,25,1,282.92,0.05,False,268.774
7559,3322,24,1,696.97,0.2,False,557.576
7560,3322,173,1,587.7,0.0,False,587.7
7561,3322,215,1,501.1,0.0,False,501.1
7562,3322,69,1,274.11,0.05,False,260.4045
7563,3323,117,1,567.69,0.0,False,567.69
7564,3324,226,1,211.98,0.0,False,211.98
7565,3324,258,1,626.09,0.0,False,626.09
7566,3324,183,3,942.96,0.1,False,2545.992
7567,3325,276,1,341.21,0.0,False,341.21
7568,3326,120,1,146.96,0.05,False,139.612
7569,3327,144,1,299.76,0.0,False,299.76
7570,3328,136,3,974.39,0.05,False,2777.0115
7571,3329,227,1,192.19,0.0,False,192.19
7572,3329,263,1,222.36,0.0,False,222.36
7573,3330,232,1,71.83,0.05,False,68.2385
7574,3330,53,1,192.38,0.05,False,182.761
7575,3331,100,1,283.25,0.0,False,283.25
7576,3331,17,1,953.82,0.0,False,953.82
7577,3332,8,1,295.82,0.0,False,295.82
7579,3333,236,1,55.21,0.0,False,55.21
7580,3333,208,1,260.07,0.15,False,221.05949999999999
7581,3334,276,1,341.21,0.0,False,341.21
7582,3334,17,2,953.82,0.05,False,1812.258
7583,3335,274,3,528.78,0.05,False,1507.023
7584,3335,256,1,537.93,0.05,False,511.03349999999995
7585,3336,97,1,628.48,0.0,False,628.48
7587,3337,194,1,222.76,0.0,False,222.76
7588,3337,130,3,454.11,0.0,False,1362.33
7589,3337,92,1,148.78,0.05,False,141.341
7590,3338,268,2,23.79,0.1,False,42.822
7591,3338,285,2,667.54,0.1,False,1201.572
7592,3339,15,1,536.46,0.2,False,429.16800000000006
7593,3340,49,3,850.7,0.1,False,2296.8900000000003
7594,3340,146,1,443.54,0.0,False,443.54
7595,3340,63,1,430.39,0.05,False,408.8705
7596,3340,92,1,148.78,0.05,False,141.341
7597,3341,163,1,598.68,0.0,False,598.68
7598,3341,120,1,146.96,0.0,False,146.96
7599,3341,91,3,369.86,0.0,False,1109.58
7600,3342,25,1,282.92,0.0,False,282.92
7601,3342,77,1,103.53,0.05,False,98.3535
7602,3343,9,1,66.57,0.0,False,66.57
7603,3343,210,1,177.09,0.2,False,141.672
7604,3343,119,1,519.85,0.1,False,467.865
7605,3343,21,1,614.24,0.0,False,614.24
7606,3344,154,1,115.68,0.1,False,104.11200000000001
7607,3344,113,1,55.28,0.0,False,55.28
7608,3344,263,1,222.36,0.05,False,211.242
7609,3345,196,1,518.75,0.0,False,518.75
7610,3346,115,1,251.88,0.1,False,226.692
7611,3347,92,1,148.78,0.05,False,141.341
7612,3348,277,1,437.32,0.15,False,371.722
7613,3348,62,1,244.7,0.0,False,244.7
7614,3348,19,1,727.02,0.0,False,727.02
7615,3348,44,1,6.81,0.0,False,6.81
7616,3349,1,1,433.54,0.0,False,433.54
7617,3349,92,2,148.78,0.1,False,267.80400000000003
7618,3349,46,2,397.56,0.15,False,675.852
7619,3349,166,2,278.38,0.05,False,528.9219999999999
7620,3349,156,1,372.8,0.0,False,372.8
7621,3350,55,1,395.52,0.05,False,375.74399999999997
7622,3351,223,1,57.85,0.2,False,46.28
7623,3351,150,1,182.12,0.15,False,154.802
7624,3351,155,1,607.36,0.15,False,516.256
7625,3352,75,1,299.66,0.0,False,299.66
7626,3352,281,1,146.98,0.0,False,146.98
7627,3353,234,1,486.72,0.2,False,389.37600000000003
7628,3353,65,1,460.75,0.2,False,368.6
7629,3353,180,1,843.45,0.05,False,801.2775
7630,3353,49,2,850.7,0.0,False,1701.4
7631,3353,37,2,608.8,0.0,False,1217.6
7632,3354,296,1,361.73,0.0,False,361.73
7633,3355,235,1,370.09,0.0,False,370.09
7634,3355,281,1,146.98,0.2,False,117.584
7635,3355,60,1,148.68,0.15,False,126.378
7636,3356,138,1,54.35,0.0,False,54.35
7637,3357,32,1,338.4,0.1,False,304.56
7638,3358,59,1,287.12,0.0,False,287.12
7639,3359,243,-1,746.93,0.0,True,-746.93
7640,3360,75,1,299.66,0.0,False,299.66
7641,3360,49,1,850.7,0.0,False,850.7
7642,3360,184,1,278.4,0.0,False,278.4
7643,3360,11,1,216.27,0.0,False,216.27
7644,3361,91,3,369.86,0.15,False,943.1429999999999
7645,3362,269,1,603.81,0.0,False,603.81
7646,3363,187,1,127.57,0.1,False,114.813
7647,3363,125,2,584.13,0.1,False,1051.434
7648,3363,129,-1,492.47,0.0,True,-492.47
7649,3364,9,1,66.57,0.0,False,66.57
7650,3364,45,1,511.39,0.0,False,511.39
7651,3364,51,2,863.34,0.15,False,1467.678
7652,3365,263,1,222.36,0.05,False,211.242
7653,3366,211,1,943.9,0.0,False,943.9
7654,3366,165,2,605.76,0.0,False,1211.52
7655,3366,156,-1,372.8,0.0,True,-372.8
7656,3366,146,1,443.54,0.0,False,443.54
7657,3366,87,1,564.0,0.15,False,479.4
7658,3367,259,1,533.22,0.15,False,453.237
7659,3368,189,1,24.7,0.15,False,20.994999999999997
7660,3368,114,1,23.97,0.15,False,20.374499999999998
7661,3369,203,2,431.09,0.0,False,862.18
7662,3370,136,3,974.39,0.2,False,2338.536
7663,3370,108,1,378.75,0.2,False,303.0
7664,3370,259,1,533.22,0.05,False,506.559
7665,3370,77,1,103.53,0.0,False,103.53
7666,3371,187,1,127.57,0.0,False,127.57
7667,3371,238,1,192.17,0.0,False,192.17
7668,3371,197,1,538.79,0.0,False,538.79
7669,3371,60,1,148.68,0.0,False,148.68
7670,3372,95,1,711.68,0.0,False,711.68
7671,3372,80,1,166.05,0.0,False,166.05
7672,3372,89,1,247.06,0.0,False,247.06
7673,3372,96,1,682.77,0.0,False,682.77
7674,3373,111,1,227.31,0.0,False,227.31
7675,3374,245,1,11506.5,0.05,False,10931.175
7676,3374,145,1,61.15,0.0,False,61.15
7677,3374,281,2,146.98,0.1,False,264.56399999999996
7678,3374,186,3,290.81,0.05,False,828.8085
7679,3374,29,1,103.82,0.0,False,103.82
7680,3375,268,1,23.79,0.0,False,23.79
7681,3375,201,1,567.68,0.1,False,510.912
7682,3376,221,1,704.75,0.0,False,704.75
7683,3376,73,1,346.78,0.0,False,346.78
7684,3377,29,1,103.82,0.05,False,98.62899999999999
7685,3377,251,3,439.11,0.0,False,1317.33
7686,3377,84,3,43.2,0.05,False,123.12000000000002
7687,3377,229,1,690.53,0.15,False,586.9504999999999
7688,3377,222,1,264.61,0.05,False,251.3795
7689,3378,81,1,779.01,0.15,False,662.1585
7690,3378,66,2,447.18,0.0,False,894.36
7691,3378,131,2,797.13,0.0,False,1594.26
7692,3378,137,1,316.92,0.0,False,316.92
7693,3379,155,2,607.36,0.05,False,1153.984
7694,3379,175,3,600.57,0.0,False,1801.71
7695,3380,7,1,357.42,0.0,False,357.42
7696,3380,202,2,514.85,0.2,False,823.7600000000001
7697,3381,169,1,458.05,0.0,False,458.05
7698,3381,198,1,266.02,0.0,False,266.02
7699,3382,293,1,709.48,0.0,False,709.48
7700,3382,278,2,402.71,0.0,False,805.42
7701,3383,29,2,103.82,0.1,False,186.876
7702,3383,200,1,533.81,0.0,False,533.81
7703,3383,51,1,863.34,0.0,False,863.34
7704,3383,146,1,443.54,0.0,False,443.54
7705,3383,46,1,397.56,0.1,False,357.80400000000003
7706,3384,4,1,17.97,0.05,False,17.071499999999997
7707,3384,299,1,725.08,0.05,False,688.826
7708,3385,125,1,584.13,0.0,False,584.13
7709,3385,73,1,346.78,0.05,False,329.441
7710,3385,145,2,61.15,0.1,False,110.07
7711,3386,225,3,939.11,0.0,False,2817.33
7712,3387,181,2,37.18,0.0,False,74.36
7713,3387,152,1,910.86,0.05,False,865.317
7714,3387,223,1,57.85,0.0,False,57.85
7715,3388,223,1,57.85,0.0,False,57.85
7716,3388,101,2,488.42,0.0,False,976.84
7717,3389,171,1,14.73,0.05,False,13.9935
7718,3389,31,2,976.57,0.0,False,1953.14
7719,3390,91,1,369.86,0.0,False,369.86
7720,3391,46,2,397.56,0.0,False,795.12
7721,3391,166,1,278.38,0.05,False,264.46099999999996
7722,3391,113,1,55.28,0.0,False,55.28
7723,3391,96,1,682.77,0.0,False,682.77
7724,3391,262,1,214.85,0.0,False,214.85
7725,3392,26,1,259.69,0.05,False,246.70549999999997
7726,3392,245,1,11506.5,0.1,False,10355.85
7727,3392,198,1,266.02,0.0,False,266.02
7728,3392,136,1,974.39,0.15,False,828.2315
7729,3393,209,1,797.01,0.0,False,797.01
7730,3393,218,1,127.17,0.0,False,127.17
7731,3393,42,1,328.75,0.05,False,312.3125
7732,3393,125,1,584.13,0.0,False,584.13
7733,3394,145,1,61.15,0.2,False,48.92
7734,3394,45,1,511.39,0.2,False,409.112
7735,3395,260,1,619.66,0.0,False,619.66
7736,3395,5,1,503.34,0.0,False,503.34
7737,3396,270,1,34872.0,0.05,False,33128.4
7738,3396,38,2,364.99,0.15,False,620.483
7739,3396,194,1,222.76,0.0,False,222.76
7740,3397,205,1,367.74,0.05,False,349.353
7741,3397,14,1,90.93,0.0,False,90.93
7742,3398,138,1,54.35,0.05,False,51.6325
7743,3398,266,2,110.99,0.0,False,221.98
7744,3398,145,1,61.15,0.05,False,58.092499999999994
7745,3398,179,1,478.65,0.0,False,478.65
7746,3399,25,1,282.92,0.0,False,282.92
7747,3400,136,1,974.39,0.0,False,974.39
7748,3400,62,1,244.7,0.1,False,220.23
7749,3401,118,1,611.17,0.05,False,580.6115
7750,3401,185,2,582.19,0.0,False,1164.38
7751,3401,217,2,479.18,0.2,False,766.6880000000001
7752,3401,130,1,454.11,0.0,False,454.11
7753,3401,211,2,943.9,0.0,False,1887.8
7754,3402,111,2,227.31,0.0,False,454.62
7755,3402,188,1,550.0,0.15,False,467.5
7756,3402,228,2,162.75,0.05,False,309.22499999999997
7757,3403,228,1,162.75,0.1,False,146.475
7758,3403,177,1,156.12,0.1,False,140.508
7759,3403,179,2,478.65,0.0,False,957.3
7760,3404,286,1,47.93,0.0,False,47.93
7761,3404,260,1,619.66,0.0,False,619.66
7762,3405,132,2,299.38,0.0,False,598.76
7763,3405,43,1,97.72,0.05,False,92.83399999999999
7764,3406,61,1,512.76,0.0,False,512.76
7765,3406,67,1,355.8,0.0,False,355.8
7766,3406,112,3,10.73,0.0,False,32.19
7767,3407,120,1,146.96,0.0,False,146.96
7768,3408,75,2,299.66,0.0,False,599.32
7769,3409,141,1,251.45,0.0,False,251.45
7770,3410,211,1,943.9,0.05,False,896.7049999999999
7771,3411,113,1,55.28,0.0,False,55.28
7772,3411,6,-1,531.19,0.0,True,-531.19
7773,3412,252,2,274.43,0.0,False,548.86
7774,3413,69,1,274.11,0.0,False,274.11
7775,3414,227,1,192.19,0.1,False,172.971
7776,3415,206,1,612.54,0.05,False,581.9129999999999
7777,3416,85,1,530.7,0.05,False,504.165
7778,3417,116,1,862.37,0.0,False,862.37
7779,3417,291,1,19.78,0.05,False,18.791
7780,3417,157,1,701.5,0.15,False,596.275
7781,3418,186,1,290.81,0.15,False,247.1885
7782,3419,162,1,126.53,0.0,False,126.53
7783,3419,265,1,839.64,0.2,False,671.712
7784,3420,45,-1,511.39,0.2,True,-409.112
7785,3420,104,1,957.31,0.0,False,957.31
7786,3420,203,1,431.09,0.1,False,387.981
7787,3421,31,2,976.57,0.0,False,1953.14
7788,3421,72,2,286.08,0.0,False,572.16
7789,3422,260,1,619.66,0.15,False,526.711
7790,3422,272,2,5.69,0.0,False,11.38
7791,3423,262,1,214.85,0.0,False,214.85
7792,3424,34,1,399.8,0.1,False,359.82
7793,3425,213,2,111.83,0.1,False,201.294
7794,3426,213,2,111.83,0.15,False,190.111
7795,3426,254,1,286.86,0.0,False,286.86
7796,3427,192,-1,697.79,0.15,True,-593.1215
7797,3427,181,1,37.18,0.0,False,37.18
7798,3428,235,1,370.09,0.0,False,370.09
7799,3428,37,2,608.8,0.05,False,1156.7199999999998
7800,3428,180,2,843.45,0.05,False,1602.555
7801,3429,287,1,754.14,0.0,False,754.14
7802,3430,220,1,475.38,0.05,False,451.611
7803,3430,137,1,316.92,0.05,False,301.074
7804,3431,91,2,369.86,0.0,False,739.72
7805,3431,10,1,309.24,0.0,False,309.24
7806,3431,293,2,709.48,0.0,False,1418.96
7807,3431,222,1,264.61,0.1,False,238.14900000000003
7808,3431,29,1,103.82,0.0,False,103.82
7810,3432,43,1,97.72,0.1,False,87.94800000000001
7811,3432,151,1,625.19,0.0,False,625.19
7812,3432,100,1,283.25,0.05,False,269.0875
7813,3432,122,1,607.34,0.1,False,546.606
7814,3433,209,3,797.01,0.05,False,2271.4784999999997
7815,3433,66,1,447.18,0.0,False,447.18
7816,3433,199,1,51.0,0.2,False,40.800000000000004
7817,3434,261,2,429.63,0.0,False,859.26
7818,3435,283,1,680.49,0.0,False,680.49
7819,3436,179,3,478.65,0.0,False,1435.9499999999998
7820,3437,272,3,5.69,0.0,False,17.07
7821,3437,64,1,29.71,0.0,False,29.71
7822,3437,111,1,227.31,0.0,False,227.31
7823,3437,102,2,396.98,0.0,False,793.96
7824,3438,105,2,375.87,0.0,False,751.74
7825,3439,249,1,682.27,0.0,False,682.27
7826,3439,58,3,87.55,0.0,False,262.65
7827,3439,21,2,614.24,0.0,False,1228.48
7828,3440,241,2,306.12,0.0,False,612.24
7829,3441,196,3,518.75,0.0,False,1556.25
7830,3441,161,2,68.77,0.0,False,137.54
7831,3441,145,1,61.15,0.1,False,55.035
7832,3442,295,2,139.02,0.0,False,278.04
7833,3442,160,1,150.1,0.15,False,127.585
7834,3442,62,1,244.7,0.0,False,244.7
7835,3442,162,3,126.53,0.0,False,379.59000000000003
7836,3443,50,2,240.1,0.2,False,384.16
7837,3444,27,1,686.85,0.0,False,686.85
7838,3444,295,1,139.02,0.0,False,139.02
7839,3444,242,1,166.1,0.0,False,166.1
7840,3445,256,1,537.93,0.0,False,537.93
7841,3445,252,1,274.43,0.0,False,274.43
7842,3446,58,1,87.55,0.0,False,87.55
7843,3446,249,1,682.27,0.2,False,545.816
7844,3447,210,2,177.09,0.0,False,354.18
7845,3447,83,1,243.1,0.0,False,243.1
7846,3448,51,1,863.34,0.0,False,863.34
7847,3448,187,1,127.57,0.0,False,127.57
7848,3448,237,1,335.88,0.05,False,319.08599999999996
7850,3448,286,1,47.93,0.0,False,47.93
7851,3448,109,1,59.23,0.05,False,56.268499999999996
7852,3449,125,1,584.13,0.0,False,584.13
7853,3450,21,1,614.24,0.0,False,614.24
7854,3450,283,1,680.49,0.0,False,680.49
7855,3450,283,1,680.49,0.05,False,646.4655
7856,3450,181,1,37.18,0.0,False,37.18
7857,3450,278,1,402.71,0.1,False,362.43899999999996
7858,3451,282,1,280.61,0.05,False,266.5795
7859,3451,284,1,228.9,0.05,False,217.45499999999998
7860,3451,4,1,17.97,0.1,False,16.173
7861,3451,83,1,243.1,0.0,False,243.1
7862,3452,257,1,8.4,0.1,False,7.5600000000000005
7863,3453,91,1,369.86,0.0,False,369.86
7864,3453,3,1,978.72,0.0,False,978.72
7865,3453,79,2,308.93,0.1,False,556.0740000000001
7866,3454,221,1,704.75,0.1,False,634.275
7867,3455,272,1,5.69,0.0,False,5.69
7868,3456,77,2,103.53,0.0,False,207.06
7869,3456,36,1,749.87,0.0,False,749.87
7870,3456,95,3,711.68,0.0,False,2135.04
7871,3457,40,1,171.89,0.0,False,171.89
7872,3457,102,1,396.98,0.1,False,357.28200000000004
7873,3457,213,1,111.83,0.0,False,111.83
7874,3458,25,1,282.92,0.05,False,268.774
7875,3459,259,1,533.22,0.1,False,479.898
7876,3460,83,1,243.1,0.0,False,243.1
7877,3461,267,1,253.7,0.0,False,253.7
7878,3462,225,1,939.11,0.0,False,939.11
7879,3462,124,1,640.23,0.15,False,544.1955
7880,3463,131,1,797.13,0.0,False,797.13
7881,3464,290,1,908.96,0.0,False,908.96
7882,3465,82,1,235.49,0.15,False,200.1665
7883,3466,182,1,500.91,0.0,False,500.91
7884,3466,158,1,282.03,0.0,False,282.03
7885,3466,296,2,361.73,0.15,False,614.941
7886,3467,139,2,835.42,0.2,False,1336.672
7887,3467,189,1,24.7,0.0,False,24.7
7888,3467,52,1,12.48,0.0,False,12.48
7889,3467,242,-1,166.1,0.0,True,-166.1
7890,3467,242,1,166.1,0.15,False,141.185
7891,3468,18,1,35.67,0.1,False,32.103
7892,3469,200,1,533.81,0.1,False,480.429
7893,3470,288,1,515.26,0.0,False,515.26
7894,3470,1,1,433.54,0.0,False,433.54
7895,3470,239,1,517.8,0.0,False,517.8
7896,3470,269,1,603.81,0.0,False,603.81
7897,3470,135,1,550.83,0.05,False,523.2885
7898,3471,177,1,156.12,0.2,False,124.89600000000002
7899,3471,117,1,567.69,0.15,False,482.53650000000005
7900,3472,82,1,235.49,0.0,False,235.49
7901,3472,46,1,397.56,0.0,False,397.56
7902,3473,54,1,679.71,0.1,False,611.739
7903,3474,237,1,335.88,0.0,False,335.88
7904,3474,85,1,530.7,0.0,False,530.7
7905,3475,25,2,282.92,0.0,False,565.84
7906,3475,213,3,111.83,0.05,False,318.7155
7907,3476,1,1,433.54,0.0,False,433.54
7908,3477,267,2,253.7,0.0,False,507.4
7909,3477,287,1,754.14,0.0,False,754.14
7910,3477,59,1,287.12,0.0,False,287.12
7911,3477,62,1,244.7,0.05,False,232.46499999999997
7912,3478,226,2,211.98,0.0,False,423.96
7913,3478,169,3,458.05,0.1,False,1236.7350000000001
7914,3479,270,-1,34872.0,0.0,True,-34872.0
7915,3480,128,2,686.4,0.2,False,1098.24
7916,3481,184,1,278.4,0.1,False,250.55999999999997
7917,3481,16,1,245.66,0.0,False,245.66
7918,3481,262,1,214.85,0.0,False,214.85
7919,3481,42,1,328.75,0.0,False,328.75
7920,3482,218,1,127.17,0.0,False,127.17
7921,3483,230,1,829.69,0.0,False,829.69
7922,3483,239,1,517.8,0.0,False,517.8
7923,3484,108,1,378.75,0.0,False,378.75
7924,3484,286,1,47.93,0.0,False,47.93
7925,3484,117,1,567.69,0.0,False,567.69
7926,3485,57,1,510.39,0.0,False,510.39
7927,3485,260,1,619.66,0.1,False,557.694
7928,3486,231,1,410.59,0.2,False,328.472
7929,3487,60,2,148.68,0.0,False,297.36
7930,3487,215,1,501.1,0.0,False,501.1
7931,3488,94,2,514.73,0.0,False,1029.46
7932,3489,251,1,439.11,0.0,False,439.11
7933,3489,127,1,111.4,0.0,False,111.4
7934,3490,32,1,338.4,0.2,False,270.71999999999997
7935,3491,63,1,430.39,0.0,False,430.39
7936,3492,293,3,709.48,0.0,False,2128.44
7937,3493,196,1,518.75,0.0,False,518.75
7938,3493,274,3,528.78,0.0,False,1586.34
7939,3494,72,2,286.08,0.0,False,572.16
7940,3495,217,2,479.18,0.15,False,814.606
7941,3496,297,1,89.43,0.0,False,89.43
7942,3497,254,-1,286.86,0.0,True,-286.86
7943,3497,83,1,243.1,0.0,False,243.1
7944,3498,70,1,402.01,0.0,False,402.01
7945,3498,34,1,399.8,0.05,False,379.81
7946,3499,25,1,282.92,0.1,False,254.62800000000001
7947,3499,232,1,71.83,0.05,False,68.2385
7948,3499,9,1,66.57,0.2,False,53.256
7949,3499,40,1,171.89,0.0,False,171.89
7950,3500,148,2,304.48,0.0,False,608.96
7951,3500,287,1,754.14,0.0,False,754.14
7952,3500,252,1,274.43,0.2,False,219.544
7953,3501,223,1,57.85,0.0,False,57.85
7954,3502,48,1,231.62,0.0,False,231.62
7955,3502,300,1,133.29,0.1,False,119.961
7956,3502,159,1,818.3,0.15,False,695.555
7957,3502,194,1,222.76,0.1,False,200.484
7958,3503,191,3,457.7,0.15,False,1167.135
7959,3503,139,-1,835.42,0.0,True,-835.42
7960,3503,26,1,259.69,0.0,False,259.69
7961,3504,288,1,515.26,0.0,False,515.26
7962,3504,243,1,746.93,0.0,False,746.93
7963,3505,114,1,23.97,0.0,False,23.97
7964,3505,175,1,600.57,0.0,False,600.57
7965,3506,142,1,717.32,0.0,False,717.32
7966,3506,60,1,148.68,0.0,False,148.68
7968,3507,217,1,479.18,0.0,False,479.18
7969,3507,136,1,974.39,0.0,False,974.39
7970,3507,203,1,431.09,0.1,False,387.981
7971,3508,66,1,447.18,0.0,False,447.18
7972,3509,168,-1,649.6,0.05,True,-617.12
7973,3509,244,1,263.25,0.0,False,263.25
7974,3510,122,1,607.34,0.0,False,607.34
7975,3511,185,1,582.19,0.2,False,465.75200000000007
7976,3511,70,1,402.01,0.0,False,402.01
7977,3511,64,3,29.71,0.1,False,80.217
7978,3511,64,1,29.71,0.0,False,29.71
7979,3512,254,1,286.86,0.1,False,258.17400000000004
7980,3513,115,1,251.88,0.0,False,251.88
7981,3514,141,3,251.45,0.0,False,754.3499999999999
7982,3514,71,1,362.18,0.0,False,362.18
7983,3515,121,1,183.38,0.0,False,183.38
7984,3516,52,1,12.48,0.15,False,10.608
7985,3517,37,2,608.8,0.0,False,1217.6
7986,3517,260,2,619.66,0.05,False,1177.3539999999998
7987,3517,264,2,16.2,0.05,False,30.779999999999998
7988,3518,88,1,275.21,0.2,False,220.168
7989,3518,253,1,621.95,0.0,False,621.95
7990,3518,117,1,567.69,0.1,False,510.92100000000005
7991,3519,91,1,369.86,0.0,False,369.86
7992,3519,189,2,24.7,0.0,False,49.4
7993,3519,139,2,835.42,0.0,False,1670.84
7994,3520,251,1,439.11,0.0,False,439.11
7995,3520,119,1,519.85,0.1,False,467.865
7996,3520,104,1,957.31,0.0,False,957.31
7997,3520,230,1,829.69,0.1,False,746.7210000000001
7998,3521,40,1,171.89,0.15,False,146.10649999999998
7999,3522,196,1,518.75,0.05,False,492.8125
8000,3523,246,1,574.84,0.05,False,546.098
8001,3524,203,1,431.09,0.05,False,409.53549999999996
8002,3525,157,1,701.5,0.1,False,631.35
8003,3525,125,1,584.13,0.0,False,584.13
8004,3525,226,1,211.98,0.05,False,201.38099999999997
8005,3526,277,-1,437.32,0.1,True,-393.588
8006,3527,285,1,667.54,0.05,False,634.1629999999999
8007,3527,1,2,433.54,0.0,False,867.08
8008,3528,261,2,429.63,0.0,False,859.26
8009,3528,51,1,863.34,0.05,False,820.173
8010,3528,294,2,141.94,0.0,False,283.88
8011,3529,270,2,34872.0,0.0,False,69744.0
8012,3529,126,1,240.49,0.0,False,240.49
8013,3530,65,1,460.75,0.15,False,391.6375
8014,3531,122,1,607.34,0.2,False,485.87200000000007
8015,3532,159,2,818.3,0.1,False,1472.94
8016,3532,174,1,864.84,0.05,False,821.598
8017,3533,213,2,111.83,0.15,False,190.111
8018,3534,8,1,295.82,0.0,False,295.82
8019,3535,259,2,533.22,0.0,False,1066.44
8020,3535,98,3,71.96,0.0,False,215.88
8021,3535,137,1,316.92,0.0,False,316.92
8022,3536,114,1,23.97,0.0,False,23.97
8023,3536,160,2,150.1,0.05,False,285.19
8024,3537,44,1,6.81,0.2,False,5.448
8025,3538,49,1,850.7,0.2,False,680.5600000000001
8026,3539,264,1,16.2,0.0,False,16.2
8027,3539,80,1,166.05,0.0,False,166.05
8028,3540,124,1,640.23,0.0,False,640.23
8029,3540,159,1,818.3,0.0,False,818.3
8030,3540,143,1,421.93,0.15,False,358.6405
8031,3541,247,2,708.26,0.0,False,1416.52
8032,3541,7,1,357.42,0.0,False,357.42
8033,3541,117,2,567.69,0.2,False,908.3040000000001
8034,3541,191,1,457.7,0.05,False,434.81499999999994
8035,3542,147,1,517.03,0.15,False,439.47549999999995
8036,3542,213,1,111.83,0.2,False,89.464
8037,3542,224,1,23.12,0.0,False,23.12
8038,3542,197,1,538.79,0.0,False,538.79
8039,3542,239,1,517.8,0.1,False,466.02
8040,3543,107,1,963.92,0.0,False,963.92
8041,3544,74,1,171.2,0.1,False,154.07999999999998
8042,3545,70,1,402.01,0.2,False,321.608
8043,3545,68,1,133.13,0.0,False,133.13
8044,3546,141,3,251.45,0.0,False,754.3499999999999
8045,3547,232,1,71.83,0.05,False,68.2385
8046,3547,78,1,213.82,0.0,False,213.82
8047,3547,155,1,607.36,0.0,False,607.36
8048,3548,52,1,12.48,0.0,False,12.48
8049,3549,285,1,667.54,0.05,False,634.1629999999999
8050,3549,53,1,192.38,0.15,False,163.523
8051,3549,219,1,211.99,0.0,False,211.99
8052,3550,220,1,475.38,0.15,False,404.073
8053,3550,21,1,614.24,0.2,False,491.39200000000005
8054,3551,279,1,226.81,0.05,False,215.46949999999998
8055,3551,240,1,555.47,0.0,False,555.47
8056,3551,286,-1,47.93,0.0,True,-47.93
8057,3551,252,1,274.43,0.0,False,274.43
8058,3551,82,-1,235.49,0.05,True,-223.7155
8059,3552,24,3,696.97,0.0,False,2090.91
8060,3553,173,2,587.7,0.1,False,1057.8600000000001
8061,3553,254,1,286.86,0.0,False,286.86
8062,3554,103,1,456.96,0.1,False,411.264
8063,3555,185,2,582.19,0.0,False,1164.38
8064,3555,159,1,818.3,0.0,False,818.3
8065,3555,174,1,864.84,0.1,False,778.356
8066,3555,249,1,682.27,0.0,False,682.27
8067,3556,28,1,749.19,0.0,False,749.19
8068,3556,139,1,835.42,0.0,False,835.42
8069,3556,17,1,953.82,0.2,False,763.056
8070,3557,206,1,612.54,0.1,False,551.286
8071,3558,34,2,399.8,0.0,False,799.6
8072,3558,285,1,667.54,0.15,False,567.409
8073,3558,253,2,621.95,0.1,False,1119.5100000000002
8075,3559,106,2,150.04,0.05,False,285.07599999999996
8076,3559,106,1,150.04,0.05,False,142.53799999999998
8077,3560,202,1,514.85,0.0,False,514.85
8078,3560,29,1,103.82,0.1,False,93.438
8079,3561,215,2,501.1,0.0,False,1002.2
8080,3561,227,1,192.19,0.0,False,192.19
8081,3561,138,2,54.35,0.05,False,103.265
8082,3561,173,1,587.7,0.1,False,528.9300000000001
8083,3562,35,1,425.48,0.0,False,425.48
8084,3563,78,1,213.82,0.0,False,213.82
8085,3563,173,3,587.7,0.0,False,1763.1000000000001
8086,3563,55,1,395.52,0.0,False,395.52
8087,3564,13,1,152.16,0.0,False,152.16
8088,3564,46,1,397.56,0.0,False,397.56
8089,3565,103,1,456.96,0.1,False,411.264
8090,3566,198,1,266.02,0.0,False,266.02
8091,3566,262,1,214.85,0.0,False,214.85
8092,3566,213,3,111.83,0.1,False,301.94100000000003
8093,3567,56,1,186.07,0.0,False,186.07
8094,3567,10,1,309.24,0.05,False,293.778
8095,3567,293,1,709.48,0.05,False,674.006
8096,3567,15,1,536.46,0.05,False,509.637
8097,3567,51,1,863.34,0.0,False,863.34
8098,3568,136,3,974.39,0.0,False,2923.17
8099,3568,35,1,425.48,0.0,False,425.48
8100,3568,179,1,478.65,0.1,False,430.78499999999997
8101,3568,10,2,309.24,0.05,False,587.556
8102,3568,58,1,87.55,0.05,False,83.1725
8103,3569,286,1,47.93,0.0,False,47.93
8104,3569,204,1,578.66,0.0,False,578.66
8105,3569,171,1,14.73,0.0,False,14.73
8106,3570,16,1,245.66,0.15,False,208.81099999999998
8107,3570,141,1,251.45,0.0,False,251.45
8108,3571,177,2,156.12,0.0,False,312.24
8109,3571,38,1,364.99,0.15,False,310.2415
8110,3572,20,2,548.49,0.05,False,1042.1309999999999
8111,3572,231,3,410.59,0.0,False,1231.77
8112,3572,53,1,192.38,0.0,False,192.38
8113,3573,258,1,626.09,0.0,False,626.09
8114,3573,201,1,567.68,0.05,False,539.2959999999999
8115,3573,108,1,378.75,0.0,False,378.75
8116,3573,300,1,133.29,0.0,False,133.29
8117,3573,262,1,214.85,0.0,False,214.85
8118,3574,176,1,199.39,0.0,False,199.39
8119,3574,63,3,430.39,0.0,False,1291.17
8120,3575,298,1,238.39,0.05,False,226.4705
8121,3575,5,1,503.34,0.05,False,478.17299999999994
8122,3576,90,1,219.22,0.05,False,208.259
8123,3577,142,1,717.32,0.05,False,681.4540000000001
8124,3577,289,1,635.36,0.0,False,635.36
8125,3577,262,1,214.85,0.0,False,214.85
8126,3577,293,2,709.48,0.0,False,1418.96
8127,3578,4,1,17.97,0.0,False,17.97
8128,3579,279,1,226.81,0.1,False,204.12900000000002
8129,3579,140,1,500.02,0.0,False,500.02
8130,3580,18,3,35.67,0.0,False,107.01
8131,3580,266,1,110.99,0.0,False,110.99
8132,3581,285,1,667.54,0.0,False,667.54
8133,3581,180,1,843.45,0.05,False,801.2775
8134,3582,223,1,57.85,0.0,False,57.85
8135,3582,233,1,82.49,0.0,False,82.49
8136,3582,290,3,908.96,0.0,False,2726.88
8137,3583,265,1,839.64,0.0,False,839.64
8138,3583,89,1,247.06,0.0,False,247.06
8139,3584,141,1,251.45,0.0,False,251.45
8140,3584,212,2,445.65,0.0,False,891.3
8141,3584,53,1,192.38,0.0,False,192.38
8142,3585,11,2,216.27,0.0,False,432.54
8143,3586,184,1,278.4,0.1,False,250.55999999999997
8144,3586,173,-1,587.7,0.0,True,-587.7
8145,3587,161,1,68.77,0.0,False,68.77
8146,3587,118,1,611.17,0.0,False,611.17
8147,3588,113,1,55.28,0.1,False,49.752
8148,3588,39,1,412.64,0.0,False,412.64
8149,3589,140,1,500.02,0.2,False,400.016
8150,3589,43,1,97.72,0.0,False,97.72
8151,3590,48,1,231.62,0.15,False,196.877
8152,3591,193,1,351.11,0.05,False,333.5545
8153,3591,167,1,39.88,0.1,False,35.892
8154,3592,25,1,282.92,0.1,False,254.62800000000001
8155,3592,101,1,488.42,0.15,False,415.157
8156,3592,177,1,156.12,0.1,False,140.508
8157,3592,36,1,749.87,0.05,False,712.3765
8158,3593,219,1,211.99,0.0,False,211.99
8159,3594,230,1,829.69,0.0,False,829.69
8160,3594,23,3,235.35,0.2,False,564.84
8161,3594,287,1,754.14,0.0,False,754.14
8162,3594,94,1,514.73,0.0,False,514.73
8163,3594,268,1,23.79,0.0,False,23.79
8164,3595,254,1,286.86,0.0,False,286.86
8165,3596,214,1,304.46,0.1,False,274.014
8166,3596,88,1,275.21,0.0,False,275.21
8167,3596,87,2,564.0,0.0,False,1128.0
8168,3597,267,1,253.7,0.15,False,215.64499999999998
8169,3598,54,-1,679.71,0.2,True,-543.768
8170,3598,55,1,395.52,0.1,False,355.968
8171,3599,29,1,103.82,0.0,False,103.82
8172,3599,227,2,192.19,0.1,False,345.942
8173,3599,50,1,240.1,0.15,False,204.08499999999998
8174,3600,219,2,211.99,0.1,False,381.58200000000005
8175,3601,296,2,361.73,0.0,False,723.46
8176,3601,235,1,370.09,0.1,False,333.08099999999996
8177,3601,74,1,171.2,0.0,False,171.2
8178,3602,237,1,335.88,0.15,False,285.498
8179,3602,249,2,682.27,0.0,False,1364.54
8180,3602,70,1,402.01,0.1,False,361.809
8181,3603,202,1,514.85,0.0,False,514.85
8182,3603,155,1,607.36,0.0,False,607.36
8183,3603,188,1,550.0,0.05,False,522.5
8184,3603,45,1,511.39,0.0,False,511.39
8185,3603,93,1,98.57,0.0,False,98.57
8186,3604,275,1,82.62,0.05,False,78.489
8187,3605,121,-1,183.38,0.05,True,-174.21099999999998
8188,3606,198,1,266.02,0.05,False,252.71899999999997
8189,3606,18,1,35.67,0.0,False,35.67
8190,3606,24,2,696.97,0.0,False,1393.94
8191,3606,248,1,75.61,0.15,False,64.2685
8192,3606,12,1,156.75,0.0,False,156.75
8193,3607,84,1,43.2,0.05,False,41.04
8194,3608,156,1,372.8,0.15,False,316.88
8195,3609,260,-1,619.66,0.05,True,-588.6769999999999
8196,3610,41,2,376.48,0.1,False,677.6640000000001
8197,3610,244,1,263.25,0.0,False,263.25
8198,3610,208,1,260.07,0.0,False,260.07
8199,3610,221,2,704.75,0.0,False,1409.5
8200,3610,195,1,132.26,0.0,False,132.26
8201,3611,187,1,127.57,0.0,False,127.57
8202,3612,72,1,286.08,0.0,False,286.08
8203,3612,228,2,162.75,0.2,False,260.40000000000003
8204,3612,207,2,518.71,0.0,False,1037.42
8205,3613,77,1,103.53,0.0,False,103.53
8206,3613,267,1,253.7,0.0,False,253.7
8207,3613,144,1,299.76,0.0,False,299.76
8208,3613,58,1,87.55,0.0,False,87.55
8209,3613,194,1,222.76,0.0,False,222.76
8210,3614,258,1,626.09,0.0,False,626.09
8211,3614,188,1,550.0,0.1,False,495.0
8212,3614,65,2,460.75,0.15,False,783.275
8213,3615,260,1,619.66,0.05,False,588.6769999999999
8214,3615,289,1,635.36,0.0,False,635.36
8215,3615,297,1,89.43,0.0,False,89.43
8216,3616,69,1,274.11,0.0,False,274.11
8217,3617,162,1,126.53,0.15,False,107.5505
8218,3617,291,2,19.78,0.05,False,37.582
8219,3618,158,-1,282.03,0.0,True,-282.03
8220,3618,231,1,410.59,0.0,False,410.59
8221,3619,138,1,54.35,0.0,False,54.35
8222,3619,38,1,364.99,0.15,False,310.2415
8223,3620,158,1,282.03,0.0,False,282.03
8224,3620,129,-1,492.47,0.0,True,-492.47
8225,3621,254,1,286.86,0.0,False,286.86
8226,3621,182,2,500.91,0.0,False,1001.82
8227,3621,39,1,412.64,0.1,False,371.376
8228,3622,187,1,127.57,0.2,False,102.056
8229,3622,112,1,10.73,0.0,False,10.73
8230,3622,117,1,567.69,0.0,False,567.69
8231,3622,151,1,625.19,0.2,False,500.15200000000004
8232,3623,94,1,514.73,0.0,False,514.73
8233,3623,265,1,839.64,0.0,False,839.64
8234,3623,133,1,479.79,0.0,False,479.79
8235,3623,28,2,749.19,0.0,False,1498.38
8236,3624,12,1,156.75,0.15,False,133.23749999999998
8237,3625,147,1,517.03,0.05,False,491.17849999999993
8238,3625,140,2,500.02,0.0,False,1000.04
8239,3625,190,-1,707.42,0.0,True,-707.42
8240,3626,294,1,141.94,0.0,False,141.94
8241,3626,292,1,425.68,0.0,False,425.68
8242,3627,166,1,278.38,0.2,False,222.704
8243,3628,78,1,213.82,0.2,False,171.056
8244,3628,217,1,479.18,0.0,False,479.18
8245,3628,193,1,351.11,0.0,False,351.11
8246,3629,268,1,23.79,0.0,False,23.79
8247,3629,200,1,533.81,0.05,False,507.1194999999999
8248,3629,196,1,518.75,0.0,False,518.75
8249,3629,60,1,148.68,0.1,False,133.812
8250,3630,88,3,275.21,0.05,False,784.3484999999998
8251,3630,249,1,682.27,0.0,False,682.27
8252,3630,243,2,746.93,0.0,False,1493.86
8253,3630,33,1,217.73,0.05,False,206.84349999999998
8254,3630,277,1,437.32,0.15,False,371.722
8255,3631,52,1,12.48,0.0,False,12.48
8256,3631,43,1,97.72,0.05,False,92.83399999999999
8257,3632,118,3,611.17,0.0,False,1833.5099999999998
8258,3632,148,1,304.48,0.1,False,274.03200000000004
8259,3632,92,3,148.78,0.0,False,446.34000000000003
8260,3633,2,1,807.37,0.0,False,807.37
8261,3633,156,1,372.8,0.1,False,335.52000000000004
8262,3633,68,1,133.13,0.0,False,133.13
8263,3633,193,2,351.11,0.1,False,631.998
8264,3634,47,1,513.39,0.0,False,513.39
8265,3634,184,1,278.4,0.0,False,278.4
8266,3634,149,1,382.77,0.0,False,382.77
8267,3635,15,1,536.46,0.15,False,455.99100000000004
8268,3636,49,2,850.7,0.0,False,1701.4
8269,3637,156,1,372.8,0.0,False,372.8
8270,3638,189,1,24.7,0.0,False,24.7
8271,3638,289,1,635.36,0.05,False,603.592
8272,3639,178,2,563.12,0.1,False,1013.616
8273,3639,30,1,477.17,0.0,False,477.17
8274,3639,146,2,443.54,0.0,False,887.08
8275,3639,75,1,299.66,0.0,False,299.66
8276,3640,211,1,943.9,0.05,False,896.7049999999999
8277,3640,168,1,649.6,0.15,False,552.16
8278,3640,47,1,513.39,0.0,False,513.39
8279,3641,293,1,709.48,0.0,False,709.48
8280,3642,255,1,249.2,0.05,False,236.73999999999998
8281,3643,97,1,628.48,0.0,False,628.48
8282,3643,210,2,177.09,0.05,False,336.471
8283,3644,4,1,17.97,0.0,False,17.97
8284,3644,15,1,536.46,0.0,False,536.46
8285,3645,200,2,533.81,0.1,False,960.858
8286,3645,69,1,274.11,0.0,False,274.11
8287,3645,120,1,146.96,0.1,False,132.264
8288,3646,84,1,43.2,0.0,False,43.2
8289,3647,261,1,429.63,0.2,False,343.704
8290,3648,223,1,57.85,0.0,False,57.85
8291,3648,270,1,34872.0,0.0,False,34872.0
8292,3648,230,1,829.69,0.0,False,829.69
8293,3648,145,2,61.15,0.0,False,122.3
8294,3649,21,1,614.24,0.0,False,614.24
8295,3649,158,2,282.03,0.2,False,451.248
8296,3649,250,1,8284.0,0.0,False,8284.0
8297,3650,95,1,711.68,0.05,False,676.0959999999999
8298,3650,299,1,725.08,0.15,False,616.318
8299,3650,41,-1,376.48,0.1,True,-338.83200000000005
8300,3650,215,1,501.1,0.0,False,501.1
8301,3651,14,1,90.93,0.0,False,90.93
8302,3651,292,1,425.68,0.0,False,425.68
8303,3651,198,2,266.02,0.0,False,532.04
8304,3651,174,1,864.84,0.2,False,691.8720000000001
8305,3652,80,1,166.05,0.1,False,149.44500000000002
8306,3652,243,1,746.93,0.0,False,746.93
8307,3652,252,1,274.43,0.05,False,260.7085
8308,3652,81,2,779.01,0.0,False,1558.02
8309,3653,215,1,501.1,0.0,False,501.1
8310,3653,98,2,71.96,0.05,False,136.724
8311,3653,120,1,146.96,0.1,False,132.264
8312,3653,292,1,425.68,0.1,False,383.112
8313,3654,116,1,862.37,0.1,False,776.133
8314,3655,251,1,439.11,0.0,False,439.11
8315,3655,70,1,402.01,0.0,False,402.01
8316,3656,42,1,328.75,0.0,False,328.75
8317,3657,71,1,362.18,0.0,False,362.18
8318,3658,72,2,286.08,0.0,False,572.16
8319,3658,94,-1,514.73,0.0,True,-514.73
8320,3659,250,1,8284.0,0.0,False,8284.0
8321,3659,259,2,533.22,0.0,False,1066.44
8322,3660,30,2,477.17,0.05,False,906.6229999999999
8323,3660,15,1,536.46,0.0,False,536.46
8324,3661,189,1,24.7,0.0,False,24.7
8325,3662,163,1,598.68,0.2,False,478.94399999999996
8326,3663,96,1,682.77,0.0,False,682.77
8327,3664,107,1,963.92,0.0,False,963.92
8328,3664,300,1,133.29,0.05,False,126.62549999999999
8329,3665,81,1,779.01,0.1,False,701.109
8330,3665,148,1,304.48,0.0,False,304.48
8331,3665,147,1,517.03,0.0,False,517.03
8332,3666,186,2,290.81,0.0,False,581.62
8333,3667,32,1,338.4,0.0,False,338.4
8334,3667,130,1,454.11,0.05,False,431.4045
8335,3667,285,1,667.54,0.05,False,634.1629999999999
8336,3668,107,1,963.92,0.1,False,867.528
8337,3668,96,1,682.77,0.1,False,614.493
8338,3668,232,1,71.83,0.0,False,71.83
8339,3669,76,2,938.11,0.05,False,1782.4089999999999
8340,3669,128,1,686.4,0.0,False,686.4
8341,3670,146,2,443.54,0.1,False,798.3720000000001
8342,3670,281,1,146.98,0.0,False,146.98
8343,3670,5,1,503.34,0.0,False,503.34
8344,3670,126,2,240.49,0.1,False,432.882
8345,3671,40,1,171.89,0.0,False,171.89
8346,3671,194,1,222.76,0.15,False,189.34599999999998
8347,3672,220,1,475.38,0.0,False,475.38
8348,3673,154,1,115.68,0.0,False,115.68
8349,3674,95,1,711.68,0.05,False,676.0959999999999
8350,3675,96,1,682.77,0.0,False,682.77
8351,3676,18,1,35.67,0.0,False,35.67
8352,3677,266,1,110.99,0.0,False,110.99
8353,3677,160,1,150.1,0.0,False,150.1
8354,3678,248,1,75.61,0.0,False,75.61
8355,3678,277,1,437.32,0.0,False,437.32
8356,3679,98,1,71.96,0.1,False,64.764
8357,3679,73,1,346.78,0.0,False,346.78
8358,3679,63,1,430.39,0.0,False,430.39
8359,3679,129,1,492.47,0.05,False,467.8465
8360,3680,90,1,219.22,0.05,False,208.259
8361,3680,237,3,335.88,0.15,False,856.4939999999999
8362,3681,119,1,519.85,0.0,False,519.85
8363,3681,243,2,746.93,0.0,False,1493.86
8364,3682,117,1,567.69,0.1,False,510.92100000000005
8366,3682,298,2,238.39,0.15,False,405.263
8367,3683,146,1,443.54,0.0,False,443.54
8368,3683,244,2,263.25,0.2,False,421.20000000000005
8369,3684,180,1,843.45,0.15,False,716.9325
8370,3684,15,2,536.46,0.0,False,1072.92
8371,3685,90,1,219.22,0.0,False,219.22
8372,3686,174,2,864.84,0.0,False,1729.68
8373,3686,207,1,518.71,0.0,False,518.71
8374,3686,65,1,460.75,0.0,False,460.75
8375,3686,220,1,475.38,0.0,False,475.38
8376,3687,121,1,183.38,0.0,False,183.38
8377,3687,59,3,287.12,0.0,False,861.36
8378,3688,238,-1,192.17,0.0,True,-192.17
8379,3689,177,1,156.12,0.2,False,124.89600000000002
8380,3689,63,2,430.39,0.0,False,860.78
8381,3690,281,1,146.98,0.05,False,139.63099999999997
8382,3690,194,1,222.76,0.1,False,200.484
8383,3691,132,1,299.38,0.0,False,299.38
8384,3691,164,3,446.58,0.15,False,1138.779
8385,3691,67,1,355.8,0.0,False,355.8
8386,3691,75,1,299.66,0.0,False,299.66
8387,3692,106,1,150.04,0.15,False,127.53399999999999
8388,3693,232,1,71.83,0.1,False,64.647
8389,3694,184,-1,278.4,0.0,True,-278.4
8390,3695,102,1,396.98,0.1,False,357.28200000000004
8391,3695,188,3,550.0,0.05,False,1567.5
8392,3696,80,1,166.05,0.1,False,149.44500000000002
8394,3696,106,1,150.04,0.0,False,150.04
8395,3696,255,1,249.2,0.05,False,236.73999999999998
8396,3697,181,1,37.18,0.0,False,37.18
8397,3698,15,2,536.46,0.0,False,1072.92
8398,3698,95,1,711.68,0.05,False,676.0959999999999
8399,3698,41,-1,376.48,0.0,True,-376.48
8400,3699,261,2,429.63,0.1,False,773.3340000000001
8401,3699,236,2,55.21,0.0,False,110.42
8402,3699,280,3,121.8,0.0,False,365.4
8403,3699,263,1,222.36,0.0,False,222.36
8404,3699,192,1,697.79,0.05,False,662.9005
8405,3700,199,1,51.0,0.0,False,51.0
8406,3700,82,1,235.49,0.0,False,235.49
8407,3701,131,2,797.13,0.0,False,1594.26
8408,3702,12,1,156.75,0.0,False,156.75
8409,3703,258,1,626.09,0.0,False,626.09
8410,3704,64,1,29.71,0.2,False,23.768
8411,3705,78,1,213.82,0.0,False,213.82
8412,3706,125,1,584.13,0.2,False,467.30400000000003
8413,3707,182,1,500.91,0.0,False,500.91
8414,3707,99,2,496.87,0.0,False,993.74
8415,3707,47,1,513.39,0.0,False,513.39
8416,3707,180,-1,843.45,0.0,True,-843.45
8417,3707,128,2,686.4,0.15,False,1166.8799999999999
8418,3708,285,1,667.54,0.0,False,667.54
8419,3708,36,1,749.87,0.2,False,599.8960000000001
8420,3709,3,1,978.72,0.0,False,978.72
8421,3709,71,1,362.18,0.1,False,325.962
8422,3710,100,1,283.25,0.1,False,254.925
8423,3710,120,1,146.96,0.2,False,117.56800000000001
8424,3711,296,1,361.73,0.0,False,361.73
8425,3711,250,1,8284.0,0.0,False,8284.0
8426,3712,79,1,308.93,0.0,False,308.93
8427,3713,52,1,12.48,0.0,False,12.48
8428,3713,1,1,433.54,0.0,False,433.54
8429,3713,82,1,235.49,0.0,False,235.49
8430,3713,77,1,103.53,0.0,False,103.53
8431,3713,70,1,402.01,0.0,False,402.01
8432,3714,26,1,259.69,0.0,False,259.69
8433,3714,228,1,162.75,0.0,False,162.75
8434,3715,175,1,600.57,0.15,False,510.4845
8435,3715,205,2,367.74,0.15,False,625.158
8436,3715,31,1,976.57,0.1,False,878.913
8437,3716,262,1,214.85,0.1,False,193.365
8438,3716,235,1,370.09,0.1,False,333.08099999999996
8439,3716,293,1,709.48,0.15,False,603.058
8440,3717,265,2,839.64,0.0,False,1679.28
8441,3718,147,3,517.03,0.15,False,1318.4264999999998
8442,3718,253,1,621.95,0.2,False,497.56000000000006
8443,3718,189,1,24.7,0.0,False,24.7
8444,3719,213,2,111.83,0.1,False,201.294
8445,3719,27,1,686.85,0.0,False,686.85
8446,3719,126,2,240.49,0.0,False,480.98
8447,3720,293,1,709.48,0.05,False,674.006
8448,3721,56,1,186.07,0.0,False,186.07
8449,3721,228,1,162.75,0.0,False,162.75
8450,3721,210,1,177.09,0.1,False,159.381
8451,3721,65,1,460.75,0.15,False,391.6375
8452,3721,7,2,357.42,0.0,False,714.84
8453,3722,222,1,264.61,0.0,False,264.61
8454,3722,183,1,942.96,0.05,False,895.812
8455,3723,209,2,797.01,0.0,False,1594.02
8456,3723,4,1,17.97,0.0,False,17.97
8457,3723,163,1,598.68,0.0,False,598.68
8458,3723,130,1,454.11,0.1,False,408.699
8459,3723,105,1,375.87,0.0,False,375.87
8460,3724,117,1,567.69,0.05,False,539.3055
8461,3724,86,1,443.6,0.0,False,443.6
8462,3724,67,1,355.8,0.0,False,355.8
8463,3725,269,3,603.81,0.05,False,1720.8584999999998
8464,3726,279,1,226.81,0.05,False,215.46949999999998
8465,3726,176,2,199.39,0.0,False,398.78
8466,3726,256,1,537.93,0.0,False,537.93
8467,3727,32,2,338.4,0.0,False,676.8
8468,3728,59,1,287.12,0.0,False,287.12
8469,3728,99,1,496.87,0.0,False,496.87
8470,3729,14,1,90.93,0.2,False,72.74400000000001
8471,3730,125,3,584.13,0.0,False,1752.3899999999999
8472,3730,250,1,8284.0,0.05,False,7869.799999999999
8473,3731,300,3,133.29,0.05,False,379.87649999999996
8474,3732,172,1,104.56,0.0,False,104.56
8475,3733,27,1,686.85,0.0,False,686.85
8476,3733,20,1,548.49,0.0,False,548.49
8477,3734,277,2,437.32,0.05,False,830.9079999999999
8478,3734,150,3,182.12,0.0,False,546.36
8479,3734,101,1,488.42,0.0,False,488.42
8480,3734,294,2,141.94,0.0,False,283.88
8481,3735,233,1,82.49,0.0,False,82.49
8482,3736,240,1,555.47,0.0,False,555.47
8483,3736,230,1,829.69,0.0,False,829.69
8484,3737,94,3,514.73,0.0,False,1544.19
8485,3738,60,1,148.68,0.05,False,141.246
8486,3739,8,1,295.82,0.0,False,295.82
8487,3739,298,1,238.39,0.2,False,190.712
8488,3739,130,1,454.11,0.0,False,454.11
8489,3739,260,3,619.66,0.05,False,1766.031
8490,3740,179,1,478.65,0.15,False,406.85249999999996
8491,3740,114,1,23.97,0.1,False,21.573
8492,3741,299,3,725.08,0.1,False,1957.7160000000003
8493,3741,208,1,260.07,0.1,False,234.063
8494,3742,166,2,278.38,0.05,False,528.9219999999999
8495,3742,68,1,133.13,0.0,False,133.13
8496,3742,226,2,211.98,0.1,False,381.56399999999996
8497,3742,94,1,514.73,0.0,False,514.73
8498,3743,212,1,445.65,0.1,False,401.085
8499,3743,217,1,479.18,0.2,False,383.34400000000005
8500,3743,288,1,515.26,0.1,False,463.734
8501,3744,15,2,536.46,0.0,False,1072.92
8502,3744,165,1,605.76,0.0,False,605.76
8503,3745,60,3,148.68,0.15,False,379.134
8504,3746,135,1,550.83,0.0,False,550.83
8505,3747,175,1,600.57,0.0,False,600.57
8506,3748,180,1,843.45,0.0,False,843.45
8507,3749,276,1,341.21,0.1,False,307.089
8508,3750,148,1,304.48,0.15,False,258.808
8509,3750,5,1,503.34,0.0,False,503.34
8510,3750,152,1,910.86,0.0,False,910.86
8511,3750,103,1,456.96,0.0,False,456.96
8512,3751,271,1,756.22,0.05,False,718.409
8513,3751,227,1,192.19,0.0,False,192.19
8514,3751,82,1,235.49,0.0,False,235.49
8515,3751,157,1,701.5,0.0,False,701.5
8516,3752,267,1,253.7,0.0,False,253.7
8517,3752,241,2,306.12,0.1,False,551.0160000000001
8519,3753,130,1,454.11,0.0,False,454.11
8520,3754,49,1,850.7,0.0,False,850.7
8521,3754,179,1,478.65,0.05,False,454.7175
8522,3755,160,1,150.1,0.05,False,142.595
8523,3755,214,1,304.46,0.0,False,304.46
8524,3756,236,1,55.21,0.05,False,52.4495
8525,3756,174,3,864.84,0.0,False,2594.52
8526,3756,148,2,304.48,0.0,False,608.96
8527,3757,294,1,141.94,0.0,False,141.94
8528,3758,209,1,797.01,0.05,False,757.1595
8529,3759,72,1,286.08,0.0,False,286.08
8530,3760,258,1,626.09,0.0,False,626.09
8531,3760,260,1,619.66,0.1,False,557.694
8532,3761,167,2,39.88,0.0,False,79.76
8533,3761,271,1,756.22,0.0,False,756.22
8534,3762,242,1,166.1,0.0,False,166.1
8535,3762,66,1,447.18,0.0,False,447.18
8536,3762,2,1,807.37,0.1,False,726.633
8537,3763,5,1,503.34,0.0,False,503.34
8538,3763,71,1,362.18,0.2,False,289.744
8539,3763,243,2,746.93,0.05,False,1419.167
8540,3763,223,1,57.85,0.05,False,54.957499999999996
8541,3764,13,2,152.16,0.0,False,304.32
8542,3765,72,1,286.08,0.0,False,286.08
8543,3766,227,1,192.19,0.05,False,182.5805
8544,3767,137,1,316.92,0.0,False,316.92
8545,3767,225,3,939.11,0.0,False,2817.33
8546,3767,109,1,59.23,0.0,False,59.23
8547,3768,268,1,23.79,0.15,False,20.2215
8548,3768,243,1,746.93,0.0,False,746.93
8549,3768,231,2,410.59,0.05,False,780.1209999999999
8550,3768,5,2,503.34,0.0,False,1006.68
8551,3768,18,1,35.67,0.0,False,35.67
8552,3769,65,1,460.75,0.05,False,437.7125
8553,3770,219,1,211.99,0.0,False,211.99
8554,3770,222,1,264.61,0.0,False,264.61
8555,3770,266,1,110.99,0.0,False,110.99
8556,3770,37,1,608.8,0.0,False,608.8
8557,3770,278,1,402.71,0.0,False,402.71
8558,3771,113,2,55.28,0.0,False,110.56
8559,3771,50,1,240.1,0.0,False,240.1
8560,3771,12,2,156.75,0.1,False,282.15000000000003
8561,3771,125,1,584.13,0.0,False,584.13
8562,3772,170,2,723.66,0.0,False,1447.32
8563,3773,125,1,584.13,0.0,False,584.13
8564,3773,257,2,8.4,0.0,False,16.8
8565,3773,52,3,12.48,0.0,False,37.44
8566,3774,276,1,341.21,0.0,False,341.21
8567,3775,73,1,346.78,0.1,False,312.102
8568,3775,210,1,177.09,0.15,False,150.5265
8569,3775,288,1,515.26,0.0,False,515.26
8570,3776,6,1,531.19,0.0,False,531.19
8571,3776,87,1,564.0,0.2,False,451.20000000000005
8572,3777,174,1,864.84,0.05,False,821.598
8573,3778,210,-1,177.09,0.0,True,-177.09
8574,3778,219,1,211.99,0.0,False,211.99
8575,3779,24,1,696.97,0.15,False,592.4245
8576,3779,250,1,8284.0,0.2,False,6627.200000000001
8577,3779,179,1,478.65,0.05,False,454.7175
8578,3780,195,1,132.26,0.0,False,132.26
8579,3780,292,1,425.68,0.05,False,404.396
8580,3780,219,1,211.99,0.2,False,169.592
8582,3780,134,3,541.79,0.2,False,1300.296
8583,3781,179,3,478.65,0.0,False,1435.9499999999998
8584,3782,64,1,29.71,0.05,False,28.2245
8585,3782,91,1,369.86,0.0,False,369.86
8586,3782,64,1,29.71,0.0,False,29.71
8587,3783,113,3,55.28,0.0,False,165.84
8588,3783,28,1,749.19,0.15,False,636.8115
8589,3784,46,1,397.56,0.05,False,377.68199999999996
8590,3785,37,1,608.8,0.1,False,547.92
8591,3786,214,1,304.46,0.0,False,304.46
8592,3787,273,1,560.24,0.0,False,560.24
8593,3788,266,1,110.99,0.1,False,99.89099999999999
8594,3789,246,1,574.84,0.0,False,574.84
8595,3789,52,1,12.48,0.0,False,12.48
8596,3789,149,1,382.77,0.0,False,382.77
8597,3790,155,1,607.36,0.0,False,607.36
8598,3790,21,1,614.24,0.0,False,614.24
8599,3790,127,1,111.4,0.0,False,111.4
8600,3791,292,1,425.68,0.0,False,425.68
8601,3791,72,1,286.08,0.05,False,271.77599999999995
8602,3792,272,1,5.69,0.1,False,5.121
8603,3793,281,1,146.98,0.1,False,132.28199999999998
8604,3793,68,2,133.13,0.0,False,266.26
8605,3794,62,1,244.7,0.0,False,244.7
8606,3794,47,1,513.39,0.0,False,513.39
8607,3794,100,1,283.25,0.15,False,240.7625
8608,3794,230,-1,829.69,0.0,True,-829.69
8609,3795,286,3,47.93,0.1,False,129.411
8610,3795,197,1,538.79,0.0,False,538.79
8611,3796,15,1,536.46,0.0,False,536.46
8612,3796,87,1,564.0,0.0,False,564.0
8613,3797,177,1,156.12,0.05,False,148.314
8614,3797,193,1,351.11,0.0,False,351.11
8615,3797,43,1,97.72,0.1,False,87.94800000000001
8616,3797,51,1,863.34,0.0,False,863.34
8617,3798,212,1,445.65,0.05,False,423.36749999999995
8618,3798,233,1,82.49,0.0,False,82.49
8619,3799,266,1,110.99,0.05,False,105.44049999999999
8620,3799,209,1,797.01,0.0,False,797.01
8621,3799,112,-1,10.73,0.05,True,-10.1935
8622,3800,27,1,686.85,0.0,False,686.85
8623,3801,81,1,779.01,0.15,False,662.1585
8624,3801,123,1,840.94,0.1,False,756.8460000000001
8625,3801,244,2,263.25,0.0,False,526.5
8626,3802,230,1,829.69,0.15,False,705.2365
8627,3802,93,1,98.57,0.2,False,78.856
8628,3802,234,1,486.72,0.0,False,486.72
8629,3803,51,1,863.34,0.2,False,690.672
8630,3803,32,1,338.4,0.0,False,338.4
8631,3803,31,2,976.57,0.05,False,1855.483
8632,3803,93,1,98.57,0.05,False,93.6415
8633,3804,25,1,282.92,0.0,False,282.92
8634,3804,110,1,52.92,0.0,False,52.92
8635,3804,73,2,346.78,0.0,False,693.56
8636,3805,115,-1,251.88,0.0,True,-251.88
8637,3805,125,1,584.13,0.0,False,584.13
8638,3806,224,1,23.12,0.0,False,23.12
8639,3807,218,-1,127.17,0.2,True,-101.736
8640,3807,9,2,66.57,0.0,False,133.14
8641,3807,198,1,266.02,0.0,False,266.02
8642,3808,114,1,23.97,0.0,False,23.97
8643,3809,34,1,399.8,0.0,False,399.8
8644,3810,281,1,146.98,0.0,False,146.98
8645,3811,42,1,328.75,0.05,False,312.3125
8646,3811,124,2,640.23,0.05,False,1216.437
8647,3812,39,1,412.64,0.0,False,412.64
8648,3812,113,1,55.28,0.15,False,46.988
8649,3813,201,1,567.68,0.15,False,482.52799999999996
8650,3814,287,1,754.14,0.2,False,603.312
8651,3814,69,2,274.11,0.0,False,548.22
8652,3814,7,1,357.42,0.2,False,285.93600000000004
8653,3814,158,1,282.03,0.0,False,282.03
8654,3815,27,2,686.85,0.0,False,1373.7
8655,3816,21,1,614.24,0.1,False,552.816
8656,3816,203,1,431.09,0.0,False,431.09
8657,3817,156,2,372.8,0.2,False,596.48
8658,3818,102,1,396.98,0.0,False,396.98
8659,3818,249,1,682.27,0.2,False,545.816
8660,3818,154,1,115.68,0.0,False,115.68
8661,3818,9,1,66.57,0.0,False,66.57
8662,3819,103,1,456.96,0.0,False,456.96
8663,3820,208,1,260.07,0.2,False,208.056
8664,3821,181,2,37.18,0.05,False,70.642
8665,3821,277,3,437.32,0.0,False,1311.96
8666,3821,20,2,548.49,0.0,False,1096.98
8667,3821,9,2,66.57,0.05,False,126.48299999999998
8668,3821,11,2,216.27,0.0,False,432.54
8670,3822,24,1,696.97,0.1,False,627.273
8671,3823,53,1,192.38,0.0,False,192.38
8672,3824,41,1,376.48,0.0,False,376.48
8673,3824,297,1,89.43,0.0,False,89.43
8674,3824,145,1,61.15,0.0,False,61.15
8675,3824,298,1,238.39,0.05,False,226.4705
8676,3825,217,1,479.18,0.0,False,479.18
8677,3825,57,2,510.39,0.0,False,1020.78
8678,3826,274,3,528.78,0.0,False,1586.34
8679,3826,156,1,372.8,0.15,False,316.88
8680,3826,221,2,704.75,0.05,False,1339.0249999999999
8681,3826,266,1,110.99,0.15,False,94.3415
8682,3827,20,1,548.49,0.0,False,548.49
8683,3828,149,1,382.77,0.0,False,382.77
8684,3828,24,1,696.97,0.0,False,696.97
8685,3829,228,2,162.75,0.0,False,325.5
8686,3829,19,2,727.02,0.0,False,1454.04
8687,3830,274,1,528.78,0.05,False,502.34099999999995
8688,3830,223,1,57.85,0.0,False,57.85
8689,3831,122,2,607.34,0.1,False,1093.212
8690,3832,236,1,55.21,0.1,False,49.689
8691,3833,43,1,97.72,0.0,False,97.72
8692,3833,132,1,299.38,0.0,False,299.38
8693,3833,187,3,127.57,0.0,False,382.71
8694,3834,112,1,10.73,0.1,False,9.657
8695,3834,270,1,34872.0,0.0,False,34872.0
8696,3834,21,1,614.24,0.0,False,614.24
8697,3834,202,2,514.85,0.0,False,1029.7
8698,3835,263,1,222.36,0.0,False,222.36
8699,3835,150,-1,182.12,0.15,True,-154.802
8700,3835,218,1,127.17,0.2,False,101.736
8701,3835,283,2,680.49,0.05,False,1292.931
8702,3835,151,1,625.19,0.05,False,593.9305
8703,3836,275,1,82.62,0.0,False,82.62
8704,3836,222,2,264.61,0.0,False,529.22
8705,3836,244,1,263.25,0.0,False,263.25
8706,3837,283,1,680.49,0.0,False,680.49
8707,3838,102,1,396.98,0.0,False,396.98
8708,3838,107,1,963.92,0.0,False,963.92
8709,3839,222,1,264.61,0.1,False,238.14900000000003
8710,3839,70,2,402.01,0.05,False,763.819
8711,3839,234,1,486.72,0.0,False,486.72
8712,3840,38,1,364.99,0.0,False,364.99
8713,3840,97,1,628.48,0.05,False,597.056
8714,3840,54,1,679.71,0.0,False,679.71
8715,3840,76,1,938.11,0.1,False,844.299
8716,3841,182,1,500.91,0.0,False,500.91
8717,3842,147,1,517.03,0.1,False,465.327
8718,3843,221,-1,704.75,0.2,True,-563.8000000000001
8719,3843,140,1,500.02,0.0,False,500.02
8720,3843,296,1,361.73,0.0,False,361.73
8721,3844,202,1,514.85,0.0,False,514.85
8722,3844,233,1,82.49,0.0,False,82.49
8723,3845,167,2,39.88,0.0,False,79.76
8724,3845,114,2,23.97,0.0,False,47.94
8725,3845,249,1,682.27,0.05,False,648.1564999999999
8726,3846,114,1,23.97,0.0,False,23.97
8727,3847,143,1,421.93,0.0,False,421.93
8728,3848,136,2,974.39,0.0,False,1948.78
8729,3848,213,3,111.83,0.1,False,301.94100000000003
8730,3849,214,1,304.46,0.0,False,304.46
8731,3849,210,1,177.09,0.0,False,177.09
8732,3849,133,1,479.79,0.0,False,479.79
8733,3850,286,1,47.93,0.15,False,40.7405
8734,3850,211,1,943.9,0.0,False,943.9
8735,3850,280,1,121.8,0.0,False,121.8
8736,3851,272,1,5.69,0.1,False,5.121
8737,3851,213,2,111.83,0.0,False,223.66
8738,3852,249,1,682.27,0.1,False,614.043
8739,3852,152,1,910.86,0.1,False,819.774
8740,3852,247,1,708.26,0.2,False,566.6080000000001
8741,3852,97,1,628.48,0.05,False,597.056
8742,3852,139,1,835.42,0.0,False,835.42
8743,3853,280,1,121.8,0.05,False,115.71
8744,3853,190,1,707.42,0.0,False,707.42
8745,3853,25,1,282.92,0.15,False,240.482
8746,3854,111,1,227.31,0.05,False,215.9445
8747,3855,269,1,603.81,0.15,False,513.2384999999999
8748,3856,138,1,54.35,0.0,False,54.35
8749,3857,127,1,111.4,0.0,False,111.4
8750,3857,183,1,942.96,0.1,False,848.6640000000001
8751,3857,298,1,238.39,0.0,False,238.39
8752,3858,54,2,679.71,0.05,False,1291.449
8753,3858,256,2,537.93,0.0,False,1075.86
8754,3858,162,1,126.53,0.05,False,120.20349999999999
8755,3859,86,3,443.6,0.0,False,1330.8000000000002
8756,3859,205,3,367.74,0.15,False,937.737
8757,3860,160,-1,150.1,0.0,True,-150.1
8758,3861,277,1,437.32,0.0,False,437.32
8759,3862,10,1,309.24,0.15,False,262.854
8760,3863,47,1,513.39,0.05,False,487.72049999999996
8761,3863,213,1,111.83,0.0,False,111.83
8762,3863,134,1,541.79,0.1,False,487.611
8763,3864,61,1,512.76,0.05,False,487.12199999999996
8764,3864,29,2,103.82,0.0,False,207.64
8765,3864,48,1,231.62,0.1,False,208.458
8766,3865,80,1,166.05,0.0,False,166.05
8767,3866,115,1,251.88,0.05,False,239.28599999999997
8768,3866,164,1,446.58,0.0,False,446.58
8769,3867,186,1,290.81,0.0,False,290.81
8770,3867,178,1,563.12,0.0,False,563.12
8771,3868,165,1,605.76,0.0,False,605.76
8772,3868,187,1,127.57,0.0,False,127.57
8773,3869,145,1,61.15,0.0,False,61.15
8774,3870,232,1,71.83,0.0,False,71.83
8775,3871,51,1,863.34,0.05,False,820.173
8776,3871,238,2,192.17,0.15,False,326.68899999999996
8777,3871,198,1,266.02,0.1,False,239.41799999999998
8778,3871,177,1,156.12,0.0,False,156.12
8779,3871,75,1,299.66,0.15,False,254.711
8780,3872,15,2,536.46,0.0,False,1072.92
8781,3872,153,2,530.38,0.0,False,1060.76
8782,3872,265,1,839.64,0.0,False,839.64
8783,3873,147,1,517.03,0.0,False,517.03
8784,3874,14,1,90.93,0.0,False,90.93
8785,3874,296,1,361.73,0.1,False,325.557
8786,3874,83,2,243.1,0.0,False,486.2
8787,3874,210,1,177.09,0.1,False,159.381
8788,3875,35,1,425.48,0.05,False,404.206
8789,3875,221,1,704.75,0.2,False,563.8000000000001
8790,3875,218,2,127.17,0.2,False,203.472
8791,3876,122,1,607.34,0.15,False,516.239
8792,3877,253,2,621.95,0.0,False,1243.9
8793,3878,195,1,132.26,0.1,False,119.03399999999999
8794,3878,19,1,727.02,0.1,False,654.318
8795,3878,149,1,382.77,0.0,False,382.77
8796,3878,248,1,75.61,0.05,False,71.8295
8797,3879,27,1,686.85,0.05,False,652.5074999999999
8798,3879,45,1,511.39,0.05,False,485.8205
8799,3879,103,2,456.96,0.0,False,913.92
8800,3879,86,1,443.6,0.05,False,421.42
8801,3880,22,3,205.71,0.0,False,617.13
8802,3880,276,1,341.21,0.0,False,341.21
8803,3880,35,1,425.48,0.0,False,425.48
8804,3881,89,1,247.06,0.05,False,234.707
8805,3881,153,1,530.38,0.0,False,530.38
8806,3881,227,1,192.19,0.1,False,172.971
8807,3881,113,1,55.28,0.15,False,46.988
8808,3882,251,3,439.11,0.0,False,1317.33
8809,3882,277,1,437.32,0.0,False,437.32
8810,3882,95,2,711.68,0.0,False,1423.36
8811,3882,87,1,564.0,0.0,False,564.0
8812,3882,193,1,351.11,0.15,False,298.44350000000003
8813,3883,127,1,111.4,0.0,False,111.4
8814,3883,293,3,709.48,0.0,False,2128.44
8815,3884,156,3,372.8,0.0,False,1118.4
8816,3884,88,1,275.21,0.15,False,233.92849999999999
8817,3885,162,1,126.53,0.05,False,120.20349999999999
8818,3885,126,1,240.49,0.2,False,192.39200000000002
8819,3886,283,1,680.49,0.0,False,680.49
8820,3887,225,1,939.11,0.0,False,939.11
8821,3888,169,1,458.05,0.05,False,435.1475
8822,3888,162,1,126.53,0.0,False,126.53
8823,3888,238,1,192.17,0.0,False,192.17
8824,3888,178,2,563.12,0.1,False,1013.616
8825,3889,69,1,274.11,0.0,False,274.11
8826,3889,266,1,110.99,0.15,False,94.3415
8827,3889,248,1,75.61,0.1,False,68.049
8828,3890,165,1,605.76,0.0,False,605.76
8829,3890,44,1,6.81,0.0,False,6.81
8830,3891,15,1,536.46,0.0,False,536.46
8831,3891,279,1,226.81,0.05,False,215.46949999999998
8832,3891,27,1,686.85,0.05,False,652.5074999999999
8833,3891,248,1,75.61,0.1,False,68.049
8834,3891,97,3,628.48,0.0,False,1885.44
8835,3892,218,-1,127.17,0.05,True,-120.8115
8836,3892,120,1,146.96,0.0,False,146.96
8837,3892,125,1,584.13,0.05,False,554.9235
8838,3892,256,1,537.93,0.0,False,537.93
8839,3893,4,1,17.97,0.1,False,16.173
8840,3894,139,2,835.42,0.0,False,1670.84
8841,3895,261,1,429.63,0.0,False,429.63
8842,3896,187,1,127.57,0.15,False,108.43449999999999
8843,3896,231,3,410.59,0.0,False,1231.77
8844,3896,30,1,477.17,0.15,False,405.5945
8845,3896,135,1,550.83,0.0,False,550.83
8846,3896,136,2,974.39,0.0,False,1948.78
8847,3897,155,1,607.36,0.0,False,607.36
8848,3897,104,1,957.31,0.0,False,957.31
8849,3897,38,1,364.99,0.0,False,364.99
8850,3897,217,1,479.18,0.0,False,479.18
8851,3898,263,1,222.36,0.1,False,200.12400000000002
8852,3899,247,1,708.26,0.0,False,708.26
8853,3899,102,1,396.98,0.05,False,377.131
8854,3899,180,1,843.45,0.0,False,843.45
8855,3900,24,1,696.97,0.05,False,662.1215
8856,3900,43,1,97.72,0.0,False,97.72
8857,3901,125,3,584.13,0.15,False,1489.5314999999998
8858,3902,148,-1,304.48,0.0,True,-304.48
8859,3902,121,1,183.38,0.1,False,165.042
8860,3903,2,1,807.37,0.1,False,726.633
8861,3903,66,1,447.18,0.05,False,424.82099999999997
8862,3903,231,1,410.59,0.0,False,410.59
8863,3904,251,1,439.11,0.1,False,395.199
8864,3905,295,2,139.02,0.0,False,278.04
8865,3905,240,2,555.47,0.0,False,1110.94
8866,3905,195,1,132.26,0.05,False,125.64699999999999
8867,3905,269,1,603.81,0.1,False,543.429
8868,3905,108,2,378.75,0.0,False,757.5
8869,3906,86,1,443.6,0.0,False,443.6
8870,3907,118,2,611.17,0.15,False,1038.9889999999998
8871,3907,149,1,382.77,0.0,False,382.77
8872,3907,1,1,433.54,0.1,False,390.18600000000004
8873,3907,1,1,433.54,0.15,False,368.509
8874,3908,26,1,259.69,0.05,False,246.70549999999997
8875,3908,202,1,514.85,0.0,False,514.85
8876,3909,270,1,34872.0,0.0,False,34872.0
8877,3910,68,3,133.13,0.0,False,399.39
8878,3910,251,1,439.11,0.0,False,439.11
8879,3911,198,1,266.02,0.1,False,239.41799999999998
8880,3911,46,1,397.56,0.0,False,397.56
8881,3912,159,1,818.3,0.0,False,818.3
8882,3912,153,1,530.38,0.0,False,530.38
8883,3913,189,1,24.7,0.1,False,22.23
8884,3913,237,1,335.88,0.15,False,285.498
8885,3913,96,1,682.77,0.0,False,682.77
8886,3913,273,2,560.24,0.1,False,1008.432
8887,3913,211,1,943.9,0.0,False,943.9
8888,3914,26,2,259.69,0.05,False,493.41099999999994
8889,3914,284,2,228.9,0.05,False,434.90999999999997
8890,3914,189,1,24.7,0.1,False,22.23
8891,3915,266,1,110.99,0.0,False,110.99
8892,3915,21,1,614.24,0.0,False,614.24
8893,3915,281,1,146.98,0.0,False,146.98
8894,3915,186,1,290.81,0.0,False,290.81
8895,3915,36,1,749.87,0.0,False,749.87
8896,3916,105,1,375.87,0.2,False,300.696
8897,3916,74,1,171.2,0.0,False,171.2
8898,3917,252,1,274.43,0.0,False,274.43
8899,3917,118,1,611.17,0.0,False,611.17
8900,3918,96,1,682.77,0.15,False,580.3544999999999
8901,3919,116,1,862.37,0.0,False,862.37
8902,3920,33,1,217.73,0.0,False,217.73
8903,3921,230,2,829.69,0.0,False,1659.38
8904,3921,152,1,910.86,0.15,False,774.231
8905,3921,100,1,283.25,0.0,False,283.25
8906,3922,32,2,338.4,0.0,False,676.8
8907,3922,51,1,863.34,0.0,False,863.34
8908,3922,160,1,150.1,0.15,False,127.585
8909,3922,38,1,364.99,0.0,False,364.99
8910,3922,90,3,219.22,0.0,False,657.66
8911,3923,93,2,98.57,0.0,False,197.14
8912,3923,161,2,68.77,0.05,False,130.66299999999998
8913,3923,221,1,704.75,0.1,False,634.275
8914,3924,211,1,943.9,0.0,False,943.9
8915,3924,285,1,667.54,0.0,False,667.54
8916,3924,272,1,5.69,0.0,False,5.69
8917,3925,247,1,708.26,0.0,False,708.26
8918,3925,59,1,287.12,0.0,False,287.12
8919,3926,134,3,541.79,0.0,False,1625.37
8920,3926,227,1,192.19,0.0,False,192.19
8921,3926,266,1,110.99,0.0,False,110.99
8922,3926,114,1,23.97,0.0,False,23.97
8923,3927,276,1,341.21,0.1,False,307.089
8924,3927,158,1,282.03,0.0,False,282.03
8925,3927,210,1,177.09,0.1,False,159.381
8926,3927,126,3,240.49,0.0,False,721.47
8927,3927,56,1,186.07,0.0,False,186.07
8928,3928,267,1,253.7,0.1,False,228.32999999999998
8929,3928,176,1,199.39,0.05,False,189.42049999999998
8930,3928,113,1,55.28,0.0,False,55.28
8931,3929,65,-1,460.75,0.0,True,-460.75
8932,3929,129,1,492.47,0.0,False,492.47
8933,3929,71,1,362.18,0.0,False,362.18
8934,3929,146,1,443.54,0.0,False,443.54
8935,3929,70,1,402.01,0.0,False,402.01
8936,3930,74,1,171.2,0.2,False,136.96
8937,3930,24,1,696.97,0.15,False,592.4245
8938,3931,235,1,370.09,0.05,False,351.58549999999997
8939,3931,41,3,376.48,0.0,False,1129.44
8940,3931,187,1,127.57,0.0,False,127.57
8941,3931,7,1,357.42,0.0,False,357.42
8942,3931,62,1,244.7,0.1,False,220.23
8943,3932,295,1,139.02,0.2,False,111.21600000000001
8944,3932,60,1,148.68,0.1,False,133.812
8945,3932,251,1,439.11,0.2,False,351.288
8946,3933,124,1,640.23,0.0,False,640.23
8947,3933,198,1,266.02,0.0,False,266.02
8948,3934,213,3,111.83,0.0,False,335.49
8949,3934,198,-1,266.02,0.1,True,-239.41799999999998
8950,3934,250,2,8284.0,0.05,False,15739.599999999999
8951,3935,104,3,957.31,0.0,False,2871.93
8952,3935,148,1,304.48,0.0,False,304.48
8953,3935,61,1,512.76,0.0,False,512.76
8954,3936,271,2,756.22,0.0,False,1512.44
8955,3936,291,2,19.78,0.0,False,39.56
8956,3937,116,2,862.37,0.0,False,1724.74
8957,3937,37,-1,608.8,0.0,True,-608.8
8959,3937,237,1,335.88,0.0,False,335.88
8960,3938,164,1,446.58,0.0,False,446.58
8961,3938,45,1,511.39,0.0,False,511.39
8962,3938,79,1,308.93,0.0,False,308.93
8963,3939,286,1,47.93,0.05,False,45.5335
8964,3940,270,3,34872.0,0.1,False,94154.40000000001
8965,3941,236,1,55.21,0.0,False,55.21
8966,3941,197,2,538.79,0.0,False,1077.58
8967,3942,45,3,511.39,0.0,False,1534.17
8968,3942,2,1,807.37,0.0,False,807.37
8969,3943,3,1,978.72,0.0,False,978.72
8970,3944,124,-1,640.23,0.0,True,-640.23
8971,3944,55,1,395.52,0.0,False,395.52
8972,3944,56,1,186.07,0.05,False,176.76649999999998
8973,3944,71,1,362.18,0.0,False,362.18
8974,3944,12,1,156.75,0.15,False,133.23749999999998
8975,3945,113,1,55.28,0.15,False,46.988
8976,3945,201,1,567.68,0.05,False,539.2959999999999
8977,3946,120,1,146.96,0.0,False,146.96
8978,3947,192,1,697.79,0.0,False,697.79
8979,3948,163,1,598.68,0.0,False,598.68
8980,3949,185,2,582.19,0.1,False,1047.9420000000002
8981,3949,208,1,260.07,0.05,False,247.0665
8982,3950,6,1,531.19,0.0,False,531.19
8983,3951,218,1,127.17,0.05,False,120.8115
8984,3951,289,1,635.36,0.0,False,635.36
8985,3952,34,1,399.8,0.1,False,359.82
8986,3952,184,1,278.4,0.0,False,278.4
8987,3953,46,1,397.56,0.0,False,397.56
8988,3953,4,1,17.97,0.0,False,17.97
8989,3954,285,1,667.54,0.0,False,667.54
8990,3955,155,1,607.36,0.2,False,485.88800000000003
8991,3955,200,1,533.81,0.1,False,480.429
8992,3955,102,1,396.98,0.0,False,396.98
8993,3955,262,3,214.85,0.2,False,515.64
8994,3955,182,1,500.91,0.1,False,450.819
8995,3956,98,2,71.96,0.0,False,143.92
8996,3956,95,1,711.68,0.15,False,604.928
8997,3956,4,1,17.97,0.15,False,15.274499999999998
8998,3957,121,1,183.38,0.0,False,183.38
8999,3957,186,1,290.81,0.0,False,290.81
9000,3957,94,1,514.73,0.0,False,514.73
9001,3958,300,2,133.29,0.0,False,266.58
9002,3959,196,1,518.75,0.0,False,518.75
9003,3960,40,1,171.89,0.05,False,163.29549999999998
9004,3960,237,1,335.88,0.1,False,302.29200000000003
9005,3961,108,2,378.75,0.0,False,757.5
9006,3962,167,3,39.88,0.0,False,119.64000000000001
9007,3962,251,1,439.11,0.05,False,417.1545
9008,3962,279,1,226.81,0.0,False,226.81
9009,3962,202,1,514.85,0.1,False,463.365
9010,3963,163,1,598.68,0.0,False,598.68
9011,3963,164,1,446.58,0.1,False,401.92199999999997
9012,3963,83,3,243.1,0.0,False,729.3
9013,3963,249,1,682.27,0.1,False,614.043
9014,3964,25,1,282.92,0.15,False,240.482
9015,3964,248,-1,75.61,0.0,True,-75.61
9016,3964,48,1,231.62,0.0,False,231.62
9017,3964,274,1,528.78,0.0,False,528.78
9018,3965,32,2,338.4,0.0,False,676.8
9019,3965,265,1,839.64,0.0,False,839.64
9020,3966,16,3,245.66,0.0,False,736.98
9021,3967,103,1,456.96,0.0,False,456.96
9022,3967,50,1,240.1,0.2,False,192.08
9023,3968,118,1,611.17,0.0,False,611.17
9024,3968,181,1,37.18,0.0,False,37.18
9025,3968,36,2,749.87,0.0,False,1499.74
9026,3968,276,2,341.21,0.0,False,682.42
9027,3968,106,1,150.04,0.1,False,135.036
9028,3969,163,2,598.68,0.0,False,1197.36
9029,3970,11,2,216.27,0.0,False,432.54
9030,3970,17,1,953.82,0.2,False,763.056
9031,3971,40,1,171.89,0.0,False,171.89
9032,3972,114,1,23.97,0.0,False,23.97
9033,3972,144,1,299.76,0.0,False,299.76
9034,3972,10,1,309.24,0.0,False,309.24
9035,3972,195,2,132.26,0.0,False,264.52
9036,3973,167,1,39.88,0.1,False,35.892
9037,3974,57,1,510.39,0.0,False,510.39
9038,3974,131,1,797.13,0.0,False,797.13
9039,3974,211,1,943.9,0.0,False,943.9
9040,3975,63,1,430.39,0.0,False,430.39
9041,3976,60,2,148.68,0.0,False,297.36
9042,3976,181,1,37.18,0.0,False,37.18
9043,3976,13,1,152.16,0.0,False,152.16
9044,3976,68,1,133.13,0.0,False,133.13
9045,3976,203,1,431.09,0.0,False,431.09
9046,3977,12,1,156.75,0.1,False,141.07500000000002
9047,3977,96,2,682.77,0.0,False,1365.54
9048,3977,262,1,214.85,0.1,False,193.365
9049,3978,229,3,690.53,0.1,False,1864.4310000000003
9050,3979,108,1,378.75,0.0,False,378.75
9051,3979,89,1,247.06,0.0,False,247.06
9052,3979,66,1,447.18,0.1,False,402.462
9053,3979,25,2,282.92,0.1,False,509.25600000000003
9054,3979,201,2,567.68,0.05,False,1078.5919999999999
9055,3980,9,1,66.57,0.0,False,66.57
9056,3980,90,1,219.22,0.0,False,219.22
9057,3980,132,1,299.38,0.1,False,269.442
9058,3981,156,1,372.8,0.0,False,372.8
9059,3981,166,1,278.38,0.0,False,278.38
9060,3981,155,1,607.36,0.0,False,607.36
9061,3982,257,1,8.4,0.1,False,7.5600000000000005
9062,3982,56,2,186.07,0.1,False,334.926
9063,3982,30,2,477.17,0.0,False,954.34
9064,3983,79,2,308.93,0.15,False,525.181
9065,3983,190,1,707.42,0.0,False,707.42
9066,3984,81,1,779.01,0.05,False,740.0595
9067,3984,182,3,500.91,0.0,False,1502.73
9068,3985,163,2,598.68,0.05,False,1137.492
9069,3985,300,1,133.29,0.15,False,113.2965
9070,3986,152,1,910.86,0.0,False,910.86
9072,3987,55,1,395.52,0.0,False,395.52
9073,3988,18,1,35.67,0.0,False,35.67
9074,3989,248,1,75.61,0.0,False,75.61
9075,3990,138,1,54.35,0.05,False,51.6325
9076,3991,19,3,727.02,0.0,False,2181.06
9077,3991,27,1,686.85,0.0,False,686.85
9078,3991,212,1,445.65,0.2,False,356.52
9079,3991,122,1,607.34,0.0,False,607.34
9080,3992,40,1,171.89,0.0,False,171.89
9081,3992,111,1,227.31,0.1,False,204.579
9082,3992,141,1,251.45,0.0,False,251.45
9083,3993,38,1,364.99,0.1,False,328.49100000000004
9084,3993,267,1,253.7,0.15,False,215.64499999999998
9085,3994,4,1,17.97,0.0,False,17.97
9086,3994,44,1,6.81,0.05,False,6.469499999999999
9087,3995,173,1,587.7,0.0,False,587.7
9088,3995,288,1,515.26,0.0,False,515.26
9089,3996,133,1,479.79,0.0,False,479.79
9090,3996,231,1,410.59,0.15,False,349.00149999999996
9091,3996,247,2,708.26,0.0,False,1416.52
9092,3996,271,1,756.22,0.15,False,642.787
9093,3996,75,3,299.66,0.1,False,809.082
9094,3997,140,1,500.02,0.0,False,500.02
9095,3997,167,1,39.88,0.0,False,39.88
9096,3998,22,1,205.71,0.15,False,174.8535
9097,3999,129,1,492.47,0.1,False,443.223
9098,3999,92,1,148.78,0.0,False,148.78
9099,4000,95,1,711.68,0.0,False,711.68
9100,4001,63,1,430.39,0.1,False,387.351
9101,4001,43,1,97.72,0.0,False,97.72
9102,4002,78,1,213.82,0.0,False,213.82
9103,4002,278,2,402.71,0.0,False,805.42
9104,4003,111,-1,227.31,0.15,True,-193.2135
9105,4004,15,1,536.46,0.1,False,482.814
9106,4005,118,3,611.17,0.0,False,1833.5099999999998
9107,4005,137,1,316.92,0.2,False,253.53600000000003
9108,4006,161,1,68.77,0.0,False,68.77
9109,4006,261,1,429.63,0.1,False,386.66700000000003
9110,4006,163,1,598.68,0.0,False,598.68
9111,4006,181,1,37.18,0.1,False,33.462
9112,4007,26,2,259.69,0.0,False,519.38
9113,4008,56,3,186.07,0.15,False,474.4785
9114,4008,154,1,115.68,0.05,False,109.896
9115,4009,70,1,402.01,0.05,False,381.9095
9116,4010,29,1,103.82,0.0,False,103.82
9117,4010,64,1,29.71,0.0,False,29.71
9118,4010,34,3,399.8,0.1,False,1079.46
9119,4010,58,1,87.55,0.05,False,83.1725
9120,4011,27,1,686.85,0.0,False,686.85
9121,4011,269,1,603.81,0.0,False,603.81
9122,4012,140,1,500.02,0.05,False,475.01899999999995
9123,4013,150,1,182.12,0.0,False,182.12
9124,4013,91,1,369.86,0.0,False,369.86
9125,4014,139,1,835.42,0.0,False,835.42
9126,4015,276,3,341.21,0.0,False,1023.6299999999999
9127,4015,13,2,152.16,0.0,False,304.32
9128,4016,249,1,682.27,0.0,False,682.27
9129,4016,193,1,351.11,0.1,False,315.999
9130,4017,94,1,514.73,0.05,False,488.9935
9131,4017,267,1,253.7,0.0,False,253.7
9132,4017,70,1,402.01,0.1,False,361.809
9133,4018,95,1,711.68,0.05,False,676.0959999999999
9134,4019,59,1,287.12,0.1,False,258.408
9135,4020,99,1,496.87,0.05,False,472.0265
9136,4020,13,1,152.16,0.0,False,152.16
9137,4021,241,2,306.12,0.2,False,489.79200000000003
9138,4021,6,1,531.19,0.05,False,504.63050000000004
9139,4021,184,1,278.4,0.0,False,278.4
9140,4021,130,1,454.11,0.0,False,454.11
9141,4021,286,1,47.93,0.05,False,45.5335
9142,4022,202,1,514.85,0.05,False,489.1075
9143,4022,163,1,598.68,0.0,False,598.68
9144,4022,220,2,475.38,0.0,False,950.76
9145,4022,242,1,166.1,0.15,False,141.185
9146,4022,4,1,17.97,0.0,False,17.97
9147,4023,298,1,238.39,0.0,False,238.39
9148,4023,245,1,11506.5,0.15,False,9780.525
9149,4023,185,1,582.19,0.1,False,523.9710000000001
9150,4023,139,1,835.42,0.05,False,793.6489999999999
9151,4023,232,1,71.83,0.0,False,71.83
9152,4024,255,-1,249.2,0.05,True,-236.73999999999998
9153,4024,1,-1,433.54,0.15,True,-368.509
9154,4024,193,3,351.11,0.0,False,1053.33
9155,4024,278,1,402.71,0.0,False,402.71
9156,4025,187,1,127.57,0.0,False,127.57
9157,4026,265,1,839.64,0.0,False,839.64
9158,4027,164,1,446.58,0.05,False,424.251
9159,4027,71,1,362.18,0.1,False,325.962
9160,4027,160,2,150.1,0.0,False,300.2
9161,4027,55,2,395.52,0.05,False,751.4879999999999
9162,4027,275,1,82.62,0.0,False,82.62
9163,4028,193,1,351.11,0.0,False,351.11
9164,4029,121,1,183.38,0.05,False,174.21099999999998
9165,4029,268,2,23.79,0.05,False,45.20099999999999
9166,4030,95,1,711.68,0.05,False,676.0959999999999
9167,4031,299,1,725.08,0.0,False,725.08
9168,4031,164,1,446.58,0.1,False,401.92199999999997
9169,4032,127,2,111.4,0.0,False,222.8
9170,4032,143,1,421.93,0.0,False,421.93
9171,4033,224,1,23.12,0.1,False,20.808
9172,4033,78,1,213.82,0.0,False,213.82
9173,4033,127,1,111.4,0.15,False,94.69
9174,4034,91,3,369.86,0.05,False,1054.1009999999999
9175,4035,255,2,249.2,0.0,False,498.4
9176,4035,174,1,864.84,0.0,False,864.84
9177,4035,243,1,746.93,0.1,False,672.237
9178,4036,122,1,607.34,0.0,False,607.34
9179,4037,263,1,222.36,0.0,False,222.36
9180,4037,34,1,399.8,0.05,False,379.81
9181,4037,135,1,550.83,0.1,False,495.74700000000007
9182,4038,112,1,10.73,0.0,False,10.73
9183,4038,62,1,244.7,0.1,False,220.23
9184,4039,179,2,478.65,0.0,False,957.3
9185,4039,27,1,686.85,0.1,False,618.1650000000001
9186,4040,89,1,247.06,0.0,False,247.06
9187,4040,128,1,686.4,0.05,False,652.0799999999999
9188,4041,296,2,361.73,0.0,False,723.46
9189,4041,4,1,17.97,0.15,False,15.274499999999998
9190,4041,105,2,375.87,0.0,False,751.74
9191,4042,174,-1,864.84,0.0,True,-864.84
9192,4042,286,1,47.93,0.0,False,47.93
9193,4042,84,1,43.2,0.0,False,43.2
9194,4043,165,2,605.76,0.0,False,1211.52
9195,4043,74,1,171.2,0.0,False,171.2
9196,4043,3,2,978.72,0.0,False,1957.44
9197,4044,299,1,725.08,0.0,False,725.08
9198,4045,191,-1,457.7,0.15,True,-389.04499999999996
9199,4046,290,1,908.96,0.0,False,908.96
9200,4047,210,1,177.09,0.0,False,177.09
9201,4047,297,1,89.43,0.15,False,76.0155
9202,4047,282,1,280.61,0.0,False,280.61
9203,4048,127,1,111.4,0.1,False,100.26
9204,4048,51,1,863.34,0.0,False,863.34
9205,4049,270,3,34872.0,0.0,False,104616.0
9206,4049,253,1,621.95,0.0,False,621.95
9207,4049,118,1,611.17,0.0,False,611.17
9208,4049,298,1,238.39,0.1,False,214.551
9209,4049,278,-1,402.71,0.15,True,-342.3035
9210,4050,215,-1,501.1,0.0,True,-501.1
9211,4050,115,1,251.88,0.15,False,214.09799999999998
9212,4051,95,1,711.68,0.0,False,711.68
9213,4051,84,1,43.2,0.0,False,43.2
9214,4051,50,1,240.1,0.1,False,216.09
9215,4052,117,1,567.69,0.0,False,567.69
9216,4052,148,1,304.48,0.0,False,304.48
9217,4052,69,1,274.11,0.05,False,260.4045
9218,4052,58,1,87.55,0.0,False,87.55
9219,4053,4,3,17.97,0.15,False,45.823499999999996
9220,4054,240,2,555.47,0.05,False,1055.393
9221,4054,57,1,510.39,0.0,False,510.39
9222,4054,19,1,727.02,0.1,False,654.318
9223,4054,41,1,376.48,0.05,False,357.656
9224,4054,296,2,361.73,0.0,False,723.46
9225,4055,36,1,749.87,0.0,False,749.87
9226,4055,150,-1,182.12,0.0,True,-182.12
9227,4055,10,1,309.24,0.0,False,309.24
9228,4056,118,1,611.17,0.0,False,611.17
9229,4057,119,1,519.85,0.15,False,441.8725
9230,4058,125,1,584.13,0.05,False,554.9235
9231,4058,86,2,443.6,0.0,False,887.2
9232,4058,228,1,162.75,0.0,False,162.75
9233,4058,293,1,709.48,0.0,False,709.48
9234,4059,70,1,402.01,0.15,False,341.70849999999996
9235,4059,147,1,517.03,0.15,False,439.47549999999995
9236,4060,196,1,518.75,0.0,False,518.75
9237,4060,34,1,399.8,0.0,False,399.8
9238,4060,161,2,68.77,0.0,False,137.54
9239,4061,223,1,57.85,0.0,False,57.85
9240,4061,3,1,978.72,0.05,False,929.784
9241,4061,1,1,433.54,0.0,False,433.54
9242,4062,260,1,619.66,0.0,False,619.66
9243,4063,23,1,235.35,0.0,False,235.35
9244,4064,155,1,607.36,0.1,False,546.624
9245,4064,238,1,192.17,0.05,False,182.56149999999997
9246,4064,119,-1,519.85,0.0,True,-519.85
9247,4064,258,1,626.09,0.1,False,563.481
9248,4065,22,1,205.71,0.1,False,185.139
9249,4065,264,1,16.2,0.0,False,16.2
9250,4065,250,3,8284.0,0.05,False,23609.399999999998
9251,4066,296,3,361.73,0.0,False,1085.19
9252,4066,222,2,264.61,0.15,False,449.837
9253,4067,59,2,287.12,0.0,False,574.24
9254,4067,268,1,23.79,0.0,False,23.79
9255,4067,289,1,635.36,0.1,False,571.8240000000001
9256,4067,298,1,238.39,0.0,False,238.39
9257,4068,66,2,447.18,0.05,False,849.6419999999999
9258,4068,162,1,126.53,0.2,False,101.224
9259,4069,235,1,370.09,0.0,False,370.09
9260,4070,92,1,148.78,0.0,False,148.78
9261,4070,292,1,425.68,0.0,False,425.68
9262,4071,266,1,110.99,0.05,False,105.44049999999999
9263,4072,121,2,183.38,0.05,False,348.42199999999997
9264,4072,192,1,697.79,0.0,False,697.79
9265,4072,189,1,24.7,0.0,False,24.7
9266,4073,19,1,727.02,0.15,False,617.967
9267,4073,202,1,514.85,0.05,False,489.1075
9268,4074,41,1,376.48,0.0,False,376.48
9269,4074,97,1,628.48,0.05,False,597.056
9270,4074,215,1,501.1,0.0,False,501.1
9271,4075,246,1,574.84,0.0,False,574.84
9272,4075,108,1,378.75,0.0,False,378.75
9273,4076,120,1,146.96,0.0,False,146.96
9274,4076,79,1,308.93,0.05,False,293.4835
9275,4077,100,-1,283.25,0.0,True,-283.25
9276,4078,57,3,510.39,0.1,False,1378.053
9277,4078,229,1,690.53,0.1,False,621.477
9278,4079,206,3,612.54,0.15,False,1561.9769999999999
9279,4080,244,1,263.25,0.2,False,210.60000000000002
9280,4080,46,1,397.56,0.05,False,377.68199999999996
9281,4081,100,1,283.25,0.0,False,283.25
9282,4081,169,1,458.05,0.05,False,435.1475
9283,4081,230,1,829.69,0.1,False,746.7210000000001
9284,4081,167,2,39.88,0.0,False,79.76
9285,4082,186,1,290.81,0.1,False,261.729
9286,4082,213,1,111.83,0.0,False,111.83
9287,4082,45,1,511.39,0.05,False,485.8205
9288,4082,52,1,12.48,0.0,False,12.48
9289,4083,82,1,235.49,0.05,False,223.7155
9290,4083,253,1,621.95,0.0,False,621.95
9291,4083,221,1,704.75,0.0,False,704.75
9292,4083,71,1,362.18,0.05,False,344.07099999999997
9293,4083,89,1,247.06,0.0,False,247.06
9294,4084,86,3,443.6,0.0,False,1330.8000000000002
9295,4084,250,1,8284.0,0.05,False,7869.799999999999
9296,4084,135,1,550.83,0.0,False,550.83
9297,4084,26,1,259.69,0.0,False,259.69
9298,4085,49,1,850.7,0.0,False,850.7
9299,4086,175,1,600.57,0.05,False,570.5415
9300,4087,88,1,275.21,0.05,False,261.44949999999994
9301,4088,41,1,376.48,0.2,False,301.184
9302,4089,270,3,34872.0,0.0,False,104616.0
9303,4090,95,1,711.68,0.05,False,676.0959999999999
9304,4090,137,1,316.92,0.0,False,316.92
9305,4091,289,1,635.36,0.0,False,635.36
9306,4091,216,1,492.92,0.05,False,468.274
9307,4092,87,1,564.0,0.05,False,535.8
9308,4092,288,1,515.26,0.0,False,515.26
9309,4093,193,1,351.11,0.2,False,280.88800000000003
9310,4093,34,1,399.8,0.0,False,399.8
9311,4093,81,1,779.01,0.1,False,701.109
9312,4094,67,1,355.8,0.0,False,355.8
9313,4095,6,1,531.19,0.0,False,531.19
9314,4096,103,3,456.96,0.0,False,1370.8799999999999
9315,4096,111,1,227.31,0.0,False,227.31
9316,4097,217,2,479.18,0.05,False,910.442
9317,4097,272,1,5.69,0.0,False,5.69
9318,4097,138,1,54.35,0.05,False,51.6325
9319,4097,77,1,103.53,0.05,False,98.3535
9320,4097,125,1,584.13,0.0,False,584.13
9321,4098,282,2,280.61,0.15,False,477.03700000000003
9322,4098,209,2,797.01,0.05,False,1514.319
9323,4098,114,1,23.97,0.0,False,23.97
9324,4099,102,1,396.98,0.0,False,396.98
9325,4100,142,1,717.32,0.15,False,609.722
9326,4100,58,3,87.55,0.0,False,262.65
9327,4101,289,1,635.36,0.2,False,508.288
9328,4101,168,1,649.6,0.0,False,649.6
9329,4101,110,3,52.92,0.0,False,158.76
9330,4102,121,2,183.38,0.0,False,366.76
9331,4102,261,-1,429.63,0.1,True,-386.66700000000003
9332,4103,103,2,456.96,0.0,False,913.92
9333,4103,56,1,186.07,0.0,False,186.07
9334,4103,121,2,183.38,0.0,False,366.76
9335,4103,180,1,843.45,0.05,False,801.2775
9336,4103,292,-1,425.68,0.1,True,-383.112
9337,4104,127,-1,111.4,0.0,True,-111.4
9338,4104,10,1,309.24,0.1,False,278.31600000000003
9339,4104,156,1,372.8,0.05,False,354.15999999999997
9340,4105,91,1,369.86,0.0,False,369.86
9341,4105,202,1,514.85,0.1,False,463.365
9342,4105,209,2,797.01,0.1,False,1434.618
9343,4106,257,1,8.4,0.0,False,8.4
9344,4106,28,1,749.19,0.0,False,749.19
9345,4106,216,1,492.92,0.2,False,394.336
9346,4107,183,1,942.96,0.0,False,942.96
9347,4108,157,1,701.5,0.05,False,666.425
9348,4108,285,1,667.54,0.1,False,600.786
9349,4109,63,1,430.39,0.0,False,430.39
9350,4109,158,1,282.03,0.05,False,267.9285
9351,4109,157,3,701.5,0.0,False,2104.5
9352,4109,18,1,35.67,0.0,False,35.67
9353,4109,204,1,578.66,0.15,False,491.86099999999993
9354,4110,140,1,500.02,0.0,False,500.02
9355,4111,162,3,126.53,0.1,False,341.63100000000003
9356,4112,44,1,6.81,0.0,False,6.81
9357,4113,254,1,286.86,0.0,False,286.86
9358,4113,68,1,133.13,0.0,False,133.13
9359,4114,227,1,192.19,0.0,False,192.19
9360,4114,97,2,628.48,0.2,False,1005.5680000000001
9361,4114,48,1,231.62,0.0,False,231.62
9362,4115,287,1,754.14,0.1,False,678.726
9363,4115,42,1,328.75,0.05,False,312.3125
9364,4115,240,1,555.47,0.1,False,499.92300000000006
9365,4115,233,1,82.49,0.0,False,82.49
9366,4115,111,1,227.31,0.1,False,204.579
9367,4116,269,1,603.81,0.0,False,603.81
9368,4116,284,1,228.9,0.05,False,217.45499999999998
9369,4116,300,1,133.29,0.0,False,133.29
9370,4116,141,1,251.45,0.0,False,251.45
9371,4116,209,1,797.01,0.0,False,797.01
9372,4117,80,1,166.05,0.0,False,166.05
9373,4117,137,1,316.92,0.0,False,316.92
9374,4118,210,1,177.09,0.0,False,177.09
9375,4119,68,1,133.13,0.05,False,126.47349999999999
9376,4119,241,1,306.12,0.0,False,306.12
9377,4119,266,1,110.99,0.0,False,110.99
9378,4120,32,1,338.4,0.0,False,338.4
9379,4120,225,2,939.11,0.15,False,1596.487
9380,4120,270,1,34872.0,0.0,False,34872.0
9381,4121,222,1,264.61,0.0,False,264.61
9382,4121,105,1,375.87,0.0,False,375.87
9383,4121,55,1,395.52,0.0,False,395.52
9384,4121,18,2,35.67,0.05,False,67.773
9385,4122,17,1,953.82,0.05,False,906.129
9386,4123,79,1,308.93,0.2,False,247.144
9387,4124,270,1,34872.0,0.1,False,31384.8
9388,4125,153,1,530.38,0.2,False,424.30400000000003
9389,4125,10,1,309.24,0.0,False,309.24
9390,4126,268,1,23.79,0.05,False,22.600499999999997
9391,4126,16,1,245.66,0.1,False,221.094
9392,4127,288,1,515.26,0.2,False,412.208
9393,4127,220,1,475.38,0.0,False,475.38
9394,4127,161,1,68.77,0.0,False,68.77
9395,4127,32,1,338.4,0.0,False,338.4
9396,4128,153,1,530.38,0.0,False,530.38
9397,4128,148,3,304.48,0.0,False,913.44
9398,4129,103,2,456.96,0.05,False,868.2239999999999
9399,4130,275,1,82.62,0.05,False,78.489
9400,4130,166,2,278.38,0.1,False,501.084
9401,4131,146,2,443.54,0.15,False,754.018
9402,4131,109,1,59.23,0.15,False,50.345499999999994
9403,4131,245,1,11506.5,0.0,False,11506.5
9404,4132,95,1,711.68,0.0,False,711.68
9405,4132,261,1,429.63,0.0,False,429.63
9406,4133,29,1,103.82,0.0,False,103.82
9407,4133,21,1,614.24,0.15,False,522.104
9408,4133,299,1,725.08,0.05,False,688.826
9409,4133,140,1,500.02,0.0,False,500.02
9410,4133,109,1,59.23,0.0,False,59.23
9412,4134,249,1,682.27,0.0,False,682.27
9413,4135,88,1,275.21,0.15,False,233.92849999999999
9414,4135,146,1,443.54,0.1,False,399.18600000000004
9415,4135,242,1,166.1,0.0,False,166.1
9416,4136,68,1,133.13,0.0,False,133.13
9417,4136,101,1,488.42,0.0,False,488.42
9418,4136,19,1,727.02,0.0,False,727.02
9419,4136,197,2,538.79,0.05,False,1023.7009999999999
9420,4137,52,1,12.48,0.15,False,10.608
9421,4138,230,1,829.69,0.0,False,829.69
9422,4138,108,3,378.75,0.15,False,965.8125
9423,4139,154,1,115.68,0.0,False,115.68
9424,4139,146,1,443.54,0.1,False,399.18600000000004
9425,4140,30,3,477.17,0.05,False,1359.9344999999998
9426,4140,201,1,567.68,0.0,False,567.68
9427,4141,156,2,372.8,0.0,False,745.6
9428,4141,233,1,82.49,0.0,False,82.49
9429,4142,44,1,6.81,0.0,False,6.81
9430,4142,134,2,541.79,0.1,False,975.222
9431,4142,298,1,238.39,0.1,False,214.551
9432,4143,278,2,402.71,0.15,False,684.607
9433,4143,166,1,278.38,0.2,False,222.704
9434,4144,237,1,335.88,0.1,False,302.29200000000003
9435,4145,269,1,603.81,0.0,False,603.81
9436,4146,211,1,943.9,0.0,False,943.9
9437,4147,36,3,749.87,0.0,False,2249.61
9438,4147,131,1,797.13,0.0,False,797.13
9439,4147,119,1,519.85,0.05,False,493.8575
9440,4148,210,2,177.09,0.0,False,354.18
9441,4148,178,1,563.12,0.0,False,563.12
9442,4148,86,1,443.6,0.0,False,443.6
9443,4148,125,3,584.13,0.0,False,1752.3899999999999
9444,4148,164,1,446.58,0.0,False,446.58
9445,4149,66,1,447.18,0.0,False,447.18
9446,4150,147,1,517.03,0.1,False,465.327
9447,4150,208,1,260.07,0.15,False,221.05949999999999
9448,4150,55,2,395.52,0.0,False,791.04
9449,4150,2,3,807.37,0.0,False,2422.11
9450,4151,263,3,222.36,0.05,False,633.726
9451,4152,63,1,430.39,0.0,False,430.39
9452,4153,159,1,818.3,0.0,False,818.3
9453,4153,299,1,725.08,0.0,False,725.08
9454,4154,228,1,162.75,0.0,False,162.75
9455,4154,127,2,111.4,0.1,False,200.52
9456,4154,277,1,437.32,0.15,False,371.722
9457,4154,196,1,518.75,0.0,False,518.75
9458,4155,54,1,679.71,0.0,False,679.71
9459,4155,264,2,16.2,0.0,False,32.4
9460,4156,49,1,850.7,0.1,False,765.6300000000001
9461,4156,276,1,341.21,0.1,False,307.089
9462,4156,133,1,479.79,0.15,False,407.8215
9463,4156,164,3,446.58,0.0,False,1339.74
9464,4156,91,1,369.86,0.0,False,369.86
9465,4157,111,1,227.31,0.0,False,227.31
9466,4158,170,1,723.66,0.0,False,723.66
9467,4158,286,1,47.93,0.0,False,47.93
9468,4158,27,1,686.85,0.05,False,652.5074999999999
9469,4159,126,1,240.49,0.05,False,228.4655
9470,4159,112,1,10.73,0.0,False,10.73
9471,4160,147,1,517.03,0.0,False,517.03
9472,4160,155,1,607.36,0.0,False,607.36
9473,4161,249,-1,682.27,0.05,True,-648.1564999999999
9474,4162,215,2,501.1,0.0,False,1002.2
9475,4163,117,2,567.69,0.0,False,1135.38
9476,4163,57,1,510.39,0.0,False,510.39
9477,4163,148,3,304.48,0.0,False,913.44
9478,4164,158,1,282.03,0.0,False,282.03
9479,4164,5,2,503.34,0.1,False,906.012
9480,4164,161,1,68.77,0.0,False,68.77
9481,4165,60,1,148.68,0.1,False,133.812
9482,4165,144,1,299.76,0.2,False,239.808
9483,4165,78,1,213.82,0.1,False,192.438
9484,4166,1,1,433.54,0.0,False,433.54
9485,4166,26,1,259.69,0.1,False,233.721
9486,4167,30,1,477.17,0.05,False,453.31149999999997
9487,4167,180,1,843.45,0.05,False,801.2775
9488,4167,283,1,680.49,0.0,False,680.49
9489,4168,247,1,708.26,0.05,False,672.847
9490,4168,72,1,286.08,0.15,False,243.16799999999998
9491,4168,280,1,121.8,0.0,False,121.8
9492,4169,148,1,304.48,0.0,False,304.48
9493,4169,238,1,192.17,0.15,False,163.34449999999998
9494,4170,222,1,264.61,0.2,False,211.68800000000002
9495,4171,177,1,156.12,0.0,False,156.12
9496,4171,33,1,217.73,0.05,False,206.84349999999998
9497,4172,275,3,82.62,0.2,False,198.288
9498,4173,52,1,12.48,0.0,False,12.48
9499,4173,272,1,5.69,0.15,False,4.8365
9500,4173,219,1,211.99,0.0,False,211.99
9501,4173,289,1,635.36,0.05,False,603.592
9502,4174,202,1,514.85,0.05,False,489.1075
9503,4174,210,1,177.09,0.0,False,177.09
9504,4175,48,1,231.62,0.0,False,231.62
9505,4175,60,1,148.68,0.05,False,141.246
9506,4175,160,1,150.1,0.2,False,120.08
9507,4176,128,1,686.4,0.0,False,686.4
9508,4177,95,1,711.68,0.15,False,604.928
9509,4177,65,2,460.75,0.0,False,921.5
9510,4177,268,-1,23.79,0.0,True,-23.79
9511,4177,209,2,797.01,0.0,False,1594.02
9512,4178,225,1,939.11,0.0,False,939.11
9513,4179,244,1,263.25,0.15,False,223.7625
9514,4179,1,1,433.54,0.0,False,433.54
9515,4179,269,1,603.81,0.2,False,483.048
9516,4180,245,1,11506.5,0.0,False,11506.5
9517,4180,224,1,23.12,0.0,False,23.12
9518,4181,207,1,518.71,0.0,False,518.71
9519,4181,276,1,341.21,0.05,False,324.1495
9520,4181,292,1,425.68,0.15,False,361.828
9521,4182,187,1,127.57,0.0,False,127.57
9522,4182,292,1,425.68,0.1,False,383.112
9523,4182,290,1,908.96,0.0,False,908.96
9524,4182,179,1,478.65,0.0,False,478.65
9525,4183,138,1,54.35,0.0,False,54.35
9526,4184,122,1,607.34,0.05,False,576.973
9527,4184,128,1,686.4,0.05,False,652.0799999999999
9528,4185,119,1,519.85,0.0,False,519.85
9529,4186,43,1,97.72,0.05,False,92.83399999999999
9530,4186,169,1,458.05,0.0,False,458.05
9531,4187,65,1,460.75,0.1,False,414.675
9532,4187,234,1,486.72,0.0,False,486.72
9533,4187,127,1,111.4,0.1,False,100.26
9534,4187,118,1,611.17,0.0,False,611.17
9535,4188,33,1,217.73,0.0,False,217.73
9536,4189,266,1,110.99,0.1,False,99.89099999999999
9537,4189,142,1,717.32,0.0,False,717.32
9538,4189,164,1,446.58,0.2,False,357.264
9539,4189,99,1,496.87,0.0,False,496.87
9540,4189,284,1,228.9,0.15,False,194.565
9541,4190,241,1,306.12,0.1,False,275.50800000000004
9542,4190,27,2,686.85,0.0,False,1373.7
9543,4191,23,2,235.35,0.0,False,470.7
9544,4191,42,1,328.75,0.0,False,328.75
9545,4192,153,3,530.38,0.0,False,1591.1399999999999
9546,4192,32,1,338.4,0.15,False,287.64
9547,4192,33,1,217.73,0.0,False,217.73
9548,4192,205,1,367.74,0.2,False,294.192
9549,4193,3,1,978.72,0.05,False,929.784
9550,4193,158,1,282.03,0.0,False,282.03
9551,4194,19,1,727.02,0.0,False,727.02
9552,4195,73,1,346.78,0.0,False,346.78
9553,4195,168,2,649.6,0.0,False,1299.2
9554,4196,216,3,492.92,0.15,False,1256.946
9555,4197,246,1,574.84,0.0,False,574.84
9556,4197,217,1,479.18,0.0,False,479.18
9557,4198,138,1,54.35,0.0,False,54.35
9558,4198,294,1,141.94,0.0,False,141.94
9559,4198,253,1,621.95,0.0,False,621.95
9560,4199,188,1,550.0,0.0,False,550.0
9561,4199,152,1,910.86,0.0,False,910.86
9562,4199,9,2,66.57,0.0,False,133.14
9563,4200,88,1,275.21,0.0,False,275.21
9564,4201,230,1,829.69,0.0,False,829.69
9565,4202,128,1,686.4,0.0,False,686.4
9566,4203,199,1,51.0,0.1,False,45.9
9567,4204,7,1,357.42,0.0,False,357.42
9568,4204,80,1,166.05,0.0,False,166.05
9569,4205,6,1,531.19,0.05,False,504.63050000000004
9570,4206,278,3,402.71,0.0,False,1208.1299999999999
9571,4207,18,1,35.67,0.0,False,35.67
9572,4207,214,1,304.46,0.0,False,304.46
9573,4207,249,1,682.27,0.0,False,682.27
9574,4207,186,1,290.81,0.0,False,290.81
9575,4207,124,1,640.23,0.0,False,640.23
9576,4208,249,-1,682.27,0.0,True,-682.27
9577,4209,82,1,235.49,0.0,False,235.49
9578,4210,36,1,749.87,0.0,False,749.87
9579,4210,56,1,186.07,0.0,False,186.07
9580,4211,111,1,227.31,0.0,False,227.31
9581,4211,197,2,538.79,0.05,False,1023.7009999999999
9582,4211,170,1,723.66,0.0,False,723.66
9583,4212,250,1,8284.0,0.05,False,7869.799999999999
9584,4212,273,2,560.24,0.15,False,952.408
9585,4212,188,1,550.0,0.0,False,550.0
9586,4212,64,1,29.71,0.0,False,29.71
9587,4213,13,2,152.16,0.0,False,304.32
9588,4213,175,1,600.57,0.1,False,540.513
9589,4213,51,1,863.34,0.0,False,863.34
9590,4214,259,-1,533.22,0.15,True,-453.237
9591,4214,20,1,548.49,0.0,False,548.49
9592,4215,279,1,226.81,0.0,False,226.81
9593,4215,207,1,518.71,0.0,False,518.71
9594,4216,108,1,378.75,0.0,False,378.75
9595,4216,59,1,287.12,0.0,False,287.12
9596,4217,276,-1,341.21,0.1,True,-307.089
9597,4217,129,1,492.47,0.0,False,492.47
9598,4218,209,2,797.01,0.0,False,1594.02
9599,4219,262,1,214.85,0.0,False,214.85
9600,4220,126,2,240.49,0.1,False,432.882
9601,4220,27,3,686.85,0.0,False,2060.55
9602,4220,29,2,103.82,0.1,False,186.876
9603,4220,287,1,754.14,0.05,False,716.433
9604,4220,146,1,443.54,0.0,False,443.54
9605,4221,197,3,538.79,0.0,False,1616.37
9606,4221,83,1,243.1,0.0,False,243.1
9607,4221,131,1,797.13,0.15,False,677.5604999999999
9608,4221,92,3,148.78,0.0,False,446.34000000000003
9609,4222,297,1,89.43,0.0,False,89.43
9610,4223,149,1,382.77,0.15,False,325.3545
9611,4223,75,1,299.66,0.05,False,284.677
9612,4223,231,2,410.59,0.0,False,821.18
9614,4223,229,3,690.53,0.0,False,2071.59
9615,4223,66,2,447.18,0.15,False,760.206
9616,4224,80,1,166.05,0.15,False,141.1425
9617,4224,281,1,146.98,0.0,False,146.98
9618,4224,261,1,429.63,0.05,False,408.14849999999996
9619,4225,52,1,12.48,0.0,False,12.48
9620,4225,231,1,410.59,0.0,False,410.59
9621,4225,144,1,299.76,0.05,False,284.772
9622,4225,167,1,39.88,0.0,False,39.88
9623,4225,33,1,217.73,0.0,False,217.73
9624,4226,275,1,82.62,0.1,False,74.358
9625,4226,185,1,582.19,0.0,False,582.19
9626,4226,192,2,697.79,0.15,False,1186.243
9627,4227,79,-1,308.93,0.1,True,-278.03700000000003
9628,4228,149,2,382.77,0.0,False,765.54
9629,4228,218,1,127.17,0.15,False,108.0945
9630,4229,282,1,280.61,0.0,False,280.61
9631,4230,266,2,110.99,0.0,False,221.98
9632,4231,297,2,89.43,0.0,False,178.86
9633,4232,267,1,253.7,0.0,False,253.7
9634,4233,300,1,133.29,0.0,False,133.29
9635,4234,134,1,541.79,0.0,False,541.79
9636,4234,249,2,682.27,0.0,False,1364.54
9637,4234,143,1,421.93,0.0,False,421.93
9638,4234,46,1,397.56,0.15,False,337.926
9639,4234,121,3,183.38,0.0,False,550.14
9640,4235,234,1,486.72,0.05,False,462.384
9641,4235,115,2,251.88,0.0,False,503.76
9642,4236,198,1,266.02,0.0,False,266.02
9643,4236,221,1,704.75,0.0,False,704.75
9644,4237,53,1,192.38,0.0,False,192.38
9645,4237,97,1,628.48,0.0,False,628.48
9646,4237,36,1,749.87,0.1,False,674.883
9647,4237,4,3,17.97,0.0,False,53.91
9648,4238,251,1,439.11,0.0,False,439.11
9649,4238,59,1,287.12,0.2,False,229.69600000000003
9650,4238,41,2,376.48,0.2,False,602.368
9651,4239,243,1,746.93,0.15,False,634.8905
9652,4239,257,2,8.4,0.1,False,15.120000000000001
9653,4240,274,1,528.78,0.1,False,475.902
9654,4241,64,2,29.71,0.0,False,59.42
9655,4241,255,1,249.2,0.05,False,236.73999999999998
9656,4242,23,1,235.35,0.0,False,235.35
9657,4242,98,1,71.96,0.0,False,71.96
9658,4243,29,1,103.82,0.0,False,103.82
9659,4243,6,1,531.19,0.0,False,531.19
9660,4244,283,2,680.49,0.0,False,1360.98
9661,4244,207,2,518.71,0.2,False,829.9360000000001
9662,4245,116,1,862.37,0.0,False,862.37
9663,4246,66,3,447.18,0.0,False,1341.54
9664,4246,185,2,582.19,0.0,False,1164.38
9665,4247,12,1,156.75,0.0,False,156.75
9666,4247,103,1,456.96,0.0,False,456.96
9667,4247,269,2,603.81,0.15,False,1026.4769999999999
9668,4248,7,2,357.42,0.05,False,679.098
9669,4248,65,1,460.75,0.0,False,460.75
9670,4249,296,1,361.73,0.0,False,361.73
9671,4250,205,1,367.74,0.0,False,367.74
9672,4250,181,1,37.18,0.1,False,33.462
9673,4250,232,1,71.83,0.05,False,68.2385
9674,4251,196,1,518.75,0.0,False,518.75
9675,4251,270,2,34872.0,0.0,False,69744.0
9676,4252,97,3,628.48,0.0,False,1885.44
9677,4252,173,1,587.7,0.0,False,587.7
9678,4253,189,1,24.7,0.0,False,24.7
9679,4254,267,1,253.7,0.1,False,228.32999999999998
9680,4254,275,1,82.62,0.15,False,70.227
9681,4254,50,-1,240.1,0.15,True,-204.08499999999998
9682,4254,10,1,309.24,0.0,False,309.24
9683,4255,4,1,17.97,0.0,False,17.97
9684,4255,52,2,12.48,0.0,False,24.96
9685,4255,258,1,626.09,0.0,False,626.09
9686,4255,45,-1,511.39,0.1,True,-460.251
9687,4255,66,1,447.18,0.0,False,447.18
9688,4256,89,1,247.06,0.05,False,234.707
9689,4256,190,1,707.42,0.05,False,672.049
9690,4257,82,1,235.49,0.05,False,223.7155
9691,4257,5,1,503.34,0.1,False,453.006
9692,4258,227,1,192.19,0.15,False,163.3615
9693,4259,296,1,361.73,0.0,False,361.73
9694,4259,82,1,235.49,0.0,False,235.49
9695,4260,174,1,864.84,0.0,False,864.84
9696,4260,6,2,531.19,0.0,False,1062.38
9697,4261,15,2,536.46,0.0,False,1072.92
9698,4262,111,1,227.31,0.0,False,227.31
9699,4262,33,2,217.73,0.0,False,435.46
9700,4262,248,1,75.61,0.0,False,75.61
9701,4262,240,1,555.47,0.15,False,472.1495
9702,4262,293,2,709.48,0.0,False,1418.96
9703,4263,146,1,443.54,0.2,False,354.83200000000005
9704,4263,210,1,177.09,0.0,False,177.09
9705,4264,274,1,528.78,0.0,False,528.78
9706,4265,32,2,338.4,0.2,False,541.4399999999999
9707,4265,22,1,205.71,0.0,False,205.71
9708,4265,189,2,24.7,0.0,False,49.4
9709,4265,252,1,274.43,0.2,False,219.544
9710,4265,125,1,584.13,0.0,False,584.13
9711,4266,150,1,182.12,0.15,False,154.802
9712,4266,4,1,17.97,0.0,False,17.97
9713,4267,69,1,274.11,0.2,False,219.288
9714,4268,186,2,290.81,0.0,False,581.62
9715,4268,104,2,957.31,0.1,False,1723.158
9716,4268,213,3,111.83,0.15,False,285.1665
9717,4269,173,1,587.7,0.15,False,499.545
9718,4270,36,1,749.87,0.0,False,749.87
9719,4270,224,1,23.12,0.0,False,23.12
9720,4270,240,1,555.47,0.0,False,555.47
9721,4271,42,1,328.75,0.1,False,295.875
9722,4271,197,1,538.79,0.2,False,431.032
9723,4271,137,1,316.92,0.0,False,316.92
9724,4271,175,1,600.57,0.1,False,540.513
9725,4271,66,-1,447.18,0.1,True,-402.462
9726,4272,235,3,370.09,0.0,False,1110.27
9727,4273,58,1,87.55,0.0,False,87.55
9728,4273,273,1,560.24,0.0,False,560.24
9729,4273,237,1,335.88,0.15,False,285.498
9730,4274,80,1,166.05,0.15,False,141.1425
9731,4275,167,3,39.88,0.0,False,119.64000000000001
9732,4276,115,1,251.88,0.0,False,251.88
9733,4277,235,1,370.09,0.15,False,314.57649999999995
9734,4277,250,3,8284.0,0.15,False,21124.2
9735,4277,77,1,103.53,0.15,False,88.0005
9736,4277,27,3,686.85,0.0,False,2060.55
9737,4277,88,1,275.21,0.0,False,275.21
9738,4278,49,1,850.7,0.0,False,850.7
9739,4279,258,1,626.09,0.0,False,626.09
9740,4279,13,1,152.16,0.2,False,121.72800000000001
9741,4279,90,1,219.22,0.0,False,219.22
9742,4280,87,2,564.0,0.1,False,1015.2
9743,4281,170,1,723.66,0.0,False,723.66
9744,4281,251,1,439.11,0.0,False,439.11
9745,4282,19,3,727.02,0.1,False,1962.954
9746,4282,214,1,304.46,0.0,False,304.46
9747,4282,170,3,723.66,0.2,False,1736.784
9748,4283,91,-1,369.86,0.05,True,-351.367
9749,4283,162,-1,126.53,0.1,True,-113.87700000000001
9750,4283,232,1,71.83,0.05,False,68.2385
9751,4283,140,1,500.02,0.1,False,450.018
9752,4284,94,1,514.73,0.15,False,437.5205
9753,4284,283,1,680.49,0.05,False,646.4655
9754,4284,99,-1,496.87,0.05,True,-472.0265
9755,4284,171,1,14.73,0.0,False,14.73
9756,4285,212,1,445.65,0.0,False,445.65
9757,4285,262,1,214.85,0.0,False,214.85
9758,4286,197,1,538.79,0.1,False,484.911
9759,4286,174,1,864.84,0.0,False,864.84
9760,4286,88,2,275.21,0.0,False,550.42
9761,4287,53,1,192.38,0.05,False,182.761
9762,4287,161,1,68.77,0.05,False,65.33149999999999
9763,4288,31,1,976.57,0.05,False,927.7415
9764,4288,7,2,357.42,0.0,False,714.84
9765,4288,26,1,259.69,0.0,False,259.69
9766,4288,87,1,564.0,0.2,False,451.20000000000005
9768,4288,279,2,226.81,0.0,False,453.62
9769,4289,83,1,243.1,0.0,False,243.1
9770,4289,41,2,376.48,0.15,False,640.016
9771,4290,114,1,23.97,0.0,False,23.97
9772,4290,298,1,238.39,0.05,False,226.4705
9773,4291,267,1,253.7,0.0,False,253.7
9774,4291,272,3,5.69,0.0,False,17.07
9775,4291,208,1,260.07,0.0,False,260.07
9776,4291,150,3,182.12,0.0,False,546.36
9777,4291,249,1,682.27,0.0,False,682.27
9778,4292,150,1,182.12,0.2,False,145.696
9779,4293,14,1,90.93,0.0,False,90.93
9780,4293,126,1,240.49,0.0,False,240.49
9781,4294,90,1,219.22,0.1,False,197.298
9782,4294,39,1,412.64,0.2,False,330.112
9783,4295,58,1,87.55,0.05,False,83.1725
9784,4295,124,1,640.23,0.15,False,544.1955
9785,4296,177,1,156.12,0.0,False,156.12
9786,4296,283,1,680.49,0.0,False,680.49
9787,4297,96,1,682.77,0.1,False,614.493
9788,4297,202,1,514.85,0.0,False,514.85
9789,4297,61,1,512.76,0.0,False,512.76
9790,4298,157,1,701.5,0.15,False,596.275
9791,4298,164,1,446.58,0.05,False,424.251
9792,4299,201,2,567.68,0.2,False,908.288
9793,4300,22,1,205.71,0.1,False,185.139
9794,4301,261,2,429.63,0.2,False,687.408
9795,4301,81,1,779.01,0.0,False,779.01
9796,4301,119,1,519.85,0.05,False,493.8575
9797,4301,283,1,680.49,0.15,False,578.4165
9798,4301,176,2,199.39,0.1,False,358.902
9799,4302,83,1,243.1,0.0,False,243.1
9800,4302,286,1,47.93,0.0,False,47.93
9801,4302,168,1,649.6,0.05,False,617.12
9802,4303,67,1,355.8,0.05,False,338.01
9803,4303,248,-1,75.61,0.0,True,-75.61
9804,4304,230,2,829.69,0.15,False,1410.473
9805,4305,166,3,278.38,0.05,False,793.3829999999999
9806,4306,53,1,192.38,0.0,False,192.38
9807,4306,10,1,309.24,0.05,False,293.778
9808,4306,182,1,500.91,0.1,False,450.819
9809,4306,207,1,518.71,0.2,False,414.9680000000001
9810,4306,169,1,458.05,0.0,False,458.05
9811,4307,100,1,283.25,0.05,False,269.0875
9812,4307,245,1,11506.5,0.2,False,9205.2
9813,4307,239,3,517.8,0.0,False,1553.3999999999999
9814,4307,54,1,679.71,0.0,False,679.71
9815,4308,32,1,338.4,0.1,False,304.56
9816,4309,242,1,166.1,0.0,False,166.1
9817,4309,300,1,133.29,0.15,False,113.2965
9818,4309,32,1,338.4,0.05,False,321.47999999999996
9819,4310,137,1,316.92,0.05,False,301.074
9820,4311,201,1,567.68,0.1,False,510.912
9821,4312,4,1,17.97,0.05,False,17.071499999999997
9822,4312,88,2,275.21,0.0,False,550.42
9823,4312,104,1,957.31,0.1,False,861.579
9824,4312,263,1,222.36,0.05,False,211.242
9825,4313,102,1,396.98,0.0,False,396.98
9826,4313,131,3,797.13,0.0,False,2391.39
9827,4314,27,1,686.85,0.15,False,583.8225
9828,4314,256,1,537.93,0.0,False,537.93
9829,4315,109,1,59.23,0.0,False,59.23
9830,4316,79,1,308.93,0.1,False,278.03700000000003
9831,4316,53,1,192.38,0.0,False,192.38
9832,4317,78,1,213.82,0.0,False,213.82
9834,4317,73,1,346.78,0.0,False,346.78
9835,4317,92,1,148.78,0.0,False,148.78
9836,4318,166,2,278.38,0.15,False,473.246
9838,4318,100,1,283.25,0.15,False,240.7625
9839,4318,277,-1,437.32,0.0,True,-437.32
9840,4318,29,1,103.82,0.0,False,103.82
9841,4318,204,1,578.66,0.0,False,578.66
9842,4319,170,1,723.66,0.15,False,615.111
9843,4320,99,3,496.87,0.1,False,1341.5490000000002
9844,4321,69,1,274.11,0.0,False,274.11
9845,4322,57,2,510.39,0.2,False,816.624
9846,4323,211,1,943.9,0.2,False,755.12
9847,4324,215,1,501.1,0.0,False,501.1
9848,4324,245,1,11506.5,0.0,False,11506.5
9849,4324,3,1,978.72,0.0,False,978.72
9850,4325,137,1,316.92,0.0,False,316.92
9851,4326,243,2,746.93,0.05,False,1419.167
9852,4327,1,2,433.54,0.0,False,867.08
9853,4327,208,2,260.07,0.0,False,520.14
9854,4327,27,2,686.85,0.0,False,1373.7
9855,4328,12,2,156.75,0.0,False,313.5
9856,4329,107,1,963.92,0.05,False,915.7239999999999
9857,4329,11,1,216.27,0.1,False,194.643
9858,4330,158,2,282.03,0.0,False,564.06
9859,4330,67,1,355.8,0.0,False,355.8
9860,4330,275,1,82.62,0.0,False,82.62
9861,4331,299,1,725.08,0.0,False,725.08
9862,4331,288,1,515.26,0.0,False,515.26
9863,4331,10,1,309.24,0.0,False,309.24
9864,4332,135,1,550.83,0.0,False,550.83
9865,4333,185,1,582.19,0.0,False,582.19
9866,4333,22,1,205.71,0.15,False,174.8535
9867,4334,59,2,287.12,0.1,False,516.816
9869,4335,263,2,222.36,0.05,False,422.484
9870,4335,166,1,278.38,0.1,False,250.542
9871,4336,35,1,425.48,0.0,False,425.48
9872,4337,49,1,850.7,0.2,False,680.5600000000001
9873,4337,64,1,29.71,0.15,False,25.2535
9874,4338,46,1,397.56,0.05,False,377.68199999999996
9875,4338,188,2,550.0,0.0,False,1100.0
9876,4339,151,2,625.19,0.0,False,1250.38
9877,4339,294,1,141.94,0.05,False,134.843
9878,4340,236,3,55.21,0.0,False,165.63
9879,4340,47,1,513.39,0.0,False,513.39
9880,4340,250,1,8284.0,0.0,False,8284.0
9881,4341,133,3,479.79,0.0,False,1439.3700000000001
9882,4341,290,1,908.96,0.0,False,908.96
9883,4341,137,1,316.92,0.0,False,316.92
9884,4341,192,3,697.79,0.0,False,2093.37
9885,4341,143,1,421.93,0.05,False,400.8335
9886,4342,56,1,186.07,0.15,False,158.15949999999998
9887,4343,131,1,797.13,0.0,False,797.13
9888,4343,134,1,541.79,0.0,False,541.79
9889,4344,109,1,59.23,0.0,False,59.23
9890,4344,116,1,862.37,0.0,False,862.37
9891,4345,190,1,707.42,0.05,False,672.049
9892,4345,271,2,756.22,0.0,False,1512.44
9893,4345,15,1,536.46,0.1,False,482.814
9894,4345,204,1,578.66,0.15,False,491.86099999999993
9895,4346,171,1,14.73,0.05,False,13.9935
9896,4347,292,1,425.68,0.0,False,425.68
9897,4347,143,2,421.93,0.05,False,801.667
9898,4347,62,1,244.7,0.05,False,232.46499999999997
9899,4348,196,1,518.75,0.0,False,518.75
9900,4349,92,1,148.78,0.1,False,133.90200000000002
9901,4349,252,1,274.43,0.0,False,274.43
9902,4349,99,1,496.87,0.0,False,496.87
9903,4349,244,1,263.25,0.0,False,263.25
9904,4350,215,1,501.1,0.1,False,450.99
9905,4350,184,1,278.4,0.0,False,278.4
9906,4351,132,1,299.38,0.1,False,269.442
9907,4351,220,2,475.38,0.05,False,903.222
9908,4352,15,-1,536.46,0.0,True,-536.46
9909,4353,133,1,479.79,0.0,False,479.79
9910,4353,235,1,370.09,0.0,False,370.09
9911,4353,88,1,275.21,0.0,False,275.21
9912,4353,215,1,501.1,0.0,False,501.1
9913,4354,121,2,183.38,0.15,False,311.746
9914,4355,102,1,396.98,0.2,False,317.58400000000006
9915,4355,41,1,376.48,0.2,False,301.184
9916,4355,174,3,864.84,0.0,False,2594.52
9917,4355,183,2,942.96,0.0,False,1885.92
9918,4356,13,1,152.16,0.0,False,152.16
9919,4356,242,2,166.1,0.1,False,298.98
9920,4356,35,1,425.48,0.0,False,425.48
9921,4356,190,1,707.42,0.0,False,707.42
9922,4356,259,2,533.22,0.0,False,1066.44
9923,4357,136,1,974.39,0.0,False,974.39
9924,4357,39,2,412.64,0.0,False,825.28
9925,4358,56,1,186.07,0.0,False,186.07
9926,4358,248,1,75.61,0.0,False,75.61
9927,4359,104,1,957.31,0.0,False,957.31
9928,4360,161,1,68.77,0.05,False,65.33149999999999
9929,4361,211,1,943.9,0.0,False,943.9
9930,4361,254,1,286.86,0.0,False,286.86
9931,4362,190,1,707.42,0.0,False,707.42
9932,4362,206,1,612.54,0.0,False,612.54
9933,4362,30,1,477.17,0.05,False,453.31149999999997
9934,4363,285,1,667.54,0.05,False,634.1629999999999
9935,4363,122,1,607.34,0.0,False,607.34
9936,4364,266,2,110.99,0.0,False,221.98
9937,4365,253,1,621.95,0.0,False,621.95
9938,4365,221,1,704.75,0.15,False,599.0375
9939,4366,149,3,382.77,0.1,False,1033.479
9940,4366,182,1,500.91,0.0,False,500.91
9941,4366,6,2,531.19,0.0,False,1062.38
9942,4367,11,2,216.27,0.0,False,432.54
9943,4368,89,1,247.06,0.1,False,222.354
9944,4368,159,2,818.3,0.15,False,1391.11
9945,4368,84,3,43.2,0.0,False,129.60000000000002
9946,4368,184,2,278.4,0.05,False,528.9599999999999
9947,4368,153,1,530.38,0.0,False,530.38
9948,4369,87,1,564.0,0.0,False,564.0
9949,4369,295,1,139.02,0.05,False,132.06900000000002
9950,4369,174,2,864.84,0.0,False,1729.68
9951,4369,176,3,199.39,0.15,False,508.44449999999995
9952,4369,91,1,369.86,0.0,False,369.86
9953,4370,106,1,150.04,0.1,False,135.036
9954,4370,73,2,346.78,0.0,False,693.56
9955,4370,282,1,280.61,0.1,False,252.549
9956,4371,91,1,369.86,0.0,False,369.86
9957,4371,57,1,510.39,0.05,False,484.8705
9958,4372,39,2,412.64,0.0,False,825.28
9959,4372,18,2,35.67,0.05,False,67.773
9960,4373,182,1,500.91,0.15,False,425.7735
9961,4373,252,2,274.43,0.0,False,548.86
9962,4373,160,1,150.1,0.15,False,127.585
9963,4374,86,1,443.6,0.0,False,443.6
9964,4374,192,1,697.79,0.05,False,662.9005
9965,4374,288,2,515.26,0.0,False,1030.52
9966,4375,241,1,306.12,0.05,False,290.81399999999996
9967,4376,275,1,82.62,0.0,False,82.62
9968,4377,212,1,445.65,0.1,False,401.085
9969,4377,147,1,517.03,0.0,False,517.03
9970,4377,178,1,563.12,0.0,False,563.12
9971,4378,190,1,707.42,0.0,False,707.42
9972,4379,240,1,555.47,0.1,False,499.92300000000006
9973,4379,180,2,843.45,0.2,False,1349.5200000000002
9974,4379,51,1,863.34,0.0,False,863.34
9975,4380,89,1,247.06,0.05,False,234.707
9976,4380,210,1,177.09,0.0,False,177.09
9977,4381,163,1,598.68,0.0,False,598.68
9978,4381,192,2,697.79,0.1,False,1256.022
9979,4381,25,1,282.92,0.05,False,268.774
9980,4382,81,1,779.01,0.0,False,779.01
9981,4382,71,2,362.18,0.0,False,724.36
9982,4382,22,1,205.71,0.0,False,205.71
9983,4383,9,1,66.57,0.05,False,63.24149999999999
9984,4383,57,2,510.39,0.0,False,1020.78
9985,4383,124,1,640.23,0.0,False,640.23
9986,4384,103,3,456.96,0.0,False,1370.8799999999999
9987,4384,183,1,942.96,0.15,False,801.516
9988,4385,99,1,496.87,0.1,False,447.183
9989,4386,122,1,607.34,0.15,False,516.239
9990,4387,71,1,362.18,0.05,False,344.07099999999997
9991,4388,107,1,963.92,0.0,False,963.92
9992,4388,46,2,397.56,0.0,False,795.12
9993,4388,237,1,335.88,0.0,False,335.88
9994,4388,157,1,701.5,0.0,False,701.5
9995,4388,206,1,612.54,0.0,False,612.54
9996,4389,132,1,299.38,0.05,False,284.411
9997,4389,293,1,709.48,0.05,False,674.006
9998,4389,253,3,621.95,0.0,False,1865.8500000000001
9999,4389,171,3,14.73,0.2,False,35.352
10000,4389,125,1,584.13,0.05,False,554.9235
10001,4390,290,2,908.96,0.2,False,1454.3360000000002
10002,4390,172,1,104.56,0.05,False,99.332
10003,4391,248,1,75.61,0.2,False,60.488
10004,4391,64,2,29.71,0.1,False,53.478
10005,4391,276,1,341.21,0.0,False,341.21
10006,4391,120,3,146.96,0.15,False,374.748
10007,4391,121,1,183.38,0.1,False,165.042
10008,4392,70,1,402.01,0.0,False,402.01
10009,4392,146,1,443.54,0.0,False,443.54
10010,4392,276,1,341.21,0.0,False,341.21
10011,4393,279,2,226.81,0.15,False,385.577
10012,4393,213,-1,111.83,0.0,True,-111.83
10013,4394,95,1,711.68,0.0,False,711.68
10014,4394,67,1,355.8,0.0,False,355.8
10015,4394,81,1,779.01,0.05,False,740.0595
10016,4394,254,1,286.86,0.1,False,258.17400000000004
10017,4394,177,1,156.12,0.0,False,156.12
10018,4395,38,-1,364.99,0.2,True,-291.992
10019,4395,65,1,460.75,0.0,False,460.75
10020,4395,249,1,682.27,0.05,False,648.1564999999999
10021,4396,195,1,132.26,0.0,False,132.26
10022,4396,107,1,963.92,0.2,False,771.136
10023,4396,163,1,598.68,0.0,False,598.68
10024,4397,229,1,690.53,0.0,False,690.53
10025,4397,6,1,531.19,0.0,False,531.19
10026,4398,254,1,286.86,0.05,False,272.517
10027,4398,22,1,205.71,0.0,False,205.71
10028,4398,247,1,708.26,0.0,False,708.26
10029,4399,249,2,682.27,0.1,False,1228.086
10030,4399,276,1,341.21,0.15,False,290.02849999999995
10031,4400,129,-1,492.47,0.0,True,-492.47
10032,4401,23,1,235.35,0.1,False,211.815
10033,4401,101,1,488.42,0.05,False,463.99899999999997
10034,4401,139,1,835.42,0.0,False,835.42
10035,4401,102,2,396.98,0.0,False,793.96
10036,4401,249,1,682.27,0.0,False,682.27
10037,4402,246,1,574.84,0.0,False,574.84
10038,4402,148,-1,304.48,0.0,True,-304.48
10039,4402,222,1,264.61,0.05,False,251.3795
10040,4402,137,1,316.92,0.0,False,316.92
10041,4402,208,1,260.07,0.1,False,234.063
10042,4403,169,2,458.05,0.0,False,916.1
10043,4404,300,1,133.29,0.0,False,133.29
10044,4404,119,-1,519.85,0.15,True,-441.8725
10045,4405,173,1,587.7,0.0,False,587.7
10046,4405,120,1,146.96,0.0,False,146.96
10047,4405,193,2,351.11,0.0,False,702.22
10048,4406,197,1,538.79,0.0,False,538.79
10049,4406,264,1,16.2,0.1,False,14.58
10050,4406,79,1,308.93,0.0,False,308.93
10051,4407,198,2,266.02,0.0,False,532.04
10052,4407,155,1,607.36,0.0,False,607.36
10053,4407,195,2,132.26,0.0,False,264.52
10054,4408,258,1,626.09,0.0,False,626.09
10055,4409,71,1,362.18,0.0,False,362.18
10056,4409,4,2,17.97,0.0,False,35.94
10057,4410,219,1,211.99,0.0,False,211.99
10058,4410,42,-1,328.75,0.0,True,-328.75
10059,4410,95,1,711.68,0.0,False,711.68
10060,4411,229,1,690.53,0.05,False,656.0034999999999
10061,4412,52,1,12.48,0.0,False,12.48
10062,4413,53,1,192.38,0.0,False,192.38
10063,4413,295,1,139.02,0.0,False,139.02
10064,4413,120,1,146.96,0.15,False,124.916
10065,4414,135,1,550.83,0.0,False,550.83
10066,4414,165,1,605.76,0.0,False,605.76
10067,4414,166,1,278.38,0.0,False,278.38
10068,4414,247,1,708.26,0.0,False,708.26
10069,4414,113,1,55.28,0.0,False,55.28
10070,4415,243,1,746.93,0.0,False,746.93
10071,4415,74,1,171.2,0.05,False,162.64
10072,4415,251,1,439.11,0.0,False,439.11
10073,4416,120,1,146.96,0.0,False,146.96
10074,4416,231,2,410.59,0.0,False,821.18
10075,4416,68,1,133.13,0.0,False,133.13
10076,4417,251,1,439.11,0.05,False,417.1545
10077,4418,176,1,199.39,0.0,False,199.39
10078,4418,139,1,835.42,0.05,False,793.6489999999999
10079,4418,114,1,23.97,0.0,False,23.97
10080,4419,189,1,24.7,0.0,False,24.7
10081,4420,107,3,963.92,0.15,False,2457.9959999999996
10082,4420,262,1,214.85,0.0,False,214.85
10083,4421,167,1,39.88,0.1,False,35.892
10084,4421,212,1,445.65,0.05,False,423.36749999999995
10085,4422,164,2,446.58,0.0,False,893.16
10086,4422,287,1,754.14,0.05,False,716.433
10087,4423,221,1,704.75,0.0,False,704.75
10088,4424,300,1,133.29,0.0,False,133.29
10089,4424,125,3,584.13,0.1,False,1577.1509999999998
10090,4425,82,1,235.49,0.0,False,235.49
10091,4425,19,1,727.02,0.0,False,727.02
10092,4426,44,1,6.81,0.0,False,6.81
10093,4426,163,2,598.68,0.0,False,1197.36
10094,4426,234,1,486.72,0.0,False,486.72
10095,4426,25,1,282.92,0.0,False,282.92
10096,4427,251,1,439.11,0.0,False,439.11
10097,4427,244,2,263.25,0.1,False,473.85
10098,4427,70,1,402.01,0.0,False,402.01
10099,4427,6,1,531.19,0.0,False,531.19
10100,4427,112,1,10.73,0.0,False,10.73
10101,4428,181,1,37.18,0.2,False,29.744
10102,4429,121,3,183.38,0.2,False,440.112
10103,4429,68,-1,133.13,0.0,True,-133.13
10104,4430,108,1,378.75,0.1,False,340.875
10105,4430,281,1,146.98,0.05,False,139.63099999999997
10106,4430,182,1,500.91,0.0,False,500.91
10107,4431,257,1,8.4,0.0,False,8.4
10108,4431,125,1,584.13,0.0,False,584.13
10109,4431,11,1,216.27,0.15,False,183.8295
10110,4431,135,1,550.83,0.2,False,440.66400000000004
10111,4432,189,1,24.7,0.0,False,24.7
10112,4433,189,1,24.7,0.0,False,24.7
10113,4433,296,1,361.73,0.0,False,361.73
10114,4434,217,1,479.18,0.0,False,479.18
10115,4435,136,1,974.39,0.1,False,876.951
10116,4435,198,1,266.02,0.0,False,266.02
10117,4436,15,1,536.46,0.05,False,509.637
10118,4437,58,2,87.55,0.0,False,175.1
10119,4437,150,1,182.12,0.1,False,163.90800000000002
10120,4438,148,1,304.48,0.0,False,304.48
10121,4438,142,1,717.32,0.0,False,717.32
10122,4438,21,1,614.24,0.15,False,522.104
10123,4439,63,1,430.39,0.0,False,430.39
10124,4440,288,1,515.26,0.15,False,437.971
10125,4440,39,1,412.64,0.0,False,412.64
10127,4440,268,1,23.79,0.0,False,23.79
10128,4441,191,1,457.7,0.0,False,457.7
10129,4442,296,1,361.73,0.05,False,343.6435
10130,4442,80,1,166.05,0.0,False,166.05
10131,4442,83,1,243.1,0.0,False,243.1
10132,4442,122,1,607.34,0.1,False,546.606
10133,4442,231,-1,410.59,0.0,True,-410.59
10134,4443,208,1,260.07,0.05,False,247.0665
10135,4444,70,1,402.01,0.0,False,402.01
10136,4445,254,1,286.86,0.0,False,286.86
10137,4445,246,1,574.84,0.0,False,574.84
10138,4445,260,1,619.66,0.05,False,588.6769999999999
10139,4445,261,2,429.63,0.0,False,859.26
10140,4446,295,1,139.02,0.05,False,132.06900000000002
10141,4446,84,2,43.2,0.05,False,82.08
10142,4447,21,1,614.24,0.0,False,614.24
10143,4447,212,1,445.65,0.15,False,378.80249999999995
10144,4448,102,1,396.98,0.0,False,396.98
10145,4448,1,3,433.54,0.0,False,1300.6200000000001
10146,4449,48,1,231.62,0.0,False,231.62
10147,4449,145,1,61.15,0.0,False,61.15
10148,4449,128,1,686.4,0.05,False,652.0799999999999
10149,4450,123,3,840.94,0.0,False,2522.82
10150,4451,13,1,152.16,0.05,False,144.552
10151,4452,17,1,953.82,0.0,False,953.82
10152,4452,27,1,686.85,0.0,False,686.85
10153,4453,1,1,433.54,0.0,False,433.54
10154,4453,86,3,443.6,0.0,False,1330.8000000000002
10155,4453,278,1,402.71,0.0,False,402.71
10156,4454,66,1,447.18,0.15,False,380.103
10157,4454,289,1,635.36,0.0,False,635.36
10158,4455,273,2,560.24,0.15,False,952.408
10159,4455,60,1,148.68,0.0,False,148.68
10160,4456,5,1,503.34,0.0,False,503.34
10161,4457,162,1,126.53,0.2,False,101.224
10162,4458,80,1,166.05,0.1,False,149.44500000000002
10163,4458,37,1,608.8,0.05,False,578.3599999999999
10164,4458,41,1,376.48,0.05,False,357.656
10165,4458,202,1,514.85,0.0,False,514.85
10166,4459,226,1,211.98,0.05,False,201.38099999999997
10167,4460,156,1,372.8,0.0,False,372.8
10168,4460,94,3,514.73,0.0,False,1544.19
10169,4461,154,1,115.68,0.0,False,115.68
10170,4462,136,1,974.39,0.05,False,925.6705
10171,4463,98,1,71.96,0.0,False,71.96
10172,4464,48,3,231.62,0.1,False,625.374
10173,4464,80,-1,166.05,0.2,True,-132.84
10174,4464,271,1,756.22,0.0,False,756.22
10175,4464,244,1,263.25,0.0,False,263.25
10176,4464,77,1,103.53,0.1,False,93.177
10177,4465,100,1,283.25,0.15,False,240.7625
10178,4465,276,1,341.21,0.2,False,272.968
10179,4466,14,1,90.93,0.05,False,86.3835
10180,4466,248,1,75.61,0.0,False,75.61
10181,4466,292,2,425.68,0.0,False,851.36
10182,4466,45,1,511.39,0.0,False,511.39
10183,4467,164,-1,446.58,0.2,True,-357.264
10184,4467,11,2,216.27,0.0,False,432.54
10185,4467,63,1,430.39,0.05,False,408.8705
10186,4467,43,1,97.72,0.0,False,97.72
10187,4468,11,1,216.27,0.05,False,205.4565
10188,4469,174,1,864.84,0.0,False,864.84
10189,4469,1,2,433.54,0.0,False,867.08
10190,4470,98,2,71.96,0.1,False,129.528
10191,4470,47,1,513.39,0.15,False,436.38149999999996
10192,4471,100,1,283.25,0.0,False,283.25
10193,4471,36,1,749.87,0.2,False,599.8960000000001
10194,4471,59,1,287.12,0.15,False,244.052
10195,4471,179,1,478.65,0.15,False,406.85249999999996
10196,4471,39,1,412.64,0.0,False,412.64
10197,4472,135,1,550.83,0.05,False,523.2885
10198,4472,115,1,251.88,0.0,False,251.88
10199,4473,28,1,749.19,0.0,False,749.19
10200,4473,237,3,335.88,0.0,False,1007.64
10201,4474,290,2,908.96,0.1,False,1636.1280000000002
10202,4474,164,2,446.58,0.15,False,759.1859999999999
10203,4475,51,3,863.34,0.05,False,2460.519
10204,4475,235,1,370.09,0.0,False,370.09
10205,4475,252,1,274.43,0.0,False,274.43
10206,4475,80,2,166.05,0.0,False,332.1
10207,4475,105,1,375.87,0.0,False,375.87
10208,4476,117,1,567.69,0.0,False,567.69
10209,4477,76,1,938.11,0.0,False,938.11
10210,4478,174,1,864.84,0.2,False,691.8720000000001
10211,4478,18,1,35.67,0.0,False,35.67
10212,4478,172,1,104.56,0.0,False,104.56
10213,4478,247,2,708.26,0.0,False,1416.52
10214,4478,26,1,259.69,0.0,False,259.69
10215,4479,25,1,282.92,0.0,False,282.92
10216,4479,52,1,12.48,0.2,False,9.984000000000002
10217,4480,98,1,71.96,0.0,False,71.96
10218,4480,37,-1,608.8,0.0,True,-608.8
10219,4481,147,2,517.03,0.1,False,930.654
10220,4481,194,1,222.76,0.05,False,211.62199999999999
10221,4482,259,3,533.22,0.0,False,1599.66
10222,4482,207,1,518.71,0.0,False,518.71
10223,4483,82,1,235.49,0.0,False,235.49
10224,4484,18,1,35.67,0.1,False,32.103
10225,4484,143,1,421.93,0.0,False,421.93
10226,4485,71,1,362.18,0.0,False,362.18
10227,4485,165,1,605.76,0.1,False,545.184
10228,4485,86,1,443.6,0.0,False,443.6
10229,4485,246,1,574.84,0.0,False,574.84
10230,4486,291,1,19.78,0.1,False,17.802000000000003
10231,4487,166,1,278.38,0.0,False,278.38
10232,4487,226,-1,211.98,0.1,True,-190.78199999999998
10233,4487,291,1,19.78,0.0,False,19.78
10234,4487,61,-1,512.76,0.2,True,-410.208
10235,4488,41,1,376.48,0.0,False,376.48
10236,4488,230,1,829.69,0.0,False,829.69
10237,4488,106,1,150.04,0.1,False,135.036
10238,4488,58,1,87.55,0.0,False,87.55
10239,4489,30,1,477.17,0.0,False,477.17
10240,4489,53,1,192.38,0.1,False,173.142
10241,4489,75,2,299.66,0.1,False,539.388
10242,4490,141,1,251.45,0.2,False,201.16
10243,4490,273,1,560.24,0.0,False,560.24
10244,4490,22,1,205.71,0.0,False,205.71
10245,4491,209,1,797.01,0.0,False,797.01
10246,4491,118,1,611.17,0.2,False,488.936
10247,4492,141,1,251.45,0.15,False,213.7325
10248,4492,7,1,357.42,0.0,False,357.42
10249,4493,78,1,213.82,0.0,False,213.82
10250,4493,216,1,492.92,0.15,False,418.982
10251,4493,214,1,304.46,0.15,False,258.791
10252,4493,281,1,146.98,0.05,False,139.63099999999997
10253,4494,77,-1,103.53,0.0,True,-103.53
10254,4494,137,2,316.92,0.1,False,570.456
10255,4494,273,1,560.24,0.15,False,476.204
10256,4495,214,1,304.46,0.0,False,304.46
10257,4496,116,1,862.37,0.1,False,776.133
10258,4496,278,1,402.71,0.0,False,402.71
10259,4497,98,1,71.96,0.0,False,71.96
10260,4498,174,1,864.84,0.0,False,864.84
10261,4498,56,1,186.07,0.05,False,176.76649999999998
10262,4499,134,2,541.79,0.0,False,1083.58
10263,4500,270,1,34872.0,0.2,False,27897.600000000002
10264,4500,128,1,686.4,0.1,False,617.76
10265,4501,215,3,501.1,0.0,False,1503.3000000000002
10266,4501,255,1,249.2,0.0,False,249.2
10267,4501,199,1,51.0,0.0,False,51.0
10268,4502,260,3,619.66,0.0,False,1858.98
10269,4502,78,1,213.82,0.0,False,213.82
10270,4503,188,1,550.0,0.0,False,550.0
10271,4503,56,1,186.07,0.0,False,186.07
10272,4504,128,1,686.4,0.1,False,617.76
10273,4505,222,1,264.61,0.0,False,264.61
10274,4505,196,1,518.75,0.05,False,492.8125
10275,4506,35,1,425.48,0.0,False,425.48
10276,4506,276,1,341.21,0.0,False,341.21
10277,4506,144,1,299.76,0.0,False,299.76
10278,4507,226,3,211.98,0.15,False,540.549
10279,4508,69,1,274.11,0.0,False,274.11
10280,4508,70,2,402.01,0.0,False,804.02
10281,4508,12,1,156.75,0.0,False,156.75
10282,4509,231,1,410.59,0.15,False,349.00149999999996
10283,4509,289,1,635.36,0.0,False,635.36
10284,4509,55,1,395.52,0.0,False,395.52
10285,4510,45,1,511.39,0.1,False,460.251
10286,4510,251,3,439.11,0.0,False,1317.33
10287,4510,300,3,133.29,0.0,False,399.87
10288,4510,265,1,839.64,0.0,False,839.64
10289,4511,300,1,133.29,0.0,False,133.29
10290,4511,253,1,621.95,0.0,False,621.95
10291,4512,128,1,686.4,0.0,False,686.4
10292,4512,252,1,274.43,0.0,False,274.43
10293,4513,61,1,512.76,0.0,False,512.76
10294,4513,171,1,14.73,0.15,False,12.5205
10295,4513,194,1,222.76,0.15,False,189.34599999999998
10296,4513,300,1,133.29,0.2,False,106.632
10297,4514,139,1,835.42,0.0,False,835.42
10298,4514,173,1,587.7,0.1,False,528.9300000000001
10299,4515,274,3,528.78,0.1,False,1427.706
10300,4515,293,1,709.48,0.0,False,709.48
10301,4516,65,2,460.75,0.1,False,829.35
10302,4517,103,2,456.96,0.05,False,868.2239999999999
10303,4517,138,1,54.35,0.0,False,54.35
10304,4518,180,1,843.45,0.0,False,843.45
10305,4519,273,1,560.24,0.0,False,560.24
10306,4519,16,3,245.66,0.0,False,736.98
10307,4519,268,1,23.79,0.1,False,21.411
10308,4519,244,1,263.25,0.0,False,263.25
10309,4519,198,1,266.02,0.0,False,266.02
10310,4520,232,1,71.83,0.1,False,64.647
10311,4521,24,1,696.97,0.0,False,696.97
10312,4521,149,1,382.77,0.05,False,363.63149999999996
10313,4521,247,1,708.26,0.2,False,566.6080000000001
10314,4522,98,2,71.96,0.0,False,143.92
10315,4522,24,1,696.97,0.0,False,696.97
10316,4523,1,2,433.54,0.0,False,867.08
10317,4523,177,1,156.12,0.05,False,148.314
10318,4524,153,1,530.38,0.0,False,530.38
10319,4525,297,1,89.43,0.1,False,80.48700000000001
10320,4526,279,1,226.81,0.0,False,226.81
10321,4526,222,1,264.61,0.1,False,238.14900000000003
10322,4526,8,3,295.82,0.0,False,887.46
10323,4527,105,1,375.87,0.1,False,338.283
10324,4528,260,1,619.66,0.0,False,619.66
10325,4529,20,1,548.49,0.05,False,521.0654999999999
10326,4529,297,1,89.43,0.0,False,89.43
10327,4530,242,1,166.1,0.0,False,166.1
10328,4530,80,1,166.05,0.0,False,166.05
10329,4530,82,1,235.49,0.0,False,235.49
10330,4531,190,3,707.42,0.0,False,2122.2599999999998
10331,4532,127,3,111.4,0.0,False,334.20000000000005
10332,4533,20,1,548.49,0.1,False,493.641
10333,4533,154,3,115.68,0.0,False,347.04
10334,4533,243,1,746.93,0.0,False,746.93
10335,4533,131,1,797.13,0.0,False,797.13
10336,4533,230,1,829.69,0.05,False,788.2055
10337,4534,218,2,127.17,0.0,False,254.34
10339,4534,140,-1,500.02,0.1,True,-450.018
10340,4535,77,2,103.53,0.0,False,207.06
10341,4535,150,1,182.12,0.0,False,182.12
10342,4536,176,2,199.39,0.05,False,378.84099999999995
10343,4536,124,1,640.23,0.2,False,512.1840000000001
10344,4537,276,1,341.21,0.0,False,341.21
10345,4537,37,1,608.8,0.1,False,547.92
10346,4537,72,1,286.08,0.2,False,228.864
10347,4538,142,1,717.32,0.05,False,681.4540000000001
10348,4538,286,1,47.93,0.0,False,47.93
10349,4538,159,1,818.3,0.0,False,818.3
10350,4539,215,1,501.1,0.0,False,501.1
10351,4539,70,2,402.01,0.0,False,804.02
10352,4540,268,3,23.79,0.0,False,71.37
10353,4541,12,1,156.75,0.15,False,133.23749999999998
10354,4541,91,1,369.86,0.0,False,369.86
10355,4542,101,1,488.42,0.1,False,439.57800000000003
10356,4542,63,1,430.39,0.05,False,408.8705
10357,4542,121,1,183.38,0.1,False,165.042
10358,4542,47,1,513.39,0.0,False,513.39
10359,4543,255,1,249.2,0.0,False,249.2
10360,4543,246,3,574.84,0.0,False,1724.52
10361,4543,268,1,23.79,0.1,False,21.411
10362,4543,272,1,5.69,0.1,False,5.121
10363,4543,209,1,797.01,0.2,False,637.6080000000001
10364,4544,89,1,247.06,0.1,False,222.354
10365,4544,117,1,567.69,0.05,False,539.3055
10366,4544,274,1,528.78,0.1,False,475.902
10367,4545,208,1,260.07,0.0,False,260.07
10368,4545,265,1,839.64,0.0,False,839.64
10369,4545,297,1,89.43,0.15,False,76.0155
10370,4545,252,2,274.43,0.0,False,548.86
10371,4546,66,1,447.18,0.05,False,424.82099999999997
10372,4546,184,1,278.4,0.05,False,264.47999999999996
10373,4547,298,2,238.39,0.2,False,381.424
10374,4547,275,1,82.62,0.2,False,66.096
10375,4548,21,1,614.24,0.0,False,614.24
10376,4548,254,1,286.86,0.15,False,243.83100000000002
10377,4549,152,1,910.86,0.1,False,819.774
10378,4550,190,2,707.42,0.05,False,1344.098
10379,4550,72,1,286.08,0.0,False,286.08
10380,4550,284,1,228.9,0.0,False,228.9
10381,4550,245,1,11506.5,0.0,False,11506.5
10382,4551,280,1,121.8,0.0,False,121.8
10383,4551,47,3,513.39,0.2,False,1232.1360000000002
10384,4552,142,1,717.32,0.0,False,717.32
10385,4553,40,3,171.89,0.0,False,515.67
10386,4553,189,1,24.7,0.05,False,23.465
10387,4553,144,1,299.76,0.15,False,254.796
10388,4553,142,1,717.32,0.0,False,717.32
10389,4554,109,1,59.23,0.0,False,59.23
10390,4554,166,1,278.38,0.0,False,278.38
10391,4555,253,1,621.95,0.05,False,590.8525
10392,4556,174,1,864.84,0.0,False,864.84
10393,4556,136,1,974.39,0.0,False,974.39
10394,4556,67,1,355.8,0.0,False,355.8
10395,4557,290,1,908.96,0.0,False,908.96
10396,4557,78,-1,213.82,0.05,True,-203.129
10397,4558,106,1,150.04,0.0,False,150.04
10398,4559,46,1,397.56,0.2,False,318.048
10399,4559,222,1,264.61,0.0,False,264.61
10400,4559,98,2,71.96,0.0,False,143.92
10401,4560,205,1,367.74,0.0,False,367.74
10402,4560,78,1,213.82,0.1,False,192.438
10403,4561,267,1,253.7,0.0,False,253.7
10404,4561,68,1,133.13,0.0,False,133.13
10405,4561,134,2,541.79,0.05,False,1029.4009999999998
10406,4561,241,1,306.12,0.0,False,306.12
10407,4561,7,2,357.42,0.0,False,714.84
10408,4562,195,1,132.26,0.2,False,105.80799999999999
10409,4563,146,1,443.54,0.0,False,443.54
10410,4563,146,1,443.54,0.05,False,421.363
10411,4563,151,1,625.19,0.0,False,625.19
10412,4564,175,-1,600.57,0.1,True,-540.513
10413,4565,300,1,133.29,0.0,False,133.29
10414,4565,13,1,152.16,0.2,False,121.72800000000001
10415,4565,94,1,514.73,0.15,False,437.5205
10416,4565,123,1,840.94,0.0,False,840.94
10417,4566,183,1,942.96,0.0,False,942.96
10418,4566,282,1,280.61,0.0,False,280.61
10419,4567,90,1,219.22,0.15,False,186.337
10420,4568,236,1,55.21,0.05,False,52.4495
10421,4568,257,1,8.4,0.0,False,8.4
10422,4568,268,1,23.79,0.05,False,22.600499999999997
10423,4568,274,1,528.78,0.1,False,475.902
10424,4568,92,1,148.78,0.0,False,148.78
10425,4569,8,3,295.82,0.05,False,843.087
10426,4569,122,2,607.34,0.0,False,1214.68
10427,4569,122,1,607.34,0.0,False,607.34
10428,4569,166,1,278.38,0.05,False,264.46099999999996
10429,4570,265,1,839.64,0.0,False,839.64
10430,4570,75,1,299.66,0.1,False,269.694
10431,4571,21,1,614.24,0.05,False,583.528
10432,4572,243,1,746.93,0.05,False,709.5835
10433,4572,143,1,421.93,0.0,False,421.93
10434,4572,296,2,361.73,0.0,False,723.46
10435,4573,126,1,240.49,0.05,False,228.4655
10436,4573,288,1,515.26,0.0,False,515.26
10437,4574,109,1,59.23,0.1,False,53.306999999999995
10438,4575,139,1,835.42,0.0,False,835.42
10439,4576,41,1,376.48,0.0,False,376.48
10440,4576,46,1,397.56,0.0,False,397.56
10441,4577,21,3,614.24,0.0,False,1842.72
10442,4578,113,1,55.28,0.1,False,49.752
10443,4578,71,1,362.18,0.05,False,344.07099999999997
10444,4578,173,1,587.7,0.0,False,587.7
10445,4579,226,1,211.98,0.0,False,211.98
10446,4579,161,1,68.77,0.0,False,68.77
10447,4580,151,1,625.19,0.05,False,593.9305
10449,4580,22,1,205.71,0.0,False,205.71
10450,4580,157,1,701.5,0.05,False,666.425
10451,4580,253,1,621.95,0.0,False,621.95
10452,4580,235,1,370.09,0.0,False,370.09
10453,4581,240,1,555.47,0.0,False,555.47
10454,4581,238,1,192.17,0.2,False,153.736
10455,4582,76,1,938.11,0.15,False,797.3935
10456,4582,103,1,456.96,0.1,False,411.264
10457,4582,162,1,126.53,0.0,False,126.53
10458,4583,75,1,299.66,0.0,False,299.66
10459,4583,174,1,864.84,0.0,False,864.84
10460,4583,249,1,682.27,0.05,False,648.1564999999999
10461,4584,132,1,299.38,0.0,False,299.38
10462,4585,62,1,244.7,0.0,False,244.7
10463,4585,16,1,245.66,0.0,False,245.66
10464,4585,2,2,807.37,0.0,False,1614.74
10465,4585,76,1,938.11,0.0,False,938.11
10466,4586,230,2,829.69,0.05,False,1576.411
10467,4587,184,1,278.4,0.0,False,278.4
10468,4588,293,1,709.48,0.0,False,709.48
10469,4589,86,1,443.6,0.1,False,399.24
10470,4590,213,1,111.83,0.2,False,89.464
10471,4591,198,1,266.02,0.0,False,266.02
10472,4591,226,1,211.98,0.0,False,211.98
10473,4592,94,2,514.73,0.0,False,1029.46
10474,4593,84,2,43.2,0.05,False,82.08
10475,4593,189,2,24.7,0.0,False,49.4
10476,4594,23,3,235.35,0.0,False,706.05
10477,4594,231,1,410.59,0.05,False,390.06049999999993
10478,4595,14,1,90.93,0.0,False,90.93
10479,4595,15,2,536.46,0.0,False,1072.92
10480,4595,70,1,402.01,0.0,False,402.01
10481,4595,170,1,723.66,0.0,False,723.66
10482,4596,91,1,369.86,0.0,False,369.86
10483,4596,81,1,779.01,0.0,False,779.01
10484,4597,117,1,567.69,0.0,False,567.69
10485,4598,93,1,98.57,0.0,False,98.57
10486,4598,37,2,608.8,0.05,False,1156.7199999999998
10487,4598,266,1,110.99,0.0,False,110.99
10488,4598,195,1,132.26,0.0,False,132.26
10489,4598,16,2,245.66,0.1,False,442.188
10490,4599,232,1,71.83,0.2,False,57.464
10491,4600,78,1,213.82,0.0,False,213.82
10492,4600,208,-1,260.07,0.0,True,-260.07
10493,4601,6,1,531.19,0.15,False,451.5115
10494,4602,118,1,611.17,0.0,False,611.17
10495,4602,231,2,410.59,0.15,False,698.0029999999999
10496,4602,105,1,375.87,0.0,False,375.87
10497,4602,98,1,71.96,0.0,False,71.96
10498,4602,173,1,587.7,0.0,False,587.7
10499,4603,152,2,910.86,0.0,False,1821.72
10500,4603,240,1,555.47,0.0,False,555.47
10501,4604,296,1,361.73,0.15,False,307.4705
10502,4605,58,1,87.55,0.15,False,74.41749999999999
10503,4606,90,1,219.22,0.0,False,219.22
10504,4606,86,1,443.6,0.0,False,443.6
10505,4607,148,1,304.48,0.0,False,304.48
10506,4607,15,2,536.46,0.0,False,1072.92
10507,4608,132,1,299.38,0.0,False,299.38
10508,4609,293,2,709.48,0.0,False,1418.96
10509,4610,82,2,235.49,0.0,False,470.98
10510,4611,21,-1,614.24,0.1,True,-552.816
10511,4612,122,-1,607.34,0.0,True,-607.34
10512,4613,97,1,628.48,0.0,False,628.48
10513,4614,49,1,850.7,0.05,False,808.165
10514,4615,295,1,139.02,0.0,False,139.02
10515,4616,4,1,17.97,0.0,False,17.97
10516,4616,144,1,299.76,0.0,False,299.76
10517,4617,215,1,501.1,0.0,False,501.1
10518,4617,101,1,488.42,0.0,False,488.42
10519,4618,217,1,479.18,0.0,False,479.18
10520,4619,216,2,492.92,0.0,False,985.84
10521,4619,145,1,61.15,0.1,False,55.035
10522,4620,23,1,235.35,0.15,False,200.04749999999999
10523,4621,58,1,87.55,0.0,False,87.55
10524,4621,249,1,682.27,0.0,False,682.27
10525,4621,38,1,364.99,0.1,False,328.49100000000004
10526,4621,261,-1,429.63,0.15,True,-365.1855
10527,4621,61,1,512.76,0.0,False,512.76
10528,4622,293,1,709.48,0.15,False,603.058
10529,4623,197,1,538.79,0.15,False,457.97149999999993
10530,4623,246,1,574.84,0.05,False,546.098
10531,4623,190,1,707.42,0.0,False,707.42
10532,4623,127,2,111.4,0.0,False,222.8
10533,4624,209,3,797.01,0.1,False,2151.9269999999997
10534,4625,148,2,304.48,0.0,False,608.96
10535,4625,38,2,364.99,0.1,False,656.9820000000001
10536,4626,294,1,141.94,0.0,False,141.94
10537,4627,157,1,701.5,0.0,False,701.5
10538,4627,207,1,518.71,0.0,False,518.71
10540,4628,211,2,943.9,0.0,False,1887.8
10541,4629,286,1,47.93,0.0,False,47.93
10542,4629,220,1,475.38,0.1,False,427.842
10543,4630,62,1,244.7,0.0,False,244.7
10544,4630,74,2,171.2,0.2,False,273.92
10545,4631,46,2,397.56,0.1,False,715.6080000000001
10546,4632,282,1,280.61,0.15,False,238.51850000000002
10547,4632,223,2,57.85,0.0,False,115.7
10548,4632,234,1,486.72,0.05,False,462.384
10549,4633,83,1,243.1,0.2,False,194.48000000000002
10550,4633,143,1,421.93,0.0,False,421.93
10551,4634,14,1,90.93,0.0,False,90.93
10552,4635,156,1,372.8,0.0,False,372.8
10553,4636,73,2,346.78,0.15,False,589.526
10554,4637,103,1,456.96,0.0,False,456.96
10555,4638,273,1,560.24,0.15,False,476.204
10556,4639,3,1,978.72,0.1,False,880.8480000000001
10557,4639,235,1,370.09,0.15,False,314.57649999999995
10558,4639,23,1,235.35,0.2,False,188.28
10559,4639,265,3,839.64,0.0,False,2518.92
10560,4639,260,2,619.66,0.05,False,1177.3539999999998
10561,4640,260,3,619.66,0.05,False,1766.031
10562,4640,221,1,704.75,0.0,False,704.75
10563,4640,207,1,518.71,0.0,False,518.71
10564,4641,192,1,697.79,0.0,False,697.79
10565,4642,23,1,235.35,0.2,False,188.28
10566,4643,32,1,338.4,0.15,False,287.64
10567,4643,236,1,55.21,0.05,False,52.4495
10568,4644,254,1,286.86,0.05,False,272.517
10569,4645,288,1,515.26,0.05,False,489.49699999999996
10570,4645,85,1,530.7,0.0,False,530.7
10571,4646,213,1,111.83,0.0,False,111.83
10572,4647,217,1,479.18,0.0,False,479.18
10573,4648,224,1,23.12,0.0,False,23.12
10574,4648,41,2,376.48,0.05,False,715.312
10575,4649,275,2,82.62,0.0,False,165.24
10576,4650,300,3,133.29,0.1,False,359.88300000000004
10577,4651,27,1,686.85,0.0,False,686.85
10578,4652,180,1,843.45,0.0,False,843.45
10579,4653,154,1,115.68,0.15,False,98.328
10580,4653,159,1,818.3,0.2,False,654.64
10581,4654,168,1,649.6,0.2,False,519.6800000000001
10582,4654,7,1,357.42,0.0,False,357.42
10583,4654,174,1,864.84,0.15,False,735.114
10584,4655,7,1,357.42,0.05,False,339.549
10585,4655,71,3,362.18,0.0,False,1086.54
10586,4655,155,1,607.36,0.0,False,607.36
10587,4655,98,1,71.96,0.0,False,71.96
10588,4656,169,1,458.05,0.2,False,366.44000000000005
10589,4657,27,1,686.85,0.05,False,652.5074999999999
10590,4657,146,1,443.54,0.15,False,377.009
10591,4657,37,3,608.8,0.0,False,1826.3999999999999
10592,4658,75,2,299.66,0.0,False,599.32
10593,4658,179,1,478.65,0.0,False,478.65
10594,4658,299,1,725.08,0.05,False,688.826
10595,4659,20,3,548.49,0.05,False,1563.1965
10596,4659,8,2,295.82,0.15,False,502.89399999999995
10597,4660,179,3,478.65,0.0,False,1435.9499999999998
10598,4660,32,1,338.4,0.0,False,338.4
10599,4661,51,3,863.34,0.05,False,2460.519
10600,4661,68,1,133.13,0.2,False,106.504
10601,4661,186,1,290.81,0.0,False,290.81
10602,4662,2,1,807.37,0.15,False,686.2645
10603,4663,55,2,395.52,0.2,False,632.832
10604,4664,14,1,90.93,0.0,False,90.93
10605,4664,270,1,34872.0,0.0,False,34872.0
10606,4664,252,1,274.43,0.0,False,274.43
10607,4664,129,1,492.47,0.05,False,467.8465
10608,4665,192,1,697.79,0.0,False,697.79
10609,4665,30,2,477.17,0.0,False,954.34
10610,4666,273,1,560.24,0.2,False,448.192
10611,4666,284,3,228.9,0.1,False,618.0300000000001
10613,4666,99,1,496.87,0.0,False,496.87
10614,4666,44,2,6.81,0.0,False,13.62
10615,4667,25,1,282.92,0.0,False,282.92
10616,4668,158,2,282.03,0.15,False,479.45099999999996
10617,4668,260,1,619.66,0.0,False,619.66
10618,4668,85,1,530.7,0.0,False,530.7
10619,4668,248,1,75.61,0.0,False,75.61
10620,4668,222,1,264.61,0.0,False,264.61
10621,4669,216,1,492.92,0.0,False,492.92
10622,4669,172,1,104.56,0.0,False,104.56
10623,4670,88,1,275.21,0.0,False,275.21
10624,4670,265,-1,839.64,0.0,True,-839.64
10625,4670,246,1,574.84,0.1,False,517.356
10626,4670,71,1,362.18,0.0,False,362.18
10627,4670,281,2,146.98,0.1,False,264.56399999999996
10628,4671,41,-1,376.48,0.1,True,-338.83200000000005
10629,4671,291,1,19.78,0.1,False,17.802000000000003
10630,4671,32,1,338.4,0.0,False,338.4
10631,4672,154,1,115.68,0.05,False,109.896
10632,4672,278,1,402.71,0.0,False,402.71
10633,4672,146,1,443.54,0.0,False,443.54
10634,4672,117,1,567.69,0.2,False,454.15200000000004
10635,4673,3,1,978.72,0.0,False,978.72
10636,4674,104,1,957.31,0.0,False,957.31
10637,4675,48,1,231.62,0.0,False,231.62
10638,4675,116,1,862.37,0.2,False,689.8960000000001
10639,4676,26,1,259.69,0.0,False,259.69
10640,4677,88,1,275.21,0.0,False,275.21
10641,4678,88,-1,275.21,0.05,True,-261.44949999999994
10642,4678,140,1,500.02,0.15,False,425.017
10643,4679,150,1,182.12,0.0,False,182.12
10644,4679,209,1,797.01,0.0,False,797.01
10645,4680,252,1,274.43,0.0,False,274.43
10646,4680,8,1,295.82,0.15,False,251.44699999999997
10647,4680,223,1,57.85,0.0,False,57.85
10648,4680,66,2,447.18,0.0,False,894.36
10649,4681,53,1,192.38,0.0,False,192.38
10650,4682,70,1,402.01,0.0,False,402.01
10651,4683,73,1,346.78,0.0,False,346.78
10652,4683,4,1,17.97,0.0,False,17.97
10653,4683,272,1,5.69,0.0,False,5.69
10654,4683,163,1,598.68,0.05,False,568.746
10655,4683,45,2,511.39,0.05,False,971.641
10656,4684,282,1,280.61,0.05,False,266.5795
10657,4685,7,1,357.42,0.0,False,357.42
10658,4686,192,1,697.79,0.0,False,697.79
10659,4686,93,1,98.57,0.15,False,83.7845
10660,4687,156,1,372.8,0.2,False,298.24
10661,4688,283,1,680.49,0.1,False,612.441
10662,4688,279,1,226.81,0.2,False,181.448
10663,4688,184,1,278.4,0.2,False,222.72
10664,4689,195,1,132.26,0.0,False,132.26
10665,4689,113,1,55.28,0.0,False,55.28
10666,4690,259,1,533.22,0.0,False,533.22
10667,4690,298,1,238.39,0.1,False,214.551
10668,4691,42,3,328.75,0.1,False,887.625
10669,4692,257,1,8.4,0.1,False,7.5600000000000005
10670,4692,97,1,628.48,0.05,False,597.056
10671,4692,64,1,29.71,0.05,False,28.2245
10672,4692,149,1,382.77,0.1,False,344.493
10673,4693,84,1,43.2,0.0,False,43.2
10674,4693,210,1,177.09,0.0,False,177.09
10675,4694,262,1,214.85,0.0,False,214.85
10676,4695,115,2,251.88,0.1,False,453.384
10677,4695,170,1,723.66,0.0,False,723.66
10678,4695,206,1,612.54,0.0,False,612.54
10679,4696,283,2,680.49,0.1,False,1224.882
10680,4697,190,1,707.42,0.0,False,707.42
10681,4698,212,1,445.65,0.1,False,401.085
10682,4698,71,2,362.18,0.2,False,579.488
10683,4698,140,1,500.02,0.0,False,500.02
10684,4699,12,1,156.75,0.0,False,156.75
10685,4699,254,1,286.86,0.0,False,286.86
10686,4699,139,2,835.42,0.0,False,1670.84
10687,4699,139,1,835.42,0.05,False,793.6489999999999
10688,4700,25,3,282.92,0.15,False,721.446
10689,4701,166,1,278.38,0.0,False,278.38
10690,4701,27,-1,686.85,0.15,True,-583.8225
10691,4702,64,1,29.71,0.05,False,28.2245
10692,4702,10,1,309.24,0.0,False,309.24
10693,4703,235,1,370.09,0.15,False,314.57649999999995
10694,4703,288,1,515.26,0.0,False,515.26
10695,4703,10,1,309.24,0.0,False,309.24
10696,4703,49,1,850.7,0.0,False,850.7
10697,4704,241,1,306.12,0.0,False,306.12
10698,4704,67,1,355.8,0.2,False,284.64000000000004
10699,4705,108,2,378.75,0.0,False,757.5
10700,4705,225,1,939.11,0.0,False,939.11
10701,4706,23,2,235.35,0.0,False,470.7
10702,4707,90,1,219.22,0.05,False,208.259
10703,4707,246,1,574.84,0.2,False,459.87200000000007
10704,4707,16,1,245.66,0.0,False,245.66
10705,4708,29,1,103.82,0.0,False,103.82
10706,4708,238,3,192.17,0.0,False,576.51
10707,4708,269,1,603.81,0.0,False,603.81
10708,4709,13,1,152.16,0.0,False,152.16
10709,4710,235,1,370.09,0.0,False,370.09
10710,4710,20,1,548.49,0.05,False,521.0654999999999
10711,4710,63,1,430.39,0.05,False,408.8705
10712,4711,189,1,24.7,0.0,False,24.7
10713,4711,33,1,217.73,0.15,False,185.07049999999998
10714,4712,279,1,226.81,0.05,False,215.46949999999998
10715,4712,140,1,500.02,0.2,False,400.016
10716,4712,228,1,162.75,0.05,False,154.61249999999998
10717,4713,296,1,361.73,0.0,False,361.73
10718,4714,262,1,214.85,0.15,False,182.6225
10719,4714,29,2,103.82,0.05,False,197.25799999999998
10720,4714,249,1,682.27,0.0,False,682.27
10721,4715,289,1,635.36,0.0,False,635.36
10722,4716,286,1,47.93,0.0,False,47.93
10723,4716,47,1,513.39,0.0,False,513.39
10724,4716,35,2,425.48,0.0,False,850.96
10725,4717,275,1,82.62,0.05,False,78.489
10727,4717,99,-1,496.87,0.05,True,-472.0265
10728,4717,72,1,286.08,0.2,False,228.864
10729,4718,83,2,243.1,0.0,False,486.2
10730,4719,43,1,97.72,0.05,False,92.83399999999999
10731,4719,52,2,12.48,0.1,False,22.464000000000002
10732,4720,271,1,756.22,0.0,False,756.22
10733,4720,28,2,749.19,0.05,False,1423.461
10734,4720,152,1,910.86,0.15,False,774.231
10735,4721,110,1,52.92,0.05,False,50.274
10736,4722,254,2,286.86,0.1,False,516.3480000000001
10737,4722,253,1,621.95,0.05,False,590.8525
10738,4723,188,2,550.0,0.0,False,1100.0
10739,4724,227,1,192.19,0.1,False,172.971
10740,4724,39,2,412.64,0.05,False,784.016
10741,4724,273,1,560.24,0.0,False,560.24
10742,4725,234,1,486.72,0.0,False,486.72
10743,4726,250,2,8284.0,0.1,False,14911.2
10744,4727,63,2,430.39,0.0,False,860.78
10745,4727,134,1,541.79,0.0,False,541.79
10746,4728,26,2,259.69,0.0,False,519.38
10747,4728,62,3,244.7,0.1,False,660.6899999999999
10748,4729,42,1,328.75,0.2,False,263.0
10749,4730,220,1,475.38,0.0,False,475.38
10750,4730,94,1,514.73,0.0,False,514.73
10751,4731,278,1,402.71,0.0,False,402.71
10752,4731,220,1,475.38,0.0,False,475.38
10753,4732,115,1,251.88,0.0,False,251.88
10754,4733,126,1,240.49,0.0,False,240.49
10755,4734,244,2,263.25,0.0,False,526.5
10756,4734,84,1,43.2,0.0,False,43.2
10757,4735,138,1,54.35,0.0,False,54.35
10758,4735,177,1,156.12,0.0,False,156.12
10759,4736,257,1,8.4,0.05,False,7.9799999999999995
10760,4736,33,3,217.73,0.05,False,620.5305
10761,4736,109,1,59.23,0.0,False,59.23
10762,4737,117,1,567.69,0.05,False,539.3055
10763,4738,131,1,797.13,0.0,False,797.13
10764,4738,295,3,139.02,0.0,False,417.06000000000006
10765,4739,261,2,429.63,0.0,False,859.26
10766,4740,255,1,249.2,0.1,False,224.28
10767,4740,129,1,492.47,0.0,False,492.47
10768,4740,3,1,978.72,0.15,False,831.912
10769,4741,43,1,97.72,0.0,False,97.72
10770,4742,3,1,978.72,0.0,False,978.72
10771,4742,101,1,488.42,0.0,False,488.42
10772,4742,91,1,369.86,0.0,False,369.86
10773,4742,93,1,98.57,0.0,False,98.57
10774,4742,257,1,8.4,0.0,False,8.4
10775,4743,173,1,587.7,0.05,False,558.315
10776,4744,28,1,749.19,0.0,False,749.19
10777,4744,296,1,361.73,0.0,False,361.73
10778,4744,1,1,433.54,0.0,False,433.54
10779,4745,49,1,850.7,0.0,False,850.7
10780,4745,82,1,235.49,0.05,False,223.7155
10781,4745,109,1,59.23,0.0,False,59.23
10782,4746,267,2,253.7,0.0,False,507.4
10783,4746,179,3,478.65,0.0,False,1435.9499999999998
10784,4747,59,1,287.12,0.0,False,287.12
10785,4748,163,1,598.68,0.0,False,598.68
10786,4748,300,1,133.29,0.1,False,119.961
10787,4749,178,1,563.12,0.1,False,506.808
10788,4749,208,1,260.07,0.0,False,260.07
10789,4749,245,1,11506.5,0.05,False,10931.175
10790,4750,43,1,97.72,0.0,False,97.72
10791,4750,79,1,308.93,0.1,False,278.03700000000003
10792,4750,268,1,23.79,0.0,False,23.79
10793,4751,233,1,82.49,0.0,False,82.49
10794,4751,149,1,382.77,0.0,False,382.77
10795,4752,40,1,171.89,0.0,False,171.89
10796,4752,244,1,263.25,0.0,False,263.25
10797,4752,186,1,290.81,0.0,False,290.81
10798,4753,110,1,52.92,0.0,False,52.92
10799,4753,130,1,454.11,0.0,False,454.11
10800,4753,254,2,286.86,0.05,False,545.034
10801,4754,9,3,66.57,0.05,False,189.72449999999998
10802,4754,22,1,205.71,0.0,False,205.71
10803,4754,259,1,533.22,0.0,False,533.22
10804,4755,116,-1,862.37,0.0,True,-862.37
10805,4755,66,-1,447.18,0.1,True,-402.462
10806,4755,88,1,275.21,0.0,False,275.21
10807,4755,191,3,457.7,0.2,False,1098.48
10808,4755,263,1,222.36,0.0,False,222.36
10809,4756,128,1,686.4,0.0,False,686.4
10810,4756,113,2,55.28,0.15,False,93.976
10811,4757,119,1,519.85,0.0,False,519.85
10812,4757,122,1,607.34,0.05,False,576.973
10813,4758,176,1,199.39,0.05,False,189.42049999999998
10814,4758,281,1,146.98,0.0,False,146.98
10815,4758,194,2,222.76,0.0,False,445.52
10816,4759,215,1,501.1,0.0,False,501.1
10817,4759,100,1,283.25,0.0,False,283.25
10818,4760,275,2,82.62,0.15,False,140.454
10819,4760,190,1,707.42,0.0,False,707.42
10820,4760,219,1,211.99,0.15,False,180.1915
10821,4760,13,1,152.16,0.1,False,136.944
10822,4760,283,1,680.49,0.0,False,680.49
10823,4761,210,1,177.09,0.0,False,177.09
10824,4761,77,-1,103.53,0.0,True,-103.53
10825,4761,206,2,612.54,0.15,False,1041.318
10826,4761,21,-1,614.24,0.0,True,-614.24
10827,4762,256,1,537.93,0.0,False,537.93
10828,4762,184,2,278.4,0.0,False,556.8
10829,4763,34,2,399.8,0.0,False,799.6
10830,4763,266,3,110.99,0.0,False,332.96999999999997
10831,4764,144,1,299.76,0.05,False,284.772
10832,4765,68,1,133.13,0.0,False,133.13
10833,4765,273,2,560.24,0.1,False,1008.432
10834,4765,297,3,89.43,0.0,False,268.29
10835,4766,300,1,133.29,0.1,False,119.961
10836,4766,32,1,338.4,0.0,False,338.4
10837,4766,178,2,563.12,0.0,False,1126.24
10838,4767,26,3,259.69,0.15,False,662.2094999999999
10839,4767,47,3,513.39,0.0,False,1540.17
10840,4767,196,1,518.75,0.15,False,440.9375
10841,4768,103,1,456.96,0.0,False,456.96
10842,4768,225,1,939.11,0.0,False,939.11
10843,4768,183,1,942.96,0.0,False,942.96
10844,4768,129,1,492.47,0.1,False,443.223
10845,4769,7,1,357.42,0.0,False,357.42
10846,4770,8,3,295.82,0.05,False,843.087
10847,4771,184,2,278.4,0.05,False,528.9599999999999
10848,4771,241,1,306.12,0.0,False,306.12
10849,4772,232,1,71.83,0.0,False,71.83
10850,4773,211,3,943.9,0.0,False,2831.7
10851,4773,179,3,478.65,0.0,False,1435.9499999999998
10852,4773,111,1,227.31,0.0,False,227.31
10853,4773,120,-1,146.96,0.0,True,-146.96
10854,4773,80,1,166.05,0.0,False,166.05
10855,4774,79,1,308.93,0.0,False,308.93
10857,4774,102,1,396.98,0.0,False,396.98
10858,4775,257,2,8.4,0.0,False,16.8
10859,4775,141,1,251.45,0.05,False,238.87749999999997
10860,4775,248,1,75.61,0.0,False,75.61
10861,4775,278,1,402.71,0.0,False,402.71
10862,4775,76,1,938.11,0.1,False,844.299
10863,4776,97,1,628.48,0.0,False,628.48
10864,4776,201,3,567.68,0.05,False,1617.888
10865,4776,241,2,306.12,0.0,False,612.24
10866,4777,137,1,316.92,0.0,False,316.92
10867,4777,84,1,43.2,0.05,False,41.04
10868,4778,99,-1,496.87,0.1,True,-447.183
10869,4778,95,1,711.68,0.0,False,711.68
10870,4778,85,1,530.7,0.0,False,530.7
10871,4778,259,1,533.22,0.0,False,533.22
10872,4778,147,1,517.03,0.0,False,517.03
10873,4779,50,1,240.1,0.0,False,240.1
10874,4780,7,1,357.42,0.0,False,357.42
10875,4781,136,1,974.39,0.0,False,974.39
10876,4781,250,1,8284.0,0.2,False,6627.200000000001
10877,4781,138,1,54.35,0.0,False,54.35
10878,4782,206,1,612.54,0.1,False,551.286
10879,4783,222,1,264.61,0.0,False,264.61
10880,4783,57,-1,510.39,0.0,True,-510.39
10881,4784,16,1,245.66,0.1,False,221.094
10882,4785,98,1,71.96,0.0,False,71.96
10883,4785,210,1,177.09,0.0,False,177.09
10884,4785,139,2,835.42,0.0,False,1670.84
10885,4785,130,1,454.11,0.0,False,454.11
10886,4786,123,1,840.94,0.1,False,756.8460000000001
10887,4786,251,1,439.11,0.05,False,417.1545
10888,4786,163,2,598.68,0.05,False,1137.492
10889,4787,178,1,563.12,0.2,False,450.49600000000004
10890,4788,81,2,779.01,0.15,False,1324.317
10891,4788,172,1,104.56,0.0,False,104.56
10892,4789,287,1,754.14,0.05,False,716.433
10893,4790,267,1,253.7,0.0,False,253.7
10894,4791,263,1,222.36,0.0,False,222.36
10895,4791,179,1,478.65,0.0,False,478.65
10896,4791,161,1,68.77,0.0,False,68.77
10897,4791,230,1,829.69,0.0,False,829.69
10898,4791,268,3,23.79,0.0,False,71.37
10899,4792,197,1,538.79,0.1,False,484.911
10900,4792,58,1,87.55,0.15,False,74.41749999999999
10901,4793,178,2,563.12,0.0,False,1126.24
10902,4794,106,1,150.04,0.0,False,150.04
10903,4795,199,1,51.0,0.05,False,48.449999999999996
10904,4796,202,1,514.85,0.0,False,514.85
10905,4796,195,1,132.26,0.0,False,132.26
10906,4796,255,1,249.2,0.0,False,249.2
10907,4797,12,1,156.75,0.0,False,156.75
10908,4798,3,2,978.72,0.0,False,1957.44
10909,4798,245,1,11506.5,0.0,False,11506.5
10910,4798,181,3,37.18,0.15,False,94.809
10911,4798,181,1,37.18,0.0,False,37.18
10912,4799,6,1,531.19,0.0,False,531.19
10913,4800,62,1,244.7,0.05,False,232.46499999999997
10914,4800,249,3,682.27,0.0,False,2046.81
10915,4800,242,2,166.1,0.0,False,332.2
10916,4800,154,1,115.68,0.0,False,115.68
10917,4801,127,3,111.4,0.0,False,334.20000000000005
10918,4801,203,1,431.09,0.0,False,431.09
10919,4801,163,1,598.68,0.1,False,538.812
10920,4802,14,1,90.93,0.05,False,86.3835
10921,4802,119,2,519.85,0.1,False,935.73
10922,4802,86,2,443.6,0.0,False,887.2
10923,4802,211,1,943.9,0.0,False,943.9
10924,4802,95,1,711.68,0.1,False,640.512
10925,4803,80,1,166.05,0.0,False,166.05
10926,4804,55,3,395.52,0.1,False,1067.904
10927,4804,21,1,614.24,0.0,False,614.24
10928,4804,92,1,148.78,0.1,False,133.90200000000002
10929,4804,60,1,148.68,0.0,False,148.68
10930,4804,200,1,533.81,0.0,False,533.81
10931,4805,72,3,286.08,0.0,False,858.24
10932,4806,92,1,148.78,0.0,False,148.78
10933,4806,21,1,614.24,0.0,False,614.24
10934,4807,46,1,397.56,0.0,False,397.56
10935,4807,266,1,110.99,0.15,False,94.3415
10936,4807,60,1,148.68,0.05,False,141.246
10937,4808,114,1,23.97,0.0,False,23.97
10938,4809,68,3,133.13,0.1,False,359.451
10939,4809,171,1,14.73,0.2,False,11.784
10940,4810,158,2,282.03,0.0,False,564.06
10941,4810,181,1,37.18,0.15,False,31.602999999999998
10942,4811,14,1,90.93,0.0,False,90.93
10943,4811,80,1,166.05,0.0,False,166.05
10944,4812,51,-1,863.34,0.0,True,-863.34
10945,4812,63,2,430.39,0.0,False,860.78
10946,4813,272,1,5.69,0.0,False,5.69
10947,4814,98,1,71.96,0.0,False,71.96
10949,4814,58,1,87.55,0.0,False,87.55
10950,4814,287,2,754.14,0.05,False,1432.866
10951,4814,234,1,486.72,0.05,False,462.384
10952,4814,24,1,696.97,0.0,False,696.97
10953,4815,65,1,460.75,0.05,False,437.7125
10954,4815,191,3,457.7,0.0,False,1373.1
10955,4816,248,1,75.61,0.0,False,75.61
10956,4816,161,1,68.77,0.1,False,61.893
10957,4816,139,1,835.42,0.15,False,710.107
10958,4817,101,1,488.42,0.0,False,488.42
10959,4817,295,1,139.02,0.15,False,118.167
10960,4817,135,-1,550.83,0.05,True,-523.2885
10961,4818,221,2,704.75,0.0,False,1409.5
10962,4818,267,1,253.7,0.05,False,241.015
10963,4818,72,1,286.08,0.0,False,286.08
10964,4818,18,1,35.67,0.2,False,28.536
10965,4818,57,2,510.39,0.05,False,969.741
10966,4819,67,3,355.8,0.2,False,853.9200000000001
10967,4820,163,1,598.68,0.15,False,508.87799999999993
10968,4820,40,1,171.89,0.15,False,146.10649999999998
10969,4821,282,1,280.61,0.0,False,280.61
10970,4821,142,2,717.32,0.05,False,1362.9080000000001
10971,4822,158,1,282.03,0.0,False,282.03
10972,4822,93,2,98.57,0.05,False,187.283
10973,4822,149,3,382.77,0.0,False,1148.31
10974,4822,64,1,29.71,0.05,False,28.2245
10975,4823,41,1,376.48,0.0,False,376.48
10976,4824,78,1,213.82,0.0,False,213.82
10977,4824,159,1,818.3,0.1,False,736.47
10978,4825,30,1,477.17,0.0,False,477.17
10979,4826,205,2,367.74,0.15,False,625.158
10980,4826,64,1,29.71,0.05,False,28.2245
10981,4826,207,2,518.71,0.0,False,1037.42
10982,4827,63,1,430.39,0.0,False,430.39
10983,4827,9,1,66.57,0.0,False,66.57
10984,4828,243,2,746.93,0.0,False,1493.86
10985,4828,75,1,299.66,0.0,False,299.66
10986,4828,15,1,536.46,0.2,False,429.16800000000006
10987,4828,40,1,171.89,0.0,False,171.89
10988,4829,94,1,514.73,0.0,False,514.73
10989,4830,182,2,500.91,0.05,False,951.729
10990,4830,204,1,578.66,0.0,False,578.66
10991,4831,5,1,503.34,0.15,False,427.83899999999994
10992,4831,174,1,864.84,0.0,False,864.84
10993,4831,153,1,530.38,0.0,False,530.38
10994,4831,171,-1,14.73,0.0,True,-14.73
10995,4832,167,1,39.88,0.2,False,31.904000000000003
10996,4832,213,1,111.83,0.05,False,106.23849999999999
10997,4833,137,1,316.92,0.0,False,316.92
10998,4833,136,1,974.39,0.0,False,974.39
10999,4833,10,2,309.24,0.0,False,618.48
11000,4833,150,1,182.12,0.0,False,182.12
11001,4834,144,1,299.76,0.0,False,299.76
11002,4834,250,1,8284.0,0.1,False,7455.6
11003,4835,196,1,518.75,0.0,False,518.75
11004,4835,30,1,477.17,0.05,False,453.31149999999997
11005,4836,84,1,43.2,0.0,False,43.2
11006,4836,213,1,111.83,0.0,False,111.83
11007,4837,282,1,280.61,0.0,False,280.61
11008,4837,186,1,290.81,0.1,False,261.729
11009,4837,88,1,275.21,0.0,False,275.21
11010,4838,177,1,156.12,0.0,False,156.12
11011,4838,248,1,75.61,0.1,False,68.049
11012,4839,85,1,530.7,0.0,False,530.7
11013,4839,186,1,290.81,0.2,False,232.64800000000002
11014,4840,209,1,797.01,0.0,False,797.01
11015,4841,49,1,850.7,0.1,False,765.6300000000001
11016,4841,78,2,213.82,0.0,False,427.64
11017,4842,21,1,614.24,0.0,False,614.24
11018,4842,175,1,600.57,0.05,False,570.5415
11019,4843,92,2,148.78,0.0,False,297.56
11020,4843,91,1,369.86,0.0,False,369.86
11021,4844,34,1,399.8,0.0,False,399.8
11022,4845,69,2,274.11,0.1,False,493.398
11023,4845,262,2,214.85,0.0,False,429.7
11024,4845,271,1,756.22,0.0,False,756.22
11025,4846,193,1,351.11,0.1,False,315.999
11026,4846,298,3,238.39,0.05,False,679.4114999999999
11027,4846,205,1,367.74,0.0,False,367.74
11028,4846,177,1,156.12,0.1,False,140.508
11029,4847,227,1,192.19,0.0,False,192.19
11030,4847,230,1,829.69,0.0,False,829.69
11031,4848,126,3,240.49,0.0,False,721.47
11032,4848,58,2,87.55,0.1,False,157.59
11033,4849,43,1,97.72,0.0,False,97.72
11034,4850,193,1,351.11,0.15,False,298.44350000000003
11035,4850,32,2,338.4,0.0,False,676.8
11036,4850,146,1,443.54,0.1,False,399.18600000000004
11037,4850,254,1,286.86,0.2,False,229.48800000000003
11038,4851,1,1,433.54,0.0,False,433.54
11039,4852,46,1,397.56,0.0,False,397.56
11040,4853,285,-1,667.54,0.0,True,-667.54
11041,4853,267,1,253.7,0.05,False,241.015
11042,4854,226,-1,211.98,0.0,True,-211.98
11043,4854,247,2,708.26,0.0,False,1416.52
11044,4854,104,1,957.31,0.1,False,861.579
11045,4855,9,1,66.57,0.15,False,56.58449999999999
11046,4855,68,2,133.13,0.0,False,266.26
11047,4856,187,1,127.57,0.05,False,121.19149999999999
11048,4856,137,1,316.92,0.2,False,253.53600000000003
11049,4856,87,1,564.0,0.05,False,535.8
11050,4856,171,1,14.73,0.2,False,11.784
11051,4857,56,1,186.07,0.1,False,167.463
11052,4857,153,1,530.38,0.0,False,530.38
11053,4857,43,1,97.72,0.0,False,97.72
11054,4858,102,1,396.98,0.0,False,396.98
11055,4858,112,1,10.73,0.0,False,10.73
11056,4858,254,1,286.86,0.0,False,286.86
11057,4859,193,1,351.11,0.0,False,351.11
11058,4860,97,1,628.48,0.0,False,628.48
11059,4860,217,1,479.18,0.0,False,479.18
11060,4860,61,1,512.76,0.2,False,410.208
11061,4860,30,1,477.17,0.0,False,477.17
11062,4860,292,1,425.68,0.0,False,425.68
11063,4861,64,3,29.71,0.0,False,89.13
11064,4861,103,1,456.96,0.15,False,388.416
11065,4862,77,1,103.53,0.0,False,103.53
11066,4862,108,1,378.75,0.05,False,359.8125
11067,4862,223,3,57.85,0.0,False,173.55
11068,4862,185,1,582.19,0.15,False,494.86150000000004
11069,4862,292,1,425.68,0.2,False,340.54400000000004
11070,4863,86,1,443.6,0.0,False,443.6
11071,4864,241,1,306.12,0.0,False,306.12
11072,4864,38,1,364.99,0.05,False,346.7405
11073,4865,97,1,628.48,0.05,False,597.056
11074,4865,123,1,840.94,0.2,False,672.7520000000001
11075,4865,7,1,357.42,0.05,False,339.549
11076,4866,199,2,51.0,0.0,False,102.0
11077,4867,283,1,680.49,0.1,False,612.441
11078,4868,80,1,166.05,0.0,False,166.05
11079,4868,252,2,274.43,0.15,False,466.531
11080,4869,210,1,177.09,0.0,False,177.09
11081,4869,196,2,518.75,0.0,False,1037.5
11082,4869,5,1,503.34,0.0,False,503.34
11083,4869,22,1,205.71,0.0,False,205.71
11084,4870,32,2,338.4,0.1,False,609.12
11085,4871,32,3,338.4,0.1,False,913.68
11086,4871,211,2,943.9,0.1,False,1699.02
11087,4872,178,1,563.12,0.0,False,563.12
11088,4872,276,1,341.21,0.1,False,307.089
11089,4872,74,3,171.2,0.2,False,410.87999999999994
11090,4872,30,1,477.17,0.2,False,381.73600000000005
11091,4873,289,1,635.36,0.0,False,635.36
11092,4873,194,1,222.76,0.0,False,222.76
11093,4874,264,2,16.2,0.0,False,32.4
11094,4875,279,1,226.81,0.0,False,226.81
11095,4875,71,1,362.18,0.0,False,362.18
11096,4875,233,1,82.49,0.0,False,82.49
11097,4876,103,1,456.96,0.1,False,411.264
11098,4877,182,3,500.91,0.0,False,1502.73
11099,4877,168,2,649.6,0.0,False,1299.2
11100,4877,249,2,682.27,0.0,False,1364.54
11101,4878,250,1,8284.0,0.0,False,8284.0
11102,4878,280,1,121.8,0.0,False,121.8
11103,4878,265,1,839.64,0.0,False,839.64
11104,4879,29,1,103.82,0.0,False,103.82
11105,4880,201,3,567.68,0.0,False,1703.04
11106,4880,64,3,29.71,0.1,False,80.217
11107,4880,117,1,567.69,0.1,False,510.92100000000005
11108,4880,89,1,247.06,0.0,False,247.06
11109,4880,111,1,227.31,0.0,False,227.31
11110,4881,279,1,226.81,0.05,False,215.46949999999998
11111,4882,4,2,17.97,0.0,False,35.94
11112,4883,278,3,402.71,0.05,False,1147.7234999999998
11113,4884,36,2,749.87,0.0,False,1499.74
11114,4884,212,3,445.65,0.15,False,1136.4074999999998
11115,4884,274,1,528.78,0.1,False,475.902
11116,4884,65,1,460.75,0.05,False,437.7125
11117,4884,113,1,55.28,0.0,False,55.28
11118,4885,204,1,578.66,0.15,False,491.86099999999993
11119,4885,97,2,628.48,0.0,False,1256.96
11120,4885,187,1,127.57,0.2,False,102.056
11121,4886,125,1,584.13,0.0,False,584.13
11122,4886,219,2,211.99,0.0,False,423.98
11123,4887,228,-1,162.75,0.0,True,-162.75
11124,4888,71,2,362.18,0.1,False,651.924
11125,4889,31,1,976.57,0.0,False,976.57
11126,4890,35,1,425.48,0.15,False,361.658
11127,4891,72,1,286.08,0.0,False,286.08
11128,4891,289,1,635.36,0.0,False,635.36
11129,4891,226,1,211.98,0.0,False,211.98
11130,4892,218,2,127.17,0.05,False,241.623
11131,4892,267,2,253.7,0.05,False,482.03
11132,4893,165,2,605.76,0.15,False,1029.792
11133,4893,19,1,727.02,0.0,False,727.02
11134,4894,74,1,171.2,0.0,False,171.2
11135,4894,224,2,23.12,0.0,False,46.24
11136,4894,208,1,260.07,0.2,False,208.056
11137,4894,83,1,243.1,0.0,False,243.1
11138,4895,101,1,488.42,0.1,False,439.57800000000003
11139,4896,199,1,51.0,0.05,False,48.449999999999996
11140,4896,57,1,510.39,0.05,False,484.8705
11141,4897,219,-1,211.99,0.0,True,-211.99
11142,4898,59,3,287.12,0.0,False,861.36
11143,4898,118,1,611.17,0.0,False,611.17
11144,4898,41,1,376.48,0.2,False,301.184
11145,4898,185,1,582.19,0.0,False,582.19
11146,4898,37,-1,608.8,0.0,True,-608.8
11147,4899,274,-1,528.78,0.0,True,-528.78
11148,4899,15,1,536.46,0.1,False,482.814
11150,4899,103,1,456.96,0.0,False,456.96
11151,4900,14,3,90.93,0.1,False,245.51100000000002
11152,4901,207,1,518.71,0.05,False,492.7745
11153,4901,200,2,533.81,0.0,False,1067.62
11154,4902,108,1,378.75,0.0,False,378.75
11155,4903,64,1,29.71,0.1,False,26.739
11156,4904,89,-1,247.06,0.0,True,-247.06
11157,4905,82,-1,235.49,0.1,True,-211.941
11158,4905,297,-1,89.43,0.05,True,-84.9585
11159,4905,48,1,231.62,0.2,False,185.29600000000002
11160,4905,16,1,245.66,0.2,False,196.52800000000002
11161,4906,279,1,226.81,0.0,False,226.81
11162,4906,165,1,605.76,0.0,False,605.76
11163,4906,74,1,171.2,0.2,False,136.96
11164,4906,144,1,299.76,0.0,False,299.76
11165,4906,255,1,249.2,0.0,False,249.2
11166,4907,104,1,957.31,0.0,False,957.31
11167,4907,205,1,367.74,0.0,False,367.74
11168,4908,7,1,357.42,0.0,False,357.42
11169,4909,202,1,514.85,0.0,False,514.85
11170,4910,39,1,412.64,0.05,False,392.008
11171,4910,20,1,548.49,0.0,False,548.49
11172,4910,239,1,517.8,0.0,False,517.8
11173,4910,295,1,139.02,0.1,False,125.11800000000001
11174,4911,210,1,177.09,0.0,False,177.09
11175,4912,67,1,355.8,0.0,False,355.8
11176,4912,215,1,501.1,0.0,False,501.1
11177,4912,214,-1,304.46,0.0,True,-304.46
11178,4912,200,2,533.81,0.1,False,960.858
11179,4912,190,2,707.42,0.05,False,1344.098
11180,4913,235,1,370.09,0.0,False,370.09
11181,4913,218,1,127.17,0.15,False,108.0945
11182,4914,157,1,701.5,0.05,False,666.425
11183,4914,294,1,141.94,0.15,False,120.649
11184,4914,146,1,443.54,0.05,False,421.363
11185,4914,221,1,704.75,0.15,False,599.0375
11186,4914,124,1,640.23,0.0,False,640.23
11187,4915,162,1,126.53,0.1,False,113.87700000000001
11188,4915,243,3,746.93,0.1,False,2016.711
11189,4915,20,2,548.49,0.0,False,1096.98
11190,4915,109,1,59.23,0.05,False,56.268499999999996
11191,4916,1,1,433.54,0.0,False,433.54
11192,4916,207,1,518.71,0.15,False,440.9035
11193,4916,67,1,355.8,0.0,False,355.8
11194,4917,46,1,397.56,0.1,False,357.80400000000003
11195,4917,126,1,240.49,0.1,False,216.441
11196,4918,262,1,214.85,0.0,False,214.85
11197,4918,3,1,978.72,0.0,False,978.72
11198,4918,108,1,378.75,0.0,False,378.75
11199,4919,81,1,779.01,0.05,False,740.0595
11200,4919,24,1,696.97,0.05,False,662.1215
11201,4920,200,1,533.81,0.0,False,533.81
11202,4921,112,1,10.73,0.1,False,9.657
11203,4921,263,1,222.36,0.0,False,222.36
11204,4922,266,1,110.99,0.1,False,99.89099999999999
11205,4922,9,1,66.57,0.0,False,66.57
11206,4923,52,1,12.48,0.0,False,12.48
11207,4923,271,2,756.22,0.0,False,1512.44
11208,4923,87,1,564.0,0.0,False,564.0
11209,4923,246,1,574.84,0.2,False,459.87200000000007
11210,4923,230,1,829.69,0.05,False,788.2055
11211,4924,282,1,280.61,0.0,False,280.61
11212,4925,300,1,133.29,0.0,False,133.29
11213,4926,44,1,6.81,0.0,False,6.81
11214,4926,76,1,938.11,0.2,False,750.488
11215,4927,106,1,150.04,0.0,False,150.04
11216,4928,135,1,550.83,0.0,False,550.83
11217,4928,229,1,690.53,0.0,False,690.53
11218,4928,93,3,98.57,0.0,False,295.71
11219,4928,72,1,286.08,0.1,False,257.472
11220,4929,169,1,458.05,0.1,False,412.245
11221,4929,272,3,5.69,0.0,False,17.07
11222,4929,22,1,205.71,0.0,False,205.71
11223,4929,250,-1,8284.0,0.0,True,-8284.0
11224,4929,195,1,132.26,0.0,False,132.26
11225,4930,13,1,152.16,0.0,False,152.16
11226,4930,37,1,608.8,0.15,False,517.4799999999999
11227,4930,96,2,682.77,0.15,False,1160.7089999999998
11228,4930,262,1,214.85,0.0,False,214.85
11229,4930,41,1,376.48,0.0,False,376.48
11230,4931,145,1,61.15,0.1,False,55.035
11231,4931,234,1,486.72,0.0,False,486.72
11232,4931,234,1,486.72,0.05,False,462.384
11233,4931,246,2,574.84,0.0,False,1149.68
11234,4931,116,1,862.37,0.1,False,776.133
11235,4932,43,1,97.72,0.15,False,83.062
11236,4932,189,1,24.7,0.15,False,20.994999999999997
11237,4932,167,1,39.88,0.1,False,35.892
11238,4933,112,3,10.73,0.0,False,32.19
11239,4934,87,3,564.0,0.05,False,1607.3999999999999
11240,4934,119,1,519.85,0.05,False,493.8575
11241,4935,225,1,939.11,0.1,False,845.1990000000001
11242,4935,64,1,29.71,0.15,False,25.2535
11243,4935,51,1,863.34,0.0,False,863.34
11244,4936,38,1,364.99,0.0,False,364.99
11245,4936,206,1,612.54,0.1,False,551.286
11246,4936,168,2,649.6,0.0,False,1299.2
11247,4936,131,3,797.13,0.05,False,2271.8205
11248,4937,250,2,8284.0,0.0,False,16568.0
11249,4937,159,2,818.3,0.0,False,1636.6
11250,4938,171,1,14.73,0.05,False,13.9935
11251,4938,228,1,162.75,0.0,False,162.75
11252,4938,3,1,978.72,0.05,False,929.784
11253,4939,137,1,316.92,0.0,False,316.92
11254,4939,146,1,443.54,0.0,False,443.54
11255,4940,66,1,447.18,0.05,False,424.82099999999997
11256,4941,58,1,87.55,0.0,False,87.55
11257,4942,161,1,68.77,0.0,False,68.77
11258,4942,182,3,500.91,0.1,False,1352.457
11259,4942,186,1,290.81,0.0,False,290.81
11260,4943,47,1,513.39,0.0,False,513.39
11261,4944,233,2,82.49,0.05,False,156.731
11262,4944,119,1,519.85,0.0,False,519.85
11263,4945,98,1,71.96,0.0,False,71.96
11264,4946,281,3,146.98,0.15,False,374.7989999999999
11265,4946,71,1,362.18,0.0,False,362.18
11266,4947,218,2,127.17,0.05,False,241.623
11267,4948,16,1,245.66,0.0,False,245.66
11268,4949,262,1,214.85,0.0,False,214.85
11269,4950,226,1,211.98,0.05,False,201.38099999999997
11270,4951,220,1,475.38,0.05,False,451.611
11271,4952,244,1,263.25,0.0,False,263.25
11272,4952,220,1,475.38,0.0,False,475.38
11273,4953,169,1,458.05,0.0,False,458.05
11274,4953,106,1,150.04,0.0,False,150.04
11275,4953,127,1,111.4,0.0,False,111.4
11276,4954,295,2,139.02,0.0,False,278.04
11277,4954,2,1,807.37,0.0,False,807.37
11278,4954,108,1,378.75,0.0,False,378.75
11279,4955,108,2,378.75,0.0,False,757.5
11280,4955,146,1,443.54,0.0,False,443.54
11281,4955,85,1,530.7,0.0,False,530.7
11282,4955,110,1,52.92,0.0,False,52.92
11283,4956,170,2,723.66,0.05,False,1374.954
11284,4956,265,2,839.64,0.15,False,1427.388
11285,4956,32,2,338.4,0.1,False,609.12
11286,4956,215,1,501.1,0.0,False,501.1
11287,4956,126,1,240.49,0.05,False,228.4655
11288,4957,201,1,567.68,0.0,False,567.68
11289,4957,249,1,682.27,0.0,False,682.27
11290,4958,173,1,587.7,0.0,False,587.7
11291,4958,140,2,500.02,0.05,False,950.0379999999999
11292,4958,190,2,707.42,0.0,False,1414.84
11293,4958,244,1,263.25,0.1,False,236.925
11294,4959,193,1,351.11,0.0,False,351.11
11295,4959,286,2,47.93,0.2,False,76.688
11296,4960,250,1,8284.0,0.05,False,7869.799999999999
11297,4960,60,3,148.68,0.0,False,446.04
11298,4960,262,1,214.85,0.0,False,214.85
11299,4960,218,1,127.17,0.0,False,127.17
11300,4961,41,1,376.48,0.0,False,376.48
11301,4961,199,1,51.0,0.15,False,43.35
11302,4962,276,1,341.21,0.0,False,341.21
11303,4963,290,1,908.96,0.15,False,772.616
11304,4964,131,1,797.13,0.0,False,797.13
11305,4964,184,1,278.4,0.1,False,250.55999999999997
11306,4965,144,1,299.76,0.0,False,299.76
11307,4965,108,3,378.75,0.0,False,1136.25
11308,4966,170,1,723.66,0.0,False,723.66
11309,4966,289,1,635.36,0.0,False,635.36
11310,4966,77,1,103.53,0.1,False,93.177
11311,4967,207,1,518.71,0.1,False,466.83900000000006
11312,4967,251,2,439.11,0.0,False,878.22
11313,4967,97,3,628.48,0.0,False,1885.44
11314,4968,55,1,395.52,0.15,False,336.19199999999995
11315,4968,27,1,686.85,0.2,False,549.48
11316,4968,119,1,519.85,0.05,False,493.8575
11317,4969,131,1,797.13,0.0,False,797.13
11318,4970,21,1,614.24,0.0,False,614.24
11319,4971,6,1,531.19,0.0,False,531.19
11320,4971,272,2,5.69,0.15,False,9.673
11321,4972,13,1,152.16,0.1,False,136.944
11322,4973,65,2,460.75,0.0,False,921.5
11323,4973,220,1,475.38,0.0,False,475.38
11324,4973,255,1,249.2,0.1,False,224.28
11325,4974,262,1,214.85,0.1,False,193.365
11326,4975,47,2,513.39,0.1,False,924.102
11327,4975,152,1,910.86,0.0,False,910.86
11328,4976,217,1,479.18,0.0,False,479.18
11329,4976,102,1,396.98,0.0,False,396.98
11330,4977,109,1,59.23,0.0,False,59.23
11331,4977,234,-1,486.72,0.0,True,-486.72
11332,4978,134,1,541.79,0.0,False,541.79
11333,4978,92,1,148.78,0.0,False,148.78
11334,4978,261,1,429.63,0.15,False,365.1855
11335,4978,284,1,228.9,0.0,False,228.9
11336,4979,96,1,682.77,0.0,False,682.77
11337,4979,205,2,367.74,0.0,False,735.48
11338,4980,140,3,500.02,0.15,False,1275.051
11339,4980,250,1,8284.0,0.1,False,7455.6
11340,4980,261,1,429.63,0.0,False,429.63
11341,4981,296,1,361.73,0.0,False,361.73
11342,4981,203,-1,431.09,0.0,True,-431.09
11343,4982,251,2,439.11,0.0,False,878.22
11344,4982,293,2,709.48,0.0,False,1418.96
11345,4982,270,1,34872.0,0.0,False,34872.0
11346,4983,292,1,425.68,0.0,False,425.68
11347,4983,181,1,37.18,0.0,False,37.18
11348,4983,90,3,219.22,0.15,False,559.011
11349,4984,162,1,126.53,0.0,False,126.53
11350,4984,133,3,479.79,0.0,False,1439.3700000000001
11351,4985,119,1,519.85,0.0,False,519.85
11352,4985,245,1,11506.5,0.0,False,11506.5
11353,4986,39,2,412.64,0.0,False,825.28
11354,4986,231,2,410.59,0.05,False,780.1209999999999
11355,4986,160,1,150.1,0.0,False,150.1
11356,4986,123,2,840.94,0.0,False,1681.88
11357,4986,194,1,222.76,0.15,False,189.34599999999998
11358,4987,65,1,460.75,0.0,False,460.75
11359,4987,18,1,35.67,0.0,False,35.67
11360,4987,80,1,166.05,0.0,False,166.05
11361,4988,51,1,863.34,0.0,False,863.34
11362,4988,248,1,75.61,0.05,False,71.8295
11363,4989,187,2,127.57,0.1,False,229.626
11364,4989,69,1,274.11,0.0,False,274.11
11365,4989,152,1,910.86,0.1,False,819.774
11366,4989,215,1,501.1,0.0,False,501.1
11367,4989,117,1,567.69,0.0,False,567.69
11368,4990,125,2,584.13,0.0,False,1168.26
11369,4990,218,1,127.17,0.0,False,127.17
11370,4991,171,2,14.73,0.0,False,29.46
11371,4991,234,1,486.72,0.1,False,438.04800000000006
11372,4992,146,1,443.54,0.1,False,399.18600000000004
11373,4992,148,1,304.48,0.1,False,274.03200000000004
11374,4992,139,1,835.42,0.0,False,835.42
11375,4993,225,1,939.11,0.0,False,939.11
11376,4993,25,1,282.92,0.0,False,282.92
11377,4994,96,1,682.77,0.0,False,682.77
11378,4994,171,1,14.73,0.0,False,14.73
11379,4995,11,1,216.27,0.0,False,216.27
11380,4995,188,1,550.0,0.1,False,495.0
11381,4995,289,1,635.36,0.2,False,508.288
11382,4995,293,1,709.48,0.1,False,638.532
11383,4995,151,1,625.19,0.05,False,593.9305
11384,4996,60,1,148.68,0.0,False,148.68
11385,4996,254,1,286.86,0.2,False,229.48800000000003
11386,4996,88,1,275.21,0.0,False,275.21
11387,4996,157,1,701.5,0.0,False,701.5
11388,4997,239,1,517.8,0.0,False,517.8
11389,4997,279,-1,226.81,0.0,True,-226.81
11390,4997,11,1,216.27,0.0,False,216.27
11391,4998,184,1,278.4,0.1,False,250.55999999999997
11392,4998,181,1,37.18,0.2,False,29.744
11393,4998,129,1,492.47,0.0,False,492.47
11394,4999,206,1,612.54,0.0,False,612.54
11395,4999,187,1,127.57,0.0,False,127.57
11396,4999,38,1,364.99,0.0,False,364.99
11397,4999,72,1,286.08,0.0,False,286.08
11398,5000,37,2,608.8,0.0,False,1217.6
11399,5001,267,1,253.7,0.0,False,253.7
11400,5002,29,1,103.82,0.1,False,93.438
11401,5003,293,1,709.48,0.05,False,674.006
11402,5004,200,1,533.81,0.15,False,453.73849999999993
11403,5004,141,1,251.45,0.05,False,238.87749999999997
11404,5005,53,1,192.38,0.0,False,192.38
11405,5006,40,2,171.89,0.0,False,343.78
11406,5006,44,1,6.81,0.1,False,6.129
11407,5006,58,1,87.55,0.0,False,87.55
11408,5006,293,-1,709.48,0.0,True,-709.48
11409,5007,106,1,150.04,0.0,False,150.04
11410,5007,32,1,338.4,0.0,False,338.4
11411,5008,188,1,550.0,0.0,False,550.0
11412,5008,173,1,587.7,0.0,False,587.7
11413,5008,45,1,511.39,0.05,False,485.8205
11414,5008,292,-1,425.68,0.0,True,-425.68
11415,5009,83,1,243.1,0.1,False,218.79
11416,5009,269,2,603.81,0.0,False,1207.62
11418,5010,292,2,425.68,0.0,False,851.36
11419,5010,206,1,612.54,0.05,False,581.9129999999999
11420,5010,54,1,679.71,0.05,False,645.7245
11421,5010,182,1,500.91,0.0,False,500.91
11422,5011,199,1,51.0,0.05,False,48.449999999999996
11423,5012,144,-1,299.76,0.0,True,-299.76
11424,5013,300,1,133.29,0.0,False,133.29
11425,5013,269,1,603.81,0.0,False,603.81
11426,5014,178,1,563.12,0.0,False,563.12
11427,5015,9,1,66.57,0.0,False,66.57
11428,5016,245,1,11506.5,0.0,False,11506.5
11429,5017,32,2,338.4,0.0,False,676.8
11430,5018,24,1,696.97,0.05,False,662.1215
11431,5018,88,1,275.21,0.05,False,261.44949999999994
11432,5018,164,1,446.58,0.15,False,379.59299999999996
11433,5018,150,1,182.12,0.1,False,163.90800000000002
11434,5018,128,2,686.4,0.0,False,1372.8
11435,5019,275,1,82.62,0.0,False,82.62
11436,5019,285,1,667.54,0.1,False,600.786
11437,5020,218,1,127.17,0.0,False,127.17
11438,5020,195,1,132.26,0.1,False,119.03399999999999
11439,5020,173,1,587.7,0.0,False,587.7
11440,5021,183,1,942.96,0.05,False,895.812
11441,5021,213,1,111.83,0.15,False,95.0555
11442,5022,289,1,635.36,0.15,False,540.056
11443,5023,253,1,621.95,0.0,False,621.95
11444,5023,180,1,843.45,0.15,False,716.9325
11445,5024,214,2,304.46,0.15,False,517.582
11446,5025,59,1,287.12,0.2,False,229.69600000000003
11447,5025,112,1,10.73,0.0,False,10.73
11448,5025,263,1,222.36,0.0,False,222.36
11449,5026,286,1,47.93,0.0,False,47.93
11450,5027,283,1,680.49,0.05,False,646.4655
11451,5028,226,2,211.98,0.0,False,423.96
11452,5029,285,1,667.54,0.2,False,534.032
11453,5029,49,2,850.7,0.0,False,1701.4
11454,5030,219,2,211.99,0.1,False,381.58200000000005
11455,5031,274,1,528.78,0.05,False,502.34099999999995
11456,5031,25,1,282.92,0.0,False,282.92
11457,5031,188,1,550.0,0.15,False,467.5
11458,5032,274,1,528.78,0.05,False,502.34099999999995
11459,5032,194,1,222.76,0.05,False,211.62199999999999
11460,5033,212,1,445.65,0.0,False,445.65
11461,5033,42,1,328.75,0.0,False,328.75
11462,5033,251,1,439.11,0.15,False,373.2435
11463,5034,45,1,511.39,0.0,False,511.39
11464,5034,154,1,115.68,0.0,False,115.68
11465,5035,147,2,517.03,0.0,False,1034.06
11466,5035,206,1,612.54,0.0,False,612.54
11467,5035,165,3,605.76,0.15,False,1544.6879999999999
11468,5035,22,1,205.71,0.0,False,205.71
11469,5035,171,1,14.73,0.05,False,13.9935
11470,5036,157,1,701.5,0.1,False,631.35
11471,5036,144,2,299.76,0.05,False,569.544
11472,5036,88,1,275.21,0.05,False,261.44949999999994
11473,5036,18,1,35.67,0.0,False,35.67
11474,5037,248,1,75.61,0.0,False,75.61
11475,5037,78,3,213.82,0.0,False,641.46
11476,5037,200,1,533.81,0.0,False,533.81
11477,5037,59,1,287.12,0.0,False,287.12
11478,5038,295,1,139.02,0.0,False,139.02
11480,5039,77,1,103.53,0.0,False,103.53
11481,5039,162,2,126.53,0.0,False,253.06
11482,5039,289,1,635.36,0.05,False,603.592
11483,5039,188,1,550.0,0.0,False,550.0
11484,5039,201,1,567.68,0.0,False,567.68
11485,5040,210,2,177.09,0.0,False,354.18
11486,5040,20,1,548.49,0.0,False,548.49
11487,5040,86,1,443.6,0.0,False,443.6
11488,5040,276,2,341.21,0.0,False,682.42
11489,5041,249,1,682.27,0.0,False,682.27
11490,5042,282,1,280.61,0.1,False,252.549
11491,5042,175,1,600.57,0.1,False,540.513
11492,5043,198,1,266.02,0.05,False,252.71899999999997
11493,5043,248,1,75.61,0.15,False,64.2685
11494,5044,144,1,299.76,0.0,False,299.76
11495,5044,247,2,708.26,0.0,False,1416.52
11496,5045,39,1,412.64,0.0,False,412.64
11497,5045,23,1,235.35,0.15,False,200.04749999999999
11498,5045,284,1,228.9,0.0,False,228.9
11499,5046,155,1,607.36,0.0,False,607.36
11500,5047,287,1,754.14,0.0,False,754.14
11501,5047,257,1,8.4,0.05,False,7.9799999999999995
11502,5047,217,1,479.18,0.2,False,383.34400000000005
11503,5047,201,1,567.68,0.0,False,567.68
11504,5048,153,1,530.38,0.05,False,503.861
11505,5048,157,1,701.5,0.2,False,561.2
11506,5049,138,1,54.35,0.0,False,54.35
11507,5049,280,1,121.8,0.05,False,115.71
11508,5049,259,-1,533.22,0.0,True,-533.22
11509,5050,12,2,156.75,0.0,False,313.5
11510,5051,109,1,59.23,0.0,False,59.23
11511,5052,253,1,621.95,0.0,False,621.95
11512,5052,271,2,756.22,0.0,False,1512.44
11513,5052,225,2,939.11,0.2,False,1502.576
11514,5052,133,1,479.79,0.1,False,431.81100000000004
11515,5052,267,1,253.7,0.0,False,253.7
11516,5053,81,1,779.01,0.05,False,740.0595
11517,5054,120,-1,146.96,0.05,True,-139.612
11518,5054,38,2,364.99,0.05,False,693.481
11519,5055,280,1,121.8,0.0,False,121.8
11520,5055,194,1,222.76,0.0,False,222.76
11521,5056,94,1,514.73,0.0,False,514.73
11522,5057,27,1,686.85,0.0,False,686.85
11523,5057,124,1,640.23,0.0,False,640.23
11524,5058,168,1,649.6,0.05,False,617.12
11525,5058,156,1,372.8,0.05,False,354.15999999999997
11526,5059,105,1,375.87,0.0,False,375.87
11527,5059,180,3,843.45,0.0,False,2530.3500000000004
11528,5060,52,1,12.48,0.1,False,11.232000000000001
11529,5061,39,1,412.64,0.05,False,392.008
11530,5061,279,1,226.81,0.0,False,226.81
11531,5062,180,1,843.45,0.1,False,759.105
11532,5062,4,2,17.97,0.0,False,35.94
11533,5063,278,1,402.71,0.0,False,402.71
11534,5063,23,1,235.35,0.0,False,235.35
11535,5064,284,3,228.9,0.0,False,686.7
11536,5064,173,1,587.7,0.0,False,587.7
11537,5065,19,1,727.02,0.1,False,654.318
11538,5066,79,1,308.93,0.1,False,278.03700000000003
11539,5067,227,3,192.19,0.1,False,518.913
11540,5067,14,2,90.93,0.0,False,181.86
11541,5067,119,1,519.85,0.05,False,493.8575
11542,5068,116,1,862.37,0.0,False,862.37
11543,5068,222,1,264.61,0.0,False,264.61
11544,5069,143,2,421.93,0.0,False,843.86
11545,5069,135,-1,550.83,0.0,True,-550.83
11546,5069,114,2,23.97,0.0,False,47.94
11547,5070,297,1,89.43,0.0,False,89.43
11548,5071,227,3,192.19,0.05,False,547.7414999999999
11549,5071,74,1,171.2,0.05,False,162.64
11550,5072,62,1,244.7,0.05,False,232.46499999999997
11551,5072,157,2,701.5,0.0,False,1403.0
11552,5073,242,3,166.1,0.2,False,398.64
11553,5073,26,1,259.69,0.05,False,246.70549999999997
11554,5074,55,2,395.52,0.0,False,791.04
11556,5075,81,2,779.01,0.0,False,1558.02
11557,5075,71,1,362.18,0.2,False,289.744
11558,5076,101,2,488.42,0.05,False,927.9979999999999
11559,5076,70,1,402.01,0.0,False,402.01
11560,5077,148,-1,304.48,0.0,True,-304.48
11561,5078,132,1,299.38,0.1,False,269.442
11562,5078,55,2,395.52,0.1,False,711.936
11563,5079,288,1,515.26,0.2,False,412.208
11564,5080,168,1,649.6,0.05,False,617.12
11565,5080,31,2,976.57,0.0,False,1953.14
11566,5081,145,1,61.15,0.0,False,61.15
11567,5081,292,1,425.68,0.2,False,340.54400000000004
11568,5082,194,-1,222.76,0.05,True,-211.62199999999999
11569,5082,215,1,501.1,0.0,False,501.1
11570,5083,37,1,608.8,0.0,False,608.8
11571,5083,113,1,55.28,0.0,False,55.28
11572,5083,251,3,439.11,0.1,False,1185.597
11573,5084,24,1,696.97,0.0,False,696.97
11574,5084,72,2,286.08,0.0,False,572.16
11575,5084,58,2,87.55,0.05,False,166.345
11576,5085,200,1,533.81,0.0,False,533.81
11577,5086,212,1,445.65,0.0,False,445.65
11578,5087,243,1,746.93,0.0,False,746.93
11579,5087,55,-1,395.52,0.0,True,-395.52
11580,5088,136,1,974.39,0.05,False,925.6705
11581,5088,36,1,749.87,0.0,False,749.87
11582,5089,90,-1,219.22,0.0,True,-219.22
11583,5090,203,1,431.09,0.0,False,431.09
11584,5091,20,1,548.49,0.0,False,548.49
11585,5092,202,1,514.85,0.05,False,489.1075
11586,5093,243,1,746.93,0.0,False,746.93
11587,5093,106,1,150.04,0.0,False,150.04
11588,5093,216,1,492.92,0.05,False,468.274
11589,5094,123,2,840.94,0.15,False,1429.598
11590,5095,275,1,82.62,0.15,False,70.227
11591,5095,2,1,807.37,0.05,False,767.0015
11592,5096,80,1,166.05,0.0,False,166.05
11593,5096,189,1,24.7,0.0,False,24.7
11594,5096,179,1,478.65,0.15,False,406.85249999999996
11595,5097,57,1,510.39,0.2,False,408.312
11596,5097,46,1,397.56,0.0,False,397.56
11597,5097,144,1,299.76,0.0,False,299.76
11598,5098,253,1,621.95,0.05,False,590.8525
11599,5099,161,1,68.77,0.0,False,68.77
11600,5099,89,1,247.06,0.0,False,247.06
11601,5099,57,1,510.39,0.0,False,510.39
11602,5099,186,1,290.81,0.0,False,290.81
11603,5099,281,1,146.98,0.05,False,139.63099999999997
11604,5100,28,1,749.19,0.0,False,749.19
11605,5100,122,1,607.34,0.0,False,607.34
11606,5101,8,1,295.82,0.1,False,266.238
11607,5102,63,1,430.39,0.15,False,365.8315
11608,5102,87,1,564.0,0.0,False,564.0
11609,5102,251,1,439.11,0.05,False,417.1545
11610,5102,241,1,306.12,0.0,False,306.12
11611,5103,157,1,701.5,0.0,False,701.5
11612,5103,263,2,222.36,0.0,False,444.72
11613,5103,176,1,199.39,0.1,False,179.451
11614,5103,298,2,238.39,0.05,False,452.941
11615,5104,246,1,574.84,0.2,False,459.87200000000007
11616,5104,235,1,370.09,0.0,False,370.09
11617,5104,97,1,628.48,0.0,False,628.48
11618,5104,245,1,11506.5,0.0,False,11506.5
11619,5105,287,1,754.14,0.1,False,678.726
11620,5105,168,1,649.6,0.05,False,617.12
11621,5105,76,1,938.11,0.0,False,938.11
11622,5105,115,1,251.88,0.05,False,239.28599999999997
11623,5106,174,1,864.84,0.05,False,821.598
11624,5106,86,1,443.6,0.05,False,421.42
11625,5106,293,1,709.48,0.0,False,709.48
11626,5106,223,1,57.85,0.0,False,57.85
11627,5106,101,-1,488.42,0.2,True,-390.73600000000005
11628,5107,279,1,226.81,0.1,False,204.12900000000002
11629,5107,142,1,717.32,0.0,False,717.32
11630,5107,167,1,39.88,0.0,False,39.88
11631,5107,290,2,908.96,0.0,False,1817.92
11632,5108,271,3,756.22,0.0,False,2268.66
11633,5108,277,1,437.32,0.1,False,393.588
11634,5109,198,2,266.02,0.0,False,532.04
11635,5109,177,1,156.12,0.0,False,156.12
11636,5109,109,1,59.23,0.0,False,59.23
11637,5110,13,2,152.16,0.0,False,304.32
11638,5110,90,1,219.22,0.05,False,208.259
11639,5110,46,1,397.56,0.0,False,397.56
11640,5110,229,1,690.53,0.0,False,690.53
11641,5110,156,2,372.8,0.05,False,708.3199999999999
11642,5111,199,1,51.0,0.0,False,51.0
11643,5111,280,1,121.8,0.05,False,115.71
11644,5111,117,1,567.69,0.05,False,539.3055
11645,5111,156,2,372.8,0.0,False,745.6
11646,5111,254,1,286.86,0.0,False,286.86
11648,5112,250,1,8284.0,0.0,False,8284.0
11649,5112,219,1,211.99,0.15,False,180.1915
11650,5113,21,1,614.24,0.0,False,614.24
11651,5114,166,1,278.38,0.0,False,278.38
11652,5114,47,1,513.39,0.0,False,513.39
11653,5114,160,1,150.1,0.0,False,150.1
11654,5115,67,1,355.8,0.1,False,320.22
11655,5115,254,1,286.86,0.0,False,286.86
11656,5115,134,1,541.79,0.0,False,541.79
11657,5115,294,1,141.94,0.0,False,141.94
11658,5115,23,1,235.35,0.1,False,211.815
11659,5116,122,1,607.34,0.0,False,607.34
11660,5117,37,1,608.8,0.05,False,578.3599999999999
11661,5117,2,1,807.37,0.0,False,807.37
11662,5118,231,1,410.59,0.0,False,410.59
11663,5118,133,-1,479.79,0.05,True,-455.8005
11664,5119,290,1,908.96,0.0,False,908.96
11665,5119,211,1,943.9,0.0,False,943.9
11666,5120,80,1,166.05,0.15,False,141.1425
11667,5120,190,1,707.42,0.0,False,707.42
11668,5121,290,1,908.96,0.0,False,908.96
11669,5121,273,-1,560.24,0.1,True,-504.216
11670,5121,293,1,709.48,0.05,False,674.006
11671,5122,129,1,492.47,0.2,False,393.97600000000006
11672,5123,145,1,61.15,0.05,False,58.092499999999994
11673,5123,5,1,503.34,0.05,False,478.17299999999994
11674,5124,86,1,443.6,0.0,False,443.6
11675,5124,290,3,908.96,0.0,False,2726.88
11676,5125,132,1,299.38,0.0,False,299.38
11677,5125,210,1,177.09,0.05,False,168.2355
11678,5126,188,1,550.0,0.0,False,550.0
11679,5127,264,2,16.2,0.0,False,32.4
11680,5127,191,2,457.7,0.05,False,869.6299999999999
11681,5127,232,1,71.83,0.0,False,71.83
11682,5127,300,1,133.29,0.15,False,113.2965
11683,5127,124,2,640.23,0.0,False,1280.46
11684,5128,19,2,727.02,0.0,False,1454.04
11685,5128,108,2,378.75,0.15,False,643.875
11686,5129,69,1,274.11,0.0,False,274.11
11687,5130,253,1,621.95,0.0,False,621.95
11688,5131,215,1,501.1,0.0,False,501.1
11689,5131,264,1,16.2,0.0,False,16.2
11690,5131,45,1,511.39,0.1,False,460.251
11691,5131,248,1,75.61,0.0,False,75.61
11692,5132,198,2,266.02,0.0,False,532.04
11693,5132,220,2,475.38,0.2,False,760.6080000000001
11694,5132,5,1,503.34,0.05,False,478.17299999999994
11695,5133,96,1,682.77,0.15,False,580.3544999999999
11696,5134,172,1,104.56,0.2,False,83.64800000000001
11697,5134,153,1,530.38,0.1,False,477.342
11698,5135,203,1,431.09,0.0,False,431.09
11699,5135,138,1,54.35,0.0,False,54.35
11700,5135,115,1,251.88,0.1,False,226.692
11701,5135,123,1,840.94,0.0,False,840.94
11702,5135,43,1,97.72,0.0,False,97.72
11703,5136,103,1,456.96,0.0,False,456.96
11705,5137,226,1,211.98,0.15,False,180.183
11706,5137,158,1,282.03,0.0,False,282.03
11707,5137,103,1,456.96,0.0,False,456.96
11708,5137,75,1,299.66,0.0,False,299.66
11709,5138,47,1,513.39,0.0,False,513.39
11710,5138,127,1,111.4,0.0,False,111.4
11711,5138,85,1,530.7,0.0,False,530.7
11712,5139,61,2,512.76,0.0,False,1025.52
11713,5140,157,1,701.5,0.0,False,701.5
11715,5141,218,3,127.17,0.0,False,381.51
11716,5141,279,2,226.81,0.05,False,430.93899999999996
11717,5141,163,1,598.68,0.0,False,598.68
11718,5142,48,1,231.62,0.15,False,196.877
11719,5142,16,1,245.66,0.15,False,208.81099999999998
11720,5142,55,3,395.52,0.05,False,1127.232
11721,5143,234,1,486.72,0.0,False,486.72
11722,5143,205,2,367.74,0.0,False,735.48
11723,5144,84,1,43.2,0.0,False,43.2
11724,5144,53,1,192.38,0.05,False,182.761
11725,5144,170,1,723.66,0.0,False,723.66
11726,5144,134,1,541.79,0.0,False,541.79
11727,5144,67,2,355.8,0.1,False,640.44
11728,5145,204,3,578.66,0.1,False,1562.382
11729,5145,181,1,37.18,0.0,False,37.18
11730,5145,180,1,843.45,0.0,False,843.45
11731,5145,207,3,518.71,0.0,False,1556.13
11732,5146,248,2,75.61,0.0,False,151.22
11733,5146,53,1,192.38,0.1,False,173.142
11734,5147,56,1,186.07,0.1,False,167.463
11735,5148,124,1,640.23,0.15,False,544.1955
11736,5148,198,2,266.02,0.0,False,532.04
11737,5148,21,1,614.24,0.05,False,583.528
11738,5148,59,1,287.12,0.05,False,272.764
11739,5148,300,1,133.29,0.0,False,133.29
11740,5149,2,1,807.37,0.05,False,767.0015
11741,5149,300,1,133.29,0.0,False,133.29
11742,5150,188,3,550.0,0.0,False,1650.0
11743,5151,171,1,14.73,0.15,False,12.5205
11744,5151,245,1,11506.5,0.05,False,10931.175
11745,5152,19,1,727.02,0.0,False,727.02
11746,5152,283,1,680.49,0.0,False,680.49
11747,5153,177,1,156.12,0.0,False,156.12
11748,5154,260,1,619.66,0.05,False,588.6769999999999
11749,5155,16,1,245.66,0.0,False,245.66
11750,5155,40,1,171.89,0.15,False,146.10649999999998
11751,5155,224,1,23.12,0.0,False,23.12
11752,5156,160,1,150.1,0.05,False,142.595
11753,5156,276,1,341.21,0.2,False,272.968
11754,5157,245,1,11506.5,0.1,False,10355.85
11755,5158,189,2,24.7,0.0,False,49.4
11756,5158,133,1,479.79,0.1,False,431.81100000000004
11758,5158,153,1,530.38,0.0,False,530.38
11759,5159,246,1,574.84,0.0,False,574.84
11760,5159,254,-1,286.86,0.05,True,-272.517
11761,5159,76,1,938.11,0.1,False,844.299
11762,5160,37,2,608.8,0.0,False,1217.6
11763,5160,120,1,146.96,0.0,False,146.96
11764,5160,102,1,396.98,0.0,False,396.98
11765,5161,3,3,978.72,0.0,False,2936.16
11766,5161,172,1,104.56,0.0,False,104.56
11767,5161,151,1,625.19,0.0,False,625.19
11768,5162,217,1,479.18,0.0,False,479.18
11769,5162,264,1,16.2,0.0,False,16.2
11770,5163,66,1,447.18,0.2,False,357.744
11771,5163,98,1,71.96,0.0,False,71.96
11773,5163,73,1,346.78,0.0,False,346.78
11774,5164,288,1,515.26,0.05,False,489.49699999999996
11775,5165,299,1,725.08,0.05,False,688.826
11776,5165,263,1,222.36,0.0,False,222.36
11777,5165,119,1,519.85,0.0,False,519.85
11778,5166,10,1,309.24,0.0,False,309.24
11779,5166,5,2,503.34,0.2,False,805.344
11780,5166,285,1,667.54,0.0,False,667.54
11781,5167,160,1,150.1,0.0,False,150.1
11782,5168,21,1,614.24,0.0,False,614.24
11783,5168,215,1,501.1,0.0,False,501.1
11784,5169,19,1,727.02,0.0,False,727.02
11785,5170,55,3,395.52,0.1,False,1067.904
11786,5170,61,1,512.76,0.0,False,512.76
11787,5170,276,1,341.21,0.1,False,307.089
11788,5171,184,2,278.4,0.1,False,501.11999999999995
11789,5171,185,1,582.19,0.0,False,582.19
11790,5172,228,1,162.75,0.0,False,162.75
11791,5172,154,2,115.68,0.0,False,231.36
11792,5172,279,1,226.81,0.05,False,215.46949999999998
11793,5173,93,1,98.57,0.0,False,98.57
11794,5173,219,1,211.99,0.0,False,211.99
11795,5173,77,-1,103.53,0.1,True,-93.177
11796,5174,284,1,228.9,0.0,False,228.9
11797,5175,94,1,514.73,0.05,False,488.9935
11798,5176,132,1,299.38,0.15,False,254.47299999999998
11799,5176,172,1,104.56,0.0,False,104.56
11800,5176,173,1,587.7,0.0,False,587.7
11801,5176,131,1,797.13,0.05,False,757.2735
11802,5177,97,1,628.48,0.0,False,628.48
11803,5178,238,-1,192.17,0.0,True,-192.17
11804,5178,88,1,275.21,0.0,False,275.21
11805,5179,63,2,430.39,0.05,False,817.741
11806,5179,257,1,8.4,0.0,False,8.4
11807,5180,84,3,43.2,0.05,False,123.12000000000002
11808,5180,63,1,430.39,0.0,False,430.39
11809,5181,18,1,35.67,0.0,False,35.67
11810,5181,30,3,477.17,0.05,False,1359.9344999999998
11811,5181,227,1,192.19,0.15,False,163.3615
11812,5182,29,1,103.82,0.1,False,93.438
11813,5182,8,1,295.82,0.0,False,295.82
11814,5183,106,1,150.04,0.2,False,120.032
11815,5183,23,1,235.35,0.1,False,211.815
11816,5183,141,1,251.45,0.0,False,251.45
11817,5184,212,2,445.65,0.0,False,891.3
11818,5184,214,1,304.46,0.05,False,289.23699999999997
11819,5184,252,1,274.43,0.0,False,274.43
11820,5185,31,1,976.57,0.0,False,976.57
11821,5186,44,1,6.81,0.1,False,6.129
11822,5187,11,3,216.27,0.2,False,519.0480000000001
11823,5188,264,1,16.2,0.0,False,16.2
11824,5188,137,1,316.92,0.05,False,301.074
11825,5188,292,1,425.68,0.1,False,383.112
11826,5188,2,1,807.37,0.0,False,807.37
11827,5189,65,1,460.75,0.1,False,414.675
11828,5190,189,1,24.7,0.0,False,24.7
11829,5191,285,1,667.54,0.0,False,667.54
11830,5191,281,1,146.98,0.0,False,146.98
11831,5191,32,1,338.4,0.0,False,338.4
11832,5192,161,1,68.77,0.0,False,68.77
11833,5192,225,1,939.11,0.0,False,939.11
11834,5193,132,1,299.38,0.1,False,269.442
11835,5193,287,1,754.14,0.1,False,678.726
11836,5194,253,1,621.95,0.0,False,621.95
11837,5194,36,1,749.87,0.0,False,749.87
11838,5195,247,1,708.26,0.05,False,672.847
11839,5195,21,2,614.24,0.05,False,1167.056
11840,5195,92,1,148.78,0.05,False,141.341
11841,5195,43,1,97.72,0.0,False,97.72
11842,5195,262,3,214.85,0.0,False,644.55
11843,5196,119,1,519.85,0.15,False,441.8725
11844,5196,29,2,103.82,0.0,False,207.64
11845,5197,133,2,479.79,0.15,False,815.643
11846,5198,177,1,156.12,0.0,False,156.12
11847,5199,57,1,510.39,0.0,False,510.39
11848,5200,23,3,235.35,0.15,False,600.1424999999999
11849,5201,36,1,749.87,0.0,False,749.87
11850,5202,182,1,500.91,0.0,False,500.91
11851,5202,19,1,727.02,0.05,False,690.669
11852,5203,156,1,372.8,0.0,False,372.8
11853,5203,187,1,127.57,0.0,False,127.57
11854,5204,223,1,57.85,0.0,False,57.85
11855,5205,113,1,55.28,0.2,False,44.224000000000004
11856,5205,3,1,978.72,0.0,False,978.72
11857,5205,206,1,612.54,0.15,False,520.659
11858,5206,5,1,503.34,0.0,False,503.34
11859,5206,151,1,625.19,0.1,False,562.671
11860,5206,271,1,756.22,0.05,False,718.409
11861,5206,51,1,863.34,0.15,False,733.839
11862,5207,81,1,779.01,0.15,False,662.1585
11863,5207,278,2,402.71,0.0,False,805.42
11864,5207,224,1,23.12,0.0,False,23.12
11865,5208,141,1,251.45,0.05,False,238.87749999999997
11866,5209,42,1,328.75,0.0,False,328.75
11867,5210,300,2,133.29,0.0,False,266.58
11868,5211,271,1,756.22,0.0,False,756.22
11869,5212,113,1,55.28,0.05,False,52.516
11870,5212,190,1,707.42,0.15,False,601.3069999999999
11871,5213,151,1,625.19,0.05,False,593.9305
11872,5213,267,1,253.7,0.0,False,253.7
11873,5214,296,3,361.73,0.0,False,1085.19
11874,5215,187,1,127.57,0.0,False,127.57
11875,5215,264,1,16.2,0.05,False,15.389999999999999
11876,5215,215,2,501.1,0.2,False,801.7600000000001
11877,5215,209,1,797.01,0.2,False,637.6080000000001
11878,5216,24,2,696.97,0.2,False,1115.152
11879,5217,211,1,943.9,0.15,False,802.3149999999999
11880,5217,172,1,104.56,0.0,False,104.56
11881,5217,31,1,976.57,0.0,False,976.57
11882,5218,214,1,304.46,0.0,False,304.46
11883,5218,63,1,430.39,0.0,False,430.39
11884,5218,118,1,611.17,0.0,False,611.17
11885,5219,273,1,560.24,0.15,False,476.204
11886,5220,103,1,456.96,0.0,False,456.96
11887,5220,255,2,249.2,0.0,False,498.4
11888,5221,238,1,192.17,0.0,False,192.17
11889,5221,156,1,372.8,0.2,False,298.24
11890,5221,142,3,717.32,0.0,False,2151.96
11891,5221,250,1,8284.0,0.05,False,7869.799999999999
11892,5222,35,1,425.48,0.0,False,425.48
11893,5222,181,1,37.18,0.2,False,29.744
11894,5222,180,1,843.45,0.0,False,843.45
11895,5223,197,2,538.79,0.05,False,1023.7009999999999
11896,5223,72,1,286.08,0.1,False,257.472
11897,5223,84,1,43.2,0.0,False,43.2
11898,5223,17,1,953.82,0.05,False,906.129
11899,5223,51,3,863.34,0.1,False,2331.018
11900,5224,76,1,938.11,0.1,False,844.299
11901,5224,291,1,19.78,0.0,False,19.78
11902,5224,223,1,57.85,0.0,False,57.85
11903,5224,240,2,555.47,0.05,False,1055.393
11904,5225,162,1,126.53,0.0,False,126.53
11905,5225,4,1,17.97,0.05,False,17.071499999999997
11906,5225,282,1,280.61,0.0,False,280.61
11907,5225,285,2,667.54,0.15,False,1134.818
11908,5226,113,1,55.28,0.15,False,46.988
11909,5227,209,1,797.01,0.0,False,797.01
11910,5228,245,1,11506.5,0.05,False,10931.175
11911,5228,223,1,57.85,0.2,False,46.28
11912,5229,82,1,235.49,0.15,False,200.1665
11913,5229,114,2,23.97,0.2,False,38.352
11914,5230,85,2,530.7,0.15,False,902.19
11915,5230,276,1,341.21,0.0,False,341.21
11916,5230,264,2,16.2,0.0,False,32.4
11917,5230,211,1,943.9,0.15,False,802.3149999999999
11918,5230,247,1,708.26,0.0,False,708.26
11919,5231,108,1,378.75,0.0,False,378.75
11920,5231,291,1,19.78,0.0,False,19.78
11921,5232,250,1,8284.0,0.0,False,8284.0
11922,5232,38,1,364.99,0.0,False,364.99
11923,5232,139,1,835.42,0.0,False,835.42
11924,5233,278,1,402.71,0.15,False,342.3035
11925,5234,46,-1,397.56,0.2,True,-318.048
11926,5235,100,1,283.25,0.1,False,254.925
11927,5236,83,1,243.1,0.05,False,230.945
11928,5236,88,1,275.21,0.1,False,247.689
11929,5236,134,3,541.79,0.0,False,1625.37
11930,5236,169,1,458.05,0.0,False,458.05
11931,5237,238,1,192.17,0.2,False,153.736
11932,5237,15,1,536.46,0.15,False,455.99100000000004
11933,5238,265,-1,839.64,0.05,True,-797.6579999999999
11934,5238,127,1,111.4,0.15,False,94.69
11935,5239,161,1,68.77,0.2,False,55.016
11936,5239,229,1,690.53,0.0,False,690.53
11937,5240,220,1,475.38,0.0,False,475.38
11938,5240,213,1,111.83,0.0,False,111.83
11939,5241,203,1,431.09,0.0,False,431.09
11940,5242,265,1,839.64,0.15,False,713.694
11941,5242,225,1,939.11,0.15,False,798.2435
11942,5243,290,1,908.96,0.1,False,818.0640000000001
11943,5243,108,1,378.75,0.0,False,378.75
11944,5243,127,1,111.4,0.1,False,100.26
11945,5243,126,3,240.49,0.15,False,613.2495
11946,5244,74,2,171.2,0.15,False,291.03999999999996
11947,5244,35,1,425.48,0.0,False,425.48
11948,5245,150,1,182.12,0.0,False,182.12
11949,5246,61,1,512.76,0.0,False,512.76
11950,5246,123,1,840.94,0.0,False,840.94
11951,5246,94,1,514.73,0.15,False,437.5205
11952,5247,142,2,717.32,0.0,False,1434.64
11953,5248,211,1,943.9,0.0,False,943.9
11954,5248,55,1,395.52,0.0,False,395.52
11955,5249,233,1,82.49,0.0,False,82.49
11956,5249,238,2,192.17,0.0,False,384.34
11957,5250,2,1,807.37,0.1,False,726.633
11958,5251,88,3,275.21,0.0,False,825.6299999999999
11959,5252,188,1,550.0,0.0,False,550.0
11960,5252,97,1,628.48,0.05,False,597.056
11961,5252,270,1,34872.0,0.0,False,34872.0
11962,5252,8,3,295.82,0.05,False,843.087
11963,5252,201,1,567.68,0.15,False,482.52799999999996
11964,5253,260,1,619.66,0.1,False,557.694
11965,5254,190,1,707.42,0.0,False,707.42
11966,5254,239,1,517.8,0.0,False,517.8
11967,5255,4,1,17.97,0.05,False,17.071499999999997
11968,5255,73,1,346.78,0.1,False,312.102
11969,5255,260,1,619.66,0.0,False,619.66
11970,5255,223,1,57.85,0.15,False,49.1725
11971,5256,188,1,550.0,0.1,False,495.0
11972,5256,86,2,443.6,0.05,False,842.84
11973,5256,12,1,156.75,0.0,False,156.75
11974,5257,146,1,443.54,0.0,False,443.54
11975,5258,277,1,437.32,0.0,False,437.32
11976,5258,175,1,600.57,0.1,False,540.513
11977,5258,126,1,240.49,0.0,False,240.49
11978,5259,265,3,839.64,0.0,False,2518.92
11979,5259,263,1,222.36,0.0,False,222.36
11980,5259,84,1,43.2,0.0,False,43.2
11981,5259,160,1,150.1,0.0,False,150.1
11982,5260,239,1,517.8,0.2,False,414.24
11983,5261,82,3,235.49,0.1,False,635.8230000000001
11984,5262,22,1,205.71,0.1,False,185.139
11985,5262,290,1,908.96,0.0,False,908.96
11986,5262,164,2,446.58,0.0,False,893.16
11987,5263,237,1,335.88,0.0,False,335.88
11988,5263,1,1,433.54,0.0,False,433.54
11989,5264,196,1,518.75,0.0,False,518.75
11990,5264,171,3,14.73,0.2,False,35.352
11991,5264,240,1,555.47,0.0,False,555.47
11992,5265,284,1,228.9,0.1,False,206.01000000000002
11993,5266,76,2,938.11,0.0,False,1876.22
11994,5267,273,1,560.24,0.0,False,560.24
11995,5267,27,1,686.85,0.15,False,583.8225
11996,5268,265,1,839.64,0.15,False,713.694
11997,5269,266,1,110.99,0.15,False,94.3415
11998,5270,131,1,797.13,0.0,False,797.13
11999,5271,183,1,942.96,0.0,False,942.96
12000,5272,135,2,550.83,0.05,False,1046.577
12001,5273,211,3,943.9,0.15,False,2406.9449999999997
12002,5274,274,2,528.78,0.1,False,951.804
12003,5274,60,1,148.68,0.05,False,141.246
12004,5274,253,1,621.95,0.05,False,590.8525
12005,5274,283,1,680.49,0.0,False,680.49
12006,5275,212,1,445.65,0.1,False,401.085
12007,5275,280,1,121.8,0.1,False,109.62
12008,5276,192,1,697.79,0.0,False,697.79
12009,5277,48,1,231.62,0.15,False,196.877
12010,5278,157,1,701.5,0.0,False,701.5
12011,5279,59,1,287.12,0.0,False,287.12
12012,5280,245,1,11506.5,0.05,False,10931.175
12013,5280,291,2,19.78,0.1,False,35.604000000000006
12014,5280,97,1,628.48,0.1,False,565.6320000000001
12015,5280,179,2,478.65,0.0,False,957.3
12016,5281,174,3,864.84,0.0,False,2594.52
12017,5281,1,1,433.54,0.0,False,433.54
12018,5281,14,1,90.93,0.0,False,90.93
12019,5282,157,1,701.5,0.1,False,631.35
12020,5282,183,2,942.96,0.1,False,1697.3280000000002
12021,5282,255,1,249.2,0.05,False,236.73999999999998
12022,5283,235,1,370.09,0.15,False,314.57649999999995
12024,5284,262,1,214.85,0.0,False,214.85
12025,5284,131,2,797.13,0.0,False,1594.26
12026,5284,66,2,447.18,0.2,False,715.488
12028,5285,186,1,290.81,0.0,False,290.81
12029,5286,186,1,290.81,0.1,False,261.729
12030,5286,264,1,16.2,0.0,False,16.2
12031,5286,199,1,51.0,0.0,False,51.0
12032,5287,132,1,299.38,0.0,False,299.38
12033,5287,228,2,162.75,0.0,False,325.5
12034,5287,171,2,14.73,0.1,False,26.514000000000003
12035,5287,231,1,410.59,0.1,False,369.531
12036,5287,239,1,517.8,0.0,False,517.8
12037,5288,169,3,458.05,0.0,False,1374.15
12038,5288,224,3,23.12,0.0,False,69.36
12039,5289,149,1,382.77,0.0,False,382.77
12040,5289,132,1,299.38,0.0,False,299.38
12041,5290,53,2,192.38,0.0,False,384.76
12042,5290,46,1,397.56,0.0,False,397.56
12043,5291,15,1,536.46,0.0,False,536.46
12044,5291,245,1,11506.5,0.2,False,9205.2
12045,5291,81,1,779.01,0.0,False,779.01
12046,5292,133,2,479.79,0.15,False,815.643
12047,5292,217,1,479.18,0.0,False,479.18
12048,5293,240,1,555.47,0.1,False,499.92300000000006
12049,5294,94,1,514.73,0.0,False,514.73
12050,5295,193,1,351.11,0.0,False,351.11
12051,5296,286,1,47.93,0.0,False,47.93
12052,5297,200,1,533.81,0.0,False,533.81
12053,5298,218,1,127.17,0.1,False,114.453
12054,5299,49,1,850.7,0.1,False,765.6300000000001
12055,5300,180,1,843.45,0.0,False,843.45
12056,5301,256,1,537.93,0.0,False,537.93
12057,5302,20,2,548.49,0.05,False,1042.1309999999999
12058,5303,269,1,603.81,0.05,False,573.6194999999999
12059,5303,182,-1,500.91,0.2,True,-400.72800000000007
12060,5303,99,2,496.87,0.0,False,993.74
12061,5303,178,1,563.12,0.0,False,563.12
12062,5303,290,1,908.96,0.05,False,863.512
12063,5304,182,1,500.91,0.1,False,450.819
12064,5304,141,1,251.45,0.15,False,213.7325
12065,5305,206,1,612.54,0.0,False,612.54
12066,5306,88,1,275.21,0.0,False,275.21
12067,5306,151,1,625.19,0.05,False,593.9305
12068,5307,17,1,953.82,0.0,False,953.82
12069,5307,234,1,486.72,0.0,False,486.72
12070,5308,142,1,717.32,0.1,False,645.5880000000001
12071,5308,119,1,519.85,0.2,False,415.88000000000005
12072,5309,191,1,457.7,0.0,False,457.7
12073,5310,282,3,280.61,0.15,False,715.5555
12074,5311,10,1,309.24,0.1,False,278.31600000000003
12075,5311,259,1,533.22,0.0,False,533.22
12076,5312,292,2,425.68,0.0,False,851.36
12077,5312,268,1,23.79,0.05,False,22.600499999999997
12078,5313,61,3,512.76,0.0,False,1538.28
12079,5313,116,2,862.37,0.0,False,1724.74
12080,5313,108,1,378.75,0.15,False,321.9375
12081,5313,20,1,548.49,0.1,False,493.641
12082,5314,7,1,357.42,0.0,False,357.42
12083,5314,254,1,286.86,0.0,False,286.86
12084,5314,271,1,756.22,0.15,False,642.787
12085,5314,127,1,111.4,0.15,False,94.69
12086,5315,229,1,690.53,0.0,False,690.53
12087,5315,187,1,127.57,0.0,False,127.57
12088,5316,239,1,517.8,0.0,False,517.8
12089,5316,265,1,839.64,0.05,False,797.6579999999999
12090,5316,177,3,156.12,0.0,False,468.36
12091,5317,69,1,274.11,0.05,False,260.4045
12092,5317,207,2,518.71,0.1,False,933.6780000000001
12093,5317,222,1,264.61,0.0,False,264.61
12094,5317,85,1,530.7,0.1,False,477.63000000000005
12095,5317,177,1,156.12,0.1,False,140.508
12096,5318,288,1,515.26,0.1,False,463.734
12097,5319,297,1,89.43,0.05,False,84.9585
12098,5319,157,1,701.5,0.05,False,666.425
12099,5320,270,-1,34872.0,0.0,True,-34872.0
12100,5320,287,1,754.14,0.0,False,754.14
12101,5320,105,1,375.87,0.05,False,357.0765
12102,5321,241,1,306.12,0.0,False,306.12
12103,5322,151,1,625.19,0.2,False,500.15200000000004
12104,5322,58,1,87.55,0.0,False,87.55
12105,5323,203,1,431.09,0.0,False,431.09
12106,5324,265,2,839.64,0.0,False,1679.28
12107,5325,56,1,186.07,0.0,False,186.07
12108,5326,8,1,295.82,0.0,False,295.82
12109,5326,86,1,443.6,0.1,False,399.24
12110,5327,53,2,192.38,0.0,False,384.76
12111,5327,66,1,447.18,0.0,False,447.18
12112,5328,100,1,283.25,0.1,False,254.925
12113,5329,150,1,182.12,0.1,False,163.90800000000002
12114,5329,105,1,375.87,0.0,False,375.87
12115,5330,173,1,587.7,0.0,False,587.7
12116,5330,281,1,146.98,0.05,False,139.63099999999997
12117,5330,53,2,192.38,0.2,False,307.808
12118,5331,101,1,488.42,0.0,False,488.42
12119,5331,123,1,840.94,0.0,False,840.94
12120,5332,295,1,139.02,0.15,False,118.167
12121,5332,69,1,274.11,0.05,False,260.4045
12122,5332,16,-1,245.66,0.0,True,-245.66
12123,5332,175,1,600.57,0.0,False,600.57
12124,5333,73,1,346.78,0.2,False,277.424
12125,5333,292,1,425.68,0.0,False,425.68
12126,5333,50,1,240.1,0.0,False,240.1
12127,5334,38,1,364.99,0.0,False,364.99
12129,5334,99,1,496.87,0.0,False,496.87
12130,5334,17,1,953.82,0.0,False,953.82
12131,5335,79,1,308.93,0.0,False,308.93
12132,5335,12,1,156.75,0.05,False,148.9125
12133,5335,164,1,446.58,0.0,False,446.58
12134,5336,159,2,818.3,0.2,False,1309.28
12135,5337,32,1,338.4,0.0,False,338.4
12136,5338,290,1,908.96,0.0,False,908.96
12137,5338,60,3,148.68,0.15,False,379.134
12138,5338,45,3,511.39,0.0,False,1534.17
12139,5338,180,2,843.45,0.1,False,1518.21
12140,5338,207,1,518.71,0.1,False,466.83900000000006
12141,5339,28,1,749.19,0.0,False,749.19
12142,5340,220,1,475.38,0.2,False,380.30400000000003
12143,5340,19,1,727.02,0.0,False,727.02
12144,5341,17,2,953.82,0.0,False,1907.64
12145,5341,36,1,749.87,0.0,False,749.87
12146,5341,105,3,375.87,0.2,False,902.0880000000002
12147,5342,280,1,121.8,0.0,False,121.8
12148,5343,117,3,567.69,0.0,False,1703.0700000000002
12149,5343,280,2,121.8,0.0,False,243.6
12150,5343,107,1,963.92,0.0,False,963.92
12151,5344,188,2,550.0,0.0,False,1100.0
12152,5344,78,2,213.82,0.0,False,427.64
12153,5344,62,1,244.7,0.1,False,220.23
12154,5345,160,1,150.1,0.05,False,142.595
12155,5345,10,1,309.24,0.1,False,278.31600000000003
12156,5345,95,1,711.68,0.05,False,676.0959999999999
12157,5345,87,2,564.0,0.1,False,1015.2
12158,5345,94,2,514.73,0.0,False,1029.46
12159,5346,108,1,378.75,0.0,False,378.75
12160,5346,297,1,89.43,0.0,False,89.43
12161,5346,285,1,667.54,0.0,False,667.54
12162,5346,72,1,286.08,0.0,False,286.08
12163,5347,83,1,243.1,0.05,False,230.945
12165,5348,39,1,412.64,0.1,False,371.376
12166,5348,268,1,23.79,0.0,False,23.79
12167,5349,292,1,425.68,0.0,False,425.68
12168,5349,175,1,600.57,0.05,False,570.5415
12169,5350,74,1,171.2,0.1,False,154.07999999999998
12170,5350,103,1,456.96,0.2,False,365.568
12171,5351,170,3,723.66,0.0,False,2170.98
12172,5351,199,1,51.0,0.0,False,51.0
12173,5352,267,1,253.7,0.0,False,253.7
12174,5352,201,1,567.68,0.0,False,567.68
12175,5352,40,1,171.89,0.05,False,163.29549999999998
12176,5353,136,1,974.39,0.0,False,974.39
12177,5353,266,1,110.99,0.0,False,110.99
12178,5353,264,-1,16.2,0.0,True,-16.2
12179,5354,124,2,640.23,0.0,False,1280.46
12180,5355,176,1,199.39,0.0,False,199.39
12181,5355,34,1,399.8,0.0,False,399.8
12182,5355,258,1,626.09,0.05,False,594.7855
12183,5355,234,1,486.72,0.0,False,486.72
12184,5355,76,1,938.11,0.1,False,844.299
12185,5356,196,1,518.75,0.0,False,518.75
12186,5357,267,2,253.7,0.0,False,507.4
12187,5357,117,1,567.69,0.15,False,482.53650000000005
12188,5357,172,2,104.56,0.0,False,209.12
12189,5358,72,1,286.08,0.0,False,286.08
12190,5359,142,-1,717.32,0.15,True,-609.722
12191,5359,95,1,711.68,0.0,False,711.68
12192,5359,129,1,492.47,0.0,False,492.47
12193,5360,88,1,275.21,0.0,False,275.21
12194,5361,119,1,519.85,0.1,False,467.865
12195,5362,281,1,146.98,0.0,False,146.98
12196,5363,12,-1,156.75,0.15,True,-133.23749999999998
12197,5363,83,1,243.1,0.0,False,243.1
12198,5363,233,1,82.49,0.05,False,78.3655
12199,5363,122,1,607.34,0.2,False,485.87200000000007
12200,5363,245,1,11506.5,0.15,False,9780.525
12201,5364,138,1,54.35,0.1,False,48.915
12202,5364,92,1,148.78,0.0,False,148.78
12203,5365,10,1,309.24,0.1,False,278.31600000000003
12204,5366,8,1,295.82,0.0,False,295.82
12205,5366,130,2,454.11,0.0,False,908.22
12206,5366,248,1,75.61,0.0,False,75.61
12207,5367,66,1,447.18,0.0,False,447.18
12208,5368,60,2,148.68,0.05,False,282.492
12209,5368,154,1,115.68,0.2,False,92.54400000000001
12210,5368,159,1,818.3,0.0,False,818.3
12211,5368,259,1,533.22,0.05,False,506.559
12212,5369,134,1,541.79,0.05,False,514.7004999999999
12213,5370,264,1,16.2,0.0,False,16.2
12214,5370,213,1,111.83,0.05,False,106.23849999999999
12215,5370,243,-1,746.93,0.0,True,-746.93
12216,5370,293,1,709.48,0.0,False,709.48
12217,5371,213,1,111.83,0.0,False,111.83
12218,5372,221,1,704.75,0.05,False,669.5124999999999
12219,5372,141,1,251.45,0.05,False,238.87749999999997
12220,5373,232,1,71.83,0.1,False,64.647
12221,5374,32,1,338.4,0.0,False,338.4
12222,5374,21,3,614.24,0.0,False,1842.72
12223,5374,299,1,725.08,0.1,False,652.572
12224,5375,297,1,89.43,0.0,False,89.43
12225,5375,149,3,382.77,0.0,False,1148.31
12226,5375,198,1,266.02,0.0,False,266.02
12227,5375,263,1,222.36,0.0,False,222.36
12228,5375,2,2,807.37,0.1,False,1453.266
12229,5376,189,1,24.7,0.0,False,24.7
12230,5376,146,1,443.54,0.05,False,421.363
12231,5377,277,1,437.32,0.0,False,437.32
12232,5377,85,1,530.7,0.0,False,530.7
12233,5378,117,2,567.69,0.15,False,965.0730000000001
12234,5379,50,1,240.1,0.0,False,240.1
12235,5380,270,1,34872.0,0.15,False,29641.2
12236,5380,169,1,458.05,0.0,False,458.05
12237,5380,263,1,222.36,0.1,False,200.12400000000002
12238,5380,16,1,245.66,0.0,False,245.66
12239,5380,259,2,533.22,0.05,False,1013.118
12240,5381,157,1,701.5,0.2,False,561.2
12241,5382,239,3,517.8,0.0,False,1553.3999999999999
12242,5382,230,1,829.69,0.05,False,788.2055
12243,5382,237,1,335.88,0.0,False,335.88
12244,5382,205,1,367.74,0.0,False,367.74
12245,5383,37,1,608.8,0.0,False,608.8
12246,5383,229,1,690.53,0.05,False,656.0034999999999
12247,5384,54,1,679.71,0.0,False,679.71
12248,5385,141,3,251.45,0.0,False,754.3499999999999
12249,5385,89,1,247.06,0.0,False,247.06
12251,5386,180,1,843.45,0.0,False,843.45
12252,5386,63,2,430.39,0.0,False,860.78
12253,5387,130,1,454.11,0.0,False,454.11
12254,5388,35,1,425.48,0.0,False,425.48
12255,5388,198,1,266.02,0.0,False,266.02
12256,5388,284,1,228.9,0.0,False,228.9
12257,5389,20,1,548.49,0.0,False,548.49
12258,5389,264,1,16.2,0.0,False,16.2
12259,5390,8,1,295.82,0.0,False,295.82
12260,5391,109,-1,59.23,0.05,True,-56.268499999999996
12261,5391,27,3,686.85,0.05,False,1957.5225
12262,5392,168,1,649.6,0.0,False,649.6
12263,5392,106,1,150.04,0.0,False,150.04
12264,5393,48,1,231.62,0.0,False,231.62
12265,5393,296,1,361.73,0.0,False,361.73
12266,5394,40,1,171.89,0.0,False,171.89
12267,5395,252,1,274.43,0.0,False,274.43
12268,5395,61,1,512.76,0.0,False,512.76
12269,5396,13,1,152.16,0.0,False,152.16
12270,5397,60,1,148.68,0.0,False,148.68
12271,5397,127,1,111.4,0.1,False,100.26
12272,5398,92,1,148.78,0.0,False,148.78
12273,5398,197,1,538.79,0.15,False,457.97149999999993
12274,5399,168,2,649.6,0.0,False,1299.2
12275,5399,152,2,910.86,0.05,False,1730.634
12276,5400,38,1,364.99,0.0,False,364.99
12277,5401,293,1,709.48,0.15,False,603.058
12278,5401,93,1,98.57,0.0,False,98.57
12279,5401,112,1,10.73,0.15,False,9.1205
12280,5401,284,2,228.9,0.15,False,389.13
12281,5402,69,1,274.11,0.0,False,274.11
12282,5402,228,-1,162.75,0.0,True,-162.75
12283,5403,130,2,454.11,0.05,False,862.809
12284,5403,7,1,357.42,0.05,False,339.549
12285,5404,39,1,412.64,0.0,False,412.64
12286,5404,134,1,541.79,0.05,False,514.7004999999999
12287,5405,245,1,11506.5,0.05,False,10931.175
12288,5405,207,1,518.71,0.0,False,518.71
12289,5405,272,1,5.69,0.0,False,5.69
12290,5406,268,1,23.79,0.05,False,22.600499999999997
12291,5407,43,1,97.72,0.1,False,87.94800000000001
12292,5407,96,1,682.77,0.0,False,682.77
12293,5407,183,1,942.96,0.0,False,942.96
12294,5408,253,2,621.95,0.0,False,1243.9
12295,5409,34,1,399.8,0.0,False,399.8
12296,5409,9,1,66.57,0.05,False,63.24149999999999
12297,5409,238,1,192.17,0.0,False,192.17
12298,5409,283,1,680.49,0.05,False,646.4655
12299,5410,287,1,754.14,0.0,False,754.14
12300,5410,248,1,75.61,0.0,False,75.61
12301,5410,26,1,259.69,0.1,False,233.721
12302,5410,198,1,266.02,0.0,False,266.02
12303,5410,210,1,177.09,0.0,False,177.09
12304,5411,262,1,214.85,0.05,False,204.1075
12305,5411,18,1,35.67,0.0,False,35.67
12306,5412,267,1,253.7,0.0,False,253.7
12307,5412,185,1,582.19,0.0,False,582.19
12308,5413,57,1,510.39,0.0,False,510.39
12309,5413,213,1,111.83,0.05,False,106.23849999999999
12310,5413,293,1,709.48,0.05,False,674.006
12311,5414,140,2,500.02,0.0,False,1000.04
12312,5414,21,1,614.24,0.0,False,614.24
12313,5414,263,1,222.36,0.1,False,200.12400000000002
12314,5415,263,1,222.36,0.15,False,189.006
12315,5415,179,1,478.65,0.0,False,478.65
12316,5415,237,2,335.88,0.0,False,671.76
12317,5416,201,1,567.68,0.0,False,567.68
12318,5417,296,1,361.73,0.05,False,343.6435
12319,5417,83,1,243.1,0.05,False,230.945
12320,5417,273,1,560.24,0.1,False,504.216
12321,5417,275,1,82.62,0.0,False,82.62
12322,5418,146,1,443.54,0.0,False,443.54
12323,5418,24,1,696.97,0.0,False,696.97
12324,5418,141,1,251.45,0.0,False,251.45
12325,5418,234,1,486.72,0.2,False,389.37600000000003
12326,5418,248,1,75.61,0.1,False,68.049
12327,5419,69,1,274.11,0.0,False,274.11
12328,5420,177,-1,156.12,0.0,True,-156.12
12329,5420,69,1,274.11,0.1,False,246.699
12330,5420,37,1,608.8,0.2,False,487.03999999999996
12331,5420,262,1,214.85,0.15,False,182.6225
12332,5421,265,3,839.64,0.0,False,2518.92
12333,5422,227,1,192.19,0.2,False,153.752
12334,5423,177,1,156.12,0.0,False,156.12
12335,5424,203,1,431.09,0.0,False,431.09
12336,5424,68,1,133.13,0.15,False,113.1605
12337,5425,284,1,228.9,0.0,False,228.9
12338,5425,221,1,704.75,0.0,False,704.75
12339,5425,132,1,299.38,0.05,False,284.411
12340,5425,125,1,584.13,0.0,False,584.13
12341,5426,259,-1,533.22,0.0,True,-533.22
12342,5426,103,1,456.96,0.0,False,456.96
12343,5427,116,2,862.37,0.0,False,1724.74
12344,5427,114,1,23.97,0.0,False,23.97
12345,5427,204,1,578.66,0.05,False,549.727
12346,5428,205,2,367.74,0.0,False,735.48
12347,5429,6,3,531.19,0.15,False,1354.5345000000002
12348,5429,126,1,240.49,0.15,False,204.4165
12349,5430,141,2,251.45,0.0,False,502.9
12350,5431,243,1,746.93,0.1,False,672.237
12351,5431,283,3,680.49,0.0,False,2041.47
12352,5432,220,1,475.38,0.1,False,427.842
12353,5432,130,1,454.11,0.05,False,431.4045
12354,5432,199,1,51.0,0.0,False,51.0
12355,5432,223,1,57.85,0.0,False,57.85
12356,5433,47,1,513.39,0.0,False,513.39
12357,5433,186,1,290.81,0.05,False,276.2695
12358,5433,198,1,266.02,0.0,False,266.02
12359,5433,93,1,98.57,0.0,False,98.57
12360,5434,240,1,555.47,0.0,False,555.47
12361,5434,67,3,355.8,0.0,False,1067.4
12362,5434,161,1,68.77,0.1,False,61.893
12363,5435,244,1,263.25,0.0,False,263.25
12364,5435,110,1,52.92,0.0,False,52.92
12365,5435,72,1,286.08,0.05,False,271.77599999999995
12366,5436,109,1,59.23,0.0,False,59.23
12367,5436,261,1,429.63,0.1,False,386.66700000000003
12368,5436,206,1,612.54,0.0,False,612.54
12369,5437,105,1,375.87,0.1,False,338.283
12370,5438,171,1,14.73,0.0,False,14.73
12371,5438,226,1,211.98,0.15,False,180.183
12372,5439,245,1,11506.5,0.1,False,10355.85
12373,5439,244,1,263.25,0.0,False,263.25
12374,5439,179,2,478.65,0.0,False,957.3
12375,5439,28,1,749.19,0.0,False,749.19
12376,5440,105,1,375.87,0.05,False,357.0765
12377,5440,49,-1,850.7,0.2,True,-680.5600000000001
12378,5441,142,3,717.32,0.1,False,1936.7640000000001
12379,5441,261,3,429.63,0.0,False,1288.8899999999999
12380,5441,155,1,607.36,0.0,False,607.36
12381,5442,123,1,840.94,0.2,False,672.7520000000001
12382,5443,49,1,850.7,0.0,False,850.7
12383,5443,188,1,550.0,0.0,False,550.0
12384,5443,232,1,71.83,0.0,False,71.83
12385,5443,153,1,530.38,0.0,False,530.38
12386,5444,156,1,372.8,0.0,False,372.8
12387,5445,132,1,299.38,0.0,False,299.38
12388,5445,101,1,488.42,0.05,False,463.99899999999997
12389,5446,82,1,235.49,0.05,False,223.7155
12390,5446,78,1,213.82,0.0,False,213.82
12391,5447,119,1,519.85,0.0,False,519.85
12392,5447,297,1,89.43,0.15,False,76.0155
12393,5447,98,2,71.96,0.0,False,143.92
12394,5447,208,1,260.07,0.15,False,221.05949999999999
12395,5448,269,2,603.81,0.0,False,1207.62
12396,5448,271,1,756.22,0.0,False,756.22
12397,5449,139,1,835.42,0.1,False,751.8779999999999
12398,5449,68,2,133.13,0.15,False,226.321
12399,5449,285,1,667.54,0.0,False,667.54
12400,5449,287,1,754.14,0.0,False,754.14
12401,5450,16,2,245.66,0.0,False,491.32
12402,5450,194,1,222.76,0.0,False,222.76
12403,5450,95,1,711.68,0.0,False,711.68
12404,5450,76,1,938.11,0.0,False,938.11
12405,5451,44,2,6.81,0.1,False,12.258
12406,5452,194,1,222.76,0.0,False,222.76
12407,5453,227,1,192.19,0.0,False,192.19
12408,5453,100,1,283.25,0.0,False,283.25
12409,5454,204,1,578.66,0.05,False,549.727
12410,5455,71,1,362.18,0.15,False,307.853
12411,5455,233,1,82.49,0.0,False,82.49
12412,5455,281,1,146.98,0.0,False,146.98
12413,5455,19,2,727.02,0.15,False,1235.934
12414,5456,192,1,697.79,0.2,False,558.232
12415,5456,61,1,512.76,0.0,False,512.76
12416,5457,262,1,214.85,0.2,False,171.88
12417,5457,287,1,754.14,0.1,False,678.726
12418,5458,42,1,328.75,0.1,False,295.875
12419,5458,19,1,727.02,0.2,False,581.616
12420,5459,19,2,727.02,0.0,False,1454.04
12421,5460,104,1,957.31,0.05,False,909.4445
12422,5461,203,1,431.09,0.0,False,431.09
12423,5461,93,1,98.57,0.0,False,98.57
12424,5462,62,1,244.7,0.1,False,220.23
12425,5462,242,1,166.1,0.0,False,166.1
12426,5463,122,1,607.34,0.0,False,607.34
12427,5463,107,1,963.92,0.0,False,963.92
12428,5464,147,1,517.03,0.0,False,517.03
12429,5464,17,1,953.82,0.15,False,810.7470000000001
12430,5465,151,1,625.19,0.0,False,625.19
12431,5465,252,3,274.43,0.0,False,823.29
12432,5465,88,2,275.21,0.1,False,495.378
12433,5466,293,1,709.48,0.0,False,709.48
12434,5466,138,1,54.35,0.0,False,54.35
12435,5467,59,1,287.12,0.0,False,287.12
12436,5467,112,1,10.73,0.15,False,9.1205
12437,5468,107,1,963.92,0.0,False,963.92
12438,5468,75,1,299.66,0.1,False,269.694
12439,5468,197,1,538.79,0.0,False,538.79
12440,5468,213,1,111.83,0.0,False,111.83
12441,5469,97,1,628.48,0.0,False,628.48
12442,5469,253,1,621.95,0.0,False,621.95
12443,5470,44,2,6.81,0.0,False,13.62
12444,5470,157,1,701.5,0.0,False,701.5
12445,5471,208,1,260.07,0.1,False,234.063
12446,5471,222,2,264.61,0.0,False,529.22
12447,5472,159,1,818.3,0.2,False,654.64
12448,5472,35,1,425.48,0.0,False,425.48
12449,5472,288,1,515.26,0.0,False,515.26
12450,5472,221,1,704.75,0.0,False,704.75
12451,5473,209,1,797.01,0.0,False,797.01
12452,5474,96,1,682.77,0.0,False,682.77
12453,5474,231,1,410.59,0.0,False,410.59
12454,5474,157,1,701.5,0.2,False,561.2
12455,5475,134,1,541.79,0.15,False,460.52149999999995
12456,5475,168,1,649.6,0.0,False,649.6
12457,5475,224,1,23.12,0.15,False,19.652
12458,5476,45,3,511.39,0.0,False,1534.17
12459,5476,248,1,75.61,0.0,False,75.61
12460,5476,99,1,496.87,0.15,False,422.3395
12461,5476,228,1,162.75,0.1,False,146.475
12462,5477,165,2,605.76,0.15,False,1029.792
12463,5477,126,1,240.49,0.0,False,240.49
12464,5477,125,1,584.13,0.0,False,584.13
12465,5478,2,-1,807.37,0.0,True,-807.37
12466,5478,188,3,550.0,0.05,False,1567.5
12467,5479,24,1,696.97,0.0,False,696.97
12468,5479,244,1,263.25,0.05,False,250.08749999999998
12469,5479,133,1,479.79,0.1,False,431.81100000000004
12470,5479,282,1,280.61,0.0,False,280.61
12471,5479,283,1,680.49,0.0,False,680.49
12472,5480,150,1,182.12,0.0,False,182.12
12473,5480,186,1,290.81,0.0,False,290.81
12474,5480,12,1,156.75,0.0,False,156.75
12475,5481,193,2,351.11,0.0,False,702.22
12476,5481,197,1,538.79,0.0,False,538.79
12477,5482,281,1,146.98,0.0,False,146.98
12478,5483,220,1,475.38,0.0,False,475.38
12479,5484,196,1,518.75,0.05,False,492.8125
12480,5484,68,1,133.13,0.0,False,133.13
12481,5484,29,3,103.82,0.0,False,311.46
12482,5484,253,1,621.95,0.0,False,621.95
12483,5485,258,1,626.09,0.1,False,563.481
12484,5485,118,1,611.17,0.05,False,580.6115
12485,5485,168,1,649.6,0.1,False,584.64
12486,5485,60,1,148.68,0.0,False,148.68
12487,5486,166,1,278.38,0.0,False,278.38
12488,5486,162,1,126.53,0.0,False,126.53
12489,5487,10,1,309.24,0.0,False,309.24
12490,5487,65,1,460.75,0.15,False,391.6375
12491,5487,189,1,24.7,0.0,False,24.7
12492,5488,138,1,54.35,0.1,False,48.915
12493,5489,211,1,943.9,0.0,False,943.9
12494,5489,240,1,555.47,0.15,False,472.1495
12495,5489,78,2,213.82,0.1,False,384.876
12496,5489,62,2,244.7,0.15,False,415.98999999999995
12497,5489,6,1,531.19,0.0,False,531.19
12498,5490,186,3,290.81,0.05,False,828.8085
12499,5491,201,1,567.68,0.0,False,567.68
12500,5492,242,1,166.1,0.1,False,149.49
12501,5493,52,2,12.48,0.0,False,24.96
12502,5493,165,1,605.76,0.0,False,605.76
12503,5493,232,1,71.83,0.0,False,71.83
12504,5494,29,1,103.82,0.0,False,103.82
12505,5495,126,1,240.49,0.0,False,240.49
12506,5496,172,1,104.56,0.05,False,99.332
12507,5497,5,1,503.34,0.0,False,503.34
12508,5498,86,1,443.6,0.0,False,443.6
12509,5498,219,1,211.99,0.0,False,211.99
12510,5498,288,1,515.26,0.0,False,515.26
12511,5499,196,1,518.75,0.0,False,518.75
12512,5500,162,1,126.53,0.2,False,101.224
12513,5500,2,1,807.37,0.05,False,767.0015
12514,5501,289,1,635.36,0.0,False,635.36
12515,5501,163,1,598.68,0.05,False,568.746
12516,5501,8,1,295.82,0.0,False,295.82
12517,5502,298,1,238.39,0.15,False,202.6315
12518,5503,15,1,536.46,0.0,False,536.46
12519,5504,209,1,797.01,0.0,False,797.01
12520,5505,74,2,171.2,0.0,False,342.4
12521,5505,102,1,396.98,0.0,False,396.98
12522,5506,81,1,779.01,0.0,False,779.01
12523,5506,139,1,835.42,0.0,False,835.42
12524,5507,17,1,953.82,0.15,False,810.7470000000001
12525,5507,165,1,605.76,0.05,False,575.472
12526,5508,20,2,548.49,0.0,False,1096.98
12527,5508,140,1,500.02,0.0,False,500.02
12528,5508,282,1,280.61,0.0,False,280.61
12529,5508,147,1,517.03,0.05,False,491.17849999999993
12530,5508,185,1,582.19,0.15,False,494.86150000000004
12531,5509,102,1,396.98,0.0,False,396.98
12532,5509,3,1,978.72,0.05,False,929.784
12533,5510,15,1,536.46,0.1,False,482.814
12534,5510,226,1,211.98,0.0,False,211.98
12535,5510,10,1,309.24,0.0,False,309.24
12536,5510,176,3,199.39,0.0,False,598.17
12537,5511,231,1,410.59,0.05,False,390.06049999999993
12538,5512,179,1,478.65,0.0,False,478.65
12539,5513,73,1,346.78,0.15,False,294.763
12540,5513,266,1,110.99,0.15,False,94.3415
12541,5513,258,1,626.09,0.1,False,563.481
12542,5513,98,1,71.96,0.05,False,68.362
12543,5514,105,1,375.87,0.1,False,338.283
12544,5515,293,1,709.48,0.05,False,674.006
12545,5516,222,2,264.61,0.2,False,423.37600000000003
12546,5516,24,2,696.97,0.1,False,1254.546
12547,5516,195,1,132.26,0.0,False,132.26
12548,5516,135,1,550.83,0.0,False,550.83
12549,5517,279,1,226.81,0.05,False,215.46949999999998
12550,5518,248,1,75.61,0.1,False,68.049
12551,5518,195,1,132.26,0.15,False,112.42099999999999
12552,5519,267,1,253.7,0.05,False,241.015
12553,5520,41,1,376.48,0.15,False,320.008
12554,5521,261,2,429.63,0.0,False,859.26
12555,5521,222,1,264.61,0.0,False,264.61
12556,5521,44,2,6.81,0.0,False,13.62
12557,5521,263,1,222.36,0.0,False,222.36
12558,5522,292,1,425.68,0.05,False,404.396
12559,5522,54,1,679.71,0.0,False,679.71
12560,5523,27,1,686.85,0.05,False,652.5074999999999
12561,5523,12,1,156.75,0.1,False,141.07500000000002
12562,5524,164,1,446.58,0.0,False,446.58
12563,5524,234,1,486.72,0.15,False,413.712
12564,5524,292,1,425.68,0.0,False,425.68
12565,5524,228,2,162.75,0.0,False,325.5
12566,5525,95,1,711.68,0.1,False,640.512
12567,5525,56,1,186.07,0.0,False,186.07
12568,5526,76,1,938.11,0.15,False,797.3935
12569,5527,37,1,608.8,0.0,False,608.8
12570,5528,291,1,19.78,0.05,False,18.791
12571,5528,294,1,141.94,0.1,False,127.746
12572,5529,27,3,686.85,0.0,False,2060.55
12573,5529,182,1,500.91,0.0,False,500.91
12574,5530,38,2,364.99,0.0,False,729.98
12575,5530,184,1,278.4,0.0,False,278.4
12576,5530,296,1,361.73,0.1,False,325.557
12577,5531,24,1,696.97,0.05,False,662.1215
12578,5531,298,1,238.39,0.05,False,226.4705
12579,5532,55,1,395.52,0.0,False,395.52
12580,5532,101,1,488.42,0.05,False,463.99899999999997
12581,5532,178,1,563.12,0.1,False,506.808
12582,5532,269,1,603.81,0.0,False,603.81
12583,5533,113,1,55.28,0.0,False,55.28
12584,5533,221,1,704.75,0.05,False,669.5124999999999
12586,5533,229,1,690.53,0.0,False,690.53
12587,5534,68,2,133.13,0.0,False,266.26
12588,5534,201,1,567.68,0.2,False,454.144
12589,5534,233,1,82.49,0.0,False,82.49
12591,5534,250,1,8284.0,0.0,False,8284.0
12592,5535,5,2,503.34,0.0,False,1006.68
12593,5536,160,1,150.1,0.05,False,142.595
12594,5537,239,1,517.8,0.1,False,466.02
12595,5537,286,1,47.93,0.2,False,38.344
12596,5538,68,1,133.13,0.0,False,133.13
12597,5538,193,1,351.11,0.0,False,351.11
12598,5538,125,1,584.13,0.15,False,496.5105
12599,5538,44,2,6.81,0.15,False,11.576999999999998
12600,5539,167,1,39.88,0.15,False,33.898
12601,5539,70,1,402.01,0.0,False,402.01
12602,5540,138,1,54.35,0.0,False,54.35
12603,5540,135,3,550.83,0.0,False,1652.4900000000002
12604,5540,167,2,39.88,0.0,False,79.76
12605,5541,55,1,395.52,0.1,False,355.968
12606,5542,127,2,111.4,0.0,False,222.8
12607,5542,54,1,679.71,0.0,False,679.71
12608,5543,47,1,513.39,0.0,False,513.39
12609,5543,167,1,39.88,0.05,False,37.886
12610,5544,146,2,443.54,0.0,False,887.08
12611,5544,57,1,510.39,0.0,False,510.39
12612,5545,174,1,864.84,0.0,False,864.84
12613,5546,207,1,518.71,0.0,False,518.71
12614,5546,83,1,243.1,0.05,False,230.945
12615,5547,185,1,582.19,0.15,False,494.86150000000004
12616,5547,103,1,456.96,0.0,False,456.96
12617,5547,116,1,862.37,0.2,False,689.8960000000001
12618,5547,231,1,410.59,0.0,False,410.59
12619,5547,99,1,496.87,0.0,False,496.87
12620,5548,161,1,68.77,0.0,False,68.77
12621,5549,206,1,612.54,0.1,False,551.286
12622,5550,283,1,680.49,0.0,False,680.49
12623,5550,78,1,213.82,0.15,False,181.74699999999999
12624,5551,3,2,978.72,0.05,False,1859.568
12625,5552,148,3,304.48,0.05,False,867.768
12626,5552,152,1,910.86,0.15,False,774.231
12627,5552,22,2,205.71,0.1,False,370.278
12628,5553,124,1,640.23,0.0,False,640.23
12630,5553,207,1,518.71,0.05,False,492.7745
12631,5554,261,1,429.63,0.15,False,365.1855
12632,5555,67,1,355.8,0.0,False,355.8
12633,5555,51,1,863.34,0.0,False,863.34
12634,5555,215,1,501.1,0.0,False,501.1
12635,5556,262,1,214.85,0.0,False,214.85
12636,5557,102,1,396.98,0.0,False,396.98
12637,5557,105,1,375.87,0.0,False,375.87
12638,5557,139,1,835.42,0.1,False,751.8779999999999
12639,5557,78,1,213.82,0.0,False,213.82
12640,5557,182,1,500.91,0.05,False,475.8645
12641,5558,131,1,797.13,0.0,False,797.13
12642,5559,254,1,286.86,0.05,False,272.517
12643,5560,97,1,628.48,0.0,False,628.48
12644,5561,5,3,503.34,0.2,False,1208.016
12645,5561,231,2,410.59,0.0,False,821.18
12646,5562,253,2,621.95,0.0,False,1243.9
12647,5562,141,3,251.45,0.0,False,754.3499999999999
12648,5563,41,1,376.48,0.0,False,376.48
12649,5564,103,1,456.96,0.0,False,456.96
12650,5565,1,1,433.54,0.0,False,433.54
12651,5566,133,1,479.79,0.0,False,479.79
12652,5566,124,1,640.23,0.0,False,640.23
12653,5567,12,1,156.75,0.0,False,156.75
12654,5567,276,1,341.21,0.0,False,341.21
12655,5567,209,3,797.01,0.0,False,2391.0299999999997
12656,5568,28,1,749.19,0.05,False,711.7305
12657,5568,178,1,563.12,0.0,False,563.12
12658,5568,35,1,425.48,0.0,False,425.48
12659,5568,61,1,512.76,0.0,False,512.76
12660,5568,76,1,938.11,0.15,False,797.3935
12661,5569,159,2,818.3,0.0,False,1636.6
12662,5569,61,1,512.76,0.0,False,512.76
12663,5569,37,3,608.8,0.0,False,1826.3999999999999
12664,5570,67,1,355.8,0.15,False,302.43
12665,5570,41,1,376.48,0.05,False,357.656
12666,5570,145,1,61.15,0.15,False,51.9775
12667,5570,208,1,260.07,0.05,False,247.0665
12668,5570,56,1,186.07,0.0,False,186.07
12669,5571,48,1,231.62,0.1,False,208.458
12670,5571,281,2,146.98,0.1,False,264.56399999999996
12671,5572,246,1,574.84,0.0,False,574.84
12672,5572,208,1,260.07,0.0,False,260.07
12674,5573,257,1,8.4,0.0,False,8.4
12675,5573,191,1,457.7,0.0,False,457.7
12676,5573,15,1,536.46,0.0,False,536.46
12677,5574,243,1,746.93,0.0,False,746.93
12678,5574,151,1,625.19,0.0,False,625.19
12679,5575,131,1,797.13,0.0,False,797.13
12680,5575,23,2,235.35,0.0,False,470.7
12681,5576,99,1,496.87,0.05,False,472.0265
12682,5576,146,1,443.54,0.0,False,443.54
12683,5577,97,2,628.48,0.1,False,1131.2640000000001
12684,5578,133,3,479.79,0.0,False,1439.3700000000001
12685,5579,147,1,517.03,0.1,False,465.327
12686,5580,40,1,171.89,0.1,False,154.701
12687,5581,43,1,97.72,0.0,False,97.72
12688,5582,83,1,243.1,0.05,False,230.945
12689,5582,281,1,146.98,0.1,False,132.28199999999998
12690,5583,152,1,910.86,0.1,False,819.774
12691,5584,234,1,486.72,0.0,False,486.72
12692,5585,171,1,14.73,0.1,False,13.257000000000001
12693,5585,260,1,619.66,0.2,False,495.728
12694,5586,300,1,133.29,0.0,False,133.29
12695,5586,135,1,550.83,0.0,False,550.83
12696,5587,24,-1,696.97,0.1,True,-627.273
12697,5587,36,1,749.87,0.0,False,749.87
12698,5588,155,1,607.36,0.05,False,576.992
12699,5588,195,2,132.26,0.0,False,264.52
12700,5588,56,3,186.07,0.0,False,558.21
12701,5589,189,1,24.7,0.0,False,24.7
12702,5589,93,1,98.57,0.0,False,98.57
12703,5589,112,1,10.73,0.0,False,10.73
12704,5589,178,1,563.12,0.0,False,563.12
12705,5589,136,1,974.39,0.0,False,974.39
12706,5590,80,1,166.05,0.2,False,132.84
12707,5590,287,1,754.14,0.1,False,678.726
12708,5591,271,1,756.22,0.0,False,756.22
12709,5592,298,1,238.39,0.15,False,202.6315
12710,5592,264,1,16.2,0.0,False,16.2
12711,5592,51,1,863.34,0.2,False,690.672
12712,5592,271,1,756.22,0.1,False,680.5980000000001
12713,5593,213,-1,111.83,0.05,True,-106.23849999999999
12714,5593,234,1,486.72,0.0,False,486.72
12715,5593,135,2,550.83,0.0,False,1101.66
12716,5594,186,2,290.81,0.0,False,581.62
12717,5595,74,1,171.2,0.0,False,171.2
12718,5596,155,1,607.36,0.0,False,607.36
12719,5597,286,3,47.93,0.1,False,129.411
12720,5597,123,1,840.94,0.15,False,714.799
12721,5597,41,2,376.48,0.0,False,752.96
12722,5598,285,1,667.54,0.1,False,600.786
12723,5599,100,1,283.25,0.0,False,283.25
12724,5600,163,1,598.68,0.0,False,598.68
12725,5601,217,3,479.18,0.0,False,1437.54
12726,5601,151,2,625.19,0.0,False,1250.38
12727,5602,136,1,974.39,0.05,False,925.6705
12728,5602,277,1,437.32,0.1,False,393.588
12729,5603,148,1,304.48,0.0,False,304.48
12730,5603,173,1,587.7,0.0,False,587.7
12731,5604,129,1,492.47,0.0,False,492.47
12732,5605,59,1,287.12,0.1,False,258.408
12734,5605,110,1,52.92,0.05,False,50.274
12735,5606,206,1,612.54,0.0,False,612.54
12736,5606,203,1,431.09,0.1,False,387.981
12737,5606,1,1,433.54,0.0,False,433.54
12738,5606,60,2,148.68,0.0,False,297.36
12739,5607,227,1,192.19,0.0,False,192.19
12740,5607,154,1,115.68,0.0,False,115.68
12741,5608,198,1,266.02,0.0,False,266.02
12742,5608,260,3,619.66,0.2,False,1487.1840000000002
12743,5608,282,3,280.61,0.1,False,757.647
12744,5609,287,1,754.14,0.0,False,754.14
12745,5609,292,1,425.68,0.0,False,425.68
12746,5610,71,1,362.18,0.0,False,362.18
12747,5610,178,2,563.12,0.0,False,1126.24
12748,5610,15,2,536.46,0.0,False,1072.92
12749,5610,19,2,727.02,0.0,False,1454.04
12750,5611,297,2,89.43,0.0,False,178.86
12751,5612,139,3,835.42,0.15,False,2130.321
12752,5613,88,1,275.21,0.05,False,261.44949999999994
12753,5614,166,1,278.38,0.0,False,278.38
12754,5615,174,1,864.84,0.0,False,864.84
12755,5616,96,1,682.77,0.0,False,682.77
12756,5617,97,2,628.48,0.0,False,1256.96
12757,5618,7,1,357.42,0.0,False,357.42
12758,5619,90,3,219.22,0.05,False,624.7769999999999
12759,5619,282,1,280.61,0.0,False,280.61
12760,5619,226,1,211.98,0.0,False,211.98
12761,5620,237,1,335.88,0.0,False,335.88
12762,5620,121,1,183.38,0.1,False,165.042
12763,5620,44,3,6.81,0.0,False,20.43
12764,5620,141,3,251.45,0.1,False,678.915
12765,5621,260,1,619.66,0.05,False,588.6769999999999
12767,5622,106,1,150.04,0.1,False,135.036
12768,5622,204,1,578.66,0.0,False,578.66
12769,5622,238,1,192.17,0.05,False,182.56149999999997
12770,5622,42,1,328.75,0.0,False,328.75
12771,5623,118,1,611.17,0.0,False,611.17
12772,5623,221,1,704.75,0.1,False,634.275
12773,5624,120,1,146.96,0.2,False,117.56800000000001
12774,5624,87,3,564.0,0.0,False,1692.0
12775,5625,282,1,280.61,0.0,False,280.61
12776,5625,66,1,447.18,0.0,False,447.18
12777,5625,211,1,943.9,0.1,False,849.51
12778,5625,282,1,280.61,0.05,False,266.5795
12779,5626,25,1,282.92,0.05,False,268.774
12780,5626,15,1,536.46,0.15,False,455.99100000000004
12781,5626,18,-1,35.67,0.0,True,-35.67
12782,5626,88,3,275.21,0.0,False,825.6299999999999
12783,5627,93,3,98.57,0.0,False,295.71
12784,5628,198,1,266.02,0.1,False,239.41799999999998
12785,5628,121,1,183.38,0.0,False,183.38
12786,5628,130,3,454.11,0.0,False,1362.33
12787,5629,248,1,75.61,0.0,False,75.61
12788,5629,142,1,717.32,0.0,False,717.32
12789,5629,136,1,974.39,0.0,False,974.39
12790,5629,152,1,910.86,0.0,False,910.86
12791,5630,271,1,756.22,0.0,False,756.22
12792,5630,120,1,146.96,0.0,False,146.96
12793,5631,65,1,460.75,0.0,False,460.75
12794,5632,160,1,150.1,0.0,False,150.1
12795,5632,246,1,574.84,0.15,False,488.61400000000003
12796,5633,12,1,156.75,0.0,False,156.75
12797,5633,33,1,217.73,0.0,False,217.73
12798,5633,62,1,244.7,0.0,False,244.7
12799,5634,133,1,479.79,0.0,False,479.79
12800,5635,162,1,126.53,0.1,False,113.87700000000001
12801,5636,195,1,132.26,0.0,False,132.26
12802,5637,57,1,510.39,0.0,False,510.39
12803,5638,26,1,259.69,0.0,False,259.69
12804,5638,162,1,126.53,0.0,False,126.53
12805,5638,243,1,746.93,0.0,False,746.93
12806,5638,297,2,89.43,0.0,False,178.86
12807,5639,244,1,263.25,0.05,False,250.08749999999998
12808,5639,32,1,338.4,0.0,False,338.4
12809,5640,257,1,8.4,0.0,False,8.4
12810,5640,188,1,550.0,0.1,False,495.0
12811,5641,15,2,536.46,0.0,False,1072.92
12812,5641,195,1,132.26,0.0,False,132.26
12813,5642,117,3,567.69,0.0,False,1703.0700000000002
12814,5642,69,1,274.11,0.15,False,232.9935
12815,5643,260,3,619.66,0.15,False,1580.133
12816,5643,2,1,807.37,0.15,False,686.2645
12817,5643,136,1,974.39,0.0,False,974.39
12818,5644,262,2,214.85,0.0,False,429.7
12819,5645,60,1,148.68,0.0,False,148.68
12820,5646,185,1,582.19,0.05,False,553.0805
12821,5647,221,1,704.75,0.0,False,704.75
12822,5648,176,1,199.39,0.0,False,199.39
12823,5648,57,1,510.39,0.05,False,484.8705
12824,5648,260,1,619.66,0.05,False,588.6769999999999
12825,5649,158,1,282.03,0.05,False,267.9285
12826,5649,138,1,54.35,0.0,False,54.35
12827,5650,248,1,75.61,0.0,False,75.61
12828,5651,117,1,567.69,0.0,False,567.69
12829,5652,3,1,978.72,0.0,False,978.72
12830,5652,213,2,111.83,0.1,False,201.294
12831,5653,136,-1,974.39,0.15,True,-828.2315
12832,5653,162,1,126.53,0.0,False,126.53
12833,5654,277,1,437.32,0.0,False,437.32
12834,5655,281,1,146.98,0.15,False,124.93299999999999
12835,5655,151,1,625.19,0.05,False,593.9305
12836,5656,76,1,938.11,0.1,False,844.299
12837,5656,96,1,682.77,0.2,False,546.216
12838,5656,81,1,779.01,0.0,False,779.01
12839,5657,141,1,251.45,0.05,False,238.87749999999997
12840,5657,212,1,445.65,0.0,False,445.65
12841,5657,119,1,519.85,0.0,False,519.85
12842,5658,300,1,133.29,0.0,False,133.29
12843,5659,252,1,274.43,0.15,False,233.2655
12844,5659,124,1,640.23,0.0,False,640.23
12845,5660,248,1,75.61,0.15,False,64.2685
12846,5661,152,-1,910.86,0.0,True,-910.86
12847,5662,231,1,410.59,0.0,False,410.59
12848,5662,77,1,103.53,0.0,False,103.53
12849,5662,273,-1,560.24,0.05,True,-532.228
12850,5663,237,2,335.88,0.15,False,570.996
12851,5664,146,3,443.54,0.0,False,1330.6200000000001
12852,5664,32,1,338.4,0.0,False,338.4
12853,5665,35,1,425.48,0.0,False,425.48
12854,5665,284,1,228.9,0.05,False,217.45499999999998
12855,5666,157,1,701.5,0.0,False,701.5
12856,5667,207,1,518.71,0.0,False,518.71
12857,5667,261,2,429.63,0.0,False,859.26
12858,5667,270,3,34872.0,0.0,False,104616.0
12859,5667,211,1,943.9,0.0,False,943.9
12860,5667,243,1,746.93,0.0,False,746.93
12861,5668,117,-1,567.69,0.05,True,-539.3055
12863,5668,154,1,115.68,0.2,False,92.54400000000001
12864,5668,54,1,679.71,0.15,False,577.7535
12865,5668,214,3,304.46,0.05,False,867.7109999999999
12866,5668,188,1,550.0,0.0,False,550.0
12867,5669,224,2,23.12,0.05,False,43.928
12868,5669,128,1,686.4,0.0,False,686.4
12869,5670,91,2,369.86,0.1,False,665.748
12870,5670,74,-1,171.2,0.0,True,-171.2
12871,5671,64,3,29.71,0.15,False,75.7605
12872,5671,151,1,625.19,0.05,False,593.9305
12873,5671,139,1,835.42,0.0,False,835.42
12874,5672,246,1,574.84,0.0,False,574.84
12875,5672,43,2,97.72,0.0,False,195.44
12876,5672,130,2,454.11,0.2,False,726.576
12877,5673,5,1,503.34,0.0,False,503.34
12878,5674,147,1,517.03,0.05,False,491.17849999999993
12879,5674,148,2,304.48,0.0,False,608.96
12880,5674,33,1,217.73,0.05,False,206.84349999999998
12881,5674,257,1,8.4,0.0,False,8.4
12882,5675,134,1,541.79,0.05,False,514.7004999999999
12883,5675,92,3,148.78,0.05,False,424.023
12884,5675,33,1,217.73,0.0,False,217.73
12885,5676,61,2,512.76,0.15,False,871.692
12886,5676,203,1,431.09,0.0,False,431.09
12888,5676,269,1,603.81,0.2,False,483.048
12889,5676,263,1,222.36,0.0,False,222.36
12890,5677,15,1,536.46,0.05,False,509.637
12891,5677,24,1,696.97,0.15,False,592.4245
12892,5677,288,2,515.26,0.15,False,875.942
12893,5677,126,1,240.49,0.1,False,216.441
12894,5677,177,1,156.12,0.0,False,156.12
12895,5678,283,1,680.49,0.15,False,578.4165
12896,5679,257,1,8.4,0.2,False,6.720000000000001
12897,5679,159,1,818.3,0.0,False,818.3
12898,5680,280,3,121.8,0.0,False,365.4
12899,5681,206,1,612.54,0.0,False,612.54
12900,5681,293,1,709.48,0.0,False,709.48
12901,5682,291,1,19.78,0.15,False,16.813
12902,5682,204,1,578.66,0.0,False,578.66
12903,5682,106,1,150.04,0.1,False,135.036
12904,5683,248,1,75.61,0.05,False,71.8295
12905,5683,205,1,367.74,0.05,False,349.353
12906,5683,87,1,564.0,0.0,False,564.0
12907,5684,89,2,247.06,0.2,False,395.29600000000005
12908,5684,294,2,141.94,0.1,False,255.492
12909,5685,248,1,75.61,0.1,False,68.049
12910,5685,212,1,445.65,0.15,False,378.80249999999995
12911,5685,22,1,205.71,0.2,False,164.568
12912,5685,198,1,266.02,0.0,False,266.02
12913,5686,114,1,23.97,0.15,False,20.374499999999998
12914,5686,121,1,183.38,0.0,False,183.38
12915,5686,76,1,938.11,0.2,False,750.488
12916,5686,219,1,211.99,0.0,False,211.99
12917,5686,299,1,725.08,0.05,False,688.826
12918,5687,211,1,943.9,0.0,False,943.9
12919,5687,140,2,500.02,0.0,False,1000.04
12920,5687,90,1,219.22,0.2,False,175.376
12921,5688,231,1,410.59,0.0,False,410.59
12922,5688,57,1,510.39,0.0,False,510.39
12923,5688,155,1,607.36,0.2,False,485.88800000000003
12924,5689,291,1,19.78,0.0,False,19.78
12925,5689,44,1,6.81,0.0,False,6.81
12926,5689,178,1,563.12,0.1,False,506.808
12927,5690,21,2,614.24,0.0,False,1228.48
12928,5691,144,1,299.76,0.0,False,299.76
12929,5692,229,1,690.53,0.0,False,690.53
12930,5693,285,1,667.54,0.1,False,600.786
12931,5694,173,1,587.7,0.0,False,587.7
12932,5694,288,1,515.26,0.0,False,515.26
12933,5695,200,1,533.81,0.1,False,480.429
12934,5695,40,1,171.89,0.0,False,171.89
12935,5695,95,1,711.68,0.1,False,640.512
12936,5696,63,1,430.39,0.0,False,430.39
12937,5696,64,1,29.71,0.0,False,29.71
12938,5697,224,1,23.12,0.05,False,21.964
12939,5697,261,1,429.63,0.05,False,408.14849999999996
12940,5697,300,1,133.29,0.05,False,126.62549999999999
12941,5697,125,1,584.13,0.0,False,584.13
12942,5698,142,1,717.32,0.1,False,645.5880000000001
12943,5698,288,1,515.26,0.15,False,437.971
12944,5699,225,1,939.11,0.0,False,939.11
12945,5699,111,1,227.31,0.0,False,227.31
12946,5700,42,2,328.75,0.0,False,657.5
12947,5701,16,1,245.66,0.1,False,221.094
12948,5701,84,1,43.2,0.05,False,41.04
12949,5701,279,2,226.81,0.2,False,362.896
12950,5702,186,1,290.81,0.0,False,290.81
12951,5703,103,1,456.96,0.0,False,456.96
12952,5704,300,3,133.29,0.1,False,359.88300000000004
12953,5705,131,1,797.13,0.0,False,797.13
12954,5705,203,1,431.09,0.05,False,409.53549999999996
12955,5705,211,1,943.9,0.15,False,802.3149999999999
12956,5705,123,1,840.94,0.0,False,840.94
12957,5706,97,1,628.48,0.0,False,628.48
12958,5706,80,2,166.05,0.1,False,298.89000000000004
12959,5707,19,2,727.02,0.0,False,1454.04
12960,5707,221,1,704.75,0.1,False,634.275
12961,5707,143,1,421.93,0.0,False,421.93
12962,5708,219,2,211.99,0.0,False,423.98
12963,5709,121,-1,183.38,0.05,True,-174.21099999999998
12964,5709,241,2,306.12,0.0,False,612.24
12965,5709,258,1,626.09,0.0,False,626.09
12966,5710,175,1,600.57,0.15,False,510.4845
12967,5710,49,1,850.7,0.05,False,808.165
12968,5711,252,1,274.43,0.2,False,219.544
12969,5711,144,1,299.76,0.0,False,299.76
12970,5711,138,2,54.35,0.0,False,108.7
12971,5712,199,3,51.0,0.0,False,153.0
12972,5712,9,2,66.57,0.0,False,133.14
12973,5712,228,2,162.75,0.05,False,309.22499999999997
12974,5713,53,1,192.38,0.0,False,192.38
12975,5714,167,1,39.88,0.0,False,39.88
12976,5714,11,1,216.27,0.0,False,216.27
12977,5715,90,1,219.22,0.1,False,197.298
12978,5716,158,1,282.03,0.0,False,282.03
12979,5717,252,2,274.43,0.1,False,493.97400000000005
12980,5717,291,1,19.78,0.0,False,19.78
12981,5718,22,1,205.71,0.0,False,205.71
12982,5718,20,1,548.49,0.0,False,548.49
12983,5718,162,1,126.53,0.15,False,107.5505
12984,5718,169,1,458.05,0.15,False,389.3425
12985,5719,258,2,626.09,0.0,False,1252.18
12986,5719,252,1,274.43,0.0,False,274.43
12987,5719,255,1,249.2,0.05,False,236.73999999999998
12988,5720,41,1,376.48,0.05,False,357.656
12989,5721,77,1,103.53,0.1,False,93.177
12990,5721,52,1,12.48,0.0,False,12.48
12991,5722,213,1,111.83,0.0,False,111.83
12992,5722,218,1,127.17,0.2,False,101.736
12993,5722,165,1,605.76,0.0,False,605.76
12994,5722,134,-1,541.79,0.2,True,-433.432
12995,5723,27,1,686.85,0.0,False,686.85
12996,5723,146,3,443.54,0.0,False,1330.6200000000001
12997,5723,65,1,460.75,0.0,False,460.75
12998,5723,42,1,328.75,0.05,False,312.3125
12999,5724,263,1,222.36,0.05,False,211.242
13000,5724,280,1,121.8,0.1,False,109.62
13001,5725,236,1,55.21,0.0,False,55.21
13002,5725,178,1,563.12,0.0,False,563.12
13003,5725,281,1,146.98,0.1,False,132.28199999999998
13004,5725,113,1,55.28,0.0,False,55.28
13005,5726,23,1,235.35,0.0,False,235.35
13006,5726,243,2,746.93,0.2,False,1195.088
13007,5727,257,2,8.4,0.0,False,16.8
13008,5728,237,1,335.88,0.0,False,335.88
13009,5729,289,1,635.36,0.0,False,635.36
13010,5730,298,2,238.39,0.0,False,476.78
13011,5731,297,1,89.43,0.0,False,89.43
13012,5731,209,2,797.01,0.0,False,1594.02
13013,5731,152,1,910.86,0.0,False,910.86
13014,5731,47,1,513.39,0.0,False,513.39
13015,5732,69,1,274.11,0.1,False,246.699
13016,5732,109,1,59.23,0.1,False,53.306999999999995
13017,5732,208,1,260.07,0.15,False,221.05949999999999
13018,5732,144,3,299.76,0.05,False,854.3159999999999
13019,5732,136,2,974.39,0.0,False,1948.78
13020,5733,281,1,146.98,0.05,False,139.63099999999997
13021,5734,12,1,156.75,0.0,False,156.75
13022,5735,70,1,402.01,0.0,False,402.01
13023,5736,96,1,682.77,0.0,False,682.77
13024,5737,145,1,61.15,0.15,False,51.9775
13025,5737,44,3,6.81,0.2,False,16.344
13026,5738,221,1,704.75,0.0,False,704.75
13027,5739,209,1,797.01,0.1,False,717.309
13028,5740,200,1,533.81,0.0,False,533.81
13029,5740,15,2,536.46,0.1,False,965.628
13030,5741,27,2,686.85,0.0,False,1373.7
13031,5742,230,3,829.69,0.0,False,2489.07
13032,5743,113,2,55.28,0.0,False,110.56
13033,5743,258,1,626.09,0.05,False,594.7855
13034,5744,231,1,410.59,0.0,False,410.59
13035,5744,75,2,299.66,0.05,False,569.354
13036,5745,150,1,182.12,0.0,False,182.12
13037,5746,89,-1,247.06,0.0,True,-247.06
13038,5746,16,2,245.66,0.0,False,491.32
13039,5746,285,1,667.54,0.15,False,567.409
13040,5747,106,1,150.04,0.1,False,135.036
13041,5748,166,1,278.38,0.0,False,278.38
13042,5748,149,1,382.77,0.0,False,382.77
13043,5749,76,1,938.11,0.0,False,938.11
13044,5749,16,1,245.66,0.1,False,221.094
13045,5749,205,1,367.74,0.0,False,367.74
13046,5749,83,1,243.1,0.0,False,243.1
13047,5750,170,1,723.66,0.05,False,687.477
13048,5751,136,2,974.39,0.1,False,1753.902
13049,5751,255,2,249.2,0.1,False,448.56
13050,5751,176,1,199.39,0.0,False,199.39
13051,5752,195,1,132.26,0.0,False,132.26
13052,5752,14,1,90.93,0.0,False,90.93
13053,5752,232,2,71.83,0.0,False,143.66
13054,5752,223,1,57.85,0.15,False,49.1725
13055,5753,27,1,686.85,0.0,False,686.85
13056,5754,287,1,754.14,0.0,False,754.14
13057,5755,71,1,362.18,0.0,False,362.18
13058,5756,23,1,235.35,0.0,False,235.35
13059,5757,88,2,275.21,0.0,False,550.42
13060,5757,128,1,686.4,0.0,False,686.4
13061,5758,196,1,518.75,0.0,False,518.75
13062,5758,145,1,61.15,0.0,False,61.15
13063,5758,90,1,219.22,0.0,False,219.22
13064,5759,195,1,132.26,0.0,False,132.26
13065,5760,181,1,37.18,0.1,False,33.462
13066,5760,297,1,89.43,0.05,False,84.9585
13067,5760,38,-1,364.99,0.0,True,-364.99
13068,5761,121,1,183.38,0.0,False,183.38
13069,5761,260,1,619.66,0.2,False,495.728
13070,5762,180,1,843.45,0.0,False,843.45
13071,5762,162,2,126.53,0.0,False,253.06
13072,5763,29,1,103.82,0.0,False,103.82
13073,5763,297,1,89.43,0.0,False,89.43
13074,5763,5,1,503.34,0.0,False,503.34
13075,5763,244,1,263.25,0.0,False,263.25
13076,5764,273,1,560.24,0.0,False,560.24
13077,5764,188,1,550.0,0.0,False,550.0
13078,5765,143,1,421.93,0.1,False,379.737
13079,5766,121,1,183.38,0.0,False,183.38
13080,5766,208,1,260.07,0.0,False,260.07
13081,5767,151,1,625.19,0.0,False,625.19
13082,5767,53,1,192.38,0.0,False,192.38
13083,5767,157,1,701.5,0.0,False,701.5
13084,5768,255,3,249.2,0.15,False,635.4599999999999
13085,5769,289,1,635.36,0.0,False,635.36
13086,5770,140,2,500.02,0.2,False,800.032
13087,5771,78,1,213.82,0.0,False,213.82
13088,5772,117,1,567.69,0.05,False,539.3055
13089,5772,22,1,205.71,0.1,False,185.139
13090,5772,169,1,458.05,0.2,False,366.44000000000005
13091,5772,86,1,443.6,0.0,False,443.6
13092,5772,116,1,862.37,0.0,False,862.37
13093,5773,291,2,19.78,0.0,False,39.56
13094,5773,84,2,43.2,0.0,False,86.4
13095,5773,246,1,574.84,0.0,False,574.84
13096,5774,65,1,460.75,0.0,False,460.75
13097,5774,58,1,87.55,0.0,False,87.55
13098,5774,264,1,16.2,0.0,False,16.2
13099,5775,31,1,976.57,0.0,False,976.57
13100,5775,21,1,614.24,0.0,False,614.24
13101,5775,113,1,55.28,0.05,False,52.516
13102,5776,248,1,75.61,0.0,False,75.61
13103,5776,54,1,679.71,0.0,False,679.71
13104,5776,97,1,628.48,0.1,False,565.6320000000001
13105,5776,25,1,282.92,0.0,False,282.92
13106,5777,200,3,533.81,0.05,False,1521.3584999999998
13107,5777,299,1,725.08,0.0,False,725.08
13108,5777,94,3,514.73,0.0,False,1544.19
13109,5777,260,1,619.66,0.0,False,619.66
13110,5777,172,-1,104.56,0.0,True,-104.56
13111,5778,131,1,797.13,0.0,False,797.13
13112,5778,292,1,425.68,0.15,False,361.828
13113,5779,125,1,584.13,0.1,False,525.717
13114,5779,254,1,286.86,0.05,False,272.517
13115,5779,299,1,725.08,0.05,False,688.826
13116,5779,108,1,378.75,0.0,False,378.75
13117,5780,3,1,978.72,0.15,False,831.912
13118,5780,82,1,235.49,0.0,False,235.49
13119,5780,33,1,217.73,0.05,False,206.84349999999998
13120,5781,298,1,238.39,0.0,False,238.39
13121,5781,16,2,245.66,0.05,False,466.75399999999996
13122,5782,171,1,14.73,0.15,False,12.5205
13123,5782,56,1,186.07,0.0,False,186.07
13124,5783,262,1,214.85,0.0,False,214.85
13125,5784,44,1,6.81,0.05,False,6.469499999999999
13126,5785,99,1,496.87,0.0,False,496.87
13127,5786,180,1,843.45,0.0,False,843.45
13128,5787,123,1,840.94,0.0,False,840.94
13129,5787,206,1,612.54,0.0,False,612.54
13130,5788,86,1,443.6,0.0,False,443.6
13131,5789,187,1,127.57,0.0,False,127.57
13132,5790,12,2,156.75,0.0,False,313.5
13133,5791,79,1,308.93,0.0,False,308.93
13134,5791,276,1,341.21,0.0,False,341.21
13135,5792,108,1,378.75,0.0,False,378.75
13136,5792,16,1,245.66,0.0,False,245.66
13137,5793,133,3,479.79,0.0,False,1439.3700000000001
13138,5793,242,1,166.1,0.0,False,166.1
13139,5793,33,-1,217.73,0.2,True,-174.184
13140,5793,241,1,306.12,0.1,False,275.50800000000004
13141,5794,193,1,351.11,0.05,False,333.5545
13142,5794,208,1,260.07,0.0,False,260.07
13143,5794,98,2,71.96,0.0,False,143.92
13144,5795,259,1,533.22,0.0,False,533.22
13145,5796,182,1,500.91,0.0,False,500.91
13146,5796,28,2,749.19,0.0,False,1498.38
13147,5797,256,1,537.93,0.0,False,537.93
13148,5797,73,1,346.78,0.0,False,346.78
13149,5797,268,1,23.79,0.0,False,23.79
13150,5798,241,1,306.12,0.1,False,275.50800000000004
13151,5798,253,1,621.95,0.0,False,621.95
13152,5799,114,1,23.97,0.0,False,23.97
13153,5799,297,1,89.43,0.0,False,89.43
13154,5800,298,1,238.39,0.05,False,226.4705
13155,5800,72,1,286.08,0.0,False,286.08
13156,5801,90,3,219.22,0.15,False,559.011
13157,5801,135,1,550.83,0.05,False,523.2885
13158,5801,230,2,829.69,0.0,False,1659.38
13159,5801,23,1,235.35,0.0,False,235.35
13160,5801,285,1,667.54,0.0,False,667.54
13161,5802,294,1,141.94,0.0,False,141.94
13162,5802,29,1,103.82,0.2,False,83.056
13163,5803,21,1,614.24,0.1,False,552.816
13164,5803,89,1,247.06,0.0,False,247.06
13165,5803,44,1,6.81,0.05,False,6.469499999999999
13166,5803,205,1,367.74,0.1,False,330.966
13167,5804,84,3,43.2,0.0,False,129.60000000000002
13168,5804,19,1,727.02,0.05,False,690.669
13169,5805,231,1,410.59,0.05,False,390.06049999999993
13170,5806,253,-1,621.95,0.1,True,-559.7550000000001
13171,5807,258,2,626.09,0.15,False,1064.353
13172,5807,228,2,162.75,0.0,False,325.5
13173,5808,153,2,530.38,0.0,False,1060.76
13174,5808,174,1,864.84,0.0,False,864.84
13175,5808,252,2,274.43,0.0,False,548.86
13176,5808,148,2,304.48,0.2,False,487.16800000000006
13177,5808,234,1,486.72,0.15,False,413.712
13178,5809,221,1,704.75,0.2,False,563.8000000000001
13179,5809,253,1,621.95,0.0,False,621.95
13180,5810,72,1,286.08,0.0,False,286.08
13181,5810,215,1,501.1,0.15,False,425.935
13182,5811,129,1,492.47,0.0,False,492.47
13183,5811,148,2,304.48,0.0,False,608.96
13184,5812,141,2,251.45,0.0,False,502.9
13185,5813,238,1,192.17,0.0,False,192.17
13186,5813,83,1,243.1,0.2,False,194.48000000000002
13187,5813,156,1,372.8,0.05,False,354.15999999999997
13188,5813,40,1,171.89,0.0,False,171.89
13189,5813,9,1,66.57,0.1,False,59.913
13190,5814,22,1,205.71,0.0,False,205.71
13191,5814,273,2,560.24,0.05,False,1064.456
13192,5815,73,1,346.78,0.0,False,346.78
13193,5816,204,1,578.66,0.0,False,578.66
13194,5817,210,1,177.09,0.0,False,177.09
13195,5817,232,1,71.83,0.15,False,61.055499999999995
13196,5818,75,1,299.66,0.1,False,269.694
13197,5818,211,1,943.9,0.0,False,943.9
13198,5819,82,1,235.49,0.0,False,235.49
13199,5820,285,2,667.54,0.1,False,1201.572
13200,5820,166,2,278.38,0.0,False,556.76
13201,5821,20,1,548.49,0.05,False,521.0654999999999
13202,5821,13,1,152.16,0.0,False,152.16
13203,5821,31,1,976.57,0.0,False,976.57
13204,5822,249,2,682.27,0.05,False,1296.3129999999999
13205,5822,294,1,141.94,0.05,False,134.843
13206,5823,91,1,369.86,0.0,False,369.86
13207,5824,200,1,533.81,0.0,False,533.81
13208,5825,243,1,746.93,0.15,False,634.8905
13209,5825,199,1,51.0,0.1,False,45.9
13210,5826,48,2,231.62,0.0,False,463.24
13211,5826,200,1,533.81,0.0,False,533.81
13212,5826,180,1,843.45,0.0,False,843.45
13213,5827,138,1,54.35,0.0,False,54.35
13214,5828,12,1,156.75,0.0,False,156.75
13215,5828,149,1,382.77,0.15,False,325.3545
13216,5829,112,1,10.73,0.15,False,9.1205
13217,5830,93,1,98.57,0.05,False,93.6415
13218,5830,116,-1,862.37,0.1,True,-776.133
13219,5830,9,1,66.57,0.0,False,66.57
13220,5831,30,1,477.17,0.0,False,477.17
13221,5831,287,2,754.14,0.15,False,1282.038
13222,5832,64,1,29.71,0.05,False,28.2245
13223,5833,164,1,446.58,0.0,False,446.58
13224,5833,126,2,240.49,0.0,False,480.98
13225,5834,161,2,68.77,0.0,False,137.54
13226,5834,165,1,605.76,0.0,False,605.76
13227,5834,267,3,253.7,0.1,False,684.9899999999999
13228,5835,246,1,574.84,0.0,False,574.84
13229,5836,288,1,515.26,0.0,False,515.26
13230,5836,170,3,723.66,0.05,False,2062.431
13231,5836,263,1,222.36,0.1,False,200.12400000000002
13232,5837,218,1,127.17,0.0,False,127.17
13233,5837,149,1,382.77,0.0,False,382.77
13234,5837,245,-1,11506.5,0.15,True,-9780.525
13235,5838,169,3,458.05,0.0,False,1374.15
13236,5839,52,2,12.48,0.0,False,24.96
13237,5840,9,1,66.57,0.0,False,66.57
13238,5841,259,1,533.22,0.0,False,533.22
13239,5841,30,1,477.17,0.1,False,429.45300000000003
13240,5841,289,1,635.36,0.1,False,571.8240000000001
13241,5842,200,1,533.81,0.0,False,533.81
13242,5843,219,1,211.99,0.05,False,201.3905
13243,5843,69,1,274.11,0.1,False,246.699
13244,5843,274,1,528.78,0.2,False,423.024
13245,5843,36,2,749.87,0.0,False,1499.74
13246,5844,160,1,150.1,0.15,False,127.585
13247,5845,265,1,839.64,0.0,False,839.64
13248,5845,8,1,295.82,0.15,False,251.44699999999997
13249,5845,100,1,283.25,0.0,False,283.25
13250,5845,194,1,222.76,0.05,False,211.62199999999999
13251,5846,80,1,166.05,0.1,False,149.44500000000002
13252,5846,184,1,278.4,0.0,False,278.4
13253,5846,170,1,723.66,0.0,False,723.66
13254,5847,232,1,71.83,0.2,False,57.464
13255,5847,87,1,564.0,0.2,False,451.20000000000005
13256,5848,113,2,55.28,0.0,False,110.56
13257,5848,247,1,708.26,0.0,False,708.26
13259,5849,126,1,240.49,0.0,False,240.49
13260,5849,271,1,756.22,0.0,False,756.22
13261,5849,29,1,103.82,0.0,False,103.82
13262,5850,29,1,103.82,0.0,False,103.82
13263,5851,25,1,282.92,0.0,False,282.92
13264,5851,126,1,240.49,0.05,False,228.4655
13265,5851,199,1,51.0,0.0,False,51.0
13266,5852,158,1,282.03,0.05,False,267.9285
13267,5853,150,1,182.12,0.0,False,182.12
13268,5853,122,1,607.34,0.0,False,607.34
13269,5853,31,1,976.57,0.0,False,976.57
13270,5853,284,1,228.9,0.0,False,228.9
13271,5853,217,2,479.18,0.05,False,910.442
13272,5854,149,1,382.77,0.0,False,382.77
13273,5855,204,1,578.66,0.05,False,549.727
13274,5856,116,2,862.37,0.0,False,1724.74
13275,5857,291,1,19.78,0.0,False,19.78
13276,5858,242,1,166.1,0.0,False,166.1
13277,5858,170,1,723.66,0.05,False,687.477
13278,5859,11,1,216.27,0.1,False,194.643
13279,5859,78,2,213.82,0.0,False,427.64
13280,5859,79,1,308.93,0.1,False,278.03700000000003
13281,5860,278,1,402.71,0.0,False,402.71
13282,5860,192,1,697.79,0.0,False,697.79
13283,5861,107,1,963.92,0.1,False,867.528
13284,5861,131,2,797.13,0.1,False,1434.834
13285,5862,11,1,216.27,0.0,False,216.27
13286,5862,193,1,351.11,0.0,False,351.11
13287,5863,283,1,680.49,0.05,False,646.4655
13288,5863,61,1,512.76,0.1,False,461.484
13289,5863,23,2,235.35,0.1,False,423.63
13290,5864,147,1,517.03,0.0,False,517.03
13291,5865,270,-1,34872.0,0.0,True,-34872.0
13292,5865,129,1,492.47,0.0,False,492.47
13293,5866,27,2,686.85,0.0,False,1373.7
13294,5866,15,1,536.46,0.0,False,536.46
13295,5866,209,1,797.01,0.05,False,757.1595
13296,5866,159,1,818.3,0.15,False,695.555
13297,5866,65,1,460.75,0.0,False,460.75
13298,5867,133,1,479.79,0.0,False,479.79
13299,5868,249,1,682.27,0.05,False,648.1564999999999
13300,5869,226,1,211.98,0.0,False,211.98
13301,5870,157,1,701.5,0.1,False,631.35
13302,5870,95,1,711.68,0.1,False,640.512
13303,5870,99,1,496.87,0.05,False,472.0265
13304,5871,92,1,148.78,0.1,False,133.90200000000002
13305,5872,83,1,243.1,0.0,False,243.1
13306,5872,4,1,17.97,0.0,False,17.97
13307,5872,72,1,286.08,0.1,False,257.472
13308,5872,124,1,640.23,0.2,False,512.1840000000001
13309,5873,218,1,127.17,0.05,False,120.8115
13310,5873,272,1,5.69,0.05,False,5.4055
13311,5874,295,1,139.02,0.0,False,139.02
13312,5874,23,1,235.35,0.15,False,200.04749999999999
13313,5875,261,2,429.63,0.15,False,730.371
13314,5875,290,1,908.96,0.0,False,908.96
13315,5875,294,-1,141.94,0.0,True,-141.94
13316,5876,136,1,974.39,0.0,False,974.39
13317,5877,190,2,707.42,0.0,False,1414.84
13318,5877,80,1,166.05,0.05,False,157.7475
13319,5877,126,1,240.49,0.0,False,240.49
13320,5877,235,1,370.09,0.2,False,296.072
13321,5877,218,3,127.17,0.1,False,343.359
13322,5878,196,1,518.75,0.0,False,518.75
13324,5878,43,1,97.72,0.0,False,97.72
13325,5879,264,1,16.2,0.0,False,16.2
13326,5880,102,1,396.98,0.05,False,377.131
13327,5881,23,1,235.35,0.0,False,235.35
13328,5881,84,1,43.2,0.1,False,38.88
13329,5882,136,1,974.39,0.0,False,974.39
13330,5882,282,2,280.61,0.0,False,561.22
13331,5883,280,1,121.8,0.05,False,115.71
13332,5883,288,2,515.26,0.0,False,1030.52
13333,5883,186,1,290.81,0.0,False,290.81
13334,5884,36,1,749.87,0.0,False,749.87
13335,5884,229,1,690.53,0.1,False,621.477
13337,5885,101,1,488.42,0.0,False,488.42
13338,5885,41,1,376.48,0.0,False,376.48
13339,5886,114,1,23.97,0.05,False,22.7715
13340,5887,234,3,486.72,0.0,False,1460.16
13341,5887,74,1,171.2,0.05,False,162.64
13342,5888,279,1,226.81,0.0,False,226.81
13343,5888,52,1,12.48,0.0,False,12.48
13344,5888,244,2,263.25,0.0,False,526.5
13345,5889,44,1,6.81,0.0,False,6.81
13346,5889,230,1,829.69,0.15,False,705.2365
13347,5890,89,1,247.06,0.0,False,247.06
13348,5891,81,1,779.01,0.05,False,740.0595
13349,5891,57,1,510.39,0.0,False,510.39
13350,5891,5,2,503.34,0.15,False,855.6779999999999
13351,5892,62,2,244.7,0.0,False,489.4
13352,5892,279,1,226.81,0.0,False,226.81
13353,5892,272,1,5.69,0.0,False,5.69
13354,5893,38,3,364.99,0.0,False,1094.97
13355,5893,239,1,517.8,0.0,False,517.8
13356,5894,233,1,82.49,0.05,False,78.3655
13357,5895,143,1,421.93,0.0,False,421.93
13358,5896,274,2,528.78,0.0,False,1057.56
13359,5896,190,1,707.42,0.0,False,707.42
13360,5897,213,1,111.83,0.0,False,111.83
13361,5897,209,1,797.01,0.0,False,797.01
13362,5898,101,1,488.42,0.0,False,488.42
13363,5898,94,-1,514.73,0.0,True,-514.73
13364,5899,269,2,603.81,0.0,False,1207.62
13365,5899,156,2,372.8,0.1,False,671.0400000000001
13366,5900,258,1,626.09,0.0,False,626.09
13367,5901,6,1,531.19,0.2,False,424.95200000000006
13368,5902,276,2,341.21,0.05,False,648.299
13369,5902,232,3,71.83,0.05,False,204.7155
13370,5903,32,1,338.4,0.0,False,338.4
13371,5904,208,1,260.07,0.05,False,247.0665
13372,5905,185,1,582.19,0.0,False,582.19
13373,5906,292,1,425.68,0.0,False,425.68
13374,5906,110,3,52.92,0.0,False,158.76
13375,5907,139,2,835.42,0.0,False,1670.84
13376,5907,55,1,395.52,0.05,False,375.74399999999997
13377,5908,175,1,600.57,0.0,False,600.57
13378,5908,273,1,560.24,0.0,False,560.24
13379,5908,27,1,686.85,0.2,False,549.48
13380,5909,181,3,37.18,0.0,False,111.53999999999999
13381,5909,100,1,283.25,0.1,False,254.925
13382,5909,166,2,278.38,0.15,False,473.246
13383,5909,281,1,146.98,0.1,False,132.28199999999998
13384,5909,268,1,23.79,0.0,False,23.79
13385,5910,124,1,640.23,0.1,False,576.207
13386,5910,165,1,605.76,0.2,False,484.608
13387,5910,224,-1,23.12,0.15,True,-19.652
13388,5911,194,2,222.76,0.05,False,423.24399999999997
13389,5911,274,2,528.78,0.0,False,1057.56
13390,5912,67,2,355.8,0.0,False,711.6
13391,5912,71,1,362.18,0.0,False,362.18
13392,5913,216,3,492.92,0.0,False,1478.76
13393,5914,82,3,235.49,0.05,False,671.1465
13394,5914,50,1,240.1,0.0,False,240.1
13395,5915,171,1,14.73,0.05,False,13.9935
13396,5916,195,1,132.26,0.1,False,119.03399999999999
13397,5916,118,1,611.17,0.1,False,550.053
13398,5916,158,3,282.03,0.2,False,676.872
13399,5917,224,2,23.12,0.1,False,41.616
13400,5918,212,1,445.65,0.0,False,445.65
13401,5918,80,1,166.05,0.0,False,166.05
13402,5918,251,1,439.11,0.05,False,417.1545
13403,5918,46,1,397.56,0.0,False,397.56
13404,5919,190,1,707.42,0.0,False,707.42
13405,5919,173,1,587.7,0.0,False,587.7
13406,5919,265,1,839.64,0.0,False,839.64
13407,5919,16,1,245.66,0.2,False,196.52800000000002
13408,5920,75,1,299.66,0.0,False,299.66
13409,5920,100,1,283.25,0.05,False,269.0875
13410,5921,15,1,536.46,0.05,False,509.637
13411,5922,165,1,605.76,0.0,False,605.76
13413,5922,12,1,156.75,0.15,False,133.23749999999998
13414,5923,291,2,19.78,0.1,False,35.604000000000006
13415,5924,15,1,536.46,0.0,False,536.46
13416,5924,231,1,410.59,0.0,False,410.59
13417,5925,85,1,530.7,0.0,False,530.7
13418,5925,233,1,82.49,0.1,False,74.241
13419,5925,61,2,512.76,0.0,False,1025.52
13420,5925,189,1,24.7,0.0,False,24.7
13421,5926,54,1,679.71,0.1,False,611.739
13422,5927,2,1,807.37,0.0,False,807.37
13423,5928,277,1,437.32,0.0,False,437.32
13424,5928,221,1,704.75,0.1,False,634.275
13425,5928,140,1,500.02,0.0,False,500.02
13426,5928,296,1,361.73,0.15,False,307.4705
13427,5928,298,1,238.39,0.15,False,202.6315
13428,5929,229,3,690.53,0.0,False,2071.59
13429,5929,168,3,649.6,0.0,False,1948.8000000000002
13430,5930,217,1,479.18,0.0,False,479.18
13431,5930,114,1,23.97,0.0,False,23.97
13432,5931,218,2,127.17,0.05,False,241.623
13433,5931,230,1,829.69,0.0,False,829.69
13434,5931,167,2,39.88,0.0,False,79.76
13435,5932,217,1,479.18,0.0,False,479.18
13436,5932,2,1,807.37,0.0,False,807.37
13437,5932,280,1,121.8,0.1,False,109.62
13438,5932,202,1,514.85,0.0,False,514.85
13439,5933,160,1,150.1,0.0,False,150.1
13440,5934,82,1,235.49,0.05,False,223.7155
13441,5934,19,1,727.02,0.0,False,727.02
13442,5934,161,2,68.77,0.15,False,116.90899999999999
13443,5935,165,2,605.76,0.0,False,1211.52
13444,5935,190,1,707.42,0.0,False,707.42
13445,5935,288,1,515.26,0.2,False,412.208
13446,5935,88,1,275.21,0.0,False,275.21
13447,5936,104,1,957.31,0.15,False,813.7135
13448,5936,226,3,211.98,0.0,False,635.9399999999999
13449,5936,246,2,574.84,0.0,False,1149.68
13450,5937,96,1,682.77,0.1,False,614.493
13451,5937,287,1,754.14,0.0,False,754.14
13452,5938,98,1,71.96,0.05,False,68.362
13453,5938,144,1,299.76,0.05,False,284.772
13454,5938,106,3,150.04,0.0,False,450.12
13455,5939,6,1,531.19,0.1,False,478.0710000000001
13456,5939,53,1,192.38,0.05,False,182.761
13457,5939,113,2,55.28,0.1,False,99.504
13458,5940,14,1,90.93,0.0,False,90.93
13459,5941,143,1,421.93,0.15,False,358.6405
13460,5941,221,1,704.75,0.0,False,704.75
13461,5941,255,-1,249.2,0.0,True,-249.2
13462,5942,272,3,5.69,0.15,False,14.5095
13463,5942,84,1,43.2,0.1,False,38.88
13464,5943,104,1,957.31,0.05,False,909.4445
13465,5943,116,1,862.37,0.15,False,733.0145
13466,5944,265,1,839.64,0.0,False,839.64
13467,5944,152,1,910.86,0.1,False,819.774
13468,5945,13,3,152.16,0.0,False,456.48
13469,5945,18,1,35.67,0.1,False,32.103
13470,5946,270,1,34872.0,0.05,False,33128.4
13471,5947,151,2,625.19,0.15,False,1062.823
13472,5948,150,1,182.12,0.15,False,154.802
13473,5948,66,1,447.18,0.0,False,447.18
13474,5949,123,1,840.94,0.05,False,798.893
13475,5949,288,1,515.26,0.0,False,515.26
13476,5950,239,1,517.8,0.05,False,491.9099999999999
13477,5950,46,1,397.56,0.1,False,357.80400000000003
13478,5950,241,1,306.12,0.05,False,290.81399999999996
13479,5951,179,1,478.65,0.0,False,478.65
13480,5952,39,1,412.64,0.15,False,350.74399999999997
13481,5952,200,1,533.81,0.0,False,533.81
13482,5953,190,1,707.42,0.0,False,707.42
13483,5953,65,1,460.75,0.0,False,460.75
13484,5953,50,1,240.1,0.0,False,240.1
13485,5954,247,2,708.26,0.05,False,1345.694
13486,5954,22,1,205.71,0.0,False,205.71
13487,5954,10,1,309.24,0.0,False,309.24
13488,5955,242,1,166.1,0.05,False,157.795
13489,5955,236,1,55.21,0.0,False,55.21
13490,5956,7,3,357.42,0.05,False,1018.6469999999999
13491,5957,147,1,517.03,0.1,False,465.327
13492,5957,48,2,231.62,0.2,False,370.59200000000004
13493,5957,65,1,460.75,0.0,False,460.75
13494,5958,26,2,259.69,0.0,False,519.38
13495,5958,278,2,402.71,0.0,False,805.42
13496,5958,111,1,227.31,0.0,False,227.31
13497,5959,77,3,103.53,0.05,False,295.0605
13498,5960,23,2,235.35,0.1,False,423.63
13499,5960,212,3,445.65,0.2,False,1069.56
13500,5960,140,1,500.02,0.1,False,450.018
13501,5960,42,1,328.75,0.0,False,328.75
13502,5960,150,1,182.12,0.0,False,182.12
13503,5961,125,1,584.13,0.0,False,584.13
13504,5961,109,3,59.23,0.0,False,177.69
13505,5961,222,1,264.61,0.15,False,224.9185
13506,5962,132,3,299.38,0.2,False,718.5120000000001
13507,5962,213,1,111.83,0.05,False,106.23849999999999
13508,5963,5,1,503.34,0.05,False,478.17299999999994
13510,5964,208,2,260.07,0.15,False,442.11899999999997
13511,5964,149,1,382.77,0.0,False,382.77
13512,5965,93,1,98.57,0.05,False,93.6415
13513,5965,8,1,295.82,0.15,False,251.44699999999997
13514,5965,275,1,82.62,0.05,False,78.489
13515,5966,273,2,560.24,0.0,False,1120.48
13516,5966,94,1,514.73,0.0,False,514.73
13517,5967,145,1,61.15,0.05,False,58.092499999999994
13518,5967,211,2,943.9,0.0,False,1887.8
13519,5967,214,1,304.46,0.0,False,304.46
13520,5968,210,1,177.09,0.0,False,177.09
13521,5968,284,2,228.9,0.0,False,457.8
13522,5968,271,1,756.22,0.1,False,680.5980000000001
13523,5969,298,1,238.39,0.05,False,226.4705
13524,5969,287,2,754.14,0.0,False,1508.28
13525,5969,109,1,59.23,0.0,False,59.23
13526,5969,272,1,5.69,0.0,False,5.69
13527,5970,109,1,59.23,0.0,False,59.23
13528,5971,94,1,514.73,0.05,False,488.9935
13529,5971,62,2,244.7,0.05,False,464.92999999999995
13530,5972,158,1,282.03,0.0,False,282.03
13531,5973,212,1,445.65,0.1,False,401.085
13532,5973,95,1,711.68,0.0,False,711.68
13533,5973,115,2,251.88,0.2,False,403.00800000000004
13534,5974,161,3,68.77,0.0,False,206.31
13535,5975,22,1,205.71,0.0,False,205.71
13536,5975,67,1,355.8,0.0,False,355.8
13537,5976,87,2,564.0,0.0,False,1128.0
13538,5976,123,1,840.94,0.15,False,714.799
13539,5977,14,2,90.93,0.0,False,181.86
13540,5977,133,1,479.79,0.0,False,479.79
13541,5978,53,1,192.38,0.0,False,192.38
13542,5979,25,1,282.92,0.1,False,254.62800000000001
13543,5979,199,3,51.0,0.0,False,153.0
13544,5979,246,-1,574.84,0.05,True,-546.098
13545,5980,77,1,103.53,0.0,False,103.53
13546,5981,56,1,186.07,0.0,False,186.07
13547,5981,107,1,963.92,0.15,False,819.332
13548,5981,250,1,8284.0,0.0,False,8284.0
13549,5982,57,1,510.39,0.0,False,510.39
13550,5983,295,1,139.02,0.1,False,125.11800000000001
13551,5984,224,1,23.12,0.05,False,21.964
13552,5984,229,1,690.53,0.0,False,690.53
13553,5985,190,1,707.42,0.2,False,565.936
13554,5986,123,1,840.94,0.15,False,714.799
13555,5986,160,2,150.1,0.0,False,300.2
13556,5987,51,1,863.34,0.0,False,863.34
13557,5988,132,1,299.38,0.0,False,299.38
13558,5988,108,1,378.75,0.0,False,378.75
13559,5988,209,1,797.01,0.0,False,797.01
13560,5988,197,3,538.79,0.0,False,1616.37
13561,5988,85,1,530.7,0.0,False,530.7
13562,5989,6,1,531.19,0.0,False,531.19
13563,5989,93,1,98.57,0.0,False,98.57
13564,5989,25,2,282.92,0.1,False,509.25600000000003
13565,5990,91,2,369.86,0.0,False,739.72
13566,5990,94,1,514.73,0.0,False,514.73
13567,5991,145,1,61.15,0.0,False,61.15
13568,5991,292,1,425.68,0.05,False,404.396
13569,5991,209,1,797.01,0.05,False,757.1595
13570,5991,155,1,607.36,0.1,False,546.624
13571,5992,146,1,443.54,0.0,False,443.54
13572,5992,176,3,199.39,0.0,False,598.17
13573,5992,147,-1,517.03,0.15,True,-439.47549999999995
13574,5992,75,1,299.66,0.0,False,299.66
13575,5993,3,1,978.72,0.0,False,978.72
13576,5993,9,3,66.57,0.0,False,199.70999999999998
13577,5994,86,3,443.6,0.1,False,1197.7200000000003
13578,5995,287,3,754.14,0.05,False,2149.299
13579,5995,74,1,171.2,0.0,False,171.2
13580,5995,195,1,132.26,0.0,False,132.26
13581,5996,201,2,567.68,0.0,False,1135.36
13582,5996,268,1,23.79,0.0,False,23.79
13583,5997,6,1,531.19,0.0,False,531.19
13585,5997,283,1,680.49,0.0,False,680.49
13586,5997,62,1,244.7,0.15,False,207.99499999999998
13587,5997,77,1,103.53,0.15,False,88.0005
13588,5998,49,3,850.7,0.05,False,2424.4950000000003
13589,5998,265,1,839.64,0.05,False,797.6579999999999
13590,5999,47,1,513.39,0.1,False,462.051
13591,6000,14,1,90.93,0.1,False,81.837
13592,6000,40,1,171.89,0.05,False,163.29549999999998
13593,6000,154,1,115.68,0.0,False,115.68
13594,6000,86,1,443.6,0.2,False,354.88000000000005
13595,6000,87,1,564.0,0.2,False,451.20000000000005
13596,6001,141,1,251.45,0.0,False,251.45
13597,6002,140,1,500.02,0.0,False,500.02
13598,6002,168,1,649.6,0.1,False,584.64
13599,6002,221,1,704.75,0.0,False,704.75
13600,6003,102,3,396.98,0.0,False,1190.94
13601,6003,204,2,578.66,0.0,False,1157.32
13602,6004,149,2,382.77,0.1,False,688.986
13603,6004,122,2,607.34,0.0,False,1214.68
13604,6005,288,1,515.26,0.15,False,437.971
13605,6005,136,1,974.39,0.0,False,974.39
13606,6006,234,1,486.72,0.0,False,486.72
13607,6007,36,2,749.87,0.0,False,1499.74
13608,6007,169,1,458.05,0.0,False,458.05
13609,6008,165,2,605.76,0.05,False,1150.944
13610,6008,192,3,697.79,0.0,False,2093.37
13611,6009,239,1,517.8,0.0,False,517.8
13612,6009,173,3,587.7,0.0,False,1763.1000000000001
13613,6009,97,1,628.48,0.0,False,628.48
13614,6009,220,1,475.38,0.1,False,427.842
13615,6009,209,1,797.01,0.0,False,797.01
13616,6010,49,1,850.7,0.0,False,850.7
13617,6011,207,2,518.71,0.05,False,985.549
13618,6011,74,1,171.2,0.2,False,136.96
13619,6011,258,1,626.09,0.15,False,532.1765
13620,6011,202,1,514.85,0.15,False,437.6225
13621,6011,108,1,378.75,0.0,False,378.75
13622,6012,157,3,701.5,0.0,False,2104.5
13623,6013,18,-1,35.67,0.0,True,-35.67
13624,6013,253,1,621.95,0.05,False,590.8525
13625,6014,80,1,166.05,0.2,False,132.84
13626,6014,25,1,282.92,0.0,False,282.92
13627,6014,85,1,530.7,0.15,False,451.095
13628,6014,271,1,756.22,0.1,False,680.5980000000001
13629,6015,181,3,37.18,0.05,False,105.963
13630,6016,86,1,443.6,0.0,False,443.6
13631,6017,242,1,166.1,0.0,False,166.1
13632,6018,172,1,104.56,0.0,False,104.56
13633,6019,3,2,978.72,0.0,False,1957.44
13634,6020,182,1,500.91,0.15,False,425.7735
13635,6020,123,1,840.94,0.1,False,756.8460000000001
13636,6020,191,1,457.7,0.0,False,457.7
13637,6021,90,2,219.22,0.0,False,438.44
13638,6022,204,3,578.66,0.05,False,1649.181
13639,6023,270,1,34872.0,0.0,False,34872.0
13640,6023,225,1,939.11,0.0,False,939.11
13641,6023,64,1,29.71,0.1,False,26.739
13642,6024,241,1,306.12,0.05,False,290.81399999999996
13643,6025,121,2,183.38,0.0,False,366.76
13644,6025,208,-1,260.07,0.0,True,-260.07
13645,6025,294,2,141.94,0.15,False,241.298
13646,6026,138,1,54.35,0.0,False,54.35
13647,6026,206,1,612.54,0.0,False,612.54
13648,6027,104,1,957.31,0.0,False,957.31
13649,6027,182,1,500.91,0.0,False,500.91
13650,6027,23,1,235.35,0.0,False,235.35
13651,6027,100,1,283.25,0.0,False,283.25
13652,6028,219,1,211.99,0.05,False,201.3905
13653,6028,267,2,253.7,0.0,False,507.4
13654,6028,124,1,640.23,0.0,False,640.23
13655,6029,220,1,475.38,0.0,False,475.38
13656,6029,173,3,587.7,0.0,False,1763.1000000000001
13657,6030,231,1,410.59,0.05,False,390.06049999999993
13658,6031,278,3,402.71,0.0,False,1208.1299999999999
13659,6031,168,1,649.6,0.0,False,649.6
13660,6032,234,1,486.72,0.0,False,486.72
13661,6033,285,1,667.54,0.05,False,634.1629999999999
13662,6033,62,1,244.7,0.0,False,244.7
13663,6034,18,2,35.67,0.15,False,60.639
13664,6034,284,1,228.9,0.0,False,228.9
13665,6035,219,1,211.99,0.0,False,211.99
13666,6035,189,1,24.7,0.0,False,24.7
13667,6035,78,1,213.82,0.05,False,203.129
13668,6036,271,1,756.22,0.1,False,680.5980000000001
13669,6036,143,1,421.93,0.05,False,400.8335
13671,6036,181,2,37.18,0.0,False,74.36
13672,6037,183,1,942.96,0.0,False,942.96
13673,6038,76,1,938.11,0.05,False,891.2044999999999
13674,6038,182,2,500.91,0.0,False,1001.82
13675,6038,276,1,341.21,0.1,False,307.089
13676,6039,288,1,515.26,0.1,False,463.734
13677,6040,258,1,626.09,0.0,False,626.09
13678,6040,203,2,431.09,0.0,False,862.18
13679,6040,137,1,316.92,0.05,False,301.074
13680,6040,166,1,278.38,0.0,False,278.38
13681,6041,288,2,515.26,0.0,False,1030.52
13682,6041,30,1,477.17,0.0,False,477.17
13683,6042,299,3,725.08,0.0,False,2175.2400000000002
13684,6042,78,1,213.82,0.05,False,203.129
13685,6042,63,2,430.39,0.0,False,860.78
13686,6042,117,2,567.69,0.0,False,1135.38
13687,6043,272,2,5.69,0.0,False,11.38
13688,6043,225,2,939.11,0.0,False,1878.22
13689,6044,290,1,908.96,0.05,False,863.512
13690,6045,89,3,247.06,0.0,False,741.1800000000001
13692,6045,187,3,127.57,0.15,False,325.3035
13693,6046,95,1,711.68,0.05,False,676.0959999999999
13694,6046,204,1,578.66,0.0,False,578.66
13695,6047,25,1,282.92,0.0,False,282.92
13696,6048,185,2,582.19,0.0,False,1164.38
13697,6048,107,1,963.92,0.05,False,915.7239999999999
13698,6048,236,1,55.21,0.0,False,55.21
13699,6048,144,1,299.76,0.0,False,299.76
13700,6049,225,1,939.11,0.0,False,939.11
13701,6050,106,1,150.04,0.15,False,127.53399999999999
13702,6051,226,1,211.98,0.0,False,211.98
13703,6051,21,1,614.24,0.0,False,614.24
13704,6051,88,1,275.21,0.0,False,275.21
13705,6052,115,1,251.88,0.05,False,239.28599999999997
13706,6053,34,2,399.8,0.0,False,799.6
13707,6053,275,3,82.62,0.0,False,247.86
13708,6054,211,1,943.9,0.0,False,943.9
13709,6054,38,1,364.99,0.15,False,310.2415
13710,6054,157,1,701.5,0.0,False,701.5
13711,6055,59,2,287.12,0.0,False,574.24
13712,6055,111,2,227.31,0.15,False,386.427
13713,6055,186,1,290.81,0.05,False,276.2695
13714,6056,73,1,346.78,0.0,False,346.78
13715,6057,59,1,287.12,0.0,False,287.12
13716,6057,2,1,807.37,0.1,False,726.633
13717,6058,233,1,82.49,0.0,False,82.49
13718,6059,267,1,253.7,0.0,False,253.7
13719,6060,247,1,708.26,0.0,False,708.26
13720,6060,64,1,29.71,0.1,False,26.739
13721,6061,268,-1,23.79,0.0,True,-23.79
13722,6061,29,1,103.82,0.15,False,88.24699999999999
13723,6061,121,1,183.38,0.0,False,183.38
13724,6061,83,1,243.1,0.1,False,218.79
13725,6061,236,1,55.21,0.15,False,46.9285
13726,6062,256,2,537.93,0.0,False,1075.86
13727,6062,253,1,621.95,0.0,False,621.95
13728,6062,196,1,518.75,0.0,False,518.75
13729,6063,244,1,263.25,0.1,False,236.925
13730,6063,145,1,61.15,0.15,False,51.9775
13731,6063,248,3,75.61,0.0,False,226.82999999999998
13732,6063,123,1,840.94,0.2,False,672.7520000000001
13733,6063,160,1,150.1,0.0,False,150.1
13734,6064,85,1,530.7,0.0,False,530.7
13735,6064,29,1,103.82,0.0,False,103.82
13736,6064,69,1,274.11,0.0,False,274.11
13737,6064,229,1,690.53,0.15,False,586.9504999999999
13738,6065,263,2,222.36,0.05,False,422.484
13739,6065,158,1,282.03,0.0,False,282.03
13740,6065,48,1,231.62,0.1,False,208.458
13741,6065,46,1,397.56,0.05,False,377.68199999999996
13742,6065,215,1,501.1,0.0,False,501.1
13743,6066,98,1,71.96,0.0,False,71.96
13744,6066,294,1,141.94,0.05,False,134.843
13745,6066,38,1,364.99,0.05,False,346.7405
13746,6067,255,1,249.2,0.0,False,249.2
13747,6068,251,1,439.11,0.0,False,439.11
13748,6068,57,1,510.39,0.0,False,510.39
13749,6069,28,1,749.19,0.0,False,749.19
13750,6070,288,2,515.26,0.0,False,1030.52
13751,6070,100,1,283.25,0.1,False,254.925
13752,6070,276,1,341.21,0.0,False,341.21
13753,6071,41,1,376.48,0.05,False,357.656
13754,6071,108,1,378.75,0.0,False,378.75
13755,6072,218,1,127.17,0.0,False,127.17
13756,6072,290,1,908.96,0.0,False,908.96
13757,6073,174,1,864.84,0.05,False,821.598
13758,6073,52,1,12.48,0.0,False,12.48
13759,6073,245,-1,11506.5,0.1,True,-10355.85
13760,6074,211,1,943.9,0.05,False,896.7049999999999
13761,6075,86,1,443.6,0.05,False,421.42
13762,6076,105,3,375.87,0.0,False,1127.6100000000001
13763,6076,235,1,370.09,0.0,False,370.09
13764,6077,103,2,456.96,0.0,False,913.92
13765,6077,17,1,953.82,0.0,False,953.82
13766,6077,225,1,939.11,0.1,False,845.1990000000001
13767,6078,199,1,51.0,0.0,False,51.0
13768,6079,62,1,244.7,0.0,False,244.7
13769,6079,108,1,378.75,0.0,False,378.75
13770,6080,232,1,71.83,0.0,False,71.83
13771,6080,39,1,412.64,0.2,False,330.112
13772,6081,119,1,519.85,0.0,False,519.85
13773,6082,245,2,11506.5,0.05,False,21862.35
13774,6083,189,1,24.7,0.0,False,24.7
13775,6083,183,1,942.96,0.0,False,942.96
13776,6083,199,2,51.0,0.0,False,102.0
13777,6083,121,1,183.38,0.1,False,165.042
13778,6083,138,1,54.35,0.0,False,54.35
13779,6084,104,1,957.31,0.0,False,957.31
13780,6084,278,1,402.71,0.0,False,402.71
13781,6085,187,-1,127.57,0.0,True,-127.57
13782,6085,249,1,682.27,0.05,False,648.1564999999999
13783,6085,89,1,247.06,0.0,False,247.06
13784,6085,120,1,146.96,0.0,False,146.96
13785,6086,159,1,818.3,0.0,False,818.3
13786,6086,60,1,148.68,0.1,False,133.812
13787,6086,274,1,528.78,0.0,False,528.78
13788,6087,233,2,82.49,0.2,False,131.984
13789,6088,239,1,517.8,0.05,False,491.9099999999999
13791,6088,117,1,567.69,0.0,False,567.69
13792,6089,8,2,295.82,0.1,False,532.476
13793,6089,239,2,517.8,0.05,False,983.8199999999998
13794,6090,214,1,304.46,0.0,False,304.46
13795,6090,10,1,309.24,0.05,False,293.778
13796,6090,48,1,231.62,0.0,False,231.62
13797,6090,32,3,338.4,0.05,False,964.4399999999999
13798,6090,87,1,564.0,0.05,False,535.8
13799,6091,122,3,607.34,0.05,False,1730.9189999999999
13800,6091,202,2,514.85,0.0,False,1029.7
13801,6091,93,1,98.57,0.0,False,98.57
13802,6092,111,1,227.31,0.1,False,204.579
13803,6092,135,1,550.83,0.0,False,550.83
13804,6092,21,2,614.24,0.0,False,1228.48
13805,6093,297,2,89.43,0.0,False,178.86
13806,6094,282,1,280.61,0.0,False,280.61
13807,6094,27,1,686.85,0.15,False,583.8225
13808,6094,279,2,226.81,0.0,False,453.62
13809,6095,66,1,447.18,0.0,False,447.18
13811,6095,194,1,222.76,0.0,False,222.76
13812,6096,292,1,425.68,0.0,False,425.68
13813,6096,8,1,295.82,0.1,False,266.238
13814,6097,34,1,399.8,0.0,False,399.8
13815,6098,134,2,541.79,0.0,False,1083.58
13816,6098,168,3,649.6,0.0,False,1948.8000000000002
13817,6098,37,2,608.8,0.0,False,1217.6
13818,6098,106,2,150.04,0.0,False,300.08
13819,6099,163,1,598.68,0.0,False,598.68
13820,6099,42,1,328.75,0.1,False,295.875
13821,6099,17,1,953.82,0.0,False,953.82
13822,6100,44,1,6.81,0.0,False,6.81
13823,6101,239,1,517.8,0.0,False,517.8
13824,6101,101,3,488.42,0.0,False,1465.26
13825,6102,115,1,251.88,0.2,False,201.50400000000002
13826,6103,244,1,263.25,0.0,False,263.25
13827,6103,21,3,614.24,0.05,False,1750.5839999999998
13828,6103,88,1,275.21,0.2,False,220.168
13829,6104,58,1,87.55,0.1,False,78.795
13830,6105,11,1,216.27,0.15,False,183.8295
13831,6105,77,1,103.53,0.0,False,103.53
13832,6106,252,1,274.43,0.0,False,274.43
13833,6107,193,1,351.11,0.05,False,333.5545
13834,6107,232,1,71.83,0.0,False,71.83
13835,6107,59,2,287.12,0.05,False,545.528
13836,6107,259,1,533.22,0.0,False,533.22
13837,6108,137,-1,316.92,0.0,True,-316.92
13838,6108,265,3,839.64,0.0,False,2518.92
13839,6109,45,1,511.39,0.2,False,409.112
13840,6110,161,-1,68.77,0.05,True,-65.33149999999999
13841,6111,139,2,835.42,0.0,False,1670.84
13842,6111,99,1,496.87,0.1,False,447.183
13843,6112,226,-1,211.98,0.05,True,-201.38099999999997
13844,6113,80,1,166.05,0.0,False,166.05
13845,6114,168,1,649.6,0.05,False,617.12
13846,6115,109,1,59.23,0.0,False,59.23
13847,6115,282,1,280.61,0.0,False,280.61
13848,6116,214,1,304.46,0.0,False,304.46
13849,6116,235,1,370.09,0.0,False,370.09
13850,6116,143,1,421.93,0.0,False,421.93
13851,6117,221,1,704.75,0.0,False,704.75
13852,6118,70,1,402.01,0.05,False,381.9095
13853,6118,47,1,513.39,0.0,False,513.39
13854,6118,264,1,16.2,0.1,False,14.58
13855,6119,118,3,611.17,0.0,False,1833.5099999999998
13856,6119,157,1,701.5,0.2,False,561.2
13857,6119,107,1,963.92,0.0,False,963.92
13858,6120,169,1,458.05,0.0,False,458.05
13859,6120,162,3,126.53,0.0,False,379.59000000000003
13860,6121,147,1,517.03,0.0,False,517.03
13861,6122,274,1,528.78,0.1,False,475.902
13862,6122,129,1,492.47,0.0,False,492.47
13863,6123,242,1,166.1,0.0,False,166.1
13864,6124,279,2,226.81,0.0,False,453.62
13865,6125,169,1,458.05,0.0,False,458.05
13866,6125,191,1,457.7,0.0,False,457.7
13867,6126,299,1,725.08,0.0,False,725.08
13868,6127,9,1,66.57,0.1,False,59.913
13869,6128,106,1,150.04,0.0,False,150.04
13870,6128,127,1,111.4,0.2,False,89.12
13871,6129,73,2,346.78,0.0,False,693.56
13872,6129,77,1,103.53,0.0,False,103.53
13873,6129,22,1,205.71,0.05,False,195.4245
13874,6130,34,1,399.8,0.0,False,399.8
13875,6131,174,3,864.84,0.05,False,2464.794
13876,6131,132,1,299.38,0.15,False,254.47299999999998
13877,6132,42,1,328.75,0.0,False,328.75
13879,6132,188,1,550.0,0.0,False,550.0
13880,6132,128,3,686.4,0.0,False,2059.2
13881,6133,47,1,513.39,0.05,False,487.72049999999996
13882,6133,291,1,19.78,0.1,False,17.802000000000003
13883,6134,119,1,519.85,0.1,False,467.865
13884,6135,244,2,263.25,0.0,False,526.5
13885,6136,116,1,862.37,0.05,False,819.2515
13886,6137,108,1,378.75,0.1,False,340.875
13887,6138,157,1,701.5,0.0,False,701.5
13888,6138,284,1,228.9,0.0,False,228.9
13889,6139,213,1,111.83,0.0,False,111.83
13890,6139,171,1,14.73,0.0,False,14.73
13891,6140,193,1,351.11,0.0,False,351.11
13892,6140,148,1,304.48,0.1,False,274.03200000000004
13893,6140,205,1,367.74,0.15,False,312.579
13894,6140,89,1,247.06,0.2,False,197.64800000000002
13895,6141,223,1,57.85,0.15,False,49.1725
13896,6141,262,1,214.85,0.0,False,214.85
13897,6142,144,1,299.76,0.05,False,284.772
13898,6142,115,1,251.88,0.0,False,251.88
13899,6142,287,2,754.14,0.0,False,1508.28
13900,6142,151,1,625.19,0.2,False,500.15200000000004
13901,6142,112,1,10.73,0.15,False,9.1205
13902,6143,42,2,328.75,0.15,False,558.875
13903,6144,47,2,513.39,0.05,False,975.4409999999999
13904,6145,240,1,555.47,0.05,False,527.6965
13905,6145,204,-1,578.66,0.0,True,-578.66
13906,6145,246,1,574.84,0.0,False,574.84
13907,6146,48,1,231.62,0.2,False,185.29600000000002
13908,6147,43,1,97.72,0.15,False,83.062
13909,6147,84,1,43.2,0.0,False,43.2
13910,6148,175,1,600.57,0.0,False,600.57
13911,6148,46,1,397.56,0.0,False,397.56
13912,6148,254,1,286.86,0.0,False,286.86
13913,6149,225,1,939.11,0.0,False,939.11
13914,6149,256,3,537.93,0.0,False,1613.79
13915,6150,262,1,214.85,0.0,False,214.85
13916,6151,178,1,563.12,0.0,False,563.12
13917,6152,47,1,513.39,0.1,False,462.051
13918,6152,252,2,274.43,0.1,False,493.97400000000005
13919,6153,126,1,240.49,0.05,False,228.4655
13920,6154,274,2,528.78,0.0,False,1057.56
13921,6154,53,1,192.38,0.2,False,153.904
13922,6155,258,1,626.09,0.0,False,626.09
13923,6155,105,1,375.87,0.05,False,357.0765
13924,6155,223,2,57.85,0.15,False,98.345
13925,6155,290,1,908.96,0.1,False,818.0640000000001
13926,6155,225,3,939.11,0.15,False,2394.7304999999997
13927,6156,155,2,607.36,0.0,False,1214.72
13928,6157,141,2,251.45,0.1,False,452.61
13929,6157,223,1,57.85,0.05,False,54.957499999999996
13930,6158,25,1,282.92,0.1,False,254.62800000000001
13931,6159,110,1,52.92,0.1,False,47.628
13932,6159,48,1,231.62,0.0,False,231.62
13933,6159,209,3,797.01,0.1,False,2151.9269999999997
13934,6159,275,1,82.62,0.0,False,82.62
13935,6159,265,1,839.64,0.15,False,713.694
13936,6160,137,1,316.92,0.05,False,301.074
13937,6160,258,1,626.09,0.1,False,563.481
13938,6161,47,2,513.39,0.0,False,1026.78
13939,6161,179,1,478.65,0.05,False,454.7175
13940,6162,138,1,54.35,0.0,False,54.35
13941,6163,32,1,338.4,0.0,False,338.4
13942,6164,71,1,362.18,0.05,False,344.07099999999997
13943,6165,187,1,127.57,0.0,False,127.57
13944,6165,249,2,682.27,0.0,False,1364.54
13945,6165,272,1,5.69,0.0,False,5.69
13946,6166,32,1,338.4,0.0,False,338.4
13947,6166,288,1,515.26,0.05,False,489.49699999999996
13948,6167,217,3,479.18,0.05,False,1365.663
13949,6167,200,1,533.81,0.1,False,480.429
13950,6168,207,1,518.71,0.05,False,492.7745
13951,6168,142,1,717.32,0.1,False,645.5880000000001
13952,6169,163,1,598.68,0.1,False,538.812
13953,6169,84,1,43.2,0.2,False,34.56
13954,6169,182,-1,500.91,0.0,True,-500.91
13955,6170,27,1,686.85,0.0,False,686.85
13956,6171,285,3,667.54,0.05,False,1902.4889999999998
13957,6172,27,3,686.85,0.15,False,1751.4675000000002
13958,6172,108,1,378.75,0.0,False,378.75
13959,6172,239,1,517.8,0.0,False,517.8
13960,6173,207,1,518.71,0.1,False,466.83900000000006
13961,6173,41,2,376.48,0.15,False,640.016
13962,6174,286,1,47.93,0.1,False,43.137
13963,6174,2,1,807.37,0.15,False,686.2645
13964,6175,50,1,240.1,0.0,False,240.1
13965,6175,258,1,626.09,0.0,False,626.09
13966,6175,198,1,266.02,0.0,False,266.02
13967,6176,275,1,82.62,0.0,False,82.62
13968,6176,268,1,23.79,0.1,False,21.411
13969,6177,231,1,410.59,0.05,False,390.06049999999993
13970,6177,157,1,701.5,0.1,False,631.35
13971,6178,253,1,621.95,0.0,False,621.95
13972,6178,278,1,402.71,0.0,False,402.71
13973,6178,195,1,132.26,0.0,False,132.26
13974,6178,150,2,182.12,0.1,False,327.81600000000003
13975,6178,4,1,17.97,0.0,False,17.97
13976,6179,82,2,235.49,0.0,False,470.98
13977,6179,181,1,37.18,0.0,False,37.18
13978,6179,149,1,382.77,0.0,False,382.77
13979,6179,276,1,341.21,0.0,False,341.21
13980,6179,256,1,537.93,0.0,False,537.93
13981,6180,174,2,864.84,0.2,False,1383.7440000000001
13982,6181,69,1,274.11,0.0,False,274.11
13983,6181,269,3,603.81,0.0,False,1811.4299999999998
13984,6182,261,1,429.63,0.2,False,343.704
13985,6183,73,2,346.78,0.1,False,624.204
13986,6184,287,1,754.14,0.0,False,754.14
13987,6185,84,1,43.2,0.0,False,43.2
13988,6186,217,1,479.18,0.15,False,407.303
13989,6186,108,1,378.75,0.0,False,378.75
13990,6187,225,2,939.11,0.1,False,1690.3980000000001
13991,6187,59,1,287.12,0.0,False,287.12
13992,6187,88,1,275.21,0.0,False,275.21
13993,6188,61,1,512.76,0.05,False,487.12199999999996
13994,6189,101,1,488.42,0.0,False,488.42
13995,6189,166,3,278.38,0.05,False,793.3829999999999
13996,6190,247,1,708.26,0.0,False,708.26
13997,6190,291,1,19.78,0.0,False,19.78
13998,6191,196,1,518.75,0.0,False,518.75
13999,6191,279,1,226.81,0.15,False,192.7885
14000,6192,91,3,369.86,0.05,False,1054.1009999999999
14001,6193,6,1,531.19,0.0,False,531.19
14002,6194,240,3,555.47,0.0,False,1666.41
14003,6194,265,1,839.64,0.1,False,755.676
14004,6195,62,1,244.7,0.0,False,244.7
14005,6195,1,1,433.54,0.05,False,411.863
14006,6195,136,1,974.39,0.05,False,925.6705
14007,6195,209,2,797.01,0.0,False,1594.02
14008,6195,288,2,515.26,0.05,False,978.9939999999999
14009,6196,96,1,682.77,0.0,False,682.77
14010,6197,57,1,510.39,0.0,False,510.39
14011,6197,212,1,445.65,0.0,False,445.65
14012,6197,70,1,402.01,0.0,False,402.01
14013,6198,59,1,287.12,0.0,False,287.12
14014,6199,249,1,682.27,0.0,False,682.27
14015,6199,90,1,219.22,0.0,False,219.22
14016,6199,204,1,578.66,0.0,False,578.66
14017,6200,197,1,538.79,0.05,False,511.85049999999995
14018,6200,87,1,564.0,0.15,False,479.4
14019,6200,33,3,217.73,0.0,False,653.1899999999999
14020,6200,14,1,90.93,0.0,False,90.93
14021,6201,223,1,57.85,0.0,False,57.85
14022,6201,16,2,245.66,0.0,False,491.32
14023,6201,30,2,477.17,0.0,False,954.34
14024,6201,108,1,378.75,0.05,False,359.8125
14025,6202,296,1,361.73,0.0,False,361.73
14026,6202,170,1,723.66,0.15,False,615.111
14027,6203,93,1,98.57,0.1,False,88.713
14028,6204,38,1,364.99,0.0,False,364.99
14030,6205,169,1,458.05,0.0,False,458.05
14031,6205,57,1,510.39,0.0,False,510.39
14032,6205,269,1,603.81,0.0,False,603.81
14033,6206,97,1,628.48,0.0,False,628.48
14034,6206,91,1,369.86,0.0,False,369.86
14035,6207,54,1,679.71,0.1,False,611.739
14036,6208,247,1,708.26,0.05,False,672.847
14037,6208,118,1,611.17,0.0,False,611.17
14038,6209,238,1,192.17,0.0,False,192.17
14039,6209,241,1,306.12,0.0,False,306.12
14040,6210,67,1,355.8,0.0,False,355.8
14041,6210,110,1,52.92,0.0,False,52.92
14042,6211,197,2,538.79,0.0,False,1077.58
14043,6212,91,3,369.86,0.0,False,1109.58
14044,6213,83,1,243.1,0.0,False,243.1
14045,6213,105,1,375.87,0.0,False,375.87
14046,6213,76,1,938.11,0.0,False,938.11
14047,6213,1,1,433.54,0.0,False,433.54
14048,6213,202,1,514.85,0.2,False,411.88000000000005
14049,6214,11,2,216.27,0.05,False,410.913
14050,6214,132,3,299.38,0.1,False,808.326
14051,6215,195,1,132.26,0.2,False,105.80799999999999
14052,6215,182,3,500.91,0.2,False,1202.184
14053,6216,249,1,682.27,0.15,False,579.9295
14054,6217,296,1,361.73,0.0,False,361.73
14055,6217,69,1,274.11,0.05,False,260.4045
14056,6218,158,1,282.03,0.0,False,282.03
14057,6218,45,2,511.39,0.0,False,1022.78
14058,6219,131,1,797.13,0.0,False,797.13
14059,6220,291,1,19.78,0.15,False,16.813
14060,6221,94,1,514.73,0.1,False,463.257
14061,6221,234,1,486.72,0.2,False,389.37600000000003
14062,6221,80,1,166.05,0.0,False,166.05
14063,6221,60,1,148.68,0.05,False,141.246
14064,6222,258,2,626.09,0.0,False,1252.18
14065,6223,208,1,260.07,0.0,False,260.07
14066,6224,229,3,690.53,0.15,False,1760.8515
14067,6224,19,1,727.02,0.0,False,727.02
14068,6225,207,2,518.71,0.0,False,1037.42
14069,6225,239,1,517.8,0.0,False,517.8
14070,6226,233,1,82.49,0.1,False,74.241
14071,6226,115,2,251.88,0.0,False,503.76
14072,6226,33,3,217.73,0.1,False,587.871
14073,6226,286,1,47.93,0.0,False,47.93
14074,6227,37,1,608.8,0.0,False,608.8
14075,6227,47,1,513.39,0.0,False,513.39
14076,6228,244,1,263.25,0.05,False,250.08749999999998
14077,6228,225,1,939.11,0.1,False,845.1990000000001
14078,6229,250,1,8284.0,0.05,False,7869.799999999999
14079,6230,214,1,304.46,0.0,False,304.46
14080,6230,122,1,607.34,0.0,False,607.34
14081,6231,112,1,10.73,0.05,False,10.1935
14082,6231,210,1,177.09,0.0,False,177.09
14083,6231,104,1,957.31,0.15,False,813.7135
14084,6232,117,1,567.69,0.0,False,567.69
14085,6233,103,1,456.96,0.2,False,365.568
14086,6234,216,1,492.92,0.0,False,492.92
14087,6234,126,1,240.49,0.0,False,240.49
14088,6234,177,1,156.12,0.0,False,156.12
14089,6234,8,1,295.82,0.15,False,251.44699999999997
14090,6235,95,-1,711.68,0.0,True,-711.68
14091,6236,190,1,707.42,0.0,False,707.42
14092,6237,210,1,177.09,0.1,False,159.381
14093,6237,141,2,251.45,0.1,False,452.61
14094,6238,246,1,574.84,0.0,False,574.84
14095,6238,238,1,192.17,0.0,False,192.17
14096,6238,239,1,517.8,0.1,False,466.02
14097,6239,285,1,667.54,0.0,False,667.54
14098,6240,58,1,87.55,0.2,False,70.04
14099,6240,253,1,621.95,0.05,False,590.8525
14100,6240,170,1,723.66,0.0,False,723.66
14101,6241,113,1,55.28,0.1,False,49.752
14102,6241,54,1,679.71,0.1,False,611.739
14103,6242,176,2,199.39,0.1,False,358.902
14104,6242,253,1,621.95,0.15,False,528.6575
14105,6242,43,1,97.72,0.0,False,97.72
14106,6242,105,1,375.87,0.1,False,338.283
14107,6243,53,3,192.38,0.0,False,577.14
14108,6243,107,1,963.92,0.05,False,915.7239999999999
14109,6244,142,1,717.32,0.0,False,717.32
14110,6244,3,1,978.72,0.0,False,978.72
14111,6245,16,1,245.66,0.05,False,233.37699999999998
14112,6246,158,1,282.03,0.1,False,253.82699999999997
14113,6247,68,1,133.13,0.0,False,133.13
14114,6247,269,1,603.81,0.0,False,603.81
14115,6247,207,1,518.71,0.1,False,466.83900000000006
14116,6248,81,1,779.01,0.15,False,662.1585
14117,6249,239,1,517.8,0.1,False,466.02
14118,6249,187,1,127.57,0.1,False,114.813
14119,6249,166,-1,278.38,0.1,True,-250.542
14120,6249,6,1,531.19,0.05,False,504.63050000000004
14121,6249,293,3,709.48,0.0,False,2128.44
14122,6250,198,1,266.02,0.0,False,266.02
14123,6250,74,1,171.2,0.0,False,171.2
14124,6250,182,2,500.91,0.05,False,951.729
14125,6251,48,2,231.62,0.15,False,393.754
14126,6251,277,-1,437.32,0.0,True,-437.32
14127,6251,156,1,372.8,0.0,False,372.8
14128,6251,146,1,443.54,0.0,False,443.54
14129,6252,58,1,87.55,0.0,False,87.55
14130,6252,113,1,55.28,0.0,False,55.28
14131,6252,179,-1,478.65,0.1,True,-430.78499999999997
14132,6252,242,1,166.1,0.05,False,157.795
14133,6253,118,1,611.17,0.15,False,519.4944999999999
14134,6253,127,1,111.4,0.0,False,111.4
14135,6254,296,2,361.73,0.0,False,723.46
14136,6255,47,1,513.39,0.05,False,487.72049999999996
14137,6255,287,1,754.14,0.0,False,754.14
14138,6256,30,1,477.17,0.0,False,477.17
14139,6256,258,1,626.09,0.1,False,563.481
14140,6256,72,2,286.08,0.15,False,486.33599999999996
14141,6257,250,1,8284.0,0.0,False,8284.0
14142,6258,291,-1,19.78,0.15,True,-16.813
14143,6258,96,2,682.77,0.05,False,1297.263
14144,6259,2,1,807.37,0.0,False,807.37
14145,6259,202,1,514.85,0.0,False,514.85
14146,6259,194,1,222.76,0.05,False,211.62199999999999
14147,6260,136,2,974.39,0.0,False,1948.78
14148,6261,37,1,608.8,0.0,False,608.8
14149,6262,153,1,530.38,0.0,False,530.38
14150,6262,16,1,245.66,0.0,False,245.66
14151,6263,284,1,228.9,0.15,False,194.565
14152,6264,275,1,82.62,0.0,False,82.62
14153,6264,251,1,439.11,0.0,False,439.11
14154,6265,256,1,537.93,0.0,False,537.93
14155,6266,50,1,240.1,0.0,False,240.1
14156,6266,122,-1,607.34,0.0,True,-607.34
14157,6266,221,1,704.75,0.05,False,669.5124999999999
14158,6267,244,1,263.25,0.2,False,210.60000000000002
14159,6267,242,1,166.1,0.1,False,149.49
14160,6268,263,3,222.36,0.0,False,667.08
14161,6268,168,1,649.6,0.0,False,649.6
14162,6269,126,1,240.49,0.0,False,240.49
14163,6269,155,1,607.36,0.0,False,607.36
14164,6269,262,1,214.85,0.0,False,214.85
14165,6269,216,2,492.92,0.0,False,985.84
14166,6269,202,-1,514.85,0.0,True,-514.85
14167,6270,178,2,563.12,0.0,False,1126.24
14168,6270,132,1,299.38,0.2,False,239.50400000000002
14169,6270,137,1,316.92,0.05,False,301.074
14170,6270,214,2,304.46,0.0,False,608.92
14171,6270,104,3,957.31,0.0,False,2871.93
14172,6271,6,1,531.19,0.0,False,531.19
14173,6272,264,1,16.2,0.0,False,16.2
14174,6272,101,1,488.42,0.0,False,488.42
14175,6272,60,1,148.68,0.0,False,148.68
14176,6272,7,1,357.42,0.05,False,339.549
14177,6272,298,1,238.39,0.05,False,226.4705
14178,6273,199,1,51.0,0.0,False,51.0
14179,6273,171,1,14.73,0.0,False,14.73
14180,6273,176,2,199.39,0.0,False,398.78
14181,6274,282,2,280.61,0.15,False,477.03700000000003
14182,6274,276,1,341.21,0.0,False,341.21
14183,6275,175,1,600.57,0.1,False,540.513
14184,6276,237,2,335.88,0.0,False,671.76
14185,6276,165,1,605.76,0.2,False,484.608
14186,6277,104,3,957.31,0.0,False,2871.93
14187,6278,232,3,71.83,0.0,False,215.49
14188,6278,190,1,707.42,0.0,False,707.42
14189,6279,212,3,445.65,0.2,False,1069.56
14190,6280,215,2,501.1,0.1,False,901.98
14191,6281,76,3,938.11,0.05,False,2673.6135
14192,6281,120,1,146.96,0.05,False,139.612
14193,6282,129,1,492.47,0.15,False,418.59950000000003
14194,6282,189,3,24.7,0.0,False,74.1
14195,6282,179,2,478.65,0.1,False,861.5699999999999
14196,6283,274,1,528.78,0.1,False,475.902
14197,6283,69,2,274.11,0.0,False,548.22
14198,6283,99,1,496.87,0.0,False,496.87
14199,6283,275,1,82.62,0.0,False,82.62
14200,6283,132,1,299.38,0.15,False,254.47299999999998
14201,6284,121,1,183.38,0.0,False,183.38
14202,6284,87,1,564.0,0.0,False,564.0
14204,6284,209,1,797.01,0.0,False,797.01
14205,6285,87,-1,564.0,0.1,True,-507.6
14206,6285,266,1,110.99,0.0,False,110.99
14207,6286,266,1,110.99,0.0,False,110.99
14208,6287,63,1,430.39,0.05,False,408.8705
14209,6287,199,2,51.0,0.05,False,96.89999999999999
14210,6287,238,1,192.17,0.0,False,192.17
14211,6287,27,2,686.85,0.05,False,1305.0149999999999
14212,6287,300,1,133.29,0.05,False,126.62549999999999
14213,6288,100,3,283.25,0.15,False,722.2875
14214,6288,87,1,564.0,0.0,False,564.0
14215,6288,163,1,598.68,0.1,False,538.812
14216,6288,117,1,567.69,0.0,False,567.69
14217,6289,247,3,708.26,0.0,False,2124.7799999999997
14218,6290,170,3,723.66,0.0,False,2170.98
14219,6290,274,1,528.78,0.1,False,475.902
14220,6290,242,1,166.1,0.0,False,166.1
14221,6290,102,1,396.98,0.1,False,357.28200000000004
14222,6291,190,1,707.42,0.0,False,707.42
14223,6291,126,1,240.49,0.0,False,240.49
14224,6291,172,1,104.56,0.0,False,104.56
14225,6291,82,2,235.49,0.0,False,470.98
14226,6292,183,2,942.96,0.0,False,1885.92
14227,6292,88,2,275.21,0.0,False,550.42
14228,6293,83,1,243.1,0.0,False,243.1
14229,6293,254,1,286.86,0.0,False,286.86
14230,6294,61,1,512.76,0.05,False,487.12199999999996
14231,6294,19,1,727.02,0.0,False,727.02
14232,6294,146,-1,443.54,0.15,True,-377.009
14233,6295,277,2,437.32,0.05,False,830.9079999999999
14234,6295,197,1,538.79,0.15,False,457.97149999999993
14235,6295,281,1,146.98,0.0,False,146.98
14236,6295,136,1,974.39,0.0,False,974.39
14237,6296,42,1,328.75,0.0,False,328.75
14238,6297,281,2,146.98,0.0,False,293.96
14239,6297,283,1,680.49,0.1,False,612.441
14240,6298,31,2,976.57,0.0,False,1953.14
14241,6298,143,1,421.93,0.0,False,421.93
14242,6299,54,1,679.71,0.0,False,679.71
14243,6299,128,1,686.4,0.0,False,686.4
14244,6300,208,1,260.07,0.2,False,208.056
14245,6300,3,1,978.72,0.1,False,880.8480000000001
14246,6301,231,1,410.59,0.0,False,410.59
14247,6301,135,1,550.83,0.05,False,523.2885
14248,6302,213,2,111.83,0.0,False,223.66
14249,6302,42,1,328.75,0.0,False,328.75
14250,6302,219,1,211.99,0.0,False,211.99
14251,6302,184,1,278.4,0.0,False,278.4
14252,6303,28,1,749.19,0.05,False,711.7305
14253,6303,29,3,103.82,0.0,False,311.46
14254,6304,80,1,166.05,0.2,False,132.84
14255,6304,236,1,55.21,0.05,False,52.4495
14256,6305,213,1,111.83,0.2,False,89.464
14257,6306,211,1,943.9,0.0,False,943.9
14258,6307,129,2,492.47,0.05,False,935.693
14259,6308,165,3,605.76,0.0,False,1817.28
14260,6309,288,1,515.26,0.0,False,515.26
14261,6310,186,2,290.81,0.0,False,581.62
14262,6310,52,1,12.48,0.0,False,12.48
14263,6311,46,2,397.56,0.05,False,755.3639999999999
14264,6311,199,1,51.0,0.0,False,51.0
14265,6312,196,2,518.75,0.0,False,1037.5
14266,6313,249,1,682.27,0.0,False,682.27
14267,6313,196,1,518.75,0.0,False,518.75
14268,6314,295,3,139.02,0.0,False,417.06000000000006
14269,6315,99,1,496.87,0.05,False,472.0265
14270,6315,93,1,98.57,0.0,False,98.57
14271,6316,136,3,974.39,0.0,False,2923.17
14272,6316,13,1,152.16,0.0,False,152.16
14273,6317,18,1,35.67,0.1,False,32.103
14274,6318,11,3,216.27,0.15,False,551.4885
14275,6319,26,1,259.69,0.1,False,233.721
14276,6319,218,1,127.17,0.1,False,114.453
14277,6319,130,1,454.11,0.0,False,454.11
14278,6320,275,1,82.62,0.2,False,66.096
14279,6320,159,1,818.3,0.05,False,777.3849999999999
14280,6321,244,3,263.25,0.0,False,789.75
14281,6321,291,1,19.78,0.0,False,19.78
14282,6322,153,1,530.38,0.05,False,503.861
14283,6322,160,1,150.1,0.0,False,150.1
14284,6322,226,2,211.98,0.0,False,423.96
14285,6323,239,1,517.8,0.1,False,466.02
14286,6323,149,2,382.77,0.0,False,765.54
14287,6323,231,1,410.59,0.0,False,410.59
14288,6324,164,1,446.58,0.05,False,424.251
14289,6325,52,1,12.48,0.0,False,12.48
14290,6325,246,2,574.84,0.0,False,1149.68
14291,6325,39,1,412.64,0.0,False,412.64
14292,6326,285,1,667.54,0.2,False,534.032
14293,6327,233,-1,82.49,0.0,True,-82.49
14294,6327,124,1,640.23,0.1,False,576.207
14295,6327,245,-1,11506.5,0.0,True,-11506.5
14296,6328,18,-1,35.67,0.1,True,-32.103
14297,6328,283,1,680.49,0.0,False,680.49
14298,6328,209,1,797.01,0.0,False,797.01
14299,6328,184,1,278.4,0.0,False,278.4
14300,6329,47,1,513.39,0.05,False,487.72049999999996
14301,6329,84,1,43.2,0.05,False,41.04
14302,6330,292,1,425.68,0.0,False,425.68
14303,6330,64,1,29.71,0.05,False,28.2245
14304,6331,223,1,57.85,0.0,False,57.85
14305,6331,87,1,564.0,0.0,False,564.0
14306,6332,257,-1,8.4,0.15,True,-7.14
14307,6333,85,1,530.7,0.05,False,504.165
14308,6333,216,1,492.92,0.0,False,492.92
14309,6333,18,1,35.67,0.0,False,35.67
14310,6333,50,2,240.1,0.05,False,456.18999999999994
14311,6333,267,2,253.7,0.0,False,507.4
14312,6334,105,1,375.87,0.0,False,375.87
14313,6334,46,2,397.56,0.0,False,795.12
14314,6334,123,1,840.94,0.0,False,840.94
14315,6335,169,1,458.05,0.0,False,458.05
14316,6336,50,1,240.1,0.0,False,240.1
14317,6336,110,1,52.92,0.05,False,50.274
14318,6337,180,2,843.45,0.15,False,1433.865
14319,6337,152,1,910.86,0.0,False,910.86
14320,6338,49,1,850.7,0.0,False,850.7
14321,6339,58,1,87.55,0.0,False,87.55
14322,6339,17,2,953.82,0.0,False,1907.64
14323,6339,101,2,488.42,0.0,False,976.84
14324,6339,150,2,182.12,0.0,False,364.24
14325,6340,180,1,843.45,0.2,False,674.7600000000001
14326,6340,107,1,963.92,0.0,False,963.92
14327,6341,90,1,219.22,0.0,False,219.22
14328,6341,30,1,477.17,0.05,False,453.31149999999997
14329,6342,142,1,717.32,0.05,False,681.4540000000001
14330,6342,272,1,5.69,0.0,False,5.69
14331,6343,293,1,709.48,0.0,False,709.48
14332,6343,294,2,141.94,0.0,False,283.88
14333,6344,262,1,214.85,0.05,False,204.1075
14334,6345,184,1,278.4,0.05,False,264.47999999999996
14335,6345,175,1,600.57,0.0,False,600.57
14336,6346,64,1,29.71,0.0,False,29.71
14337,6346,228,1,162.75,0.0,False,162.75
14338,6347,24,1,696.97,0.05,False,662.1215
14339,6348,13,1,152.16,0.0,False,152.16
14340,6349,298,1,238.39,0.0,False,238.39
14341,6349,132,1,299.38,0.1,False,269.442
14342,6349,283,2,680.49,0.1,False,1224.882
14343,6349,203,1,431.09,0.0,False,431.09
14344,6350,112,1,10.73,0.15,False,9.1205
14345,6350,299,1,725.08,0.0,False,725.08
14346,6350,32,1,338.4,0.0,False,338.4
14347,6350,21,1,614.24,0.0,False,614.24
14348,6351,160,1,150.1,0.0,False,150.1
14349,6352,299,3,725.08,0.0,False,2175.2400000000002
14350,6353,165,1,605.76,0.0,False,605.76
14351,6353,300,1,133.29,0.0,False,133.29
14353,6353,280,1,121.8,0.15,False,103.53
14354,6354,196,2,518.75,0.0,False,1037.5
14355,6354,34,2,399.8,0.0,False,799.6
14356,6354,69,1,274.11,0.05,False,260.4045
14357,6354,151,1,625.19,0.0,False,625.19
14358,6355,254,3,286.86,0.0,False,860.58
14359,6356,242,1,166.1,0.05,False,157.795
14360,6356,33,1,217.73,0.05,False,206.84349999999998
14361,6357,58,1,87.55,0.0,False,87.55
14362,6358,153,3,530.38,0.2,False,1272.912
14363,6358,5,1,503.34,0.0,False,503.34
14364,6358,111,1,227.31,0.0,False,227.31
14365,6358,251,1,439.11,0.05,False,417.1545
14366,6358,124,1,640.23,0.0,False,640.23
14367,6359,74,1,171.2,0.15,False,145.51999999999998
14368,6360,196,1,518.75,0.1,False,466.875
14369,6360,269,1,603.81,0.0,False,603.81
14370,6361,82,2,235.49,0.0,False,470.98
14371,6362,223,1,57.85,0.0,False,57.85
14372,6362,208,1,260.07,0.05,False,247.0665
14373,6362,112,1,10.73,0.0,False,10.73
14374,6362,232,1,71.83,0.15,False,61.055499999999995
14375,6362,293,1,709.48,0.1,False,638.532
14376,6363,277,1,437.32,0.0,False,437.32
14377,6363,127,2,111.4,0.1,False,200.52
14378,6363,94,1,514.73,0.05,False,488.9935
14379,6364,94,1,514.73,0.0,False,514.73
14380,6365,101,1,488.42,0.0,False,488.42
14381,6365,99,1,496.87,0.1,False,447.183
14382,6366,45,1,511.39,0.05,False,485.8205
14383,6367,167,1,39.88,0.0,False,39.88
14384,6367,272,1,5.69,0.0,False,5.69
14385,6367,187,1,127.57,0.2,False,102.056
14386,6368,23,1,235.35,0.0,False,235.35
14387,6368,133,1,479.79,0.1,False,431.81100000000004
14388,6368,105,1,375.87,0.05,False,357.0765
14389,6368,213,2,111.83,0.0,False,223.66
14390,6369,86,2,443.6,0.1,False,798.48
14391,6369,168,1,649.6,0.0,False,649.6
14393,6369,138,1,54.35,0.0,False,54.35
14394,6369,82,1,235.49,0.1,False,211.941
14395,6369,81,1,779.01,0.0,False,779.01
14396,6370,231,-1,410.59,0.0,True,-410.59
14397,6371,109,1,59.23,0.0,False,59.23
14398,6372,222,1,264.61,0.05,False,251.3795
14399,6373,250,1,8284.0,0.0,False,8284.0
14400,6373,233,3,82.49,0.0,False,247.46999999999997
14401,6374,15,1,536.46,0.0,False,536.46
14402,6374,274,1,528.78,0.0,False,528.78
14403,6375,121,1,183.38,0.05,False,174.21099999999998
14404,6375,102,1,396.98,0.0,False,396.98
14405,6375,135,1,550.83,0.15,False,468.20550000000003
14406,6375,289,1,635.36,0.0,False,635.36
14407,6375,275,1,82.62,0.0,False,82.62
14408,6376,33,1,217.73,0.0,False,217.73
14409,6377,53,1,192.38,0.15,False,163.523
14410,6378,8,1,295.82,0.0,False,295.82
14411,6379,271,1,756.22,0.0,False,756.22
14412,6379,242,1,166.1,0.2,False,132.88
14413,6379,226,1,211.98,0.0,False,211.98
14414,6380,228,1,162.75,0.0,False,162.75
14415,6381,80,1,166.05,0.0,False,166.05
14416,6381,106,1,150.04,0.2,False,120.032
14417,6381,164,-1,446.58,0.05,True,-424.251
14418,6381,296,2,361.73,0.15,False,614.941
14419,6381,213,1,111.83,0.0,False,111.83
14420,6382,53,1,192.38,0.0,False,192.38
14421,6382,81,1,779.01,0.0,False,779.01
14422,6383,20,1,548.49,0.05,False,521.0654999999999
14423,6383,265,1,839.64,0.1,False,755.676
14424,6383,285,2,667.54,0.0,False,1335.08
14425,6383,3,1,978.72,0.05,False,929.784
14426,6384,199,1,51.0,0.0,False,51.0
14427,6384,10,1,309.24,0.05,False,293.778
14428,6384,180,1,843.45,0.0,False,843.45
14429,6385,78,1,213.82,0.0,False,213.82
14430,6385,254,2,286.86,0.1,False,516.3480000000001
14431,6386,290,1,908.96,0.0,False,908.96
14432,6386,48,1,231.62,0.0,False,231.62
14433,6387,90,1,219.22,0.0,False,219.22
14434,6387,158,2,282.03,0.15,False,479.45099999999996
14435,6388,156,2,372.8,0.05,False,708.3199999999999
14436,6388,288,1,515.26,0.2,False,412.208
14437,6389,188,3,550.0,0.0,False,1650.0
14438,6390,155,1,607.36,0.0,False,607.36
14439,6390,115,2,251.88,0.0,False,503.76
14440,6390,53,1,192.38,0.05,False,182.761
14441,6391,277,1,437.32,0.0,False,437.32
14442,6392,184,2,278.4,0.0,False,556.8
14443,6392,238,1,192.17,0.1,False,172.953
14444,6393,203,1,431.09,0.05,False,409.53549999999996
14445,6393,34,2,399.8,0.0,False,799.6
14446,6394,297,1,89.43,0.15,False,76.0155
14447,6394,204,2,578.66,0.0,False,1157.32
14448,6394,294,3,141.94,0.0,False,425.82
14449,6394,48,1,231.62,0.0,False,231.62
14450,6395,14,1,90.93,0.0,False,90.93
14451,6396,20,1,548.49,0.2,False,438.79200000000003
14452,6397,154,1,115.68,0.0,False,115.68
14453,6397,102,1,396.98,0.0,False,396.98
14455,6398,87,1,564.0,0.0,False,564.0
14456,6398,118,1,611.17,0.15,False,519.4944999999999
14457,6398,182,1,500.91,0.1,False,450.819
14458,6399,242,1,166.1,0.0,False,166.1
14459,6399,169,1,458.05,0.15,False,389.3425
14460,6399,70,1,402.01,0.0,False,402.01
14461,6400,277,1,437.32,0.1,False,393.588
14462,6400,54,2,679.71,0.0,False,1359.42
14463,6400,182,1,500.91,0.0,False,500.91
14464,6401,110,1,52.92,0.0,False,52.92
14465,6401,140,1,500.02,0.1,False,450.018
14466,6401,184,1,278.4,0.15,False,236.64
14467,6402,124,2,640.23,0.15,False,1088.391
14468,6402,172,1,104.56,0.0,False,104.56
14469,6402,88,1,275.21,0.0,False,275.21
14470,6402,246,1,574.84,0.1,False,517.356
14471,6403,114,1,23.97,0.0,False,23.97
14472,6403,278,1,402.71,0.0,False,402.71
14473,6403,101,-1,488.42,0.05,True,-463.99899999999997
14474,6403,5,2,503.34,0.0,False,1006.68
14475,6403,34,1,399.8,0.2,False,319.84000000000003
14476,6404,167,1,39.88,0.15,False,33.898
14477,6405,265,1,839.64,0.15,False,713.694
14478,6406,104,2,957.31,0.0,False,1914.62
14479,6407,22,2,205.71,0.15,False,349.707
14480,6408,25,2,282.92,0.0,False,565.84
14481,6408,83,1,243.1,0.0,False,243.1
14482,6409,159,1,818.3,0.0,False,818.3
14483,6410,61,1,512.76,0.05,False,487.12199999999996
14484,6411,220,1,475.38,0.1,False,427.842
14485,6411,106,1,150.04,0.0,False,150.04
14486,6411,44,3,6.81,0.0,False,20.43
14487,6411,85,1,530.7,0.0,False,530.7
14488,6412,187,1,127.57,0.0,False,127.57
14489,6412,181,1,37.18,0.0,False,37.18
14490,6413,206,1,612.54,0.05,False,581.9129999999999
14491,6413,96,1,682.77,0.2,False,546.216
14492,6414,249,1,682.27,0.15,False,579.9295
14493,6414,250,1,8284.0,0.0,False,8284.0
14494,6415,134,1,541.79,0.15,False,460.52149999999995
14495,6415,44,-1,6.81,0.0,True,-6.81
14496,6416,58,1,87.55,0.0,False,87.55
14497,6416,172,1,104.56,0.0,False,104.56
14498,6416,148,1,304.48,0.0,False,304.48
14499,6417,216,1,492.92,0.1,False,443.62800000000004
14500,6418,186,1,290.81,0.15,False,247.1885
14501,6419,258,1,626.09,0.05,False,594.7855
14502,6419,10,2,309.24,0.1,False,556.6320000000001
14503,6420,41,1,376.48,0.0,False,376.48
14504,6420,64,3,29.71,0.0,False,89.13
14505,6420,17,1,953.82,0.0,False,953.82
14506,6420,169,1,458.05,0.1,False,412.245
14507,6420,276,1,341.21,0.0,False,341.21
14508,6421,125,1,584.13,0.0,False,584.13
14509,6421,10,1,309.24,0.2,False,247.39200000000002
14510,6421,210,2,177.09,0.0,False,354.18
14511,6422,70,1,402.01,0.0,False,402.01
14512,6422,127,3,111.4,0.0,False,334.20000000000005
14513,6422,85,2,530.7,0.15,False,902.19
14514,6423,110,1,52.92,0.0,False,52.92
14515,6424,82,2,235.49,0.0,False,470.98
14516,6424,185,1,582.19,0.1,False,523.9710000000001
14517,6425,164,2,446.58,0.0,False,893.16
14518,6426,242,1,166.1,0.05,False,157.795
14519,6426,110,1,52.92,0.0,False,52.92
14520,6427,163,-1,598.68,0.0,True,-598.68
14521,6428,96,1,682.77,0.05,False,648.6315
14522,6429,82,1,235.49,0.15,False,200.1665
14523,6429,237,2,335.88,0.0,False,671.76
14524,6430,139,1,835.42,0.05,False,793.6489999999999
14525,6430,79,1,308.93,0.0,False,308.93
14526,6430,298,-1,238.39,0.0,True,-238.39
14527,6430,294,1,141.94,0.0,False,141.94
14528,6431,15,1,536.46,0.0,False,536.46
14529,6431,114,1,23.97,0.05,False,22.7715
14530,6431,55,-1,395.52,0.0,True,-395.52
14531,6432,35,1,425.48,0.0,False,425.48
14532,6432,174,1,864.84,0.1,False,778.356
14533,6432,10,1,309.24,0.05,False,293.778
14534,6432,121,1,183.38,0.15,False,155.873
14535,6433,68,1,133.13,0.15,False,113.1605
14536,6433,117,1,567.69,0.15,False,482.53650000000005
14537,6434,230,2,829.69,0.15,False,1410.473
14538,6435,87,1,564.0,0.05,False,535.8
14539,6435,50,2,240.1,0.1,False,432.18
14540,6436,39,1,412.64,0.2,False,330.112
14541,6436,188,1,550.0,0.0,False,550.0
14542,6436,147,1,517.03,0.0,False,517.03
14543,6436,73,1,346.78,0.1,False,312.102
14544,6436,37,1,608.8,0.0,False,608.8
14545,6437,189,1,24.7,0.0,False,24.7
14546,6437,41,1,376.48,0.0,False,376.48
14547,6438,236,2,55.21,0.0,False,110.42
14548,6439,18,1,35.67,0.1,False,32.103
14549,6440,229,1,690.53,0.15,False,586.9504999999999
14550,6441,240,1,555.47,0.15,False,472.1495
14551,6441,222,2,264.61,0.0,False,529.22
14553,6441,128,1,686.4,0.15,False,583.4399999999999
14554,6441,41,1,376.48,0.1,False,338.83200000000005
14555,6442,248,2,75.61,0.05,False,143.659
14556,6442,65,1,460.75,0.0,False,460.75
14557,6443,54,1,679.71,0.05,False,645.7245
14558,6443,266,3,110.99,0.0,False,332.96999999999997
14559,6444,130,2,454.11,0.0,False,908.22
14560,6445,40,2,171.89,0.0,False,343.78
14561,6446,185,1,582.19,0.0,False,582.19
14562,6446,108,1,378.75,0.0,False,378.75
14563,6447,293,1,709.48,0.05,False,674.006
14564,6448,75,1,299.66,0.1,False,269.694
14565,6448,106,1,150.04,0.0,False,150.04
14566,6448,299,2,725.08,0.0,False,1450.16
14567,6449,106,2,150.04,0.0,False,300.08
14568,6449,273,1,560.24,0.05,False,532.228
14569,6449,116,3,862.37,0.1,False,2328.3990000000003
14570,6450,99,2,496.87,0.05,False,944.053
14571,6451,152,1,910.86,0.15,False,774.231
14572,6451,86,-1,443.6,0.15,True,-377.06
14573,6451,273,1,560.24,0.0,False,560.24
14574,6452,87,1,564.0,0.0,False,564.0
14575,6453,133,2,479.79,0.05,False,911.601
14576,6453,129,2,492.47,0.1,False,886.446
14577,6454,215,1,501.1,0.0,False,501.1
14578,6454,151,2,625.19,0.0,False,1250.38
14579,6455,177,1,156.12,0.05,False,148.314
14580,6455,289,1,635.36,0.0,False,635.36
14581,6456,131,1,797.13,0.0,False,797.13
14582,6457,34,3,399.8,0.0,False,1199.4
14583,6457,109,1,59.23,0.05,False,56.268499999999996
14584,6458,164,1,446.58,0.0,False,446.58
14585,6458,296,2,361.73,0.0,False,723.46
14586,6459,26,1,259.69,0.15,False,220.73649999999998
14587,6459,292,1,425.68,0.0,False,425.68
14588,6460,253,2,621.95,0.0,False,1243.9
14589,6461,227,3,192.19,0.05,False,547.7414999999999
14590,6461,294,1,141.94,0.0,False,141.94
14591,6461,124,3,640.23,0.0,False,1920.69
14592,6462,34,1,399.8,0.1,False,359.82
14593,6462,77,1,103.53,0.1,False,93.177
14594,6462,87,1,564.0,0.0,False,564.0
14595,6463,160,2,150.1,0.05,False,285.19
14596,6463,144,1,299.76,0.0,False,299.76
14597,6463,74,3,171.2,0.05,False,487.9199999999999
14598,6463,99,1,496.87,0.05,False,472.0265
14599,6463,201,1,567.68,0.0,False,567.68
14600,6464,192,2,697.79,0.2,False,1116.464
14601,6464,155,2,607.36,0.0,False,1214.72
14602,6465,85,1,530.7,0.05,False,504.165
14603,6465,257,1,8.4,0.05,False,7.9799999999999995
14604,6465,24,1,696.97,0.0,False,696.97
14605,6466,132,1,299.38,0.15,False,254.47299999999998
14606,6467,207,1,518.71,0.1,False,466.83900000000006
14607,6468,99,1,496.87,0.0,False,496.87
14608,6469,291,1,19.78,0.0,False,19.78
14609,6469,230,1,829.69,0.0,False,829.69
14610,6469,89,1,247.06,0.0,False,247.06
14611,6469,125,1,584.13,0.0,False,584.13
14612,6469,280,1,121.8,0.0,False,121.8
14613,6470,158,1,282.03,0.0,False,282.03
14614,6470,192,1,697.79,0.0,False,697.79
14615,6470,261,2,429.63,0.1,False,773.3340000000001
14616,6471,209,1,797.01,0.0,False,797.01
14617,6471,14,1,90.93,0.0,False,90.93
14618,6471,93,1,98.57,0.0,False,98.57
14619,6472,104,1,957.31,0.0,False,957.31
14620,6472,15,1,536.46,0.05,False,509.637
14621,6473,31,3,976.57,0.0,False,2929.71
14622,6474,83,1,243.1,0.0,False,243.1
14623,6474,200,3,533.81,0.0,False,1601.4299999999998
14624,6474,81,1,779.01,0.0,False,779.01
14625,6474,130,2,454.11,0.0,False,908.22
14626,6475,60,1,148.68,0.0,False,148.68
14627,6476,23,1,235.35,0.0,False,235.35
14628,6477,163,1,598.68,0.0,False,598.68
14629,6477,148,1,304.48,0.0,False,304.48
14630,6477,43,1,97.72,0.0,False,97.72
14631,6477,269,1,603.81,0.2,False,483.048
14632,6478,236,1,55.21,0.0,False,55.21
14633,6478,211,2,943.9,0.0,False,1887.8
14634,6479,202,1,514.85,0.0,False,514.85
14635,6479,282,1,280.61,0.15,False,238.51850000000002
14636,6479,273,1,560.24,0.1,False,504.216
14637,6480,162,2,126.53,0.1,False,227.75400000000002
14638,6480,49,1,850.7,0.0,False,850.7
14639,6481,130,1,454.11,0.0,False,454.11
14640,6481,234,1,486.72,0.0,False,486.72
14641,6481,174,1,864.84,0.1,False,778.356
14642,6482,146,1,443.54,0.05,False,421.363
14643,6482,38,1,364.99,0.0,False,364.99
14644,6483,138,2,54.35,0.0,False,108.7
14645,6483,258,3,626.09,0.0,False,1878.27
14646,6484,181,3,37.18,0.0,False,111.53999999999999
14647,6484,245,1,11506.5,0.0,False,11506.5
14648,6485,74,1,171.2,0.2,False,136.96
14649,6486,83,1,243.1,0.0,False,243.1
14650,6486,69,1,274.11,0.0,False,274.11
14651,6487,210,1,177.09,0.0,False,177.09
14652,6488,211,1,943.9,0.0,False,943.9
14653,6488,252,1,274.43,0.0,False,274.43
14654,6488,146,1,443.54,0.0,False,443.54
14655,6488,243,1,746.93,0.1,False,672.237
14656,6488,187,1,127.57,0.0,False,127.57
14657,6489,62,1,244.7,0.0,False,244.7
14658,6490,82,1,235.49,0.0,False,235.49
14659,6491,46,1,397.56,0.0,False,397.56
14660,6491,11,1,216.27,0.0,False,216.27
14661,6492,103,1,456.96,0.05,False,434.11199999999997
14662,6492,183,1,942.96,0.05,False,895.812
14663,6492,43,1,97.72,0.05,False,92.83399999999999
14664,6493,146,1,443.54,0.0,False,443.54
14665,6494,242,1,166.1,0.0,False,166.1
14666,6495,159,2,818.3,0.15,False,1391.11
14667,6495,287,2,754.14,0.0,False,1508.28
14668,6496,191,1,457.7,0.0,False,457.7
14669,6496,43,1,97.72,0.05,False,92.83399999999999
14670,6496,176,1,199.39,0.05,False,189.42049999999998
14671,6497,68,2,133.13,0.15,False,226.321
14672,6497,280,1,121.8,0.15,False,103.53
14673,6498,119,1,519.85,0.1,False,467.865
14674,6498,179,1,478.65,0.1,False,430.78499999999997
14675,6498,103,2,456.96,0.0,False,913.92
14676,6498,41,1,376.48,0.05,False,357.656
14677,6499,130,1,454.11,0.1,False,408.699
14678,6500,138,3,54.35,0.05,False,154.8975
14679,6500,165,1,605.76,0.0,False,605.76
14680,6500,161,1,68.77,0.15,False,58.454499999999996
14681,6500,171,1,14.73,0.0,False,14.73
14682,6500,8,1,295.82,0.0,False,295.82
14683,6501,297,1,89.43,0.0,False,89.43
14684,6502,32,1,338.4,0.05,False,321.47999999999996
14685,6502,247,1,708.26,0.2,False,566.6080000000001
14686,6503,178,1,563.12,0.0,False,563.12
14687,6503,298,1,238.39,0.15,False,202.6315
14688,6503,12,3,156.75,0.0,False,470.25
14689,6503,174,2,864.84,0.0,False,1729.68
14690,6503,152,-1,910.86,0.2,True,-728.6880000000001
14691,6504,59,1,287.12,0.05,False,272.764
14692,6505,269,2,603.81,0.05,False,1147.2389999999998
14693,6506,52,1,12.48,0.0,False,12.48
14694,6506,41,1,376.48,0.0,False,376.48
14695,6507,94,2,514.73,0.1,False,926.514
14696,6507,288,2,515.26,0.05,False,978.9939999999999
14697,6508,199,1,51.0,0.05,False,48.449999999999996
14698,6509,265,3,839.64,0.0,False,2518.92
14699,6509,282,1,280.61,0.0,False,280.61
14700,6510,17,1,953.82,0.0,False,953.82
14701,6511,158,1,282.03,0.15,False,239.72549999999998
14702,6511,67,1,355.8,0.05,False,338.01
14703,6511,265,1,839.64,0.0,False,839.64
14704,6511,239,3,517.8,0.1,False,1398.06
14705,6512,241,1,306.12,0.0,False,306.12
14706,6512,36,2,749.87,0.0,False,1499.74
14707,6513,131,1,797.13,0.0,False,797.13
14708,6513,209,1,797.01,0.0,False,797.01
14709,6513,48,1,231.62,0.0,False,231.62
14710,6513,53,3,192.38,0.0,False,577.14
14711,6514,212,1,445.65,0.0,False,445.65
14712,6514,55,1,395.52,0.15,False,336.19199999999995
14713,6514,70,1,402.01,0.0,False,402.01
14714,6514,174,1,864.84,0.05,False,821.598
14715,6514,112,1,10.73,0.15,False,9.1205
14716,6515,240,1,555.47,0.0,False,555.47
14717,6515,212,1,445.65,0.1,False,401.085
14718,6516,216,1,492.92,0.05,False,468.274
14719,6516,63,2,430.39,0.0,False,860.78
14720,6516,253,1,621.95,0.0,False,621.95
14721,6517,108,1,378.75,0.1,False,340.875
14722,6517,3,1,978.72,0.0,False,978.72
14723,6518,98,1,71.96,0.0,False,71.96
14724,6519,93,2,98.57,0.0,False,197.14
14725,6520,274,1,528.78,0.0,False,528.78
14726,6520,238,1,192.17,0.15,False,163.34449999999998
14727,6520,97,2,628.48,0.0,False,1256.96
14728,6520,204,3,578.66,0.0,False,1735.98
14729,6521,210,1,177.09,0.0,False,177.09
14730,6522,153,1,530.38,0.0,False,530.38
14731,6522,40,1,171.89,0.15,False,146.10649999999998
14732,6523,66,2,447.18,0.0,False,894.36
14733,6524,47,3,513.39,0.2,False,1232.1360000000002
14734,6525,82,1,235.49,0.0,False,235.49
14735,6526,147,2,517.03,0.0,False,1034.06
14736,6527,4,1,17.97,0.0,False,17.97
14737,6528,17,1,953.82,0.1,False,858.4380000000001
14738,6529,286,1,47.93,0.1,False,43.137
14739,6530,212,1,445.65,0.0,False,445.65
14741,6530,147,1,517.03,0.05,False,491.17849999999993
14742,6531,71,1,362.18,0.1,False,325.962
14743,6532,100,1,283.25,0.0,False,283.25
14744,6533,198,-1,266.02,0.1,True,-239.41799999999998
14745,6533,16,1,245.66,0.1,False,221.094
14746,6533,121,1,183.38,0.0,False,183.38
14747,6534,167,1,39.88,0.0,False,39.88
14748,6535,16,1,245.66,0.1,False,221.094
14749,6536,49,1,850.7,0.05,False,808.165
14750,6536,292,1,425.68,0.1,False,383.112
14751,6536,272,1,5.69,0.0,False,5.69
14752,6537,154,1,115.68,0.15,False,98.328
14753,6537,152,2,910.86,0.1,False,1639.548
14754,6537,221,1,704.75,0.15,False,599.0375
14755,6538,28,1,749.19,0.0,False,749.19
14756,6539,159,1,818.3,0.0,False,818.3
14757,6539,72,1,286.08,0.0,False,286.08
14758,6539,180,1,843.45,0.2,False,674.7600000000001
14759,6540,186,1,290.81,0.15,False,247.1885
14760,6540,198,1,266.02,0.1,False,239.41799999999998
14761,6541,129,2,492.47,0.0,False,984.94
14762,6541,216,1,492.92,0.15,False,418.982
14763,6542,260,1,619.66,0.0,False,619.66
14764,6542,197,-1,538.79,0.0,True,-538.79
14765,6543,109,3,59.23,0.0,False,177.69
14766,6543,180,1,843.45,0.15,False,716.9325
14767,6544,182,1,500.91,0.05,False,475.8645
14768,6545,114,1,23.97,0.0,False,23.97
14769,6545,298,2,238.39,0.0,False,476.78
14770,6545,145,3,61.15,0.15,False,155.93249999999998
14771,6545,90,1,219.22,0.0,False,219.22
14772,6546,288,1,515.26,0.2,False,412.208
14773,6546,110,1,52.92,0.0,False,52.92
14774,6546,63,1,430.39,0.2,False,344.312
14775,6547,181,1,37.18,0.0,False,37.18
14776,6548,210,1,177.09,0.0,False,177.09
14777,6548,36,1,749.87,0.05,False,712.3765
14778,6548,185,1,582.19,0.0,False,582.19
14779,6549,122,1,607.34,0.15,False,516.239
14780,6549,111,1,227.31,0.0,False,227.31
14781,6549,49,1,850.7,0.0,False,850.7
14782,6549,255,1,249.2,0.0,False,249.2
14783,6550,202,-1,514.85,0.0,True,-514.85
14784,6551,267,1,253.7,0.1,False,228.32999999999998
14785,6551,263,1,222.36,0.0,False,222.36
14786,6552,98,2,71.96,0.0,False,143.92
14787,6552,67,1,355.8,0.0,False,355.8
14788,6552,261,1,429.63,0.0,False,429.63
14789,6553,123,1,840.94,0.0,False,840.94
14790,6553,221,2,704.75,0.0,False,1409.5
14791,6554,36,1,749.87,0.0,False,749.87
14792,6554,135,-1,550.83,0.0,True,-550.83
14793,6555,230,1,829.69,0.0,False,829.69
14794,6555,249,1,682.27,0.0,False,682.27
14795,6556,263,1,222.36,0.05,False,211.242
14796,6557,198,1,266.02,0.0,False,266.02
14797,6557,213,1,111.83,0.0,False,111.83
14798,6557,89,3,247.06,0.0,False,741.1800000000001
14799,6558,22,2,205.71,0.0,False,411.42
14800,6558,127,2,111.4,0.0,False,222.8
14801,6559,283,1,680.49,0.05,False,646.4655
14802,6559,184,1,278.4,0.1,False,250.55999999999997
14803,6560,147,2,517.03,0.0,False,1034.06
14804,6560,158,1,282.03,0.05,False,267.9285
14805,6561,218,1,127.17,0.05,False,120.8115
14806,6561,270,1,34872.0,0.0,False,34872.0
14807,6561,85,1,530.7,0.1,False,477.63000000000005
14808,6562,25,1,282.92,0.0,False,282.92
14809,6562,199,3,51.0,0.05,False,145.35
14810,6563,218,1,127.17,0.0,False,127.17
14811,6564,75,1,299.66,0.0,False,299.66
14812,6565,52,2,12.48,0.0,False,24.96
14813,6565,129,1,492.47,0.1,False,443.223
14814,6565,92,1,148.78,0.2,False,119.024
14815,6566,127,1,111.4,0.0,False,111.4
14816,6566,73,1,346.78,0.0,False,346.78
14817,6566,69,2,274.11,0.0,False,548.22
14818,6566,204,2,578.66,0.15,False,983.7219999999999
14819,6567,166,1,278.38,0.0,False,278.38
14820,6567,11,1,216.27,0.0,False,216.27
14821,6568,245,1,11506.5,0.1,False,10355.85
14822,6568,46,1,397.56,0.15,False,337.926
14823,6569,238,1,192.17,0.2,False,153.736
14824,6570,135,1,550.83,0.0,False,550.83
14825,6570,27,2,686.85,0.05,False,1305.0149999999999
14826,6570,207,1,518.71,0.1,False,466.83900000000006
14827,6570,281,2,146.98,0.1,False,264.56399999999996
14828,6571,61,1,512.76,0.0,False,512.76
14829,6572,22,1,205.71,0.0,False,205.71
14830,6572,85,1,530.7,0.0,False,530.7
14831,6572,131,1,797.13,0.05,False,757.2735
14832,6573,215,2,501.1,0.0,False,1002.2
14833,6573,163,2,598.68,0.05,False,1137.492
14834,6573,14,1,90.93,0.1,False,81.837
14835,6573,15,2,536.46,0.15,False,911.9820000000001
14836,6574,172,1,104.56,0.0,False,104.56
14837,6574,285,2,667.54,0.0,False,1335.08
14838,6575,236,2,55.21,0.0,False,110.42
14839,6576,180,2,843.45,0.0,False,1686.9
14840,6576,92,2,148.78,0.1,False,267.80400000000003
14841,6577,167,1,39.88,0.0,False,39.88
14842,6577,213,1,111.83,0.15,False,95.0555
14843,6577,191,3,457.7,0.1,False,1235.79
14844,6578,146,1,443.54,0.0,False,443.54
14845,6578,166,-1,278.38,0.0,True,-278.38
14846,6579,298,1,238.39,0.0,False,238.39
14847,6579,114,1,23.97,0.0,False,23.97
14848,6580,50,1,240.1,0.0,False,240.1
14849,6581,53,1,192.38,0.0,False,192.38
14850,6582,68,1,133.13,0.0,False,133.13
14851,6582,282,1,280.61,0.15,False,238.51850000000002
14852,6583,141,1,251.45,0.2,False,201.16
14853,6583,183,1,942.96,0.05,False,895.812
14854,6584,247,1,708.26,0.0,False,708.26
14855,6584,100,1,283.25,0.0,False,283.25
14856,6584,268,1,23.79,0.05,False,22.600499999999997
14857,6585,70,2,402.01,0.0,False,804.02
14858,6585,201,2,567.68,0.0,False,1135.36
14859,6585,264,2,16.2,0.1,False,29.16
14860,6586,168,1,649.6,0.05,False,617.12
14861,6586,144,-1,299.76,0.0,True,-299.76
14862,6587,146,1,443.54,0.0,False,443.54
14863,6587,260,1,619.66,0.05,False,588.6769999999999
14864,6587,249,1,682.27,0.2,False,545.816
14865,6588,40,2,171.89,0.05,False,326.59099999999995
14866,6589,135,1,550.83,0.0,False,550.83
14867,6589,293,1,709.48,0.0,False,709.48
14868,6589,166,1,278.38,0.0,False,278.38
14869,6589,121,1,183.38,0.15,False,155.873
14870,6589,45,1,511.39,0.0,False,511.39
14871,6590,53,1,192.38,0.0,False,192.38
14872,6591,36,1,749.87,0.0,False,749.87
14873,6592,232,1,71.83,0.0,False,71.83
14874,6593,6,2,531.19,0.0,False,1062.38
14875,6593,220,-1,475.38,0.1,True,-427.842
14876,6593,86,-1,443.6,0.05,True,-421.42
14877,6593,71,2,362.18,0.1,False,651.924
14878,6594,202,1,514.85,0.0,False,514.85
14879,6594,19,1,727.02,0.2,False,581.616
14880,6595,109,1,59.23,0.0,False,59.23
14881,6595,99,1,496.87,0.0,False,496.87
14882,6595,252,1,274.43,0.05,False,260.7085
14883,6595,125,2,584.13,0.0,False,1168.26
14884,6595,95,1,711.68,0.0,False,711.68
14885,6596,257,1,8.4,0.0,False,8.4
14886,6596,134,1,541.79,0.0,False,541.79
14887,6596,224,1,23.12,0.15,False,19.652
14888,6597,192,1,697.79,0.0,False,697.79
14889,6598,146,1,443.54,0.0,False,443.54
14890,6599,56,1,186.07,0.0,False,186.07
14891,6599,43,1,97.72,0.0,False,97.72
14892,6599,217,1,479.18,0.15,False,407.303
14893,6600,39,1,412.64,0.05,False,392.008
14894,6600,196,1,518.75,0.0,False,518.75
14895,6601,58,1,87.55,0.0,False,87.55
14896,6601,77,1,103.53,0.05,False,98.3535
14897,6602,36,1,749.87,0.15,False,637.3895
14898,6603,47,1,513.39,0.0,False,513.39
14899,6604,299,1,725.08,0.1,False,652.572
14900,6604,55,1,395.52,0.05,False,375.74399999999997
14901,6605,146,2,443.54,0.0,False,887.08
14902,6606,42,1,328.75,0.05,False,312.3125
14903,6606,116,1,862.37,0.05,False,819.2515
14904,6606,105,1,375.87,0.0,False,375.87
14905,6606,21,1,614.24,0.1,False,552.816
14906,6607,290,1,908.96,0.05,False,863.512
14907,6607,166,1,278.38,0.0,False,278.38
14908,6608,49,1,850.7,0.0,False,850.7
14909,6608,9,1,66.57,0.1,False,59.913
14910,6609,299,1,725.08,0.0,False,725.08
14911,6609,220,1,475.38,0.0,False,475.38
14912,6609,40,1,171.89,0.0,False,171.89
14913,6609,238,1,192.17,0.0,False,192.17
14914,6609,21,1,614.24,0.0,False,614.24
14915,6610,242,1,166.1,0.1,False,149.49
14916,6610,125,2,584.13,0.0,False,1168.26
14917,6611,102,1,396.98,0.0,False,396.98
14918,6612,176,1,199.39,0.0,False,199.39
14919,6612,63,2,430.39,0.0,False,860.78
14920,6612,155,1,607.36,0.0,False,607.36
14921,6612,229,1,690.53,0.15,False,586.9504999999999
14922,6613,162,1,126.53,0.1,False,113.87700000000001
14923,6614,91,1,369.86,0.1,False,332.874
14924,6614,175,1,600.57,0.05,False,570.5415
14926,6614,156,1,372.8,0.0,False,372.8
14927,6615,285,1,667.54,0.0,False,667.54
14928,6616,47,1,513.39,0.0,False,513.39
14929,6616,166,1,278.38,0.0,False,278.38
14930,6616,220,1,475.38,0.0,False,475.38
14931,6616,259,2,533.22,0.0,False,1066.44
14932,6617,25,1,282.92,0.15,False,240.482
14933,6617,66,1,447.18,0.15,False,380.103
14934,6617,45,1,511.39,0.0,False,511.39
14935,6618,115,1,251.88,0.05,False,239.28599999999997
14936,6619,293,1,709.48,0.0,False,709.48
14937,6620,132,1,299.38,0.0,False,299.38
14938,6620,143,2,421.93,0.05,False,801.667
14939,6621,289,1,635.36,0.0,False,635.36
14940,6621,55,1,395.52,0.0,False,395.52
14941,6622,246,1,574.84,0.05,False,546.098
14942,6622,118,1,611.17,0.0,False,611.17
14943,6623,203,1,431.09,0.05,False,409.53549999999996
14944,6623,292,1,425.68,0.05,False,404.396
14945,6623,114,1,23.97,0.0,False,23.97
14946,6624,212,2,445.65,0.15,False,757.6049999999999
14947,6624,64,1,29.71,0.15,False,25.2535
14948,6625,17,1,953.82,0.15,False,810.7470000000001
14949,6625,295,1,139.02,0.0,False,139.02
14950,6625,122,1,607.34,0.0,False,607.34
14951,6625,133,1,479.79,0.05,False,455.8005
14952,6626,121,1,183.38,0.1,False,165.042
14953,6626,24,1,696.97,0.1,False,627.273
14954,6627,296,1,361.73,0.0,False,361.73
14955,6627,130,2,454.11,0.2,False,726.576
14956,6627,62,1,244.7,0.0,False,244.7
14957,6627,30,1,477.17,0.0,False,477.17
14958,6628,274,1,528.78,0.0,False,528.78
14959,6628,165,2,605.76,0.0,False,1211.52
14960,6629,278,1,402.71,0.0,False,402.71
14961,6629,36,1,749.87,0.0,False,749.87
14962,6629,224,3,23.12,0.0,False,69.36
14963,6630,117,1,567.69,0.0,False,567.69
14964,6630,290,1,908.96,0.0,False,908.96
14965,6630,229,1,690.53,0.0,False,690.53
14966,6630,247,1,708.26,0.1,False,637.434
14967,6631,166,3,278.38,0.0,False,835.14
14968,6631,42,1,328.75,0.0,False,328.75
14969,6631,195,1,132.26,0.0,False,132.26
14970,6632,87,1,564.0,0.0,False,564.0
14971,6632,289,3,635.36,0.0,False,1906.08
14972,6632,229,1,690.53,0.1,False,621.477
14973,6632,290,1,908.96,0.0,False,908.96
14974,6633,160,-1,150.1,0.2,True,-120.08
14975,6633,105,1,375.87,0.1,False,338.283
14976,6633,283,1,680.49,0.0,False,680.49
14977,6634,174,1,864.84,0.0,False,864.84
14978,6635,68,1,133.13,0.0,False,133.13
14980,6635,112,3,10.73,0.15,False,27.361499999999996
14981,6636,20,1,548.49,0.0,False,548.49
14982,6637,299,1,725.08,0.1,False,652.572
14983,6637,178,1,563.12,0.0,False,563.12
14984,6638,108,1,378.75,0.1,False,340.875
14985,6639,231,1,410.59,0.05,False,390.06049999999993
14986,6639,91,1,369.86,0.15,False,314.38100000000003
14987,6640,74,1,171.2,0.0,False,171.2
14988,6640,32,1,338.4,0.0,False,338.4
14989,6640,83,3,243.1,0.1,False,656.37
14990,6640,252,2,274.43,0.1,False,493.97400000000005
14991,6641,90,1,219.22,0.0,False,219.22
14992,6642,92,1,148.78,0.0,False,148.78
14993,6642,176,1,199.39,0.0,False,199.39
14994,6642,241,1,306.12,0.05,False,290.81399999999996
14995,6643,118,3,611.17,0.1,False,1650.1589999999999
14996,6644,276,3,341.21,0.0,False,1023.6299999999999
14997,6644,57,1,510.39,0.0,False,510.39
14998,6644,95,2,711.68,0.0,False,1423.36
14999,6645,47,2,513.39,0.0,False,1026.78
15000,6645,145,3,61.15,0.0,False,183.45
15001,6646,18,1,35.67,0.0,False,35.67
15002,6647,239,1,517.8,0.1,False,466.02
15003,6647,279,1,226.81,0.0,False,226.81
15004,6647,53,1,192.38,0.0,False,192.38
15005,6647,16,3,245.66,0.0,False,736.98
15006,6647,8,1,295.82,0.0,False,295.82
15007,6648,292,1,425.68,0.05,False,404.396
15008,6648,213,3,111.83,0.0,False,335.49
15009,6648,150,1,182.12,0.0,False,182.12
15010,6648,242,1,166.1,0.0,False,166.1
15011,6648,17,1,953.82,0.0,False,953.82
15012,6649,62,2,244.7,0.0,False,489.4
15013,6650,35,1,425.48,0.0,False,425.48
15014,6650,171,1,14.73,0.1,False,13.257000000000001
15015,6650,117,2,567.69,0.0,False,1135.38
15016,6651,250,1,8284.0,0.15,False,7041.4
15017,6651,192,1,697.79,0.05,False,662.9005
15018,6651,207,1,518.71,0.0,False,518.71
15019,6651,107,1,963.92,0.05,False,915.7239999999999
15020,6651,162,1,126.53,0.2,False,101.224
15021,6652,133,1,479.79,0.0,False,479.79
15022,6652,239,1,517.8,0.1,False,466.02
15023,6652,245,1,11506.5,0.0,False,11506.5
15024,6652,160,3,150.1,0.0,False,450.29999999999995
15025,6652,2,1,807.37,0.0,False,807.37
15026,6653,173,2,587.7,0.0,False,1175.4
15027,6653,7,1,357.42,0.0,False,357.42
15028,6654,9,1,66.57,0.05,False,63.24149999999999
15029,6655,28,2,749.19,0.05,False,1423.461
15030,6655,206,2,612.54,0.0,False,1225.08
15031,6655,282,1,280.61,0.0,False,280.61
15032,6655,15,3,536.46,0.0,False,1609.38
15033,6656,176,1,199.39,0.0,False,199.39
15034,6656,112,1,10.73,0.1,False,9.657
15035,6657,188,-1,550.0,0.0,True,-550.0
15036,6658,279,1,226.81,0.05,False,215.46949999999998
15037,6659,249,1,682.27,0.0,False,682.27
15038,6660,165,1,605.76,0.2,False,484.608
15039,6660,45,1,511.39,0.05,False,485.8205
15040,6660,283,2,680.49,0.0,False,1360.98
15041,6661,58,1,87.55,0.1,False,78.795
15042,6662,159,1,818.3,0.0,False,818.3
15043,6663,172,3,104.56,0.05,False,297.996
15044,6663,66,1,447.18,0.1,False,402.462
15045,6663,91,1,369.86,0.0,False,369.86
15046,6664,291,3,19.78,0.05,False,56.373
15047,6664,87,1,564.0,0.0,False,564.0
15048,6665,288,1,515.26,0.15,False,437.971
15049,6666,120,1,146.96,0.05,False,139.612
15050,6666,66,1,447.18,0.1,False,402.462
15051,6667,199,1,51.0,0.0,False,51.0
15052,6668,20,-1,548.49,0.0,True,-548.49
15053,6668,151,1,625.19,0.1,False,562.671
15054,6668,16,-1,245.66,0.0,True,-245.66
15055,6668,225,1,939.11,0.0,False,939.11
15056,6669,193,1,351.11,0.15,False,298.44350000000003
15057,6669,10,1,309.24,0.0,False,309.24
15058,6669,261,3,429.63,0.0,False,1288.8899999999999
15059,6670,241,1,306.12,0.1,False,275.50800000000004
15060,6671,268,1,23.79,0.0,False,23.79
15061,6671,246,1,574.84,0.2,False,459.87200000000007
15062,6672,54,1,679.71,0.05,False,645.7245
15063,6672,18,2,35.67,0.1,False,64.206
15064,6672,218,2,127.17,0.0,False,254.34
15065,6673,263,1,222.36,0.0,False,222.36
15066,6673,77,1,103.53,0.0,False,103.53
15067,6674,299,2,725.08,0.0,False,1450.16
15068,6674,99,1,496.87,0.0,False,496.87
15069,6674,213,1,111.83,0.05,False,106.23849999999999
15070,6675,145,1,61.15,0.05,False,58.092499999999994
15071,6675,108,2,378.75,0.0,False,757.5
15072,6675,34,1,399.8,0.0,False,399.8
15073,6675,56,1,186.07,0.15,False,158.15949999999998
15074,6675,68,1,133.13,0.1,False,119.817
15076,6676,127,1,111.4,0.0,False,111.4
15077,6676,140,3,500.02,0.15,False,1275.051
15078,6677,296,1,361.73,0.0,False,361.73
15079,6678,142,1,717.32,0.0,False,717.32
15080,6679,21,1,614.24,0.0,False,614.24
15081,6680,50,1,240.1,0.0,False,240.1
15082,6680,150,1,182.12,0.1,False,163.90800000000002
15083,6681,255,1,249.2,0.0,False,249.2
15084,6681,16,1,245.66,0.0,False,245.66
15085,6681,102,-1,396.98,0.0,True,-396.98
15086,6682,233,2,82.49,0.05,False,156.731
15087,6682,79,1,308.93,0.1,False,278.03700000000003
15088,6683,35,2,425.48,0.0,False,850.96
15089,6683,171,2,14.73,0.15,False,25.041
15090,6683,89,1,247.06,0.0,False,247.06
15091,6683,156,3,372.8,0.0,False,1118.4
15092,6684,85,1,530.7,0.0,False,530.7
15093,6684,206,1,612.54,0.0,False,612.54
15094,6685,239,1,517.8,0.1,False,466.02
15095,6685,20,2,548.49,0.2,False,877.5840000000001
15096,6685,52,1,12.48,0.05,False,11.856
15097,6686,123,1,840.94,0.0,False,840.94
15098,6686,87,1,564.0,0.05,False,535.8
15099,6686,105,1,375.87,0.0,False,375.87
15100,6687,65,1,460.75,0.15,False,391.6375
15101,6688,41,1,376.48,0.0,False,376.48
15102,6688,22,2,205.71,0.0,False,411.42
15103,6688,75,1,299.66,0.05,False,284.677
15104,6688,114,1,23.97,0.15,False,20.374499999999998
15105,6688,76,2,938.11,0.0,False,1876.22
15106,6689,238,1,192.17,0.0,False,192.17
15107,6689,99,1,496.87,0.0,False,496.87
15108,6690,166,2,278.38,0.0,False,556.76
15109,6691,120,1,146.96,0.0,False,146.96
15110,6692,116,1,862.37,0.0,False,862.37
15111,6693,82,1,235.49,0.05,False,223.7155
15112,6694,270,1,34872.0,0.0,False,34872.0
15113,6694,67,1,355.8,0.2,False,284.64000000000004
15114,6694,289,2,635.36,0.1,False,1143.6480000000001
15115,6694,224,1,23.12,0.0,False,23.12
15116,6694,119,1,519.85,0.15,False,441.8725
15117,6695,163,1,598.68,0.05,False,568.746
15118,6695,73,1,346.78,0.0,False,346.78
15119,6695,250,1,8284.0,0.05,False,7869.799999999999
15120,6696,96,1,682.77,0.0,False,682.77
15121,6697,45,-1,511.39,0.05,True,-485.8205
15122,6697,55,1,395.52,0.0,False,395.52
15123,6697,78,1,213.82,0.0,False,213.82
15124,6697,48,1,231.62,0.0,False,231.62
15125,6697,111,1,227.31,0.0,False,227.31
15126,6698,219,1,211.99,0.05,False,201.3905
15127,6698,246,2,574.84,0.05,False,1092.196
15128,6698,158,1,282.03,0.0,False,282.03
15129,6698,264,3,16.2,0.0,False,48.599999999999994
15130,6698,206,1,612.54,0.0,False,612.54
15131,6699,13,1,152.16,0.0,False,152.16
15132,6699,116,1,862.37,0.2,False,689.8960000000001
15133,6700,64,1,29.71,0.0,False,29.71
15134,6700,145,1,61.15,0.0,False,61.15
15135,6700,127,1,111.4,0.0,False,111.4
15136,6700,156,1,372.8,0.0,False,372.8
15137,6701,71,1,362.18,0.1,False,325.962
15138,6702,13,-1,152.16,0.0,True,-152.16
15139,6703,68,1,133.13,0.1,False,119.817
15140,6703,115,1,251.88,0.15,False,214.09799999999998
15141,6704,233,1,82.49,0.0,False,82.49
15142,6704,297,1,89.43,0.0,False,89.43
15143,6704,8,1,295.82,0.0,False,295.82
15144,6704,208,1,260.07,0.0,False,260.07
15145,6705,8,2,295.82,0.0,False,591.64
15146,6706,123,1,840.94,0.0,False,840.94
15147,6707,213,2,111.83,0.0,False,223.66
15148,6708,243,3,746.93,0.0,False,2240.79
15149,6708,36,2,749.87,0.05,False,1424.753
15150,6708,178,2,563.12,0.0,False,1126.24
15151,6709,210,1,177.09,0.15,False,150.5265
15152,6709,187,1,127.57,0.05,False,121.19149999999999
15153,6710,245,1,11506.5,0.0,False,11506.5
15154,6711,196,1,518.75,0.0,False,518.75
15155,6711,280,1,121.8,0.0,False,121.8
15156,6711,233,1,82.49,0.05,False,78.3655
15157,6712,128,1,686.4,0.15,False,583.4399999999999
15158,6712,35,1,425.48,0.2,False,340.384
15159,6712,144,3,299.76,0.0,False,899.28
15160,6713,139,2,835.42,0.1,False,1503.7559999999999
15161,6713,297,1,89.43,0.15,False,76.0155
15162,6713,8,1,295.82,0.0,False,295.82
15163,6714,50,1,240.1,0.0,False,240.1
15164,6714,31,1,976.57,0.15,False,830.0845
15165,6714,27,1,686.85,0.15,False,583.8225
15166,6715,180,1,843.45,0.1,False,759.105
15167,6716,214,3,304.46,0.15,False,776.3729999999999
15168,6716,41,1,376.48,0.05,False,357.656
15169,6717,167,-1,39.88,0.15,True,-33.898
15170,6717,84,1,43.2,0.0,False,43.2
15171,6718,198,1,266.02,0.0,False,266.02
15172,6718,30,1,477.17,0.0,False,477.17
15173,6719,257,1,8.4,0.05,False,7.9799999999999995
15174,6719,133,2,479.79,0.1,False,863.6220000000001
15175,6720,139,3,835.42,0.05,False,2380.9469999999997
15176,6720,235,1,370.09,0.1,False,333.08099999999996
15177,6720,118,1,611.17,0.0,False,611.17
15178,6721,31,1,976.57,0.0,False,976.57
15179,6721,33,3,217.73,0.05,False,620.5305
15180,6722,54,1,679.71,0.0,False,679.71
15181,6722,91,1,369.86,0.0,False,369.86
15182,6722,273,1,560.24,0.0,False,560.24
15183,6723,252,2,274.43,0.05,False,521.417
15184,6723,59,1,287.12,0.0,False,287.12
15185,6723,10,1,309.24,0.0,False,309.24
15186,6723,103,1,456.96,0.0,False,456.96
15187,6724,211,1,943.9,0.0,False,943.9
15188,6724,293,2,709.48,0.2,False,1135.1680000000001
15189,6725,21,3,614.24,0.1,False,1658.448
15190,6726,300,1,133.29,0.0,False,133.29
15191,6727,37,1,608.8,0.0,False,608.8
15192,6727,12,2,156.75,0.0,False,313.5
15193,6728,239,1,517.8,0.0,False,517.8
15194,6729,176,1,199.39,0.0,False,199.39
15195,6729,102,1,396.98,0.15,False,337.433
15196,6729,149,1,382.77,0.0,False,382.77
15197,6730,145,1,61.15,0.1,False,55.035
15198,6730,240,1,555.47,0.0,False,555.47
15199,6731,130,1,454.11,0.05,False,431.4045
15200,6732,151,2,625.19,0.1,False,1125.342
15201,6732,261,-1,429.63,0.0,True,-429.63
15202,6733,99,1,496.87,0.05,False,472.0265
15203,6733,53,1,192.38,0.15,False,163.523
15204,6733,104,3,957.31,0.0,False,2871.93
15205,6734,218,1,127.17,0.0,False,127.17
15206,6734,230,1,829.69,0.2,False,663.7520000000001
15207,6735,253,1,621.95,0.0,False,621.95
15208,6735,4,1,17.97,0.05,False,17.071499999999997
15209,6736,182,1,500.91,0.0,False,500.91
15210,6736,56,1,186.07,0.05,False,176.76649999999998
15211,6737,281,1,146.98,0.2,False,117.584
15212,6738,132,3,299.38,0.0,False,898.14
15213,6739,88,1,275.21,0.1,False,247.689
15214,6740,233,2,82.49,0.0,False,164.98
15215,6741,207,2,518.71,0.1,False,933.6780000000001
15216,6742,147,2,517.03,0.05,False,982.3569999999999
15217,6742,256,1,537.93,0.1,False,484.13699999999994
15218,6743,103,1,456.96,0.15,False,388.416
15219,6744,186,3,290.81,0.1,False,785.1870000000001
15220,6744,3,1,978.72,0.0,False,978.72
15221,6745,295,1,139.02,0.0,False,139.02
15222,6745,34,1,399.8,0.15,False,339.83
15223,6746,108,1,378.75,0.0,False,378.75
15224,6746,299,1,725.08,0.0,False,725.08
15225,6746,197,1,538.79,0.05,False,511.85049999999995
15226,6747,141,1,251.45,0.1,False,226.305
15227,6748,249,1,682.27,0.0,False,682.27
15228,6749,195,1,132.26,0.0,False,132.26
15229,6750,134,1,541.79,0.2,False,433.432
15230,6750,84,1,43.2,0.0,False,43.2
15231,6750,297,1,89.43,0.0,False,89.43
15232,6750,262,1,214.85,0.05,False,204.1075
15233,6751,22,3,205.71,0.2,False,493.704
15234,6752,34,1,399.8,0.0,False,399.8
15235,6752,164,1,446.58,0.1,False,401.92199999999997
15236,6752,187,2,127.57,0.1,False,229.626
15237,6753,68,1,133.13,0.0,False,133.13
15238,6753,155,3,607.36,0.0,False,1822.08
15239,6754,292,1,425.68,0.15,False,361.828
15240,6754,178,2,563.12,0.15,False,957.304
15241,6754,177,3,156.12,0.0,False,468.36
15242,6755,67,1,355.8,0.0,False,355.8
15243,6756,52,1,12.48,0.0,False,12.48
15244,6756,247,1,708.26,0.15,False,602.021
15245,6756,24,2,696.97,0.05,False,1324.243
15246,6757,173,1,587.7,0.0,False,587.7
15247,6757,117,1,567.69,0.15,False,482.53650000000005
15248,6757,29,2,103.82,0.0,False,207.64
15250,6757,122,1,607.34,0.0,False,607.34
15251,6758,220,1,475.38,0.0,False,475.38
15252,6758,231,1,410.59,0.2,False,328.472
15253,6758,134,1,541.79,0.05,False,514.7004999999999
15254,6758,22,1,205.71,0.15,False,174.8535
15255,6759,92,1,148.78,0.1,False,133.90200000000002
15256,6759,99,1,496.87,0.0,False,496.87
15257,6759,114,1,23.97,0.0,False,23.97
15258,6759,276,1,341.21,0.1,False,307.089
15259,6760,61,1,512.76,0.0,False,512.76
15260,6761,85,1,530.7,0.05,False,504.165
15261,6761,160,2,150.1,0.0,False,300.2
15262,6761,248,1,75.61,0.05,False,71.8295
15263,6762,84,1,43.2,0.0,False,43.2
15264,6762,261,1,429.63,0.0,False,429.63
15265,6763,171,2,14.73,0.0,False,29.46
15266,6763,245,1,11506.5,0.0,False,11506.5
15267,6763,296,1,361.73,0.05,False,343.6435
15268,6763,214,2,304.46,0.0,False,608.92
15269,6764,294,2,141.94,0.0,False,283.88
15270,6765,200,1,533.81,0.0,False,533.81
15271,6765,115,1,251.88,0.1,False,226.692
15272,6766,215,1,501.1,0.0,False,501.1
15273,6766,195,1,132.26,0.0,False,132.26
15274,6766,51,2,863.34,0.0,False,1726.68
15275,6766,142,2,717.32,0.0,False,1434.64
15276,6767,37,1,608.8,0.1,False,547.92
15277,6768,2,1,807.37,0.05,False,767.0015
15278,6768,138,-1,54.35,0.0,True,-54.35
15279,6768,280,1,121.8,0.1,False,109.62
15280,6768,33,-1,217.73,0.0,True,-217.73
15281,6768,71,1,362.18,0.2,False,289.744
15282,6769,1,2,433.54,0.0,False,867.08
15283,6769,17,2,953.82,0.0,False,1907.64
15284,6769,261,1,429.63,0.1,False,386.66700000000003
15285,6769,18,1,35.67,0.2,False,28.536
15286,6770,213,1,111.83,0.15,False,95.0555
15287,6770,263,1,222.36,0.0,False,222.36
15288,6771,9,2,66.57,0.1,False,119.826
15289,6771,117,2,567.69,0.1,False,1021.8420000000001
15290,6771,76,1,938.11,0.05,False,891.2044999999999
15291,6771,51,2,863.34,0.0,False,1726.68
15292,6772,205,2,367.74,0.0,False,735.48
15293,6773,119,1,519.85,0.2,False,415.88000000000005
15294,6773,260,1,619.66,0.0,False,619.66
15295,6773,31,1,976.57,0.15,False,830.0845
15296,6774,110,-1,52.92,0.0,True,-52.92
15297,6775,117,1,567.69,0.15,False,482.53650000000005
15298,6775,7,1,357.42,0.1,False,321.678
15299,6775,300,1,133.29,0.1,False,119.961
15300,6776,253,2,621.95,0.15,False,1057.315
15301,6776,42,2,328.75,0.0,False,657.5
15302,6776,238,1,192.17,0.1,False,172.953
15303,6776,43,1,97.72,0.0,False,97.72
15304,6776,41,1,376.48,0.0,False,376.48
15305,6777,185,2,582.19,0.0,False,1164.38
15306,6777,69,1,274.11,0.0,False,274.11
15307,6777,85,2,530.7,0.05,False,1008.33
15308,6778,65,1,460.75,0.0,False,460.75
15309,6779,272,1,5.69,0.0,False,5.69
15310,6779,25,2,282.92,0.0,False,565.84
15311,6779,107,1,963.92,0.0,False,963.92
15312,6780,5,1,503.34,0.15,False,427.83899999999994
15313,6780,28,1,749.19,0.15,False,636.8115
15314,6781,9,2,66.57,0.05,False,126.48299999999998
15315,6782,47,1,513.39,0.1,False,462.051
15316,6782,182,1,500.91,0.0,False,500.91
15317,6782,250,1,8284.0,0.15,False,7041.4
15318,6782,255,2,249.2,0.0,False,498.4
15319,6782,265,2,839.64,0.1,False,1511.352
15320,6783,105,1,375.87,0.0,False,375.87
15321,6783,145,1,61.15,0.05,False,58.092499999999994
15322,6783,78,1,213.82,0.0,False,213.82
15323,6784,274,2,528.78,0.0,False,1057.56
15324,6785,12,2,156.75,0.1,False,282.15000000000003
15325,6785,128,2,686.4,0.0,False,1372.8
15326,6785,237,3,335.88,0.0,False,1007.64
15327,6786,142,1,717.32,0.1,False,645.5880000000001
15328,6786,274,1,528.78,0.0,False,528.78
15329,6786,11,2,216.27,0.2,False,346.03200000000004
15330,6787,114,1,23.97,0.15,False,20.374499999999998
15331,6788,114,1,23.97,0.0,False,23.97
15332,6788,172,1,104.56,0.1,False,94.104
15333,6788,122,1,607.34,0.05,False,576.973
15334,6789,265,-1,839.64,0.1,True,-755.676
15335,6789,163,1,598.68,0.0,False,598.68
15336,6789,111,2,227.31,0.1,False,409.158
15337,6790,160,1,150.1,0.0,False,150.1
15338,6791,218,1,127.17,0.1,False,114.453
15339,6792,164,1,446.58,0.0,False,446.58
15340,6792,277,2,437.32,0.0,False,874.64
15341,6792,105,3,375.87,0.0,False,1127.6100000000001
15342,6792,271,1,756.22,0.0,False,756.22
15343,6793,48,1,231.62,0.0,False,231.62
15344,6793,199,2,51.0,0.0,False,102.0
15345,6793,274,1,528.78,0.15,False,449.46299999999997
15346,6793,248,1,75.61,0.0,False,75.61
15347,6793,8,1,295.82,0.0,False,295.82
15348,6794,51,1,863.34,0.1,False,777.0060000000001
15349,6795,9,1,66.57,0.0,False,66.57
15350,6796,225,1,939.11,0.0,False,939.11
15351,6796,209,2,797.01,0.0,False,1594.02
15352,6797,94,1,514.73,0.0,False,514.73
15353,6797,29,1,103.82,0.0,False,103.82
15354,6797,86,3,443.6,0.0,False,1330.8000000000002
15355,6797,15,1,536.46,0.15,False,455.99100000000004
15356,6798,207,1,518.71,0.15,False,440.9035
15357,6799,205,3,367.74,0.1,False,992.898
15358,6800,291,1,19.78,0.0,False,19.78
15359,6800,298,1,238.39,0.0,False,238.39
15360,6801,98,1,71.96,0.1,False,64.764
15361,6802,44,1,6.81,0.0,False,6.81
15362,6802,72,2,286.08,0.0,False,572.16
15363,6802,293,1,709.48,0.0,False,709.48
15364,6803,90,1,219.22,0.2,False,175.376
15365,6803,252,1,274.43,0.0,False,274.43
15366,6804,184,2,278.4,0.0,False,556.8
15367,6804,95,2,711.68,0.0,False,1423.36
15368,6805,247,1,708.26,0.0,False,708.26
15369,6806,41,1,376.48,0.2,False,301.184
15370,6807,39,1,412.64,0.0,False,412.64
15371,6807,177,1,156.12,0.1,False,140.508
15372,6808,270,2,34872.0,0.0,False,69744.0
15373,6808,259,1,533.22,0.05,False,506.559
15374,6808,79,2,308.93,0.0,False,617.86
15375,6809,92,1,148.78,0.0,False,148.78
15376,6809,240,1,555.47,0.15,False,472.1495
15377,6809,47,2,513.39,0.15,False,872.7629999999999
15378,6809,226,1,211.98,0.0,False,211.98
15379,6809,80,2,166.05,0.0,False,332.1
15380,6810,246,1,574.84,0.05,False,546.098
15381,6810,224,2,23.12,0.0,False,46.24
15382,6811,297,1,89.43,0.0,False,89.43
15383,6811,198,1,266.02,0.0,False,266.02
15384,6811,287,1,754.14,0.0,False,754.14
15385,6812,22,1,205.71,0.15,False,174.8535
15386,6813,160,1,150.1,0.0,False,150.1
15387,6813,10,1,309.24,0.0,False,309.24
15388,6813,4,1,17.97,0.1,False,16.173
15389,6813,221,1,704.75,0.05,False,669.5124999999999
15390,6814,124,1,640.23,0.0,False,640.23
15391,6814,5,1,503.34,0.0,False,503.34
15392,6814,123,1,840.94,0.0,False,840.94
15393,6815,204,1,578.66,0.0,False,578.66
15394,6815,295,1,139.02,0.0,False,139.02
15395,6816,34,1,399.8,0.0,False,399.8
15396,6816,235,1,370.09,0.0,False,370.09
15397,6817,131,1,797.13,0.0,False,797.13
15398,6818,80,2,166.05,0.05,False,315.495
15399,6818,277,1,437.32,0.05,False,415.45399999999995
15400,6818,285,1,667.54,0.1,False,600.786
15401,6819,80,1,166.05,0.05,False,157.7475
15402,6819,83,2,243.1,0.0,False,486.2
15403,6819,247,1,708.26,0.0,False,708.26
15404,6820,264,2,16.2,0.05,False,30.779999999999998
15405,6820,203,1,431.09,0.2,False,344.872
15406,6821,56,1,186.07,0.2,False,148.856
15407,6822,56,1,186.07,0.0,False,186.07
15408,6822,21,1,614.24,0.0,False,614.24
15409,6823,274,1,528.78,0.0,False,528.78
15410,6823,257,2,8.4,0.0,False,16.8
15411,6823,76,1,938.11,0.05,False,891.2044999999999
15412,6824,172,3,104.56,0.05,False,297.996
15413,6824,138,2,54.35,0.0,False,108.7
15414,6824,211,1,943.9,0.15,False,802.3149999999999
15415,6824,127,1,111.4,0.05,False,105.83
15416,6825,246,1,574.84,0.0,False,574.84
15417,6826,64,-1,29.71,0.0,True,-29.71
15418,6826,8,1,295.82,0.0,False,295.82
15419,6827,261,1,429.63,0.1,False,386.66700000000003
15420,6827,122,1,607.34,0.0,False,607.34
15421,6827,230,2,829.69,0.2,False,1327.5040000000001
15422,6828,9,1,66.57,0.0,False,66.57
15423,6828,275,2,82.62,0.1,False,148.716
15424,6829,133,1,479.79,0.0,False,479.79
15425,6829,2,1,807.37,0.05,False,767.0015
15426,6830,58,1,87.55,0.0,False,87.55
15427,6830,210,1,177.09,0.2,False,141.672
15428,6831,143,1,421.93,0.0,False,421.93
15429,6832,165,1,605.76,0.0,False,605.76
15430,6832,129,1,492.47,0.0,False,492.47
15431,6832,62,1,244.7,0.0,False,244.7
15432,6833,156,1,372.8,0.0,False,372.8
15433,6833,53,1,192.38,0.1,False,173.142
15434,6834,248,1,75.61,0.05,False,71.8295
15435,6835,94,2,514.73,0.1,False,926.514
15436,6836,20,1,548.49,0.1,False,493.641
15437,6836,32,1,338.4,0.15,False,287.64
15438,6836,220,1,475.38,0.0,False,475.38
15439,6837,203,1,431.09,0.0,False,431.09
15440,6838,190,1,707.42,0.0,False,707.42
15441,6838,133,1,479.79,0.0,False,479.79
15442,6839,207,2,518.71,0.0,False,1037.42
15443,6840,186,1,290.81,0.05,False,276.2695
15444,6841,208,2,260.07,0.0,False,520.14
15445,6842,221,2,704.75,0.05,False,1339.0249999999999
15446,6842,91,-1,369.86,0.0,True,-369.86
15447,6842,298,1,238.39,0.05,False,226.4705
15448,6842,251,1,439.11,0.2,False,351.288
15449,6843,125,1,584.13,0.15,False,496.5105
15450,6843,237,1,335.88,0.15,False,285.498
15451,6844,75,1,299.66,0.0,False,299.66
15452,6844,46,1,397.56,0.1,False,357.80400000000003
15453,6844,255,1,249.2,0.1,False,224.28
15454,6844,270,1,34872.0,0.15,False,29641.2
15455,6845,88,1,275.21,0.0,False,275.21
15456,6845,246,2,574.84,0.1,False,1034.712
15457,6845,135,3,550.83,0.0,False,1652.4900000000002
15458,6845,234,1,486.72,0.05,False,462.384
15459,6846,27,1,686.85,0.05,False,652.5074999999999
15460,6846,242,1,166.1,0.0,False,166.1
15461,6847,65,1,460.75,0.0,False,460.75
15462,6848,90,2,219.22,0.0,False,438.44
15463,6848,4,1,17.97,0.2,False,14.376
15464,6848,41,1,376.48,0.0,False,376.48
15466,6849,9,2,66.57,0.0,False,133.14
15467,6849,122,1,607.34,0.0,False,607.34
15468,6849,106,1,150.04,0.05,False,142.53799999999998
15469,6850,95,1,711.68,0.05,False,676.0959999999999
15470,6851,299,1,725.08,0.0,False,725.08
15471,6851,110,1,52.92,0.05,False,50.274
15472,6852,219,1,211.99,0.15,False,180.1915
15473,6852,136,2,974.39,0.0,False,1948.78
15474,6852,93,1,98.57,0.0,False,98.57
15475,6852,191,2,457.7,0.0,False,915.4
15476,6852,134,1,541.79,0.0,False,541.79
15477,6853,215,3,501.1,0.0,False,1503.3000000000002
15478,6853,141,1,251.45,0.1,False,226.305
15479,6854,37,1,608.8,0.05,False,578.3599999999999
15480,6854,105,1,375.87,0.0,False,375.87
15481,6854,131,2,797.13,0.1,False,1434.834
15482,6855,101,2,488.42,0.0,False,976.84
15483,6855,48,1,231.62,0.1,False,208.458
15484,6856,289,3,635.36,0.2,False,1524.864
15485,6857,297,2,89.43,0.0,False,178.86
15486,6858,208,1,260.07,0.0,False,260.07
15487,6858,220,1,475.38,0.0,False,475.38
15488,6858,14,2,90.93,0.05,False,172.767
15489,6859,172,1,104.56,0.0,False,104.56
15490,6859,242,1,166.1,0.0,False,166.1
15491,6859,264,1,16.2,0.0,False,16.2
15492,6859,39,1,412.64,0.2,False,330.112
15493,6860,184,3,278.4,0.0,False,835.1999999999999
15494,6860,80,1,166.05,0.0,False,166.05
15495,6860,97,1,628.48,0.1,False,565.6320000000001
15496,6861,91,1,369.86,0.0,False,369.86
15497,6862,113,1,55.28,0.0,False,55.28
15498,6862,63,1,430.39,0.0,False,430.39
15499,6862,258,1,626.09,0.0,False,626.09
15501,6863,197,1,538.79,0.1,False,484.911
15502,6864,190,1,707.42,0.1,False,636.678
15503,6864,151,3,625.19,0.1,False,1688.0130000000001
15504,6865,263,3,222.36,0.0,False,667.08
15505,6865,252,2,274.43,0.05,False,521.417
15506,6866,128,2,686.4,0.0,False,1372.8
15507,6866,131,1,797.13,0.1,False,717.417
15508,6866,265,1,839.64,0.1,False,755.676
15509,6867,58,1,87.55,0.2,False,70.04
15510,6867,150,1,182.12,0.0,False,182.12
15511,6868,190,1,707.42,0.15,False,601.3069999999999
15512,6868,68,1,133.13,0.0,False,133.13
15513,6868,67,1,355.8,0.15,False,302.43
15514,6868,90,3,219.22,0.15,False,559.011
15515,6868,210,1,177.09,0.0,False,177.09
15516,6869,11,2,216.27,0.05,False,410.913
15517,6870,152,1,910.86,0.1,False,819.774
15518,6870,66,2,447.18,0.0,False,894.36
15519,6870,230,1,829.69,0.05,False,788.2055
15520,6871,151,1,625.19,0.1,False,562.671
15521,6872,115,1,251.88,0.0,False,251.88
15522,6872,57,1,510.39,0.15,False,433.8315
15523,6873,16,1,245.66,0.0,False,245.66
15524,6873,112,1,10.73,0.0,False,10.73
15525,6874,274,1,528.78,0.15,False,449.46299999999997
15526,6875,225,1,939.11,0.0,False,939.11
15527,6875,252,1,274.43,0.0,False,274.43
15528,6875,64,1,29.71,0.0,False,29.71
15529,6875,66,1,447.18,0.0,False,447.18
15531,6876,183,2,942.96,0.0,False,1885.92
15532,6876,236,1,55.21,0.0,False,55.21
15533,6877,69,1,274.11,0.15,False,232.9935
15534,6877,175,1,600.57,0.1,False,540.513
15535,6878,160,1,150.1,0.05,False,142.595
15536,6879,86,1,443.6,0.0,False,443.6
15537,6880,12,1,156.75,0.1,False,141.07500000000002
15538,6880,180,1,843.45,0.1,False,759.105
15539,6880,118,1,611.17,0.0,False,611.17
15540,6881,255,1,249.2,0.0,False,249.2
15541,6881,73,1,346.78,0.0,False,346.78
15542,6882,162,1,126.53,0.0,False,126.53
15543,6883,82,1,235.49,0.2,False,188.39200000000002
15544,6883,201,1,567.68,0.05,False,539.2959999999999
15545,6883,248,1,75.61,0.0,False,75.61
15546,6884,266,1,110.99,0.15,False,94.3415
15547,6885,143,2,421.93,0.05,False,801.667
15548,6885,276,1,341.21,0.0,False,341.21
15549,6886,168,1,649.6,0.0,False,649.6
15550,6886,208,2,260.07,0.05,False,494.133
15551,6886,80,2,166.05,0.05,False,315.495
15552,6886,9,1,66.57,0.2,False,53.256
15553,6886,219,1,211.99,0.0,False,211.99
15554,6887,95,1,711.68,0.0,False,711.68
15555,6887,59,1,287.12,0.0,False,287.12
15556,6888,72,2,286.08,0.0,False,572.16
15557,6889,24,1,696.97,0.2,False,557.576
15558,6889,218,3,127.17,0.0,False,381.51
15559,6890,158,1,282.03,0.0,False,282.03
15560,6891,20,2,548.49,0.0,False,1096.98
15561,6891,215,1,501.1,0.0,False,501.1
15562,6892,49,1,850.7,0.0,False,850.7
15563,6893,213,1,111.83,0.05,False,106.23849999999999
15564,6893,104,1,957.31,0.0,False,957.31
15565,6893,110,1,52.92,0.0,False,52.92
15566,6894,207,1,518.71,0.1,False,466.83900000000006
15567,6895,163,1,598.68,0.05,False,568.746
15568,6895,40,2,171.89,0.0,False,343.78
15569,6896,298,3,238.39,0.0,False,715.17
15570,6897,275,2,82.62,0.0,False,165.24
15571,6898,190,2,707.42,0.0,False,1414.84
15572,6898,100,1,283.25,0.0,False,283.25
15573,6899,107,1,963.92,0.05,False,915.7239999999999
15574,6899,69,1,274.11,0.15,False,232.9935
15575,6900,75,2,299.66,0.0,False,599.32
15576,6900,152,1,910.86,0.0,False,910.86
15577,6900,127,1,111.4,0.0,False,111.4
15578,6900,293,3,709.48,0.2,False,1702.7520000000002
15579,6900,221,2,704.75,0.0,False,1409.5
15580,6901,54,1,679.71,0.0,False,679.71
15581,6901,273,1,560.24,0.05,False,532.228
15582,6902,128,1,686.4,0.0,False,686.4
15583,6902,96,1,682.77,0.0,False,682.77
15584,6903,266,1,110.99,0.0,False,110.99
15585,6904,209,1,797.01,0.0,False,797.01
15586,6904,125,1,584.13,0.0,False,584.13
15587,6905,241,1,306.12,0.0,False,306.12
15588,6906,115,2,251.88,0.0,False,503.76
15589,6906,225,1,939.11,0.1,False,845.1990000000001
15590,6907,232,1,71.83,0.0,False,71.83
15591,6908,103,1,456.96,0.0,False,456.96
15592,6909,128,1,686.4,0.1,False,617.76
15593,6909,47,1,513.39,0.0,False,513.39
15594,6910,232,1,71.83,0.0,False,71.83
15595,6910,275,1,82.62,0.15,False,70.227
15596,6910,155,1,607.36,0.0,False,607.36
15597,6911,168,1,649.6,0.0,False,649.6
15598,6912,41,-1,376.48,0.1,True,-338.83200000000005
15599,6912,35,1,425.48,0.0,False,425.48
15600,6912,184,1,278.4,0.1,False,250.55999999999997
15601,6913,253,1,621.95,0.0,False,621.95
15602,6913,1,1,433.54,0.0,False,433.54
15603,6913,90,1,219.22,0.0,False,219.22
15604,6913,70,1,402.01,0.05,False,381.9095
15605,6914,193,1,351.11,0.05,False,333.5545
15606,6914,246,1,574.84,0.2,False,459.87200000000007
15607,6915,195,1,132.26,0.15,False,112.42099999999999
15608,6916,121,1,183.38,0.15,False,155.873
15609,6917,299,1,725.08,0.0,False,725.08
15610,6918,285,1,667.54,0.0,False,667.54
15611,6919,290,2,908.96,0.0,False,1817.92
15612,6920,108,1,378.75,0.0,False,378.75
15613,6920,252,1,274.43,0.0,False,274.43
15614,6921,244,1,263.25,0.0,False,263.25
15615,6921,106,1,150.04,0.15,False,127.53399999999999
15616,6922,207,1,518.71,0.0,False,518.71
15617,6923,99,1,496.87,0.0,False,496.87
15618,6924,283,1,680.49,0.15,False,578.4165
15619,6924,25,1,282.92,0.0,False,282.92
15620,6925,81,1,779.01,0.0,False,779.01
15621,6925,155,2,607.36,0.15,False,1032.512
15622,6925,175,2,600.57,0.15,False,1020.969
15623,6926,40,1,171.89,0.1,False,154.701
15624,6926,197,1,538.79,0.0,False,538.79
15625,6926,153,2,530.38,0.2,False,848.6080000000001
15626,6926,227,1,192.19,0.0,False,192.19
15627,6926,231,2,410.59,0.15,False,698.0029999999999
15628,6927,23,1,235.35,0.0,False,235.35
15629,6927,97,1,628.48,0.0,False,628.48
15630,6928,218,3,127.17,0.0,False,381.51
15631,6929,244,1,263.25,0.1,False,236.925
15632,6929,162,1,126.53,0.0,False,126.53
15633,6929,160,1,150.1,0.05,False,142.595
15634,6929,28,2,749.19,0.2,False,1198.7040000000002
15635,6929,70,1,402.01,0.0,False,402.01
15636,6930,235,1,370.09,0.0,False,370.09
15637,6930,88,1,275.21,0.05,False,261.44949999999994
15638,6931,224,2,23.12,0.1,False,41.616
15639,6931,223,1,57.85,0.05,False,54.957499999999996
15640,6931,258,1,626.09,0.05,False,594.7855
15641,6931,287,1,754.14,0.05,False,716.433
15642,6931,113,2,55.28,0.0,False,110.56
15643,6932,4,1,17.97,0.05,False,17.071499999999997
15644,6932,260,1,619.66,0.1,False,557.694
15645,6932,261,1,429.63,0.05,False,408.14849999999996
15646,6933,42,1,328.75,0.0,False,328.75
15647,6933,174,1,864.84,0.1,False,778.356
15648,6933,72,2,286.08,0.2,False,457.728
15649,6934,44,2,6.81,0.15,False,11.576999999999998
15650,6934,225,1,939.11,0.0,False,939.11
15651,6935,140,1,500.02,0.05,False,475.01899999999995
15652,6935,156,1,372.8,0.1,False,335.52000000000004
15653,6935,71,1,362.18,0.0,False,362.18
15654,6935,265,2,839.64,0.2,False,1343.424
15655,6936,259,1,533.22,0.0,False,533.22
15656,6936,126,1,240.49,0.0,False,240.49
15657,6937,253,1,621.95,0.0,False,621.95
15658,6937,113,3,55.28,0.1,False,149.256
15659,6937,256,1,537.93,0.0,False,537.93
15660,6938,56,1,186.07,0.1,False,167.463
15661,6938,77,1,103.53,0.0,False,103.53
15662,6939,300,2,133.29,0.0,False,266.58
15663,6940,24,1,696.97,0.1,False,627.273
15664,6940,236,1,55.21,0.0,False,55.21
15665,6941,99,1,496.87,0.05,False,472.0265
15666,6942,63,1,430.39,0.2,False,344.312
15667,6942,299,-1,725.08,0.0,True,-725.08
15668,6943,33,1,217.73,0.0,False,217.73
15669,6943,299,1,725.08,0.15,False,616.318
15670,6943,115,1,251.88,0.0,False,251.88
15671,6944,109,3,59.23,0.1,False,159.921
15672,6945,218,1,127.17,0.0,False,127.17
15673,6945,66,2,447.18,0.15,False,760.206
15674,6945,222,1,264.61,0.05,False,251.3795
15675,6945,112,1,10.73,0.05,False,10.1935
15676,6946,13,1,152.16,0.1,False,136.944
15677,6946,46,1,397.56,0.0,False,397.56
15678,6946,176,1,199.39,0.0,False,199.39
15679,6947,288,1,515.26,0.0,False,515.26
15680,6948,93,1,98.57,0.1,False,88.713
15681,6948,242,3,166.1,0.0,False,498.29999999999995
15682,6948,228,1,162.75,0.0,False,162.75
15683,6948,15,1,536.46,0.1,False,482.814
15684,6949,275,1,82.62,0.0,False,82.62
15685,6949,227,1,192.19,0.0,False,192.19
15686,6950,104,1,957.31,0.0,False,957.31
15687,6950,11,1,216.27,0.05,False,205.4565
15688,6950,133,1,479.79,0.0,False,479.79
15689,6951,266,1,110.99,0.0,False,110.99
15690,6951,276,1,341.21,0.0,False,341.21
15691,6951,192,1,697.79,0.0,False,697.79
15692,6951,143,1,421.93,0.0,False,421.93
15693,6951,16,2,245.66,0.05,False,466.75399999999996
15694,6952,248,1,75.61,0.1,False,68.049
15695,6952,260,1,619.66,0.0,False,619.66
15696,6952,95,2,711.68,0.0,False,1423.36
15697,6952,31,1,976.57,0.0,False,976.57
15698,6952,53,1,192.38,0.1,False,173.142
15699,6953,292,2,425.68,0.1,False,766.224
15700,6953,54,1,679.71,0.2,False,543.768
15702,6953,167,1,39.88,0.0,False,39.88
15703,6954,179,2,478.65,0.1,False,861.5699999999999
15704,6955,258,2,626.09,0.0,False,1252.18
15705,6955,56,1,186.07,0.1,False,167.463
15706,6956,197,1,538.79,0.0,False,538.79
15707,6957,113,1,55.28,0.0,False,55.28
15708,6957,194,1,222.76,0.1,False,200.484
15709,6957,247,1,708.26,0.05,False,672.847
15710,6958,76,1,938.11,0.0,False,938.11
15711,6958,107,1,963.92,0.0,False,963.92
15712,6958,145,1,61.15,0.0,False,61.15
15713,6958,8,2,295.82,0.05,False,562.058
15714,6958,125,1,584.13,0.1,False,525.717
15715,6959,37,1,608.8,0.0,False,608.8
15716,6960,143,1,421.93,0.05,False,400.8335
15717,6960,103,1,456.96,0.2,False,365.568
15718,6960,75,1,299.66,0.0,False,299.66
15719,6961,162,1,126.53,0.05,False,120.20349999999999
15720,6961,93,1,98.57,0.2,False,78.856
15721,6961,76,3,938.11,0.0,False,2814.33
15722,6962,29,1,103.82,0.0,False,103.82
15723,6963,285,1,667.54,0.0,False,667.54
15724,6963,296,1,361.73,0.0,False,361.73
15725,6963,49,2,850.7,0.05,False,1616.33
15726,6964,214,1,304.46,0.0,False,304.46
15727,6964,232,1,71.83,0.0,False,71.83
15728,6965,10,1,309.24,0.15,False,262.854
15729,6966,135,2,550.83,0.0,False,1101.66
15730,6966,150,1,182.12,0.0,False,182.12
15731,6967,285,1,667.54,0.0,False,667.54
15732,6967,150,1,182.12,0.0,False,182.12
15733,6968,81,1,779.01,0.0,False,779.01
15734,6969,249,1,682.27,0.05,False,648.1564999999999
15735,6969,132,1,299.38,0.0,False,299.38
15736,6969,77,1,103.53,0.0,False,103.53
15737,6970,110,1,52.92,0.15,False,44.982
15738,6970,259,1,533.22,0.0,False,533.22
15739,6970,79,1,308.93,0.0,False,308.93
15740,6970,57,1,510.39,0.0,False,510.39
15741,6971,1,1,433.54,0.05,False,411.863
15743,6971,231,1,410.59,0.0,False,410.59
15744,6971,275,1,82.62,0.15,False,70.227
15745,6971,218,1,127.17,0.1,False,114.453
15746,6972,62,1,244.7,0.0,False,244.7
15747,6972,110,1,52.92,0.0,False,52.92
15748,6973,114,1,23.97,0.0,False,23.97
15749,6974,47,1,513.39,0.0,False,513.39
15750,6974,232,1,71.83,0.0,False,71.83
15751,6974,154,2,115.68,0.0,False,231.36
15752,6975,72,2,286.08,0.1,False,514.944
15753,6975,6,1,531.19,0.05,False,504.63050000000004
15754,6976,61,1,512.76,0.1,False,461.484
15755,6976,177,2,156.12,0.0,False,312.24
15756,6976,79,1,308.93,0.0,False,308.93
15757,6977,231,1,410.59,0.0,False,410.59
15758,6977,174,1,864.84,0.15,False,735.114
15759,6978,34,1,399.8,0.0,False,399.8
15760,6978,91,1,369.86,0.05,False,351.367
15761,6978,117,1,567.69,0.0,False,567.69
15762,6978,18,1,35.67,0.05,False,33.8865
15763,6979,117,1,567.69,0.1,False,510.92100000000005
15764,6979,261,1,429.63,0.0,False,429.63
15765,6980,197,1,538.79,0.0,False,538.79
15766,6981,107,2,963.92,0.0,False,1927.84
15767,6981,297,1,89.43,0.15,False,76.0155
15768,6981,4,1,17.97,0.0,False,17.97
15769,6982,35,1,425.48,0.05,False,404.206
15770,6982,91,1,369.86,0.15,False,314.38100000000003
15771,6983,91,1,369.86,0.0,False,369.86
15772,6983,73,1,346.78,0.0,False,346.78
15773,6984,27,1,686.85,0.0,False,686.85
15774,6984,298,3,238.39,0.0,False,715.17
15775,6984,219,1,211.99,0.0,False,211.99
15776,6985,167,1,39.88,0.0,False,39.88
15777,6985,222,1,264.61,0.0,False,264.61
15778,6986,113,-1,55.28,0.0,True,-55.28
15779,6986,261,1,429.63,0.0,False,429.63
15780,6987,11,2,216.27,0.1,False,389.286
15781,6987,277,1,437.32,0.0,False,437.32
15782,6987,248,1,75.61,0.1,False,68.049
15783,6988,47,1,513.39,0.0,False,513.39
15784,6988,111,1,227.31,0.1,False,204.579
15785,6989,74,2,171.2,0.15,False,291.03999999999996
15786,6989,245,2,11506.5,0.0,False,23013.0
15787,6990,97,1,628.48,0.0,False,628.48
15788,6990,119,1,519.85,0.0,False,519.85
15789,6990,123,1,840.94,0.15,False,714.799
15790,6990,165,1,605.76,0.0,False,605.76
15791,6991,253,1,621.95,0.0,False,621.95
15792,6991,150,1,182.12,0.1,False,163.90800000000002
15793,6991,275,1,82.62,0.0,False,82.62
15794,6992,279,1,226.81,0.05,False,215.46949999999998
15795,6992,38,1,364.99,0.05,False,346.7405
15796,6993,181,1,37.18,0.0,False,37.18
15797,6993,185,1,582.19,0.05,False,553.0805
15798,6993,183,1,942.96,0.0,False,942.96
15799,6993,34,1,399.8,0.05,False,379.81
15800,6993,103,-1,456.96,0.0,True,-456.96
15801,6994,86,1,443.6,0.0,False,443.6
15802,6994,244,2,263.25,0.15,False,447.525
15803,6994,235,1,370.09,0.1,False,333.08099999999996
15804,6995,189,1,24.7,0.0,False,24.7
15805,6995,116,2,862.37,0.05,False,1638.503
15806,6995,83,1,243.1,0.0,False,243.1
15807,6996,39,1,412.64,0.15,False,350.74399999999997
15808,6997,170,1,723.66,0.05,False,687.477
15810,6997,53,1,192.38,0.0,False,192.38
15811,6997,192,1,697.79,0.15,False,593.1215
15812,6998,6,1,531.19,0.1,False,478.0710000000001
15813,6998,210,2,177.09,0.1,False,318.762
15814,6998,26,1,259.69,0.0,False,259.69
15815,6999,32,1,338.4,0.0,False,338.4
15816,7000,199,1,51.0,0.0,False,51.0
15817,7000,269,1,603.81,0.0,False,603.81
15818,7001,268,1,23.79,0.0,False,23.79
15819,7001,242,2,166.1,0.0,False,332.2
15820,7001,199,3,51.0,0.05,False,145.35
15821,7001,61,1,512.76,0.1,False,461.484
15822,7002,145,1,61.15,0.15,False,51.9775
15823,7002,233,1,82.49,0.0,False,82.49
15824,7002,145,1,61.15,0.0,False,61.15
15825,7003,210,2,177.09,0.0,False,354.18
15826,7004,92,1,148.78,0.0,False,148.78
15827,7004,128,1,686.4,0.0,False,686.4
15828,7004,8,1,295.82,0.0,False,295.82
15829,7004,31,1,976.57,0.0,False,976.57
15830,7004,294,2,141.94,0.0,False,283.88
15831,7005,207,1,518.71,0.0,False,518.71
15832,7005,186,2,290.81,0.0,False,581.62
15833,7005,199,1,51.0,0.0,False,51.0
15834,7006,187,1,127.57,0.0,False,127.57
15835,7006,129,1,492.47,0.1,False,443.223
15836,7006,86,-1,443.6,0.1,True,-399.24
15837,7007,244,1,263.25,0.2,False,210.60000000000002
15838,7007,274,3,528.78,0.1,False,1427.706
15839,7008,37,2,608.8,0.0,False,1217.6
15840,7008,55,2,395.52,0.0,False,791.04
15841,7009,198,2,266.02,0.0,False,532.04
15842,7009,180,1,843.45,0.0,False,843.45
15843,7009,246,2,574.84,0.0,False,1149.68
15844,7009,162,1,126.53,0.0,False,126.53
15845,7010,199,1,51.0,0.05,False,48.449999999999996
15846,7011,30,1,477.17,0.15,False,405.5945
15847,7011,15,1,536.46,0.0,False,536.46
15848,7012,188,1,550.0,0.0,False,550.0
15849,7012,251,1,439.11,0.0,False,439.11
15850,7012,280,2,121.8,0.0,False,243.6
15851,7013,203,1,431.09,0.15,False,366.4265
15852,7014,22,1,205.71,0.05,False,195.4245
15853,7014,189,1,24.7,0.0,False,24.7
15854,7015,273,1,560.24,0.0,False,560.24
15855,7015,253,1,621.95,0.0,False,621.95
15856,7015,240,1,555.47,0.05,False,527.6965
15857,7015,95,1,711.68,0.05,False,676.0959999999999
15858,7016,52,1,12.48,0.15,False,10.608
15859,7016,31,-1,976.57,0.0,True,-976.57
15860,7017,141,2,251.45,0.0,False,502.9
15861,7017,179,1,478.65,0.1,False,430.78499999999997
15862,7017,170,1,723.66,0.0,False,723.66
15863,7018,64,1,29.71,0.0,False,29.71
15864,7019,51,2,863.34,0.0,False,1726.68
15865,7020,253,1,621.95,0.0,False,621.95
15866,7021,144,1,299.76,0.0,False,299.76
15867,7021,212,1,445.65,0.1,False,401.085
15868,7022,272,1,5.69,0.15,False,4.8365
15869,7022,139,1,835.42,0.15,False,710.107
15870,7023,299,2,725.08,0.0,False,1450.16
15871,7024,171,1,14.73,0.1,False,13.257000000000001
15872,7024,222,1,264.61,0.0,False,264.61
15873,7024,289,1,635.36,0.1,False,571.8240000000001
15874,7025,165,1,605.76,0.0,False,605.76
15875,7026,113,1,55.28,0.0,False,55.28
15876,7026,49,1,850.7,0.0,False,850.7
15877,7026,50,2,240.1,0.0,False,480.2
15878,7026,199,1,51.0,0.0,False,51.0
15879,7026,70,1,402.01,0.0,False,402.01
15880,7027,157,1,701.5,0.0,False,701.5
15881,7028,226,1,211.98,0.0,False,211.98
15882,7028,226,2,211.98,0.0,False,423.96
15883,7029,72,2,286.08,0.15,False,486.33599999999996
15884,7030,228,1,162.75,0.0,False,162.75
15885,7030,55,1,395.52,0.0,False,395.52
15886,7030,225,1,939.11,0.1,False,845.1990000000001
15887,7031,188,1,550.0,0.0,False,550.0
15888,7032,195,2,132.26,0.0,False,264.52
15889,7033,234,1,486.72,0.15,False,413.712
15890,7034,47,2,513.39,0.0,False,1026.78
15891,7034,268,1,23.79,0.0,False,23.79
15892,7035,56,1,186.07,0.0,False,186.07
15893,7035,121,1,183.38,0.0,False,183.38
15894,7036,26,1,259.69,0.1,False,233.721
15895,7037,286,1,47.93,0.0,False,47.93
15896,7038,242,1,166.1,0.0,False,166.1
15897,7038,171,1,14.73,0.0,False,14.73
15898,7039,288,1,515.26,0.0,False,515.26
15899,7039,34,2,399.8,0.2,False,639.6800000000001
15900,7039,240,1,555.47,0.05,False,527.6965
15901,7039,36,1,749.87,0.0,False,749.87
15902,7040,271,1,756.22,0.0,False,756.22
15903,7041,292,1,425.68,0.0,False,425.68
15904,7041,35,1,425.48,0.05,False,404.206
15905,7042,266,1,110.99,0.2,False,88.792
15906,7042,289,1,635.36,0.0,False,635.36
15907,7042,263,1,222.36,0.0,False,222.36
15909,7043,45,1,511.39,0.0,False,511.39
15910,7043,195,2,132.26,0.0,False,264.52
15911,7043,91,1,369.86,0.0,False,369.86
15912,7043,256,1,537.93,0.0,False,537.93
15913,7043,174,1,864.84,0.1,False,778.356
15914,7044,137,1,316.92,0.0,False,316.92
15915,7045,2,1,807.37,0.15,False,686.2645
15916,7046,283,1,680.49,0.15,False,578.4165
15917,7047,89,2,247.06,0.1,False,444.708
15918,7047,280,1,121.8,0.05,False,115.71
15919,7047,281,2,146.98,0.0,False,293.96
15920,7048,246,1,574.84,0.0,False,574.84
15921,7048,254,1,286.86,0.1,False,258.17400000000004
15922,7048,257,2,8.4,0.0,False,16.8
15923,7048,133,1,479.79,0.1,False,431.81100000000004
15924,7049,136,1,974.39,0.0,False,974.39
15925,7049,162,2,126.53,0.0,False,253.06
15926,7050,68,1,133.13,0.15,False,113.1605
15927,7050,14,1,90.93,0.2,False,72.74400000000001
15928,7050,276,1,341.21,0.1,False,307.089
15929,7050,12,1,156.75,0.0,False,156.75
15930,7051,76,2,938.11,0.0,False,1876.22
15931,7051,162,1,126.53,0.15,False,107.5505
15932,7051,214,1,304.46,0.0,False,304.46
15933,7052,199,2,51.0,0.0,False,102.0
15934,7052,144,1,299.76,0.0,False,299.76
15935,7053,116,1,862.37,0.2,False,689.8960000000001
15936,7054,180,1,843.45,0.1,False,759.105
15937,7055,66,1,447.18,0.0,False,447.18
15938,7056,256,1,537.93,0.0,False,537.93
15939,7056,188,1,550.0,0.0,False,550.0
15940,7057,149,2,382.77,0.1,False,688.986
15941,7058,182,1,500.91,0.0,False,500.91
15942,7059,89,1,247.06,0.0,False,247.06
15943,7059,166,1,278.38,0.0,False,278.38
15944,7060,223,1,57.85,0.05,False,54.957499999999996
15945,7061,182,1,500.91,0.0,False,500.91
15946,7062,64,1,29.71,0.15,False,25.2535
15947,7062,228,3,162.75,0.2,False,390.6
15948,7062,163,1,598.68,0.0,False,598.68
15949,7063,255,1,249.2,0.0,False,249.2
15950,7064,280,1,121.8,0.1,False,109.62
15951,7065,81,2,779.01,0.05,False,1480.119
15952,7066,222,1,264.61,0.2,False,211.68800000000002
15953,7066,130,1,454.11,0.05,False,431.4045
15954,7066,228,1,162.75,0.0,False,162.75
15955,7066,212,1,445.65,0.05,False,423.36749999999995
15956,7067,13,1,152.16,0.15,False,129.33599999999998
15957,7067,56,1,186.07,0.0,False,186.07
15958,7068,227,1,192.19,0.05,False,182.5805
15959,7068,72,1,286.08,0.0,False,286.08
15960,7068,46,1,397.56,0.0,False,397.56
15961,7068,62,3,244.7,0.15,False,623.9849999999999
15962,7069,150,-1,182.12,0.2,True,-145.696
15963,7070,68,1,133.13,0.0,False,133.13
15964,7071,180,1,843.45,0.0,False,843.45
15965,7072,53,1,192.38,0.0,False,192.38
15966,7072,23,2,235.35,0.05,False,447.16499999999996
15967,7072,102,-1,396.98,0.0,True,-396.98
15968,7073,7,1,357.42,0.0,False,357.42
15969,7073,65,1,460.75,0.0,False,460.75
15970,7073,2,1,807.37,0.0,False,807.37
15971,7073,178,1,563.12,0.0,False,563.12
15972,7074,139,1,835.42,0.15,False,710.107
15973,7074,176,1,199.39,0.0,False,199.39
15974,7074,207,3,518.71,0.2,False,1244.9040000000002
15975,7075,167,2,39.88,0.0,False,79.76
15976,7075,33,2,217.73,0.05,False,413.68699999999995
15977,7075,119,1,519.85,0.05,False,493.8575
15978,7076,51,1,863.34,0.0,False,863.34
15979,7076,76,3,938.11,0.0,False,2814.33
15980,7076,50,1,240.1,0.0,False,240.1
15981,7077,238,1,192.17,0.0,False,192.17
15982,7077,54,1,679.71,0.05,False,645.7245
15983,7078,257,1,8.4,0.05,False,7.9799999999999995
15984,7078,104,1,957.31,0.05,False,909.4445
15985,7078,47,1,513.39,0.0,False,513.39
15986,7078,59,1,287.12,0.0,False,287.12
15987,7078,131,1,797.13,0.15,False,677.5604999999999
15988,7079,249,1,682.27,0.0,False,682.27
15989,7080,13,1,152.16,0.0,False,152.16
15990,7080,142,1,717.32,0.0,False,717.32
15991,7080,253,1,621.95,0.0,False,621.95
15992,7080,228,1,162.75,0.0,False,162.75
15993,7081,7,1,357.42,0.0,False,357.42
15994,7082,253,1,621.95,0.0,False,621.95
15995,7082,56,1,186.07,0.05,False,176.76649999999998
15996,7082,27,1,686.85,0.15,False,583.8225
15997,7083,21,1,614.24,0.0,False,614.24
15998,7083,61,1,512.76,0.15,False,435.846
15999,7083,193,2,351.11,0.0,False,702.22
16000,7083,278,1,402.71,0.1,False,362.43899999999996
16001,7083,172,1,104.56,0.0,False,104.56
16002,7084,192,1,697.79,0.0,False,697.79
16003,7084,145,1,61.15,0.0,False,61.15
16004,7085,101,1,488.42,0.0,False,488.42
16005,7085,111,1,227.31,0.05,False,215.9445
16006,7086,189,1,24.7,0.0,False,24.7
16007,7086,262,3,214.85,0.0,False,644.55
16008,7086,171,1,14.73,0.0,False,14.73
16009,7086,225,1,939.11,0.0,False,939.11
16010,7087,192,1,697.79,0.0,False,697.79
16011,7088,64,1,29.71,0.0,False,29.71
16012,7088,6,1,531.19,0.0,False,531.19
16013,7088,137,1,316.92,0.0,False,316.92
16014,7089,298,1,238.39,0.0,False,238.39
16015,7089,183,1,942.96,0.0,False,942.96
16016,7090,30,1,477.17,0.0,False,477.17
16017,7091,219,1,211.99,0.0,False,211.99
16018,7092,180,2,843.45,0.0,False,1686.9
16019,7092,251,1,439.11,0.05,False,417.1545
16020,7093,80,1,166.05,0.0,False,166.05
16021,7094,237,1,335.88,0.1,False,302.29200000000003
16022,7095,175,3,600.57,0.0,False,1801.71
16023,7095,267,1,253.7,0.05,False,241.015
16024,7095,83,1,243.1,0.1,False,218.79
16025,7096,148,1,304.48,0.0,False,304.48
16026,7096,265,2,839.64,0.0,False,1679.28
16027,7097,19,1,727.02,0.15,False,617.967
16028,7097,128,1,686.4,0.05,False,652.0799999999999
16029,7097,40,1,171.89,0.0,False,171.89
16030,7097,218,2,127.17,0.0,False,254.34
16031,7098,13,1,152.16,0.2,False,121.72800000000001
16032,7099,215,1,501.1,0.0,False,501.1
16033,7099,252,3,274.43,0.0,False,823.29
16034,7099,75,2,299.66,0.05,False,569.354
16035,7099,86,1,443.6,0.0,False,443.6
16036,7100,166,2,278.38,0.0,False,556.76
16037,7100,148,1,304.48,0.15,False,258.808
16038,7100,140,3,500.02,0.0,False,1500.06
16039,7101,251,1,439.11,0.0,False,439.11
16040,7102,130,1,454.11,0.0,False,454.11
16041,7103,236,1,55.21,0.2,False,44.168000000000006
16042,7103,7,1,357.42,0.0,False,357.42
16043,7103,177,1,156.12,0.05,False,148.314
16044,7104,42,1,328.75,0.05,False,312.3125
16045,7104,127,1,111.4,0.2,False,89.12
16046,7104,21,-1,614.24,0.15,True,-522.104
16047,7105,235,1,370.09,0.0,False,370.09
16048,7105,145,1,61.15,0.0,False,61.15
16049,7106,48,1,231.62,0.0,False,231.62
16050,7106,156,1,372.8,0.1,False,335.52000000000004
16051,7106,59,1,287.12,0.0,False,287.12
16052,7106,258,1,626.09,0.0,False,626.09
16053,7106,291,-1,19.78,0.2,True,-15.824000000000002
16054,7107,240,2,555.47,0.05,False,1055.393
16055,7108,240,1,555.47,0.1,False,499.92300000000006
16056,7109,284,1,228.9,0.0,False,228.9
16057,7110,103,1,456.96,0.0,False,456.96
16058,7110,175,-1,600.57,0.0,True,-600.57
16059,7111,78,1,213.82,0.0,False,213.82
16060,7111,64,1,29.71,0.0,False,29.71
16061,7111,224,-1,23.12,0.05,True,-21.964
16062,7112,68,1,133.13,0.2,False,106.504
16063,7112,31,2,976.57,0.0,False,1953.14
16064,7112,143,1,421.93,0.0,False,421.93
16065,7113,190,1,707.42,0.2,False,565.936
16066,7114,156,3,372.8,0.0,False,1118.4
16067,7115,190,1,707.42,0.1,False,636.678
16068,7115,172,1,104.56,0.0,False,104.56
16069,7116,228,3,162.75,0.05,False,463.8375
16070,7117,135,1,550.83,0.0,False,550.83
16071,7117,127,1,111.4,0.0,False,111.4
16072,7117,296,2,361.73,0.0,False,723.46
16073,7118,73,2,346.78,0.05,False,658.882
16074,7118,84,1,43.2,0.1,False,38.88
16075,7118,127,1,111.4,0.1,False,100.26
16076,7118,41,1,376.48,0.05,False,357.656
16077,7118,188,1,550.0,0.0,False,550.0
16078,7119,215,3,501.1,0.0,False,1503.3000000000002
16079,7120,79,1,308.93,0.0,False,308.93
16080,7120,91,1,369.86,0.0,False,369.86
16081,7120,159,1,818.3,0.05,False,777.3849999999999
16082,7121,138,2,54.35,0.0,False,108.7
16083,7122,8,1,295.82,0.0,False,295.82
16084,7123,151,1,625.19,0.0,False,625.19
16085,7123,49,1,850.7,0.0,False,850.7
16086,7123,279,1,226.81,0.2,False,181.448
16087,7124,237,1,335.88,0.0,False,335.88
16088,7124,15,1,536.46,0.0,False,536.46
16089,7125,276,1,341.21,0.0,False,341.21
16090,7125,83,1,243.1,0.05,False,230.945
16091,7126,8,1,295.82,0.1,False,266.238
16092,7126,230,1,829.69,0.1,False,746.7210000000001
16093,7127,158,1,282.03,0.0,False,282.03
16094,7128,250,1,8284.0,0.0,False,8284.0
16095,7128,170,1,723.66,0.0,False,723.66
16096,7129,238,1,192.17,0.0,False,192.17
16097,7129,82,1,235.49,0.0,False,235.49
16098,7130,218,1,127.17,0.1,False,114.453
16099,7130,223,1,57.85,0.2,False,46.28
16100,7131,176,1,199.39,0.15,False,169.48149999999998
16101,7131,133,1,479.79,0.0,False,479.79
16102,7132,77,2,103.53,0.2,False,165.64800000000002
16103,7132,276,1,341.21,0.0,False,341.21
16104,7133,195,1,132.26,0.05,False,125.64699999999999
16105,7133,67,2,355.8,0.0,False,711.6
16106,7134,281,-1,146.98,0.05,True,-139.63099999999997
16107,7134,90,1,219.22,0.0,False,219.22
16108,7134,217,1,479.18,0.0,False,479.18
16109,7135,238,1,192.17,0.2,False,153.736
16110,7136,74,1,171.2,0.0,False,171.2
16111,7137,55,1,395.52,0.05,False,375.74399999999997
16112,7137,20,1,548.49,0.0,False,548.49
16113,7137,220,1,475.38,0.0,False,475.38
16114,7137,61,2,512.76,0.0,False,1025.52
16115,7137,277,1,437.32,0.05,False,415.45399999999995
16116,7138,292,1,425.68,0.0,False,425.68
16117,7138,271,1,756.22,0.0,False,756.22
16118,7138,140,-1,500.02,0.0,True,-500.02
16119,7139,232,1,71.83,0.0,False,71.83
16120,7139,12,1,156.75,0.1,False,141.07500000000002
16121,7140,21,2,614.24,0.1,False,1105.632
16122,7140,212,1,445.65,0.0,False,445.65
16123,7140,209,1,797.01,0.1,False,717.309
16124,7140,30,1,477.17,0.0,False,477.17
16125,7140,40,3,171.89,0.05,False,489.88649999999996
16126,7141,100,2,283.25,0.0,False,566.5
16127,7142,244,2,263.25,0.0,False,526.5
16128,7143,142,1,717.32,0.1,False,645.5880000000001
16129,7143,176,1,199.39,0.0,False,199.39
16130,7144,282,1,280.61,0.0,False,280.61
16131,7145,285,2,667.54,0.15,False,1134.818
16132,7145,12,3,156.75,0.0,False,470.25
16133,7146,274,1,528.78,0.0,False,528.78
16134,7146,91,1,369.86,0.2,False,295.88800000000003
16135,7146,160,3,150.1,0.05,False,427.7849999999999
16136,7147,128,2,686.4,0.0,False,1372.8
16137,7148,297,2,89.43,0.0,False,178.86
16138,7148,226,1,211.98,0.0,False,211.98
16139,7149,174,1,864.84,0.0,False,864.84
16140,7149,82,1,235.49,0.05,False,223.7155
16141,7150,64,1,29.71,0.0,False,29.71
16142,7150,260,1,619.66,0.1,False,557.694
16143,7151,111,1,227.31,0.0,False,227.31
16144,7151,282,1,280.61,0.1,False,252.549
16145,7152,97,1,628.48,0.0,False,628.48
16146,7153,50,1,240.1,0.15,False,204.08499999999998
16147,7154,214,1,304.46,0.0,False,304.46
16149,7154,183,1,942.96,0.0,False,942.96
16150,7154,14,-1,90.93,0.0,True,-90.93
16151,7155,155,1,607.36,0.0,False,607.36
16152,7156,190,1,707.42,0.0,False,707.42
16153,7156,203,1,431.09,0.05,False,409.53549999999996
16154,7156,143,1,421.93,0.0,False,421.93
16155,7157,294,1,141.94,0.0,False,141.94
16157,7157,96,3,682.77,0.0,False,2048.31
16158,7157,292,1,425.68,0.0,False,425.68
16159,7157,182,1,500.91,0.0,False,500.91
16160,7157,34,1,399.8,0.0,False,399.8
16161,7158,282,3,280.61,0.1,False,757.647
16162,7158,90,1,219.22,0.0,False,219.22
16163,7159,87,2,564.0,0.0,False,1128.0
16164,7159,138,1,54.35,0.05,False,51.6325
16165,7159,158,1,282.03,0.0,False,282.03
16166,7160,283,1,680.49,0.0,False,680.49
16167,7160,213,1,111.83,0.1,False,100.647
16168,7161,21,1,614.24,0.0,False,614.24
16169,7161,206,1,612.54,0.15,False,520.659
16170,7161,83,1,243.1,0.0,False,243.1
16171,7161,194,2,222.76,0.0,False,445.52
16172,7162,295,2,139.02,0.2,False,222.43200000000002
16173,7162,193,1,351.11,0.05,False,333.5545
16174,7162,48,1,231.62,0.0,False,231.62
16175,7163,171,1,14.73,0.0,False,14.73
16176,7163,283,1,680.49,0.05,False,646.4655
16177,7163,131,3,797.13,0.0,False,2391.39
16178,7164,138,1,54.35,0.1,False,48.915
16179,7164,54,1,679.71,0.2,False,543.768
16180,7164,157,1,701.5,0.05,False,666.425
16181,7164,249,2,682.27,0.05,False,1296.3129999999999
16182,7164,134,1,541.79,0.0,False,541.79
16183,7165,18,1,35.67,0.05,False,33.8865
16184,7165,4,3,17.97,0.0,False,53.91
16185,7165,7,1,357.42,0.0,False,357.42
16186,7166,105,1,375.87,0.0,False,375.87
16187,7166,174,2,864.84,0.0,False,1729.68
16188,7167,151,2,625.19,0.0,False,1250.38
16189,7167,271,1,756.22,0.0,False,756.22
16190,7167,203,1,431.09,0.05,False,409.53549999999996
16191,7167,286,2,47.93,0.0,False,95.86
16192,7168,41,3,376.48,0.0,False,1129.44
16193,7169,67,1,355.8,0.15,False,302.43
16194,7169,271,1,756.22,0.0,False,756.22
16195,7169,15,2,536.46,0.05,False,1019.274
16196,7170,154,1,115.68,0.05,False,109.896
16197,7170,113,1,55.28,0.1,False,49.752
16198,7171,238,1,192.17,0.05,False,182.56149999999997
16199,7172,138,1,54.35,0.0,False,54.35
16200,7172,199,1,51.0,0.0,False,51.0
16201,7173,80,2,166.05,0.0,False,332.1
16202,7173,227,1,192.19,0.15,False,163.3615
16203,7173,212,-1,445.65,0.05,True,-423.36749999999995
16204,7174,130,1,454.11,0.0,False,454.11
16205,7174,293,2,709.48,0.0,False,1418.96
16206,7174,9,2,66.57,0.0,False,133.14
16207,7175,239,3,517.8,0.0,False,1553.3999999999999
16208,7176,184,1,278.4,0.0,False,278.4
16209,7176,268,1,23.79,0.0,False,23.79
16210,7177,120,1,146.96,0.0,False,146.96
16211,7177,286,1,47.93,0.0,False,47.93
16212,7178,165,-1,605.76,0.0,True,-605.76
16213,7178,146,1,443.54,0.15,False,377.009
16214,7178,74,1,171.2,0.0,False,171.2
16215,7178,126,2,240.49,0.0,False,480.98
16216,7178,179,1,478.65,0.0,False,478.65
16217,7179,157,1,701.5,0.05,False,666.425
16218,7179,87,1,564.0,0.0,False,564.0
16219,7180,31,1,976.57,0.0,False,976.57
16220,7180,201,1,567.68,0.0,False,567.68
16221,7181,13,2,152.16,0.1,False,273.888
16222,7181,123,1,840.94,0.0,False,840.94
16223,7181,82,2,235.49,0.1,False,423.882
16224,7182,98,1,71.96,0.0,False,71.96
16225,7182,208,2,260.07,0.0,False,520.14
16226,7182,73,1,346.78,0.05,False,329.441
16227,7182,201,3,567.68,0.0,False,1703.04
16228,7183,143,2,421.93,0.0,False,843.86
16229,7183,33,1,217.73,0.2,False,174.184
16230,7183,247,1,708.26,0.0,False,708.26
16231,7183,221,1,704.75,0.05,False,669.5124999999999
16232,7183,232,3,71.83,0.1,False,193.941
16233,7184,202,3,514.85,0.0,False,1544.5500000000002
16234,7184,126,1,240.49,0.0,False,240.49
16235,7184,277,1,437.32,0.0,False,437.32
16236,7185,270,1,34872.0,0.0,False,34872.0
16237,7185,153,1,530.38,0.0,False,530.38
16238,7186,112,1,10.73,0.0,False,10.73
16239,7186,287,1,754.14,0.1,False,678.726
16240,7186,185,-1,582.19,0.0,True,-582.19
16241,7186,169,1,458.05,0.1,False,412.245
16242,7186,292,1,425.68,0.0,False,425.68
16243,7187,104,1,957.31,0.0,False,957.31
16244,7188,292,1,425.68,0.05,False,404.396
16245,7189,68,1,133.13,0.0,False,133.13
16246,7189,14,1,90.93,0.05,False,86.3835
16248,7189,173,1,587.7,0.2,False,470.1600000000001
16249,7190,3,1,978.72,0.05,False,929.784
16250,7190,183,1,942.96,0.05,False,895.812
16251,7190,45,1,511.39,0.0,False,511.39
16252,7191,183,1,942.96,0.0,False,942.96
16253,7191,88,1,275.21,0.15,False,233.92849999999999
16254,7191,124,2,640.23,0.15,False,1088.391
16255,7192,207,2,518.71,0.0,False,1037.42
16256,7193,275,1,82.62,0.0,False,82.62
16257,7194,100,1,283.25,0.1,False,254.925
16258,7194,190,1,707.42,0.1,False,636.678
16259,7194,26,-1,259.69,0.05,True,-246.70549999999997
16260,7194,166,3,278.38,0.0,False,835.14
16261,7194,87,1,564.0,0.0,False,564.0
16262,7195,64,1,29.71,0.0,False,29.71
16263,7195,199,1,51.0,0.1,False,45.9
16264,7195,191,1,457.7,0.05,False,434.81499999999994
16265,7195,246,1,574.84,0.05,False,546.098
16266,7195,146,1,443.54,0.0,False,443.54
16267,7196,46,1,397.56,0.0,False,397.56
16268,7197,110,1,52.92,0.15,False,44.982
16269,7198,265,1,839.64,0.0,False,839.64
16270,7198,62,1,244.7,0.0,False,244.7
16271,7199,201,1,567.68,0.2,False,454.144
16272,7200,238,1,192.17,0.0,False,192.17
16273,7201,266,1,110.99,0.05,False,105.44049999999999
16274,7201,242,1,166.1,0.0,False,166.1
16275,7202,60,1,148.68,0.0,False,148.68
16276,7203,175,1,600.57,0.05,False,570.5415
16277,7203,270,1,34872.0,0.0,False,34872.0
16278,7204,88,1,275.21,0.0,False,275.21
16279,7205,124,2,640.23,0.0,False,1280.46
16280,7205,170,1,723.66,0.0,False,723.66
16281,7205,184,1,278.4,0.1,False,250.55999999999997
16282,7206,54,1,679.71,0.15,False,577.7535
16283,7207,47,2,513.39,0.0,False,1026.78
16284,7207,41,1,376.48,0.0,False,376.48
16285,7208,299,1,725.08,0.0,False,725.08
16286,7208,248,3,75.61,0.1,False,204.147
16287,7208,203,1,431.09,0.0,False,431.09
16288,7209,101,1,488.42,0.0,False,488.42
16289,7209,295,1,139.02,0.1,False,125.11800000000001
16290,7210,37,1,608.8,0.0,False,608.8
16291,7211,221,2,704.75,0.0,False,1409.5
16292,7212,104,3,957.31,0.05,False,2728.3334999999997
16293,7213,269,3,603.81,0.0,False,1811.4299999999998
16294,7213,3,1,978.72,0.1,False,880.8480000000001
16295,7214,137,3,316.92,0.0,False,950.76
16296,7214,187,2,127.57,0.2,False,204.112
16297,7214,156,-1,372.8,0.0,True,-372.8
16298,7214,136,1,974.39,0.05,False,925.6705
16299,7215,84,-1,43.2,0.05,True,-41.04
16300,7215,186,1,290.81,0.0,False,290.81
16301,7215,90,1,219.22,0.0,False,219.22
16302,7215,114,1,23.97,0.0,False,23.97
16303,7215,109,1,59.23,0.0,False,59.23
16304,7216,277,1,437.32,0.1,False,393.588
16305,7216,171,1,14.73,0.05,False,13.9935
16306,7216,166,1,278.38,0.0,False,278.38
16307,7216,163,1,598.68,0.0,False,598.68
16308,7217,29,1,103.82,0.1,False,93.438
16309,7218,88,2,275.21,0.0,False,550.42
16310,7218,58,3,87.55,0.2,False,210.12
16311,7218,12,1,156.75,0.0,False,156.75
16312,7219,215,2,501.1,0.15,False,851.87
16313,7219,223,1,57.85,0.05,False,54.957499999999996
16314,7219,209,1,797.01,0.0,False,797.01
16315,7219,126,2,240.49,0.05,False,456.931
16316,7220,67,3,355.8,0.0,False,1067.4
16317,7220,16,2,245.66,0.1,False,442.188
16318,7220,91,1,369.86,0.05,False,351.367
16319,7221,85,1,530.7,0.15,False,451.095
16320,7222,282,1,280.61,0.0,False,280.61
16321,7223,146,1,443.54,0.0,False,443.54
16322,7223,97,1,628.48,0.0,False,628.48
16323,7223,158,1,282.03,0.05,False,267.9285
16324,7224,134,1,541.79,0.0,False,541.79
16325,7225,172,-1,104.56,0.0,True,-104.56
16326,7225,8,1,295.82,0.0,False,295.82
16327,7225,119,3,519.85,0.0,False,1559.5500000000002
16328,7226,277,1,437.32,0.1,False,393.588
16329,7227,141,1,251.45,0.0,False,251.45
16330,7227,251,1,439.11,0.1,False,395.199
16331,7228,108,1,378.75,0.1,False,340.875
16332,7228,15,2,536.46,0.0,False,1072.92
16333,7228,255,2,249.2,0.2,False,398.72
16334,7228,95,2,711.68,0.0,False,1423.36
16335,7229,15,1,536.46,0.05,False,509.637
16336,7229,298,1,238.39,0.0,False,238.39
16337,7229,90,1,219.22,0.05,False,208.259
16338,7229,279,1,226.81,0.15,False,192.7885
16339,7229,240,1,555.47,0.0,False,555.47
16340,7230,186,1,290.81,0.0,False,290.81
16341,7230,196,2,518.75,0.15,False,881.875
16342,7231,231,1,410.59,0.15,False,349.00149999999996
16343,7231,5,1,503.34,0.2,False,402.672
16344,7232,102,1,396.98,0.0,False,396.98
16345,7232,115,3,251.88,0.05,False,717.858
16346,7232,289,1,635.36,0.0,False,635.36
16347,7232,16,1,245.66,0.0,False,245.66
16348,7233,248,1,75.61,0.0,False,75.61
16349,7233,34,1,399.8,0.0,False,399.8
16350,7233,21,3,614.24,0.0,False,1842.72
16351,7233,234,1,486.72,0.0,False,486.72
16352,7234,191,2,457.7,0.0,False,915.4
16353,7234,160,1,150.1,0.0,False,150.1
16354,7234,260,1,619.66,0.2,False,495.728
16355,7235,226,2,211.98,0.0,False,423.96
16356,7236,119,1,519.85,0.05,False,493.8575
16357,7237,245,1,11506.5,0.2,False,9205.2
16358,7237,12,3,156.75,0.1,False,423.225
16359,7238,270,1,34872.0,0.0,False,34872.0
16360,7238,269,2,603.81,0.0,False,1207.62
16361,7238,98,1,71.96,0.0,False,71.96
16362,7239,9,1,66.57,0.2,False,53.256
16363,7240,29,1,103.82,0.0,False,103.82
16364,7241,29,1,103.82,0.0,False,103.82
16365,7241,128,1,686.4,0.0,False,686.4
16366,7241,291,2,19.78,0.05,False,37.582
16367,7242,240,1,555.47,0.05,False,527.6965
16368,7242,65,3,460.75,0.0,False,1382.25
16369,7243,264,1,16.2,0.15,False,13.77
16370,7244,142,2,717.32,0.0,False,1434.64
16371,7244,53,1,192.38,0.1,False,173.142
16372,7244,144,2,299.76,0.0,False,599.52
16373,7245,84,2,43.2,0.0,False,86.4
16374,7245,91,1,369.86,0.0,False,369.86
16375,7245,43,3,97.72,0.0,False,293.15999999999997
16376,7246,39,2,412.64,0.0,False,825.28
16377,7246,170,2,723.66,0.0,False,1447.32
16378,7246,241,3,306.12,0.0,False,918.36
16379,7247,300,1,133.29,0.0,False,133.29
16380,7248,106,1,150.04,0.0,False,150.04
16381,7249,124,1,640.23,0.0,False,640.23
16382,7249,67,1,355.8,0.0,False,355.8
16383,7249,284,1,228.9,0.0,False,228.9
16384,7249,107,2,963.92,0.0,False,1927.84
16385,7250,279,3,226.81,0.0,False,680.4300000000001
16386,7251,212,1,445.65,0.0,False,445.65
16387,7252,229,1,690.53,0.05,False,656.0034999999999
16388,7252,148,2,304.48,0.0,False,608.96
16389,7252,299,1,725.08,0.05,False,688.826
16390,7252,203,1,431.09,0.0,False,431.09
16391,7252,87,1,564.0,0.0,False,564.0
16392,7253,240,1,555.47,0.0,False,555.47
16393,7253,222,3,264.61,0.1,False,714.447
16394,7254,220,1,475.38,0.1,False,427.842
16395,7254,160,1,150.1,0.0,False,150.1
16396,7255,8,1,295.82,0.1,False,266.238
16397,7255,215,2,501.1,0.2,False,801.7600000000001
16398,7255,207,2,518.71,0.05,False,985.549
16399,7255,193,-1,351.11,0.0,True,-351.11
16400,7256,127,1,111.4,0.05,False,105.83
16401,7257,77,1,103.53,0.0,False,103.53
16402,7257,180,3,843.45,0.0,False,2530.3500000000004
16403,7258,55,1,395.52,0.0,False,395.52
16404,7258,205,1,367.74,0.1,False,330.966
16405,7258,182,1,500.91,0.0,False,500.91
16406,7258,167,3,39.88,0.05,False,113.65800000000002
16407,7259,60,1,148.68,0.1,False,133.812
16408,7260,190,1,707.42,0.0,False,707.42
16409,7261,97,1,628.48,0.15,False,534.208
16410,7262,151,2,625.19,0.05,False,1187.861
16412,7263,33,1,217.73,0.15,False,185.07049999999998
16413,7263,279,3,226.81,0.0,False,680.4300000000001
16414,7263,28,-1,749.19,0.0,True,-749.19
16415,7264,187,1,127.57,0.0,False,127.57
16416,7265,212,1,445.65,0.0,False,445.65
16417,7265,83,1,243.1,0.0,False,243.1
16418,7265,207,1,518.71,0.0,False,518.71
16419,7266,50,1,240.1,0.0,False,240.1
16420,7266,20,1,548.49,0.05,False,521.0654999999999
16421,7267,33,1,217.73,0.0,False,217.73
16422,7267,48,1,231.62,0.2,False,185.29600000000002
16423,7268,37,1,608.8,0.05,False,578.3599999999999
16424,7269,9,1,66.57,0.0,False,66.57
16425,7269,127,1,111.4,0.0,False,111.4
16426,7270,59,2,287.12,0.15,False,488.104
16427,7270,97,1,628.48,0.1,False,565.6320000000001
16428,7270,208,1,260.07,0.0,False,260.07
16429,7271,86,1,443.6,0.05,False,421.42
16430,7272,297,1,89.43,0.0,False,89.43
16431,7272,257,-1,8.4,0.15,True,-7.14
16432,7272,31,1,976.57,0.1,False,878.913
16433,7272,100,2,283.25,0.1,False,509.85
16434,7272,216,1,492.92,0.0,False,492.92
16435,7273,103,2,456.96,0.1,False,822.528
16436,7274,265,1,839.64,0.0,False,839.64
16437,7274,101,1,488.42,0.0,False,488.42
16438,7275,115,1,251.88,0.0,False,251.88
16439,7276,217,1,479.18,0.0,False,479.18
16440,7277,72,1,286.08,0.0,False,286.08
16441,7277,286,1,47.93,0.0,False,47.93
16442,7278,89,1,247.06,0.15,False,210.001
16443,7278,89,1,247.06,0.0,False,247.06
16444,7278,20,1,548.49,0.0,False,548.49
16445,7279,208,2,260.07,0.0,False,520.14
16446,7280,65,1,460.75,0.0,False,460.75
16447,7280,127,1,111.4,0.0,False,111.4
16448,7280,71,3,362.18,0.0,False,1086.54
16449,7281,257,1,8.4,0.0,False,8.4
16450,7281,99,3,496.87,0.0,False,1490.6100000000001
16451,7282,78,1,213.82,0.0,False,213.82
16452,7283,280,-1,121.8,0.0,True,-121.8
16453,7283,268,1,23.79,0.0,False,23.79
16454,7283,173,1,587.7,0.0,False,587.7
16455,7284,157,1,701.5,0.0,False,701.5
16456,7284,195,1,132.26,0.1,False,119.03399999999999
16457,7285,32,2,338.4,0.0,False,676.8
16458,7285,300,2,133.29,0.1,False,239.922
16459,7285,112,-1,10.73,0.0,True,-10.73
16460,7285,246,1,574.84,0.1,False,517.356
16461,7286,184,1,278.4,0.1,False,250.55999999999997
16462,7286,56,1,186.07,0.0,False,186.07
16463,7286,221,3,704.75,0.05,False,2008.5375
16464,7287,177,2,156.12,0.0,False,312.24
16465,7287,67,1,355.8,0.0,False,355.8
16466,7287,16,3,245.66,0.0,False,736.98
16467,7288,141,2,251.45,0.1,False,452.61
16468,7288,179,1,478.65,0.0,False,478.65
16469,7288,126,1,240.49,0.0,False,240.49
16470,7289,230,2,829.69,0.0,False,1659.38
16471,7289,240,1,555.47,0.0,False,555.47
16472,7289,138,1,54.35,0.0,False,54.35
16473,7290,22,1,205.71,0.15,False,174.8535
16474,7290,137,2,316.92,0.0,False,633.84
16475,7290,148,1,304.48,0.05,False,289.25600000000003
16476,7291,246,2,574.84,0.0,False,1149.68
16477,7291,23,2,235.35,0.0,False,470.7
16478,7292,176,1,199.39,0.05,False,189.42049999999998
16479,7292,102,1,396.98,0.0,False,396.98
16480,7293,34,1,399.8,0.1,False,359.82
16481,7293,186,1,290.81,0.0,False,290.81
16482,7294,217,1,479.18,0.0,False,479.18
16483,7295,147,1,517.03,0.0,False,517.03
16484,7295,230,1,829.69,0.1,False,746.7210000000001
16485,7295,277,3,437.32,0.05,False,1246.362
16486,7296,28,1,749.19,0.0,False,749.19
16487,7296,165,1,605.76,0.0,False,605.76
16488,7296,168,1,649.6,0.0,False,649.6
16489,7297,140,2,500.02,0.0,False,1000.04
16490,7297,74,1,171.2,0.0,False,171.2
16491,7297,283,1,680.49,0.0,False,680.49
16492,7298,79,1,308.93,0.0,False,308.93
16493,7298,127,1,111.4,0.0,False,111.4
16494,7299,198,1,266.02,0.0,False,266.02
16495,7299,70,1,402.01,0.0,False,402.01
16496,7299,211,1,943.9,0.15,False,802.3149999999999
16497,7300,15,1,536.46,0.1,False,482.814
16498,7301,296,1,361.73,0.05,False,343.6435
16499,7301,293,-1,709.48,0.0,True,-709.48
16500,7301,26,1,259.69,0.1,False,233.721
16501,7302,72,1,286.08,0.0,False,286.08
16502,7303,252,-1,274.43,0.2,True,-219.544
16503,7303,134,1,541.79,0.0,False,541.79
16504,7303,133,1,479.79,0.0,False,479.79
16505,7303,67,1,355.8,0.2,False,284.64000000000004
16506,7304,179,3,478.65,0.0,False,1435.9499999999998
16507,7304,70,1,402.01,0.0,False,402.01
16508,7304,278,1,402.71,0.0,False,402.71
16509,7304,166,-1,278.38,0.0,True,-278.38
16510,7305,129,1,492.47,0.0,False,492.47
16511,7306,61,1,512.76,0.0,False,512.76
16512,7306,47,1,513.39,0.0,False,513.39
16513,7306,195,1,132.26,0.0,False,132.26
16514,7306,6,1,531.19,0.05,False,504.63050000000004
16515,7306,290,1,908.96,0.0,False,908.96
16516,7307,67,2,355.8,0.0,False,711.6
16517,7308,145,1,61.15,0.2,False,48.92
16518,7308,266,1,110.99,0.0,False,110.99
16519,7308,117,2,567.69,0.15,False,965.0730000000001
16520,7308,27,1,686.85,0.15,False,583.8225
16521,7309,116,1,862.37,0.0,False,862.37
16522,7309,195,1,132.26,0.2,False,105.80799999999999
16523,7310,298,1,238.39,0.0,False,238.39
16524,7311,35,1,425.48,0.05,False,404.206
16525,7312,126,1,240.49,0.05,False,228.4655
16526,7313,158,2,282.03,0.1,False,507.65399999999994
16527,7314,218,2,127.17,0.15,False,216.189
16528,7314,9,1,66.57,0.1,False,59.913
16529,7314,296,2,361.73,0.05,False,687.287
16530,7314,54,1,679.71,0.0,False,679.71
16531,7315,272,3,5.69,0.1,False,15.363000000000001
16532,7315,74,1,171.2,0.05,False,162.64
16533,7315,205,3,367.74,0.0,False,1103.22
16534,7316,227,1,192.19,0.0,False,192.19
16535,7317,124,2,640.23,0.0,False,1280.46
16536,7317,65,1,460.75,0.0,False,460.75
16537,7318,101,1,488.42,0.2,False,390.73600000000005
16538,7318,277,-1,437.32,0.1,True,-393.588
16539,7318,207,1,518.71,0.05,False,492.7745
16540,7319,49,1,850.7,0.15,False,723.095
16541,7320,68,1,133.13,0.15,False,113.1605
16542,7320,86,1,443.6,0.0,False,443.6
16543,7320,187,1,127.57,0.2,False,102.056
16544,7321,283,1,680.49,0.0,False,680.49
16545,7321,134,1,541.79,0.0,False,541.79
16546,7322,72,1,286.08,0.0,False,286.08
16547,7323,287,2,754.14,0.0,False,1508.28
16548,7324,286,1,47.93,0.0,False,47.93
16549,7325,17,2,953.82,0.2,False,1526.112
16550,7326,155,1,607.36,0.05,False,576.992
16551,7326,293,1,709.48,0.0,False,709.48
16552,7326,149,2,382.77,0.0,False,765.54
16553,7327,157,1,701.5,0.0,False,701.5
16554,7327,60,1,148.68,0.0,False,148.68
16555,7328,243,1,746.93,0.05,False,709.5835
16556,7328,185,1,582.19,0.15,False,494.86150000000004
16557,7329,282,1,280.61,0.05,False,266.5795
16558,7329,72,1,286.08,0.1,False,257.472
16560,7330,109,1,59.23,0.0,False,59.23
16561,7331,212,1,445.65,0.0,False,445.65
16562,7332,150,1,182.12,0.15,False,154.802
16563,7332,232,-1,71.83,0.0,True,-71.83
16564,7333,183,1,942.96,0.0,False,942.96
16565,7333,80,1,166.05,0.0,False,166.05
16566,7333,232,1,71.83,0.0,False,71.83
16567,7334,206,1,612.54,0.0,False,612.54
16568,7334,148,1,304.48,0.1,False,274.03200000000004
16569,7335,96,2,682.77,0.0,False,1365.54
16570,7335,140,2,500.02,0.15,False,850.034
16571,7336,166,1,278.38,0.05,False,264.46099999999996
16572,7337,71,1,362.18,0.1,False,325.962
16573,7338,139,1,835.42,0.0,False,835.42
16574,7339,277,1,437.32,0.0,False,437.32
16575,7340,61,1,512.76,0.0,False,512.76
16576,7340,252,1,274.43,0.0,False,274.43
16577,7341,281,1,146.98,0.0,False,146.98
16578,7341,71,1,362.18,0.0,False,362.18
16579,7341,233,1,82.49,0.0,False,82.49
16580,7341,151,1,625.19,0.05,False,593.9305
16581,7342,53,1,192.38,0.0,False,192.38
16582,7342,37,1,608.8,0.0,False,608.8
16583,7343,179,1,478.65,0.15,False,406.85249999999996
16584,7344,143,1,421.93,0.05,False,400.8335
16585,7345,40,1,171.89,0.0,False,171.89
16586,7345,255,1,249.2,0.15,False,211.82
16587,7345,278,2,402.71,0.0,False,805.42
16588,7346,33,1,217.73,0.0,False,217.73
16589,7346,270,1,34872.0,0.1,False,31384.8
16590,7347,30,1,477.17,0.0,False,477.17
16591,7348,242,1,166.1,0.05,False,157.795
16592,7348,240,1,555.47,0.05,False,527.6965
16593,7348,121,2,183.38,0.15,False,311.746
16594,7349,65,1,460.75,0.1,False,414.675
16595,7349,257,1,8.4,0.0,False,8.4
16596,7349,128,1,686.4,0.1,False,617.76
16597,7349,167,1,39.88,0.0,False,39.88
16598,7349,34,2,399.8,0.0,False,799.6
16599,7350,144,1,299.76,0.0,False,299.76
16600,7350,77,1,103.53,0.2,False,82.82400000000001
16602,7350,42,1,328.75,0.0,False,328.75
16603,7351,202,2,514.85,0.05,False,978.215
16604,7352,27,2,686.85,0.2,False,1098.96
16605,7352,162,1,126.53,0.2,False,101.224
16606,7352,75,1,299.66,0.2,False,239.72800000000004
16607,7353,281,1,146.98,0.0,False,146.98
16608,7354,236,1,55.21,0.1,False,49.689
16609,7354,75,1,299.66,0.0,False,299.66
16610,7354,33,1,217.73,0.1,False,195.957
16611,7355,40,1,171.89,0.0,False,171.89
16612,7355,128,1,686.4,0.0,False,686.4
16613,7355,197,3,538.79,0.05,False,1535.5514999999998
16614,7356,38,1,364.99,0.1,False,328.49100000000004
16615,7356,202,1,514.85,0.05,False,489.1075
16616,7356,39,1,412.64,0.0,False,412.64
16617,7357,272,2,5.69,0.1,False,10.242
16618,7358,69,1,274.11,0.0,False,274.11
16619,7359,199,1,51.0,0.0,False,51.0
16620,7359,250,1,8284.0,0.0,False,8284.0
16621,7359,267,1,253.7,0.2,False,202.96
16622,7360,169,3,458.05,0.1,False,1236.7350000000001
16623,7361,192,1,697.79,0.05,False,662.9005
16624,7361,280,1,121.8,0.0,False,121.8
16625,7361,269,2,603.81,0.0,False,1207.62
16626,7362,242,1,166.1,0.0,False,166.1
16627,7362,63,1,430.39,0.0,False,430.39
16628,7362,28,1,749.19,0.0,False,749.19
16629,7363,276,-1,341.21,0.0,True,-341.21
16630,7363,9,2,66.57,0.0,False,133.14
16631,7363,207,3,518.71,0.0,False,1556.13
16632,7364,199,1,51.0,0.0,False,51.0
16633,7365,137,-1,316.92,0.15,True,-269.382
16634,7366,136,2,974.39,0.1,False,1753.902
16635,7366,108,1,378.75,0.1,False,340.875
16636,7366,175,1,600.57,0.05,False,570.5415
16637,7367,157,1,701.5,0.15,False,596.275
16638,7368,26,1,259.69,0.0,False,259.69
16639,7368,168,1,649.6,0.1,False,584.64
16640,7368,130,1,454.11,0.15,False,385.9935
16641,7368,250,1,8284.0,0.0,False,8284.0
16642,7368,53,1,192.38,0.0,False,192.38
16643,7369,95,1,711.68,0.0,False,711.68
16644,7369,73,1,346.78,0.0,False,346.78
16645,7369,140,1,500.02,0.0,False,500.02
16646,7370,53,1,192.38,0.05,False,182.761
16647,7370,222,1,264.61,0.0,False,264.61
16648,7370,214,1,304.46,0.0,False,304.46
16649,7370,34,1,399.8,0.0,False,399.8
16650,7370,17,2,953.82,0.1,False,1716.8760000000002
16652,7371,277,1,437.32,0.05,False,415.45399999999995
16653,7371,22,2,205.71,0.05,False,390.849
16654,7371,286,1,47.93,0.15,False,40.7405
16655,7372,1,1,433.54,0.0,False,433.54
16656,7372,96,-1,682.77,0.15,True,-580.3544999999999
16657,7372,155,2,607.36,0.05,False,1153.984
16658,7373,63,1,430.39,0.15,False,365.8315
16659,7374,55,1,395.52,0.0,False,395.52
16660,7374,28,1,749.19,0.0,False,749.19
16661,7375,280,1,121.8,0.0,False,121.8
16662,7375,299,1,725.08,0.05,False,688.826
16663,7376,190,1,707.42,0.0,False,707.42
16664,7376,95,2,711.68,0.0,False,1423.36
16665,7376,166,3,278.38,0.0,False,835.14
16666,7376,196,1,518.75,0.1,False,466.875
16667,7377,109,1,59.23,0.0,False,59.23
16668,7377,266,1,110.99,0.05,False,105.44049999999999
16669,7377,262,2,214.85,0.05,False,408.215
16670,7378,157,1,701.5,0.0,False,701.5
16671,7379,155,1,607.36,0.1,False,546.624
16672,7379,247,1,708.26,0.1,False,637.434
16673,7380,173,1,587.7,0.0,False,587.7
16674,7380,28,2,749.19,0.1,False,1348.5420000000001
16675,7380,26,1,259.69,0.05,False,246.70549999999997
16676,7380,52,1,12.48,0.0,False,12.48
16677,7380,69,2,274.11,0.1,False,493.398
16678,7381,184,1,278.4,0.15,False,236.64
16679,7381,47,1,513.39,0.0,False,513.39
16680,7381,225,1,939.11,0.1,False,845.1990000000001
16681,7381,19,3,727.02,0.05,False,2072.007
16682,7382,270,1,34872.0,0.0,False,34872.0
16683,7383,83,1,243.1,0.0,False,243.1
16684,7383,146,2,443.54,0.0,False,887.08
16685,7384,235,1,370.09,0.0,False,370.09
16686,7385,251,1,439.11,0.0,False,439.11
16688,7385,54,1,679.71,0.0,False,679.71
16689,7386,274,1,528.78,0.0,False,528.78
16690,7386,123,1,840.94,0.0,False,840.94
16691,7387,77,1,103.53,0.0,False,103.53
16692,7388,77,1,103.53,0.0,False,103.53
16693,7388,43,1,97.72,0.1,False,87.94800000000001
16694,7388,63,1,430.39,0.05,False,408.8705
16695,7388,72,1,286.08,0.0,False,286.08
16696,7388,219,2,211.99,0.0,False,423.98
16697,7389,130,1,454.11,0.0,False,454.11
16698,7389,69,1,274.11,0.1,False,246.699
16699,7389,215,1,501.1,0.0,False,501.1
16700,7390,111,1,227.31,0.0,False,227.31
16701,7390,156,-1,372.8,0.1,True,-335.52000000000004
16702,7391,5,1,503.34,0.05,False,478.17299999999994
16703,7392,142,2,717.32,0.0,False,1434.64
16704,7393,70,1,402.01,0.0,False,402.01
16705,7393,277,1,437.32,0.0,False,437.32
16706,7393,275,1,82.62,0.0,False,82.62
16707,7394,247,1,708.26,0.2,False,566.6080000000001
16708,7394,26,1,259.69,0.0,False,259.69
16709,7395,36,2,749.87,0.0,False,1499.74
16710,7395,247,1,708.26,0.1,False,637.434
16711,7395,68,1,133.13,0.2,False,106.504
16712,7396,2,2,807.37,0.1,False,1453.266
16713,7397,126,1,240.49,0.0,False,240.49
16714,7397,255,2,249.2,0.05,False,473.47999999999996
16715,7398,230,1,829.69,0.0,False,829.69
16716,7398,276,1,341.21,0.0,False,341.21
16717,7399,148,1,304.48,0.0,False,304.48
16718,7400,183,1,942.96,0.0,False,942.96
16719,7401,95,3,711.68,0.15,False,1814.7839999999999
16720,7402,90,1,219.22,0.0,False,219.22
16721,7403,257,1,8.4,0.0,False,8.4
16722,7404,187,1,127.57,0.0,False,127.57
16723,7404,129,1,492.47,0.15,False,418.59950000000003
16724,7405,278,1,402.71,0.0,False,402.71
16725,7405,47,1,513.39,0.0,False,513.39
16726,7405,140,1,500.02,0.0,False,500.02
16727,7406,251,1,439.11,0.0,False,439.11
16728,7407,156,1,372.8,0.1,False,335.52000000000004
16729,7408,38,1,364.99,0.0,False,364.99
16730,7408,245,2,11506.5,0.0,False,23013.0
16731,7409,223,1,57.85,0.1,False,52.065000000000005
16732,7409,76,1,938.11,0.15,False,797.3935
16733,7410,89,1,247.06,0.15,False,210.001
16734,7410,82,1,235.49,0.0,False,235.49
16735,7411,197,1,538.79,0.1,False,484.911
16736,7411,11,1,216.27,0.0,False,216.27
16737,7411,126,1,240.49,0.0,False,240.49
16738,7412,260,1,619.66,0.05,False,588.6769999999999
16739,7412,132,2,299.38,0.0,False,598.76
16740,7413,86,2,443.6,0.2,False,709.7600000000001
16741,7414,130,1,454.11,0.0,False,454.11
16742,7415,125,1,584.13,0.15,False,496.5105
16743,7415,23,2,235.35,0.05,False,447.16499999999996
16744,7416,69,2,274.11,0.05,False,520.809
16745,7417,76,1,938.11,0.05,False,891.2044999999999
16746,7418,240,3,555.47,0.2,False,1333.1280000000002
16747,7418,20,1,548.49,0.0,False,548.49
16748,7419,133,1,479.79,0.05,False,455.8005
16749,7419,87,1,564.0,0.15,False,479.4
16750,7420,290,1,908.96,0.15,False,772.616
16751,7421,12,1,156.75,0.0,False,156.75
16752,7422,255,2,249.2,0.0,False,498.4
16753,7423,46,2,397.56,0.0,False,795.12
16754,7423,282,1,280.61,0.1,False,252.549
16755,7424,174,1,864.84,0.15,False,735.114
16756,7424,300,1,133.29,0.0,False,133.29
16757,7424,151,1,625.19,0.0,False,625.19
16758,7424,75,2,299.66,0.1,False,539.388
16759,7425,272,2,5.69,0.05,False,10.811
16760,7426,228,3,162.75,0.0,False,488.25
16761,7426,246,1,574.84,0.0,False,574.84
16762,7427,73,1,346.78,0.0,False,346.78
16763,7428,70,1,402.01,0.0,False,402.01
16764,7429,190,1,707.42,0.0,False,707.42
16765,7429,166,1,278.38,0.0,False,278.38
16766,7429,16,1,245.66,0.0,False,245.66
16767,7430,34,2,399.8,0.0,False,799.6
16768,7430,191,1,457.7,0.0,False,457.7
16769,7430,133,2,479.79,0.05,False,911.601
16770,7431,215,1,501.1,0.15,False,425.935
16771,7431,92,2,148.78,0.0,False,297.56
16772,7431,90,1,219.22,0.15,False,186.337
16773,7432,140,1,500.02,0.15,False,425.017
16774,7433,65,2,460.75,0.0,False,921.5
16775,7433,131,1,797.13,0.05,False,757.2735
16776,7434,262,1,214.85,0.0,False,214.85
16777,7435,128,1,686.4,0.0,False,686.4
16778,7435,132,2,299.38,0.15,False,508.94599999999997
16779,7436,300,1,133.29,0.0,False,133.29
16780,7436,45,2,511.39,0.0,False,1022.78
16781,7437,18,2,35.67,0.15,False,60.639
16782,7437,72,-1,286.08,0.15,True,-243.16799999999998
16783,7437,62,1,244.7,0.0,False,244.7
16784,7438,149,2,382.77,0.0,False,765.54
16785,7438,121,1,183.38,0.0,False,183.38
16786,7439,166,1,278.38,0.0,False,278.38
16787,7439,139,1,835.42,0.0,False,835.42
16788,7440,203,1,431.09,0.0,False,431.09
16789,7440,212,-1,445.65,0.0,True,-445.65
16790,7440,42,1,328.75,0.1,False,295.875
16791,7440,166,2,278.38,0.0,False,556.76
16792,7441,132,2,299.38,0.0,False,598.76
16793,7441,36,1,749.87,0.1,False,674.883
16794,7442,160,2,150.1,0.0,False,300.2
16795,7442,1,1,433.54,0.0,False,433.54
16796,7442,280,2,121.8,0.1,False,219.24
16797,7443,127,2,111.4,0.0,False,222.8
16798,7444,176,2,199.39,0.0,False,398.78
16799,7444,40,1,171.89,0.15,False,146.10649999999998
16800,7445,251,1,439.11,0.05,False,417.1545
16801,7445,96,1,682.77,0.0,False,682.77
16802,7446,194,1,222.76,0.0,False,222.76
16803,7447,93,2,98.57,0.2,False,157.712
16804,7447,118,1,611.17,0.1,False,550.053
16805,7448,274,2,528.78,0.0,False,1057.56
16806,7449,213,1,111.83,0.0,False,111.83
16807,7449,44,1,6.81,0.15,False,5.788499999999999
16808,7449,232,2,71.83,0.15,False,122.11099999999999
16809,7450,170,1,723.66,0.0,False,723.66
16810,7451,272,1,5.69,0.05,False,5.4055
16811,7451,120,1,146.96,0.0,False,146.96
16812,7451,205,3,367.74,0.15,False,937.737
16813,7452,263,1,222.36,0.0,False,222.36
16814,7452,279,2,226.81,0.05,False,430.93899999999996
16815,7452,251,1,439.11,0.0,False,439.11
16816,7452,146,1,443.54,0.0,False,443.54
16817,7453,147,1,517.03,0.0,False,517.03
16818,7453,54,2,679.71,0.0,False,1359.42
16819,7454,167,2,39.88,0.0,False,79.76
16820,7455,151,-1,625.19,0.2,True,-500.15200000000004
16821,7455,102,1,396.98,0.0,False,396.98
16822,7456,3,1,978.72,0.0,False,978.72
16823,7456,141,1,251.45,0.0,False,251.45
16824,7457,152,3,910.86,0.05,False,2595.951
16825,7457,104,1,957.31,0.0,False,957.31
16826,7458,182,1,500.91,0.0,False,500.91
16827,7458,109,2,59.23,0.05,False,112.53699999999999
16828,7459,159,2,818.3,0.0,False,1636.6
16829,7460,230,1,829.69,0.05,False,788.2055
16830,7460,220,1,475.38,0.0,False,475.38
16831,7461,244,1,263.25,0.0,False,263.25
16832,7462,236,2,55.21,0.0,False,110.42
16833,7463,105,1,375.87,0.0,False,375.87
16834,7464,137,1,316.92,0.1,False,285.228
16835,7465,40,1,171.89,0.1,False,154.701
16836,7466,7,1,357.42,0.05,False,339.549
16837,7467,257,2,8.4,0.0,False,16.8
16838,7468,30,1,477.17,0.0,False,477.17
16839,7468,40,1,171.89,0.0,False,171.89
16840,7469,292,1,425.68,0.2,False,340.54400000000004
16841,7469,123,1,840.94,0.0,False,840.94
16842,7469,82,1,235.49,0.0,False,235.49
16843,7469,166,1,278.38,0.0,False,278.38
16844,7470,133,1,479.79,0.15,False,407.8215
16845,7471,31,3,976.57,0.0,False,2929.71
16846,7471,192,1,697.79,0.0,False,697.79
16847,7472,107,2,963.92,0.1,False,1735.056
16848,7472,275,3,82.62,0.0,False,247.86
16849,7472,89,1,247.06,0.1,False,222.354
16850,7472,258,1,626.09,0.15,False,532.1765
16851,7473,158,1,282.03,0.0,False,282.03
16852,7473,102,1,396.98,0.0,False,396.98
16853,7474,210,1,177.09,0.1,False,159.381
16854,7475,113,1,55.28,0.1,False,49.752
16855,7476,18,1,35.67,0.0,False,35.67
16856,7476,231,2,410.59,0.1,False,739.062
16857,7477,224,1,23.12,0.0,False,23.12
16858,7477,246,1,574.84,0.0,False,574.84
16859,7477,227,1,192.19,0.15,False,163.3615
16860,7477,203,1,431.09,0.0,False,431.09
16861,7477,151,-1,625.19,0.05,True,-593.9305
16862,7478,110,1,52.92,0.0,False,52.92
16863,7479,171,1,14.73,0.0,False,14.73
16864,7479,220,1,475.38,0.0,False,475.38
16865,7479,294,1,141.94,0.0,False,141.94
16866,7480,97,1,628.48,0.0,False,628.48
16867,7480,234,1,486.72,0.05,False,462.384
16868,7481,243,1,746.93,0.0,False,746.93
16869,7481,189,1,24.7,0.0,False,24.7
16870,7481,285,1,667.54,0.1,False,600.786
16871,7482,187,-1,127.57,0.1,True,-114.813
16872,7482,173,1,587.7,0.0,False,587.7
16873,7483,117,1,567.69,0.0,False,567.69
16874,7484,65,1,460.75,0.05,False,437.7125
16875,7485,267,1,253.7,0.0,False,253.7
16876,7485,56,1,186.07,0.2,False,148.856
16877,7485,119,2,519.85,0.0,False,1039.7
16878,7486,126,2,240.49,0.1,False,432.882
16879,7486,151,1,625.19,0.0,False,625.19
16880,7486,278,1,402.71,0.05,False,382.57449999999994
16881,7486,227,2,192.19,0.15,False,326.723
16882,7486,228,1,162.75,0.1,False,146.475
16883,7487,244,2,263.25,0.0,False,526.5
16884,7488,280,1,121.8,0.0,False,121.8
16885,7489,292,1,425.68,0.05,False,404.396
16886,7489,119,1,519.85,0.0,False,519.85
16887,7489,109,3,59.23,0.1,False,159.921
16888,7489,151,1,625.19,0.0,False,625.19
16889,7489,108,1,378.75,0.0,False,378.75
16890,7490,256,1,537.93,0.05,False,511.03349999999995
16891,7491,193,1,351.11,0.0,False,351.11
16892,7492,276,1,341.21,0.0,False,341.21
16893,7492,66,1,447.18,0.1,False,402.462
16894,7493,141,2,251.45,0.0,False,502.9
16895,7493,28,1,749.19,0.05,False,711.7305
16896,7494,285,1,667.54,0.0,False,667.54
16897,7494,291,1,19.78,0.0,False,19.78
16898,7495,205,1,367.74,0.0,False,367.74
16899,7496,132,1,299.38,0.0,False,299.38
16900,7496,273,1,560.24,0.05,False,532.228
16901,7496,128,1,686.4,0.0,False,686.4
16902,7497,194,1,222.76,0.0,False,222.76
16903,7497,230,1,829.69,0.1,False,746.7210000000001
16904,7498,107,-1,963.92,0.0,True,-963.92
16905,7499,183,1,942.96,0.15,False,801.516
16906,7500,259,1,533.22,0.0,False,533.22
16907,7500,133,1,479.79,0.0,False,479.79
16908,7500,145,1,61.15,0.0,False,61.15
16909,7500,226,2,211.98,0.15,False,360.366
16910,7500,51,1,863.34,0.05,False,820.173
16911,7501,230,1,829.69,0.0,False,829.69
16912,7502,89,1,247.06,0.15,False,210.001
16913,7502,235,1,370.09,0.0,False,370.09
16914,7503,83,1,243.1,0.15,False,206.635
16915,7503,291,1,19.78,0.0,False,19.78
16916,7503,147,1,517.03,0.0,False,517.03
16917,7503,61,1,512.76,0.1,False,461.484
16918,7504,101,1,488.42,0.0,False,488.42
16919,7504,69,1,274.11,0.0,False,274.11
16920,7505,271,1,756.22,0.0,False,756.22
16921,7506,9,2,66.57,0.0,False,133.14
16922,7507,190,2,707.42,0.15,False,1202.6139999999998
16923,7508,212,1,445.65,0.1,False,401.085
16924,7508,31,1,976.57,0.15,False,830.0845
16925,7508,172,1,104.56,0.0,False,104.56
16926,7508,278,1,402.71,0.05,False,382.57449999999994
16927,7508,134,3,541.79,0.0,False,1625.37
16928,7509,46,1,397.56,0.0,False,397.56
16929,7510,39,1,412.64,0.0,False,412.64
16930,7511,169,1,458.05,0.1,False,412.245
16931,7511,264,2,16.2,0.1,False,29.16
16932,7511,50,1,240.1,0.0,False,240.1
16933,7511,35,-1,425.48,0.0,True,-425.48
16934,7511,298,1,238.39,0.2,False,190.712
16935,7512,85,1,530.7,0.0,False,530.7
16936,7513,237,1,335.88,0.1,False,302.29200000000003
16937,7514,144,1,299.76,0.05,False,284.772
16938,7515,282,1,280.61,0.15,False,238.51850000000002
16939,7515,45,1,511.39,0.0,False,511.39
16940,7515,208,3,260.07,0.0,False,780.21
16941,7516,148,1,304.48,0.0,False,304.48
16942,7516,115,1,251.88,0.0,False,251.88
16943,7517,296,1,361.73,0.05,False,343.6435
16944,7518,54,2,679.71,0.1,False,1223.478
16945,7518,116,1,862.37,0.05,False,819.2515
16946,7518,13,1,152.16,0.15,False,129.33599999999998
16947,7518,18,2,35.67,0.0,False,71.34
16948,7518,292,1,425.68,0.0,False,425.68
16949,7519,277,1,437.32,0.0,False,437.32
16950,7519,49,1,850.7,0.1,False,765.6300000000001
16951,7519,245,2,11506.5,0.05,False,21862.35
16952,7520,71,1,362.18,0.05,False,344.07099999999997
16953,7521,97,1,628.48,0.0,False,628.48
16954,7521,246,1,574.84,0.1,False,517.356
16955,7521,295,1,139.02,0.05,False,132.06900000000002
16956,7522,124,2,640.23,0.2,False,1024.3680000000002
16957,7522,219,1,211.99,0.0,False,211.99
16958,7523,123,1,840.94,0.0,False,840.94
16959,7524,110,2,52.92,0.0,False,105.84
16960,7524,106,1,150.04,0.05,False,142.53799999999998
16961,7524,173,1,587.7,0.05,False,558.315
16962,7525,249,1,682.27,0.05,False,648.1564999999999
16963,7525,220,1,475.38,0.0,False,475.38
16964,7525,39,1,412.64,0.2,False,330.112
16965,7526,113,1,55.28,0.0,False,55.28
16966,7527,261,1,429.63,0.1,False,386.66700000000003
16967,7527,218,1,127.17,0.1,False,114.453
16968,7528,44,1,6.81,0.15,False,5.788499999999999
16969,7529,138,1,54.35,0.1,False,48.915
16970,7529,221,2,704.75,0.05,False,1339.0249999999999
16971,7530,222,1,264.61,0.0,False,264.61
16972,7530,137,1,316.92,0.1,False,285.228
16973,7530,129,3,492.47,0.05,False,1403.5395
16974,7531,288,1,515.26,0.0,False,515.26
16975,7531,250,1,8284.0,0.0,False,8284.0
16976,7531,129,2,492.47,0.1,False,886.446
16977,7532,203,1,431.09,0.05,False,409.53549999999996
16978,7532,148,3,304.48,0.05,False,867.768
16979,7533,57,1,510.39,0.0,False,510.39
16980,7534,209,3,797.01,0.1,False,2151.9269999999997
16981,7535,181,1,37.18,0.1,False,33.462
16982,7535,99,1,496.87,0.05,False,472.0265
16983,7536,34,1,399.8,0.0,False,399.8
16984,7536,214,1,304.46,0.0,False,304.46
16985,7537,105,2,375.87,0.0,False,751.74
16986,7537,158,1,282.03,0.1,False,253.82699999999997
16987,7538,18,1,35.67,0.0,False,35.67
16988,7539,141,2,251.45,0.0,False,502.9
16989,7540,225,1,939.11,0.0,False,939.11
16990,7540,104,2,957.31,0.0,False,1914.62
16991,7540,60,1,148.68,0.0,False,148.68
16992,7541,242,2,166.1,0.0,False,332.2
16993,7541,228,1,162.75,0.0,False,162.75
16994,7541,42,1,328.75,0.1,False,295.875
16995,7541,214,3,304.46,0.05,False,867.7109999999999
16996,7541,132,1,299.38,0.0,False,299.38
16997,7542,104,1,957.31,0.1,False,861.579
16998,7542,33,3,217.73,0.05,False,620.5305
16999,7543,83,1,243.1,0.0,False,243.1
17000,7544,173,1,587.7,0.05,False,558.315
17001,7544,289,1,635.36,0.0,False,635.36
17002,7545,18,1,35.67,0.0,False,35.67
17003,7545,123,1,840.94,0.0,False,840.94
17004,7546,68,2,133.13,0.0,False,266.26
17005,7546,285,1,667.54,0.15,False,567.409
17006,7546,170,1,723.66,0.1,False,651.294
17007,7546,6,1,531.19,0.0,False,531.19
17008,7546,3,1,978.72,0.0,False,978.72
17009,7547,238,1,192.17,0.0,False,192.17
17010,7547,69,1,274.11,0.0,False,274.11
17011,7547,294,1,141.94,0.05,False,134.843
17012,7548,275,1,82.62,0.15,False,70.227
17013,7549,55,1,395.52,0.0,False,395.52
17014,7549,280,2,121.8,0.0,False,243.6
17015,7549,254,1,286.86,0.1,False,258.17400000000004
17016,7549,268,2,23.79,0.0,False,47.58
17017,7549,268,1,23.79,0.05,False,22.600499999999997
17018,7550,44,1,6.81,0.0,False,6.81
17019,7551,262,1,214.85,0.0,False,214.85
17020,7551,44,3,6.81,0.0,False,20.43
17021,7551,168,1,649.6,0.0,False,649.6
17022,7551,204,1,578.66,0.05,False,549.727
17023,7552,193,2,351.11,0.0,False,702.22
17024,7553,265,1,839.64,0.0,False,839.64
17025,7553,133,3,479.79,0.0,False,1439.3700000000001
17026,7553,194,1,222.76,0.0,False,222.76
17027,7553,32,1,338.4,0.1,False,304.56
17028,7554,270,2,34872.0,0.2,False,55795.200000000004
17029,7554,149,1,382.77,0.0,False,382.77
17030,7555,208,1,260.07,0.0,False,260.07
17031,7555,109,1,59.23,0.0,False,59.23
17032,7556,189,1,24.7,0.0,False,24.7
17033,7557,198,1,266.02,0.0,False,266.02
17034,7557,77,1,103.53,0.0,False,103.53
17035,7558,151,1,625.19,0.0,False,625.19
17036,7558,249,3,682.27,0.05,False,1944.4695
17037,7558,282,1,280.61,0.15,False,238.51850000000002
17038,7559,273,1,560.24,0.0,False,560.24
17039,7560,67,1,355.8,0.0,False,355.8
17040,7561,108,1,378.75,0.0,False,378.75
17041,7561,123,1,840.94,0.0,False,840.94
17042,7562,134,1,541.79,0.0,False,541.79
17043,7563,81,1,779.01,0.15,False,662.1585
17044,7564,40,3,171.89,0.1,False,464.10299999999995
17045,7564,235,1,370.09,0.05,False,351.58549999999997
17046,7565,24,1,696.97,0.0,False,696.97
17047,7565,180,1,843.45,0.0,False,843.45
17048,7565,127,1,111.4,0.0,False,111.4
17049,7566,137,1,316.92,0.1,False,285.228
17050,7567,266,1,110.99,0.0,False,110.99
17051,7567,66,2,447.18,0.05,False,849.6419999999999
17052,7568,246,2,574.84,0.2,False,919.7440000000001
17053,7568,142,2,717.32,0.0,False,1434.64
17054,7569,197,1,538.79,0.0,False,538.79
17055,7569,257,1,8.4,0.0,False,8.4
17056,7569,267,1,253.7,0.15,False,215.64499999999998
17057,7570,273,1,560.24,0.05,False,532.228
17058,7570,203,1,431.09,0.0,False,431.09
17059,7570,100,1,283.25,0.0,False,283.25
17060,7571,72,1,286.08,0.0,False,286.08
17061,7571,46,2,397.56,0.15,False,675.852
17062,7571,168,1,649.6,0.0,False,649.6
17063,7572,5,1,503.34,0.05,False,478.17299999999994
17064,7573,178,1,563.12,0.0,False,563.12
17065,7573,14,2,90.93,0.05,False,172.767
17066,7574,5,2,503.34,0.05,False,956.3459999999999
17067,7575,117,2,567.69,0.0,False,1135.38
17068,7576,219,1,211.99,0.2,False,169.592
17069,7576,75,1,299.66,0.05,False,284.677
17070,7576,52,3,12.48,0.0,False,37.44
17071,7577,71,1,362.18,0.1,False,325.962
17072,7578,212,2,445.65,0.0,False,891.3
17073,7579,228,3,162.75,0.0,False,488.25
17074,7580,203,1,431.09,0.0,False,431.09
17075,7580,161,1,68.77,0.0,False,68.77
17076,7580,110,1,52.92,0.0,False,52.92
17077,7580,181,1,37.18,0.0,False,37.18
17078,7580,49,1,850.7,0.2,False,680.5600000000001
17079,7581,7,1,357.42,0.0,False,357.42
17080,7581,120,1,146.96,0.0,False,146.96
17081,7582,74,1,171.2,0.0,False,171.2
17082,7582,172,1,104.56,0.0,False,104.56
17083,7582,149,1,382.77,0.0,False,382.77
17084,7582,11,1,216.27,0.1,False,194.643
17085,7583,15,1,536.46,0.0,False,536.46
17086,7584,159,1,818.3,0.05,False,777.3849999999999
17087,7584,254,2,286.86,0.2,False,458.97600000000006
17088,7584,152,1,910.86,0.05,False,865.317
17089,7584,163,1,598.68,0.05,False,568.746
17091,7584,126,1,240.49,0.0,False,240.49
17092,7585,168,1,649.6,0.0,False,649.6
17093,7585,266,1,110.99,0.0,False,110.99
17094,7585,156,1,372.8,0.0,False,372.8
17095,7586,7,1,357.42,0.1,False,321.678
17096,7587,128,1,686.4,0.05,False,652.0799999999999
17097,7587,240,2,555.47,0.1,False,999.8460000000001
17098,7588,95,3,711.68,0.0,False,2135.04
17099,7588,202,2,514.85,0.0,False,1029.7
17100,7589,28,1,749.19,0.05,False,711.7305
17101,7589,145,1,61.15,0.1,False,55.035
17102,7589,32,1,338.4,0.0,False,338.4
17103,7589,63,1,430.39,0.0,False,430.39
17104,7589,184,1,278.4,0.0,False,278.4
17105,7590,158,1,282.03,0.05,False,267.9285
17106,7590,82,1,235.49,0.05,False,223.7155
17107,7591,179,1,478.65,0.0,False,478.65
17108,7591,160,1,150.1,0.15,False,127.585
17109,7591,213,1,111.83,0.0,False,111.83
17110,7592,223,1,57.85,0.0,False,57.85
17111,7592,210,-1,177.09,0.0,True,-177.09
17112,7593,50,1,240.1,0.1,False,216.09
17113,7593,246,1,574.84,0.05,False,546.098
17114,7593,67,1,355.8,0.15,False,302.43
17115,7593,4,1,17.97,0.2,False,14.376
17116,7594,152,1,910.86,0.0,False,910.86
17117,7595,293,1,709.48,0.0,False,709.48
17118,7595,167,2,39.88,0.1,False,71.784
17119,7595,223,2,57.85,0.05,False,109.91499999999999
17120,7595,97,1,628.48,0.0,False,628.48
17121,7596,192,2,697.79,0.0,False,1395.58
17122,7596,155,1,607.36,0.05,False,576.992
17123,7597,199,1,51.0,0.0,False,51.0
17124,7597,49,1,850.7,0.05,False,808.165
17125,7597,265,1,839.64,0.0,False,839.64
17126,7597,141,1,251.45,0.0,False,251.45
17127,7598,237,2,335.88,0.05,False,638.1719999999999
17128,7599,84,1,43.2,0.05,False,41.04
17129,7600,218,1,127.17,0.0,False,127.17
17130,7600,240,1,555.47,0.0,False,555.47
17131,7601,267,1,253.7,0.1,False,228.32999999999998
17132,7601,278,1,402.71,0.0,False,402.71
17133,7602,229,1,690.53,0.05,False,656.0034999999999
17134,7602,109,1,59.23,0.0,False,59.23
17135,7602,111,2,227.31,0.05,False,431.889
17136,7602,60,1,148.68,0.0,False,148.68
17137,7603,148,1,304.48,0.0,False,304.48
17138,7604,155,1,607.36,0.0,False,607.36
17139,7605,271,1,756.22,0.0,False,756.22
17140,7605,116,1,862.37,0.0,False,862.37
17141,7605,65,1,460.75,0.0,False,460.75
17142,7606,229,3,690.53,0.1,False,1864.4310000000003
17143,7606,36,1,749.87,0.0,False,749.87
17145,7607,259,1,533.22,0.0,False,533.22
17146,7607,37,1,608.8,0.0,False,608.8
17147,7608,131,3,797.13,0.0,False,2391.39
17148,7608,38,1,364.99,0.0,False,364.99
17149,7608,164,1,446.58,0.0,False,446.58
17150,7608,296,-1,361.73,0.0,True,-361.73
17151,7609,171,1,14.73,0.2,False,11.784
17152,7609,79,1,308.93,0.15,False,262.5905
17153,7609,130,2,454.11,0.15,False,771.987
17154,7610,272,1,5.69,0.0,False,5.69
17155,7610,45,1,511.39,0.15,False,434.68149999999997
17156,7611,93,1,98.57,0.0,False,98.57
17157,7612,275,2,82.62,0.0,False,165.24
17158,7612,152,1,910.86,0.1,False,819.774
17159,7613,283,1,680.49,0.0,False,680.49
17160,7614,79,1,308.93,0.0,False,308.93
17161,7614,290,1,908.96,0.0,False,908.96
17162,7614,52,1,12.48,0.0,False,12.48
17163,7614,25,1,282.92,0.0,False,282.92
17164,7615,78,2,213.82,0.05,False,406.258
17165,7615,273,1,560.24,0.1,False,504.216
17166,7616,159,2,818.3,0.0,False,1636.6
17167,7616,226,1,211.98,0.0,False,211.98
17168,7617,227,1,192.19,0.05,False,182.5805
17169,7618,219,1,211.99,0.0,False,211.99
17170,7618,85,1,530.7,0.05,False,504.165
17171,7618,298,1,238.39,0.05,False,226.4705
17172,7619,150,1,182.12,0.0,False,182.12
17173,7619,263,1,222.36,0.0,False,222.36
17174,7619,64,1,29.71,0.05,False,28.2245
17175,7619,183,-1,942.96,0.0,True,-942.96
17176,7620,199,2,51.0,0.0,False,102.0
17177,7620,162,1,126.53,0.05,False,120.20349999999999
17178,7620,97,2,628.48,0.05,False,1194.112
17179,7621,159,3,818.3,0.0,False,2454.8999999999996
17180,7621,255,1,249.2,0.0,False,249.2
17181,7621,285,1,667.54,0.0,False,667.54
17182,7621,203,1,431.09,0.05,False,409.53549999999996
17183,7622,102,2,396.98,0.0,False,793.96
17184,7623,193,-1,351.11,0.2,True,-280.88800000000003
17185,7623,236,1,55.21,0.0,False,55.21
17186,7623,209,1,797.01,0.0,False,797.01
17187,7623,23,2,235.35,0.0,False,470.7
17188,7623,180,1,843.45,0.0,False,843.45
17189,7624,70,2,402.01,0.0,False,804.02
17190,7624,198,1,266.02,0.0,False,266.02
17191,7624,205,1,367.74,0.0,False,367.74
17192,7624,68,1,133.13,0.0,False,133.13
17193,7625,69,1,274.11,0.05,False,260.4045
17194,7625,205,1,367.74,0.0,False,367.74
17195,7626,19,1,727.02,0.05,False,690.669
17196,7626,182,1,500.91,0.2,False,400.72800000000007
17197,7626,250,1,8284.0,0.05,False,7869.799999999999
17198,7627,140,1,500.02,0.0,False,500.02
17199,7627,299,1,725.08,0.0,False,725.08
17200,7627,242,-1,166.1,0.0,True,-166.1
17201,7627,89,1,247.06,0.05,False,234.707
17202,7627,127,3,111.4,0.0,False,334.20000000000005
17203,7628,235,1,370.09,0.15,False,314.57649999999995
17204,7628,53,2,192.38,0.1,False,346.284
17205,7628,54,1,679.71,0.0,False,679.71
17206,7629,79,1,308.93,0.15,False,262.5905
17207,7629,31,-1,976.57,0.1,True,-878.913
17208,7630,202,1,514.85,0.2,False,411.88000000000005
17209,7631,68,1,133.13,0.0,False,133.13
17210,7632,292,2,425.68,0.15,False,723.656
17211,7632,246,1,574.84,0.0,False,574.84
17213,7633,208,1,260.07,0.0,False,260.07
17214,7633,18,1,35.67,0.1,False,32.103
17215,7634,157,1,701.5,0.15,False,596.275
17216,7635,288,2,515.26,0.0,False,1030.52
17217,7636,87,1,564.0,0.0,False,564.0
17218,7636,232,1,71.83,0.2,False,57.464
17219,7637,258,1,626.09,0.0,False,626.09
17220,7637,39,1,412.64,0.0,False,412.64
17221,7637,100,1,283.25,0.2,False,226.60000000000002
17222,7637,21,3,614.24,0.05,False,1750.5839999999998
17223,7638,300,1,133.29,0.0,False,133.29
17224,7638,173,1,587.7,0.0,False,587.7
17225,7639,230,3,829.69,0.0,False,2489.07
17226,7639,171,1,14.73,0.0,False,14.73
17227,7640,32,1,338.4,0.0,False,338.4
17228,7641,65,1,460.75,0.05,False,437.7125
17229,7641,297,2,89.43,0.0,False,178.86
17230,7642,164,1,446.58,0.0,False,446.58
17231,7643,240,3,555.47,0.0,False,1666.41
17232,7643,199,3,51.0,0.0,False,153.0
17233,7643,58,1,87.55,0.15,False,74.41749999999999
17234,7644,56,2,186.07,0.0,False,372.14
17235,7645,215,1,501.1,0.05,False,476.045
17236,7645,217,1,479.18,0.0,False,479.18
17237,7646,117,1,567.69,0.0,False,567.69
17238,7646,19,1,727.02,0.05,False,690.669
17239,7647,79,1,308.93,0.1,False,278.03700000000003
17240,7647,231,1,410.59,0.0,False,410.59
17241,7648,283,1,680.49,0.0,False,680.49
17242,7648,46,1,397.56,0.0,False,397.56
17243,7649,253,1,621.95,0.05,False,590.8525
17244,7650,99,3,496.87,0.0,False,1490.6100000000001
17245,7650,286,1,47.93,0.0,False,47.93
17246,7650,128,1,686.4,0.1,False,617.76
17247,7650,133,-1,479.79,0.0,True,-479.79
17248,7650,220,1,475.38,0.0,False,475.38
17249,7651,275,1,82.62,0.0,False,82.62
17250,7652,65,1,460.75,0.1,False,414.675
17251,7652,60,3,148.68,0.2,False,356.83200000000005
17252,7652,133,1,479.79,0.2,False,383.83200000000005
17253,7653,193,1,351.11,0.2,False,280.88800000000003
17254,7653,237,1,335.88,0.05,False,319.08599999999996
17255,7653,39,1,412.64,0.2,False,330.112
17256,7654,35,2,425.48,0.2,False,680.768
17257,7655,149,1,382.77,0.1,False,344.493
17258,7656,281,1,146.98,0.0,False,146.98
17259,7656,12,1,156.75,0.0,False,156.75
17260,7657,112,1,10.73,0.0,False,10.73
17261,7658,274,2,528.78,0.1,False,951.804
17262,7658,110,1,52.92,0.2,False,42.336000000000006
17263,7659,194,1,222.76,0.0,False,222.76
17264,7659,41,1,376.48,0.0,False,376.48
17265,7660,48,1,231.62,0.05,False,220.039
17266,7660,144,1,299.76,0.1,False,269.784
17267,7660,148,1,304.48,0.0,False,304.48
17268,7660,46,2,397.56,0.05,False,755.3639999999999
17269,7661,149,1,382.77,0.1,False,344.493
17270,7661,61,1,512.76,0.0,False,512.76
17271,7662,53,-1,192.38,0.2,True,-153.904
17272,7662,151,1,625.19,0.0,False,625.19
17273,7662,111,2,227.31,0.05,False,431.889
17274,7663,292,1,425.68,0.05,False,404.396
17275,7663,56,1,186.07,0.0,False,186.07
17276,7664,93,1,98.57,0.05,False,93.6415
17277,7665,64,1,29.71,0.0,False,29.71
17278,7665,2,1,807.37,0.0,False,807.37
17279,7666,96,1,682.77,0.1,False,614.493
17280,7666,132,1,299.38,0.0,False,299.38
17281,7666,9,-1,66.57,0.0,True,-66.57
17282,7666,284,1,228.9,0.0,False,228.9
17283,7667,280,2,121.8,0.0,False,243.6
17284,7667,114,1,23.97,0.1,False,21.573
17285,7667,45,2,511.39,0.0,False,1022.78
17286,7668,113,1,55.28,0.0,False,55.28
17287,7668,62,2,244.7,0.0,False,489.4
17288,7668,178,1,563.12,0.15,False,478.652
17289,7669,284,1,228.9,0.0,False,228.9
17290,7669,52,2,12.48,0.15,False,21.216
17291,7670,47,1,513.39,0.1,False,462.051
17293,7670,226,1,211.98,0.0,False,211.98
17294,7671,69,1,274.11,0.1,False,246.699
17295,7672,19,1,727.02,0.0,False,727.02
17296,7672,234,1,486.72,0.1,False,438.04800000000006
17297,7672,181,2,37.18,0.0,False,74.36
17298,7673,78,2,213.82,0.0,False,427.64
17299,7673,140,3,500.02,0.0,False,1500.06
17300,7673,71,1,362.18,0.1,False,325.962
17301,7673,31,1,976.57,0.15,False,830.0845
17302,7674,249,1,682.27,0.1,False,614.043
17303,7674,277,2,437.32,0.05,False,830.9079999999999
17304,7675,26,1,259.69,0.1,False,233.721
17305,7675,231,1,410.59,0.0,False,410.59
17307,7675,101,1,488.42,0.15,False,415.157
17308,7675,185,1,582.19,0.0,False,582.19
17309,7676,275,1,82.62,0.0,False,82.62
17310,7677,149,1,382.77,0.0,False,382.77
17311,7677,242,2,166.1,0.1,False,298.98
17312,7678,266,2,110.99,0.0,False,221.98
17313,7679,246,1,574.84,0.05,False,546.098
17314,7679,211,1,943.9,0.1,False,849.51
17315,7679,298,1,238.39,0.1,False,214.551
17316,7679,247,1,708.26,0.0,False,708.26
17317,7679,184,1,278.4,0.0,False,278.4
17318,7680,41,1,376.48,0.1,False,338.83200000000005
17319,7681,224,1,23.12,0.2,False,18.496000000000002
17320,7681,124,1,640.23,0.0,False,640.23
17321,7681,21,1,614.24,0.0,False,614.24
17322,7681,112,1,10.73,0.2,False,8.584000000000001
17323,7681,172,1,104.56,0.1,False,94.104
17324,7682,140,1,500.02,0.1,False,450.018
17325,7682,282,1,280.61,0.0,False,280.61
17326,7683,33,1,217.73,0.0,False,217.73
17327,7684,30,1,477.17,0.0,False,477.17
17328,7685,166,2,278.38,0.05,False,528.9219999999999
17329,7685,68,1,133.13,0.0,False,133.13
17330,7686,261,1,429.63,0.0,False,429.63
17331,7687,257,1,8.4,0.0,False,8.4
17332,7687,151,1,625.19,0.0,False,625.19
17333,7687,272,1,5.69,0.0,False,5.69
17334,7688,104,1,957.31,0.0,False,957.31
17335,7688,34,-1,399.8,0.0,True,-399.8
17336,7689,126,2,240.49,0.2,False,384.78400000000005
17337,7689,97,1,628.48,0.1,False,565.6320000000001
17338,7690,268,2,23.79,0.0,False,47.58
17339,7690,158,3,282.03,0.0,False,846.0899999999999
17340,7690,259,1,533.22,0.0,False,533.22
17342,7691,25,2,282.92,0.15,False,480.964
17343,7691,263,2,222.36,0.0,False,444.72
17344,7691,59,1,287.12,0.0,False,287.12
17345,7691,238,2,192.17,0.0,False,384.34
17346,7692,52,2,12.48,0.0,False,24.96
17347,7693,297,1,89.43,0.15,False,76.0155
17348,7694,288,1,515.26,0.0,False,515.26
17349,7694,147,3,517.03,0.05,False,1473.5355
17350,7694,143,1,421.93,0.1,False,379.737
17351,7695,248,3,75.61,0.0,False,226.82999999999998
17352,7695,178,-1,563.12,0.0,True,-563.12
17353,7695,168,-1,649.6,0.0,True,-649.6
17354,7696,51,-1,863.34,0.0,True,-863.34
17355,7696,157,1,701.5,0.0,False,701.5
17356,7696,146,3,443.54,0.05,False,1264.089
17357,7696,296,1,361.73,0.0,False,361.73
17358,7696,297,1,89.43,0.1,False,80.48700000000001
17359,7697,71,1,362.18,0.2,False,289.744
17360,7698,103,1,456.96,0.0,False,456.96
17361,7699,81,1,779.01,0.05,False,740.0595
17362,7699,54,1,679.71,0.1,False,611.739
17363,7700,154,3,115.68,0.0,False,347.04
17364,7700,106,1,150.04,0.0,False,150.04
17365,7700,42,2,328.75,0.0,False,657.5
17366,7700,65,1,460.75,0.0,False,460.75
17367,7701,22,2,205.71,0.1,False,370.278
17368,7702,64,1,29.71,0.0,False,29.71
17369,7703,13,-1,152.16,0.0,True,-152.16
17370,7703,264,1,16.2,0.15,False,13.77
17371,7703,25,2,282.92,0.0,False,565.84
17372,7703,116,1,862.37,0.0,False,862.37
17373,7704,242,1,166.1,0.1,False,149.49
17374,7704,238,1,192.17,0.05,False,182.56149999999997
17375,7704,232,1,71.83,0.1,False,64.647
17376,7705,173,1,587.7,0.05,False,558.315
17377,7705,202,1,514.85,0.0,False,514.85
17378,7706,77,1,103.53,0.0,False,103.53
17379,7707,154,1,115.68,0.2,False,92.54400000000001
17380,7707,74,1,171.2,0.0,False,171.2
17381,7708,222,1,264.61,0.15,False,224.9185
17382,7708,292,1,425.68,0.2,False,340.54400000000004
17383,7709,202,1,514.85,0.0,False,514.85
17384,7709,129,1,492.47,0.0,False,492.47
17385,7709,264,1,16.2,0.0,False,16.2
17386,7710,194,1,222.76,0.1,False,200.484
17387,7711,237,1,335.88,0.05,False,319.08599999999996
17388,7711,100,1,283.25,0.0,False,283.25
17389,7711,175,1,600.57,0.05,False,570.5415
17390,7711,130,1,454.11,0.0,False,454.11
17391,7711,9,1,66.57,0.1,False,59.913
17392,7712,94,1,514.73,0.15,False,437.5205
17393,7713,160,1,150.1,0.2,False,120.08
17394,7713,155,3,607.36,0.0,False,1822.08
17395,7714,223,1,57.85,0.0,False,57.85
17396,7715,287,1,754.14,0.05,False,716.433
17397,7715,106,1,150.04,0.05,False,142.53799999999998
17398,7716,244,-1,263.25,0.0,True,-263.25
17399,7716,120,1,146.96,0.15,False,124.916
17400,7716,226,1,211.98,0.0,False,211.98
17401,7716,155,1,607.36,0.1,False,546.624
17402,7717,8,1,295.82,0.05,False,281.029
17403,7717,57,-1,510.39,0.0,True,-510.39
17404,7717,283,1,680.49,0.0,False,680.49
17405,7718,81,1,779.01,0.0,False,779.01
17406,7719,146,1,443.54,0.05,False,421.363
17407,7719,185,1,582.19,0.1,False,523.9710000000001
17408,7720,252,1,274.43,0.05,False,260.7085
17409,7720,286,3,47.93,0.0,False,143.79
17410,7721,207,1,518.71,0.1,False,466.83900000000006
17411,7721,43,1,97.72,0.0,False,97.72
17412,7721,229,1,690.53,0.05,False,656.0034999999999
17413,7721,264,1,16.2,0.15,False,13.77
17414,7722,62,2,244.7,0.15,False,415.98999999999995
17415,7722,170,1,723.66,0.0,False,723.66
17416,7722,227,1,192.19,0.0,False,192.19
17417,7722,207,1,518.71,0.0,False,518.71
17418,7722,155,1,607.36,0.05,False,576.992
17419,7723,262,1,214.85,0.05,False,204.1075
17420,7724,58,1,87.55,0.0,False,87.55
17421,7725,169,2,458.05,0.1,False,824.49
17422,7726,41,1,376.48,0.05,False,357.656
17423,7726,220,1,475.38,0.0,False,475.38
17424,7727,55,1,395.52,0.0,False,395.52
17425,7727,250,1,8284.0,0.0,False,8284.0
17426,7727,157,1,701.5,0.1,False,631.35
17427,7728,208,1,260.07,0.0,False,260.07
17428,7729,186,1,290.81,0.0,False,290.81
17429,7730,175,2,600.57,0.0,False,1201.14
17430,7730,114,1,23.97,0.0,False,23.97
17431,7731,34,1,399.8,0.0,False,399.8
17432,7731,13,1,152.16,0.1,False,136.944
17433,7731,22,1,205.71,0.0,False,205.71
17434,7731,68,3,133.13,0.05,False,379.42049999999995
17435,7731,108,1,378.75,0.15,False,321.9375
17436,7732,149,1,382.77,0.0,False,382.77
17437,7732,67,2,355.8,0.0,False,711.6
17438,7732,15,3,536.46,0.1,False,1448.4420000000002
17439,7732,278,1,402.71,0.0,False,402.71
17440,7732,275,2,82.62,0.0,False,165.24
17441,7733,56,3,186.07,0.0,False,558.21
17442,7733,21,1,614.24,0.0,False,614.24
17443,7734,13,1,152.16,0.0,False,152.16
17444,7734,259,1,533.22,0.0,False,533.22
17445,7735,260,1,619.66,0.2,False,495.728
17446,7736,163,1,598.68,0.05,False,568.746
17447,7737,92,2,148.78,0.05,False,282.682
17448,7737,233,1,82.49,0.0,False,82.49
17449,7737,245,3,11506.5,0.0,False,34519.5
17450,7738,241,2,306.12,0.1,False,551.0160000000001
17451,7738,60,2,148.68,0.05,False,282.492
17452,7739,69,-1,274.11,0.05,True,-260.4045
17453,7740,80,1,166.05,0.1,False,149.44500000000002
17454,7740,125,1,584.13,0.0,False,584.13
17455,7740,101,1,488.42,0.0,False,488.42
17456,7740,84,1,43.2,0.2,False,34.56
17457,7741,9,3,66.57,0.0,False,199.70999999999998
17458,7741,168,1,649.6,0.0,False,649.6
17459,7741,138,1,54.35,0.15,False,46.1975
17460,7741,44,1,6.81,0.2,False,5.448
17461,7742,125,1,584.13,0.0,False,584.13
17462,7742,255,1,249.2,0.05,False,236.73999999999998
17463,7742,102,1,396.98,0.0,False,396.98
17464,7743,252,1,274.43,0.05,False,260.7085
17465,7744,228,1,162.75,0.15,False,138.3375
17466,7744,153,2,530.38,0.2,False,848.6080000000001
17467,7744,161,3,68.77,0.0,False,206.31
17468,7744,14,2,90.93,0.0,False,181.86
17469,7744,166,1,278.38,0.0,False,278.38
17470,7745,249,2,682.27,0.1,False,1228.086
17471,7745,265,1,839.64,0.05,False,797.6579999999999
17472,7745,81,1,779.01,0.0,False,779.01
17473,7745,294,2,141.94,0.1,False,255.492
17474,7745,68,3,133.13,0.0,False,399.39
17475,7746,156,2,372.8,0.15,False,633.76
17476,7747,278,1,402.71,0.0,False,402.71
17477,7747,88,1,275.21,0.2,False,220.168
17478,7748,242,1,166.1,0.0,False,166.1
17479,7748,264,1,16.2,0.0,False,16.2
17480,7749,279,2,226.81,0.0,False,453.62
17481,7749,52,1,12.48,0.05,False,11.856
17482,7749,37,1,608.8,0.0,False,608.8
17483,7750,227,2,192.19,0.05,False,365.161
17484,7751,233,1,82.49,0.15,False,70.11649999999999
17485,7752,136,2,974.39,0.0,False,1948.78
17486,7752,162,1,126.53,0.0,False,126.53
17487,7752,90,2,219.22,0.15,False,372.674
17488,7753,91,2,369.86,0.0,False,739.72
17489,7754,111,1,227.31,0.05,False,215.9445
17490,7754,286,1,47.93,0.05,False,45.5335
17491,7754,197,1,538.79,0.2,False,431.032
17492,7755,116,1,862.37,0.0,False,862.37
17493,7755,124,3,640.23,0.0,False,1920.69
17494,7755,32,1,338.4,0.0,False,338.4
17495,7755,245,2,11506.5,0.0,False,23013.0
17496,7756,27,1,686.85,0.05,False,652.5074999999999
17497,7757,295,1,139.02,0.0,False,139.02
17498,7757,107,1,963.92,0.15,False,819.332
17499,7758,286,1,47.93,0.15,False,40.7405
17500,7759,295,1,139.02,0.0,False,139.02
17501,7760,243,1,746.93,0.0,False,746.93
17502,7760,217,-1,479.18,0.05,True,-455.221
17503,7761,131,1,797.13,0.0,False,797.13
17504,7762,4,1,17.97,0.2,False,14.376
17505,7762,145,1,61.15,0.0,False,61.15
17506,7762,33,1,217.73,0.0,False,217.73
17507,7762,72,1,286.08,0.0,False,286.08
17508,7762,201,-1,567.68,0.0,True,-567.68
17509,7763,62,1,244.7,0.0,False,244.7
17510,7763,215,2,501.1,0.0,False,1002.2
17511,7763,296,1,361.73,0.0,False,361.73
17512,7764,159,1,818.3,0.05,False,777.3849999999999
17513,7764,57,1,510.39,0.0,False,510.39
17514,7765,223,1,57.85,0.05,False,54.957499999999996
17515,7765,188,1,550.0,0.05,False,522.5
17516,7766,147,1,517.03,0.0,False,517.03
17517,7766,164,2,446.58,0.1,False,803.8439999999999
17518,7767,9,1,66.57,0.0,False,66.57
17519,7768,21,1,614.24,0.05,False,583.528
17520,7768,280,1,121.8,0.0,False,121.8
17521,7769,257,1,8.4,0.05,False,7.9799999999999995
17522,7769,292,1,425.68,0.05,False,404.396
17523,7770,50,1,240.1,0.05,False,228.09499999999997
17524,7770,207,3,518.71,0.0,False,1556.13
17525,7770,171,1,14.73,0.0,False,14.73
17526,7770,82,1,235.49,0.0,False,235.49
17527,7771,247,2,708.26,0.2,False,1133.2160000000001
17528,7771,207,1,518.71,0.0,False,518.71
17529,7772,41,1,376.48,0.1,False,338.83200000000005
17530,7772,247,1,708.26,0.05,False,672.847
17531,7772,231,1,410.59,0.15,False,349.00149999999996
17532,7773,105,1,375.87,0.0,False,375.87
17533,7773,20,2,548.49,0.0,False,1096.98
17534,7773,129,1,492.47,0.0,False,492.47
17535,7774,241,1,306.12,0.0,False,306.12
17536,7774,96,1,682.77,0.05,False,648.6315
17537,7774,174,1,864.84,0.1,False,778.356
17538,7774,242,1,166.1,0.0,False,166.1
17539,7775,170,1,723.66,0.0,False,723.66
17540,7775,155,1,607.36,0.0,False,607.36
17541,7775,137,1,316.92,0.1,False,285.228
17542,7775,242,1,166.1,0.05,False,157.795
17543,7776,274,3,528.78,0.0,False,1586.34
17544,7776,234,1,486.72,0.1,False,438.04800000000006
17545,7776,246,3,574.84,0.0,False,1724.52
17546,7776,89,1,247.06,0.05,False,234.707
17547,7777,186,1,290.81,0.0,False,290.81
17548,7777,33,1,217.73,0.0,False,217.73
17549,7778,112,2,10.73,0.0,False,21.46
17550,7778,130,1,454.11,0.0,False,454.11
17551,7779,182,2,500.91,0.0,False,1001.82
17552,7779,136,1,974.39,0.0,False,974.39
17553,7779,249,1,682.27,0.0,False,682.27
17554,7779,132,2,299.38,0.0,False,598.76
17555,7779,145,2,61.15,0.0,False,122.3
17556,7780,28,-1,749.19,0.1,True,-674.2710000000001
17557,7780,291,1,19.78,0.0,False,19.78
17558,7781,215,1,501.1,0.0,False,501.1
17559,7782,81,1,779.01,0.0,False,779.01
17560,7782,124,1,640.23,0.0,False,640.23
17561,7782,236,1,55.21,0.15,False,46.9285
17562,7783,276,2,341.21,0.0,False,682.42
17563,7784,146,1,443.54,0.0,False,443.54
17564,7784,86,1,443.6,0.2,False,354.88000000000005
17565,7785,272,1,5.69,0.0,False,5.69
17566,7785,14,1,90.93,0.2,False,72.74400000000001
17567,7785,74,1,171.2,0.05,False,162.64
17568,7786,194,1,222.76,0.15,False,189.34599999999998
17569,7787,108,2,378.75,0.0,False,757.5
17570,7787,262,1,214.85,0.05,False,204.1075
17571,7788,104,1,957.31,0.0,False,957.31
17572,7788,12,2,156.75,0.1,False,282.15000000000003
17573,7788,298,1,238.39,0.1,False,214.551
17574,7788,167,1,39.88,0.0,False,39.88
17575,7789,236,1,55.21,0.0,False,55.21
17576,7790,29,2,103.82,0.0,False,207.64
17577,7791,291,1,19.78,0.05,False,18.791
17578,7791,60,1,148.68,0.15,False,126.378
17579,7792,97,1,628.48,0.0,False,628.48
17580,7793,111,2,227.31,0.0,False,454.62
17581,7794,167,2,39.88,0.0,False,79.76
17582,7794,46,1,397.56,0.0,False,397.56
17583,7794,124,1,640.23,0.0,False,640.23
17584,7795,37,2,608.8,0.05,False,1156.7199999999998
17585,7796,92,1,148.78,0.1,False,133.90200000000002
17586,7797,280,2,121.8,0.1,False,219.24
17587,7798,16,1,245.66,0.05,False,233.37699999999998
17588,7799,72,1,286.08,0.0,False,286.08
17589,7800,5,1,503.34,0.1,False,453.006
17590,7801,176,1,199.39,0.0,False,199.39
17591,7801,190,1,707.42,0.05,False,672.049
17592,7801,82,-1,235.49,0.0,True,-235.49
17593,7802,51,1,863.34,0.0,False,863.34
17594,7802,73,1,346.78,0.05,False,329.441
17595,7802,96,1,682.77,0.05,False,648.6315
17596,7802,32,1,338.4,0.05,False,321.47999999999996
17597,7802,15,2,536.46,0.0,False,1072.92
17598,7803,45,1,511.39,0.0,False,511.39
17599,7803,155,3,607.36,0.0,False,1822.08
17600,7803,112,2,10.73,0.05,False,20.387
17601,7804,104,2,957.31,0.2,False,1531.696
17602,7805,237,1,335.88,0.15,False,285.498
17603,7806,39,1,412.64,0.0,False,412.64
17604,7806,118,1,611.17,0.0,False,611.17
17605,7806,114,1,23.97,0.0,False,23.97
17606,7807,201,1,567.68,0.0,False,567.68
17607,7807,52,1,12.48,0.0,False,12.48
17608,7807,129,1,492.47,0.0,False,492.47
17609,7808,109,1,59.23,0.0,False,59.23
17610,7808,234,1,486.72,0.0,False,486.72
17611,7808,111,2,227.31,0.15,False,386.427
17612,7809,184,1,278.4,0.15,False,236.64
17613,7809,92,1,148.78,0.0,False,148.78
17614,7809,133,1,479.79,0.0,False,479.79
17615,7809,244,3,263.25,0.0,False,789.75
17616,7810,85,3,530.7,0.05,False,1512.4950000000001
17617,7810,23,1,235.35,0.0,False,235.35
17618,7811,204,1,578.66,0.05,False,549.727
17619,7811,233,1,82.49,0.0,False,82.49
17620,7811,294,1,141.94,0.0,False,141.94
17621,7812,283,1,680.49,0.05,False,646.4655
17622,7812,106,1,150.04,0.05,False,142.53799999999998
17623,7813,114,1,23.97,0.0,False,23.97
17624,7813,220,1,475.38,0.0,False,475.38
17625,7814,178,1,563.12,0.0,False,563.12
17626,7814,100,1,283.25,0.05,False,269.0875
17627,7815,79,1,308.93,0.1,False,278.03700000000003
17628,7815,289,1,635.36,0.0,False,635.36
17629,7815,53,1,192.38,0.0,False,192.38
17630,7815,293,1,709.48,0.0,False,709.48
17631,7815,57,2,510.39,0.0,False,1020.78
17632,7816,180,1,843.45,0.0,False,843.45
17633,7817,107,1,963.92,0.0,False,963.92
17634,7817,174,2,864.84,0.0,False,1729.68
17635,7817,185,1,582.19,0.0,False,582.19
17636,7818,10,2,309.24,0.0,False,618.48
17637,7818,298,1,238.39,0.0,False,238.39
17638,7818,47,1,513.39,0.1,False,462.051
17639,7819,195,1,132.26,0.0,False,132.26
17640,7819,128,1,686.4,0.0,False,686.4
17641,7819,231,2,410.59,0.05,False,780.1209999999999
17642,7820,273,1,560.24,0.0,False,560.24
17643,7820,141,1,251.45,0.1,False,226.305
17644,7821,111,1,227.31,0.1,False,204.579
17645,7822,24,1,696.97,0.15,False,592.4245
17646,7823,130,1,454.11,0.0,False,454.11
17647,7823,158,1,282.03,0.1,False,253.82699999999997
17648,7823,290,1,908.96,0.2,False,727.1680000000001
17649,7823,12,1,156.75,0.0,False,156.75
17650,7823,272,3,5.69,0.0,False,17.07
17651,7824,34,1,399.8,0.0,False,399.8
17652,7824,284,1,228.9,0.0,False,228.9
17653,7824,103,1,456.96,0.0,False,456.96
17654,7824,207,1,518.71,0.0,False,518.71
17655,7825,106,1,150.04,0.05,False,142.53799999999998
17656,7826,120,3,146.96,0.05,False,418.83599999999996
17657,7826,219,-1,211.99,0.0,True,-211.99
17658,7827,120,1,146.96,0.05,False,139.612
17659,7827,166,2,278.38,0.0,False,556.76
17660,7828,168,3,649.6,0.0,False,1948.8000000000002
17661,7828,203,1,431.09,0.2,False,344.872
17662,7828,272,1,5.69,0.2,False,4.5520000000000005
17663,7828,152,1,910.86,0.05,False,865.317
17664,7828,102,2,396.98,0.0,False,793.96
17665,7829,255,1,249.2,0.0,False,249.2
17666,7829,276,2,341.21,0.0,False,682.42
17667,7829,20,1,548.49,0.1,False,493.641
17668,7829,200,1,533.81,0.05,False,507.1194999999999
17669,7830,6,1,531.19,0.05,False,504.63050000000004
17670,7830,153,2,530.38,0.0,False,1060.76
17671,7830,149,1,382.77,0.0,False,382.77
17672,7831,21,1,614.24,0.15,False,522.104
17673,7831,89,1,247.06,0.05,False,234.707
17674,7832,255,3,249.2,0.0,False,747.5999999999999
17675,7833,81,-1,779.01,0.0,True,-779.01
17676,7833,163,1,598.68,0.1,False,538.812
17677,7834,252,1,274.43,0.0,False,274.43
17678,7835,239,2,517.8,0.15,False,880.2599999999999
17679,7835,242,1,166.1,0.0,False,166.1
17680,7836,37,1,608.8,0.0,False,608.8
17681,7836,172,1,104.56,0.0,False,104.56
17682,7836,108,1,378.75,0.0,False,378.75
17683,7836,259,3,533.22,0.05,False,1519.677
17684,7837,157,2,701.5,0.0,False,1403.0
17685,7838,260,1,619.66,0.1,False,557.694
17686,7838,51,1,863.34,0.0,False,863.34
17687,7839,143,1,421.93,0.05,False,400.8335
17688,7840,16,1,245.66,0.05,False,233.37699999999998
17689,7841,82,1,235.49,0.2,False,188.39200000000002
17690,7842,60,1,148.68,0.0,False,148.68
17691,7843,168,1,649.6,0.0,False,649.6
17692,7843,20,1,548.49,0.05,False,521.0654999999999
17693,7844,56,2,186.07,0.05,False,353.53299999999996
17694,7844,287,2,754.14,0.15,False,1282.038
17695,7844,264,1,16.2,0.0,False,16.2
17696,7844,258,1,626.09,0.05,False,594.7855
17697,7845,106,1,150.04,0.2,False,120.032
17698,7845,188,1,550.0,0.1,False,495.0
17699,7846,67,1,355.8,0.0,False,355.8
17700,7846,232,1,71.83,0.0,False,71.83
17701,7846,16,1,245.66,0.2,False,196.52800000000002
17702,7846,56,1,186.07,0.0,False,186.07
17703,7847,128,1,686.4,0.1,False,617.76
17704,7847,234,1,486.72,0.0,False,486.72
17705,7848,111,1,227.31,0.0,False,227.31
17706,7848,243,2,746.93,0.0,False,1493.86
17707,7848,281,1,146.98,0.0,False,146.98
17708,7849,19,2,727.02,0.15,False,1235.934
17709,7849,128,1,686.4,0.15,False,583.4399999999999
17710,7850,8,1,295.82,0.05,False,281.029
17711,7850,27,1,686.85,0.0,False,686.85
17712,7851,183,1,942.96,0.2,False,754.368
17713,7852,239,3,517.8,0.0,False,1553.3999999999999
17714,7852,206,1,612.54,0.0,False,612.54
17715,7852,270,1,34872.0,0.0,False,34872.0
17716,7852,34,-1,399.8,0.15,True,-339.83
17717,7853,103,1,456.96,0.1,False,411.264
17718,7853,203,2,431.09,0.2,False,689.744
17719,7853,156,1,372.8,0.0,False,372.8
17720,7853,2,2,807.37,0.0,False,1614.74
17721,7853,18,1,35.67,0.15,False,30.3195
17722,7854,159,2,818.3,0.1,False,1472.94
17723,7854,35,1,425.48,0.0,False,425.48
17724,7854,129,1,492.47,0.0,False,492.47
17725,7855,122,1,607.34,0.0,False,607.34
17726,7855,157,1,701.5,0.0,False,701.5
17727,7856,190,1,707.42,0.0,False,707.42
17728,7856,56,1,186.07,0.1,False,167.463
17729,7856,220,1,475.38,0.0,False,475.38
17730,7856,239,2,517.8,0.05,False,983.8199999999998
17731,7857,292,1,425.68,0.0,False,425.68
17732,7857,297,2,89.43,0.0,False,178.86
17733,7857,228,1,162.75,0.0,False,162.75
17734,7857,163,2,598.68,0.0,False,1197.36
17735,7857,274,1,528.78,0.0,False,528.78
17736,7858,224,2,23.12,0.0,False,46.24
17737,7859,224,1,23.12,0.15,False,19.652
17738,7860,136,1,974.39,0.0,False,974.39
17739,7860,292,1,425.68,0.0,False,425.68
17740,7861,255,2,249.2,0.1,False,448.56
17741,7862,214,1,304.46,0.15,False,258.791
17742,7862,140,2,500.02,0.0,False,1000.04
17743,7862,9,1,66.57,0.15,False,56.58449999999999
17744,7862,267,1,253.7,0.0,False,253.7
17745,7863,85,3,530.7,0.15,False,1353.285
17746,7863,112,-1,10.73,0.0,True,-10.73
17747,7864,102,1,396.98,0.0,False,396.98
17748,7864,47,1,513.39,0.05,False,487.72049999999996
17749,7864,156,1,372.8,0.0,False,372.8
17750,7864,16,1,245.66,0.1,False,221.094
17751,7865,112,1,10.73,0.0,False,10.73
17752,7865,27,1,686.85,0.0,False,686.85
17753,7865,253,1,621.95,0.0,False,621.95
17754,7865,169,1,458.05,0.1,False,412.245
17755,7865,82,1,235.49,0.0,False,235.49
17756,7866,235,1,370.09,0.0,False,370.09
17757,7866,198,2,266.02,0.15,False,452.234
17758,7867,135,1,550.83,0.0,False,550.83
17759,7868,125,1,584.13,0.0,False,584.13
17760,7868,164,1,446.58,0.0,False,446.58
17761,7868,2,3,807.37,0.0,False,2422.11
17763,7869,70,1,402.01,0.0,False,402.01
17764,7869,93,2,98.57,0.0,False,197.14
17765,7870,190,2,707.42,0.15,False,1202.6139999999998
17766,7870,28,2,749.19,0.05,False,1423.461
17767,7871,259,3,533.22,0.0,False,1599.66
17768,7871,265,1,839.64,0.0,False,839.64
17769,7871,237,-1,335.88,0.05,True,-319.08599999999996
17770,7871,266,1,110.99,0.0,False,110.99
17771,7872,96,2,682.77,0.0,False,1365.54
17772,7872,120,1,146.96,0.0,False,146.96
17773,7873,51,1,863.34,0.0,False,863.34
17774,7874,173,1,587.7,0.0,False,587.7
17775,7874,271,2,756.22,0.0,False,1512.44
17776,7874,157,2,701.5,0.0,False,1403.0
17777,7874,118,1,611.17,0.05,False,580.6115
17778,7874,171,2,14.73,0.0,False,29.46
17779,7875,52,2,12.48,0.0,False,24.96
17780,7875,11,1,216.27,0.0,False,216.27
17781,7875,218,1,127.17,0.0,False,127.17
17782,7876,118,1,611.17,0.1,False,550.053
17783,7877,227,1,192.19,0.2,False,153.752
17784,7877,156,1,372.8,0.0,False,372.8
17785,7878,152,1,910.86,0.15,False,774.231
17786,7878,278,1,402.71,0.0,False,402.71
17787,7879,265,1,839.64,0.0,False,839.64
17788,7880,292,1,425.68,0.05,False,404.396
17789,7880,139,1,835.42,0.0,False,835.42
17790,7881,164,1,446.58,0.0,False,446.58
17791,7882,208,1,260.07,0.2,False,208.056
17792,7883,249,3,682.27,0.05,False,1944.4695
17793,7884,210,1,177.09,0.0,False,177.09
17794,7884,172,2,104.56,0.0,False,209.12
17795,7884,182,-1,500.91,0.0,True,-500.91
17796,7884,252,1,274.43,0.0,False,274.43
17797,7885,253,1,621.95,0.05,False,590.8525
17798,7885,191,1,457.7,0.0,False,457.7
17799,7886,23,1,235.35,0.0,False,235.35
17800,7886,147,1,517.03,0.05,False,491.17849999999993
17801,7886,279,3,226.81,0.15,False,578.3655
17802,7887,213,1,111.83,0.0,False,111.83
17803,7888,136,1,974.39,0.05,False,925.6705
17804,7888,65,2,460.75,0.0,False,921.5
17805,7888,3,1,978.72,0.0,False,978.72
17806,7889,88,1,275.21,0.05,False,261.44949999999994
17807,7889,116,1,862.37,0.0,False,862.37
17808,7889,279,2,226.81,0.05,False,430.93899999999996
17809,7890,32,2,338.4,0.1,False,609.12
17810,7890,277,1,437.32,0.1,False,393.588
17811,7891,219,1,211.99,0.0,False,211.99
17812,7891,168,1,649.6,0.0,False,649.6
17813,7892,225,1,939.11,0.0,False,939.11
17814,7892,171,1,14.73,0.05,False,13.9935
17815,7892,287,1,754.14,0.0,False,754.14
17816,7893,94,1,514.73,0.0,False,514.73
17817,7893,143,1,421.93,0.0,False,421.93
17818,7893,110,1,52.92,0.0,False,52.92
17819,7894,214,2,304.46,0.0,False,608.92
17820,7895,24,1,696.97,0.0,False,696.97
17821,7896,97,1,628.48,0.15,False,534.208
17822,7896,145,1,61.15,0.1,False,55.035
17823,7896,53,-1,192.38,0.05,True,-182.761
17824,7896,64,1,29.71,0.0,False,29.71
17825,7897,242,1,166.1,0.15,False,141.185
17826,7898,239,1,517.8,0.05,False,491.9099999999999
17827,7898,190,1,707.42,0.0,False,707.42
17828,7899,275,1,82.62,0.0,False,82.62
17829,7900,170,2,723.66,0.05,False,1374.954
17830,7900,63,3,430.39,0.0,False,1291.17
17831,7901,107,1,963.92,0.05,False,915.7239999999999
17832,7901,88,1,275.21,0.0,False,275.21
17833,7901,40,1,171.89,0.0,False,171.89
17834,7901,39,3,412.64,0.0,False,1237.92
17835,7902,202,1,514.85,0.0,False,514.85
17836,7902,83,3,243.1,0.0,False,729.3
17837,7902,181,3,37.18,0.05,False,105.963
17838,7903,38,1,364.99,0.0,False,364.99
17839,7904,138,1,54.35,0.05,False,51.6325
17840,7904,175,-1,600.57,0.0,True,-600.57
17841,7904,6,3,531.19,0.0,False,1593.5700000000002
17842,7905,257,1,8.4,0.0,False,8.4
17843,7905,185,1,582.19,0.0,False,582.19
17844,7905,271,1,756.22,0.1,False,680.5980000000001
17845,7905,291,1,19.78,0.0,False,19.78
17846,7905,153,3,530.38,0.0,False,1591.1399999999999
17847,7906,246,1,574.84,0.0,False,574.84
17848,7907,143,2,421.93,0.0,False,843.86
17849,7907,1,1,433.54,0.0,False,433.54
17850,7907,150,1,182.12,0.0,False,182.12
17851,7908,28,1,749.19,0.0,False,749.19
17852,7909,255,1,249.2,0.0,False,249.2
17853,7910,251,1,439.11,0.0,False,439.11
17854,7910,50,1,240.1,0.0,False,240.1
17855,7910,72,1,286.08,0.15,False,243.16799999999998
17856,7911,63,1,430.39,0.0,False,430.39
17857,7911,225,1,939.11,0.0,False,939.11
17858,7912,228,1,162.75,0.0,False,162.75
17859,7912,185,1,582.19,0.0,False,582.19
17860,7912,197,2,538.79,0.2,False,862.064
17861,7912,56,2,186.07,0.0,False,372.14
17862,7912,132,1,299.38,0.0,False,299.38
17863,7913,181,2,37.18,0.0,False,74.36
17864,7913,128,2,686.4,0.1,False,1235.52
17865,7914,233,1,82.49,0.0,False,82.49
17866,7915,249,1,682.27,0.0,False,682.27
17867,7916,63,1,430.39,0.05,False,408.8705
17868,7917,267,2,253.7,0.0,False,507.4
17869,7917,178,1,563.12,0.0,False,563.12
17870,7918,161,1,68.77,0.0,False,68.77
17871,7919,219,2,211.99,0.05,False,402.781
17872,7920,32,1,338.4,0.05,False,321.47999999999996
17873,7920,146,1,443.54,0.0,False,443.54
17874,7920,261,1,429.63,0.0,False,429.63
17875,7921,4,1,17.97,0.0,False,17.97
17876,7921,268,1,23.79,0.0,False,23.79
17877,7922,170,1,723.66,0.05,False,687.477
17878,7922,3,1,978.72,0.0,False,978.72
17879,7922,112,1,10.73,0.05,False,10.1935
17880,7923,71,1,362.18,0.0,False,362.18
17881,7924,212,2,445.65,0.0,False,891.3
17882,7924,31,1,976.57,0.0,False,976.57
17883,7925,70,1,402.01,0.0,False,402.01
17884,7925,231,-1,410.59,0.1,True,-369.531
17885,7925,188,1,550.0,0.0,False,550.0
17886,7925,181,1,37.18,0.0,False,37.18
17887,7925,114,2,23.97,0.0,False,47.94
17888,7926,276,1,341.21,0.0,False,341.21
17889,7927,204,-1,578.66,0.0,True,-578.66
17890,7927,114,1,23.97,0.05,False,22.7715
17891,7928,237,2,335.88,0.0,False,671.76
17892,7928,5,3,503.34,0.0,False,1510.02
17893,7928,176,1,199.39,0.0,False,199.39
17894,7928,15,1,536.46,0.0,False,536.46
17895,7928,90,1,219.22,0.0,False,219.22
17896,7929,188,1,550.0,0.0,False,550.0
17897,7930,216,1,492.92,0.1,False,443.62800000000004
17898,7930,132,1,299.38,0.0,False,299.38
17899,7930,5,1,503.34,0.2,False,402.672
17900,7930,26,2,259.69,0.0,False,519.38
17901,7931,298,1,238.39,0.0,False,238.39
17902,7931,32,1,338.4,0.0,False,338.4
17903,7931,27,2,686.85,0.0,False,1373.7
17904,7932,279,3,226.81,0.0,False,680.4300000000001
17905,7932,120,1,146.96,0.0,False,146.96
17906,7933,111,1,227.31,0.15,False,193.2135
17907,7934,31,1,976.57,0.0,False,976.57
17908,7934,164,1,446.58,0.05,False,424.251
17909,7935,233,1,82.49,0.0,False,82.49
17910,7935,221,2,704.75,0.1,False,1268.55
17911,7935,269,1,603.81,0.0,False,603.81
17912,7936,173,3,587.7,0.1,False,1586.7900000000002
17913,7936,197,1,538.79,0.0,False,538.79
17914,7936,2,3,807.37,0.2,False,1937.688
17915,7937,199,3,51.0,0.1,False,137.70000000000002
17916,7937,13,1,152.16,0.05,False,144.552
17917,7937,298,1,238.39,0.0,False,238.39
17918,7937,105,1,375.87,0.0,False,375.87
17919,7938,232,2,71.83,0.0,False,143.66
17920,7938,106,1,150.04,0.0,False,150.04
17921,7938,248,1,75.61,0.2,False,60.488
17922,7939,41,2,376.48,0.05,False,715.312
17923,7939,251,3,439.11,0.0,False,1317.33
17924,7939,8,1,295.82,0.05,False,281.029
17925,7940,83,1,243.1,0.0,False,243.1
17926,7940,8,1,295.82,0.0,False,295.82
17927,7941,300,1,133.29,0.05,False,126.62549999999999
17928,7941,73,1,346.78,0.0,False,346.78
17929,7942,201,1,567.68,0.05,False,539.2959999999999
17930,7943,136,1,974.39,0.0,False,974.39
17931,7943,260,1,619.66,0.0,False,619.66
17932,7944,144,2,299.76,0.1,False,539.568
17933,7945,60,1,148.68,0.0,False,148.68
17934,7946,9,1,66.57,0.2,False,53.256
17935,7946,199,2,51.0,0.0,False,102.0
17936,7947,255,1,249.2,0.0,False,249.2
17937,7947,205,1,367.74,0.0,False,367.74
17938,7948,222,1,264.61,0.1,False,238.14900000000003
17939,7949,195,3,132.26,0.0,False,396.78
17940,7949,126,2,240.49,0.0,False,480.98
17941,7949,143,2,421.93,0.15,False,717.281
17942,7950,189,1,24.7,0.0,False,24.7
17943,7950,74,2,171.2,0.0,False,342.4
17944,7950,39,1,412.64,0.15,False,350.74399999999997
17945,7951,197,2,538.79,0.1,False,969.822
17946,7951,16,1,245.66,0.0,False,245.66
17947,7951,257,1,8.4,0.1,False,7.5600000000000005
17948,7952,172,1,104.56,0.05,False,99.332
17949,7952,28,3,749.19,0.05,False,2135.1915
17950,7953,107,1,963.92,0.0,False,963.92
17951,7954,196,1,518.75,0.15,False,440.9375
17952,7954,78,1,213.82,0.0,False,213.82
17953,7955,45,2,511.39,0.0,False,1022.78
17954,7956,247,1,708.26,0.05,False,672.847
17955,7957,195,1,132.26,0.05,False,125.64699999999999
17956,7957,60,1,148.68,0.0,False,148.68
17957,7957,76,1,938.11,0.0,False,938.11
17958,7957,117,1,567.69,0.1,False,510.92100000000005
17959,7957,1,1,433.54,0.0,False,433.54
17960,7958,300,1,133.29,0.0,False,133.29
17961,7958,31,1,976.57,0.0,False,976.57
17962,7959,159,3,818.3,0.0,False,2454.8999999999996
17963,7959,107,1,963.92,0.0,False,963.92
17964,7959,264,2,16.2,0.0,False,32.4
17965,7960,113,1,55.28,0.0,False,55.28
17966,7960,292,1,425.68,0.1,False,383.112
17967,7960,69,3,274.11,0.05,False,781.2135
17968,7960,280,1,121.8,0.0,False,121.8
17969,7960,247,1,708.26,0.0,False,708.26
17970,7961,157,1,701.5,0.0,False,701.5
17971,7961,125,1,584.13,0.0,False,584.13
17972,7962,62,2,244.7,0.0,False,489.4
17973,7962,198,1,266.02,0.1,False,239.41799999999998
17974,7963,133,1,479.79,0.1,False,431.81100000000004
17975,7964,40,3,171.89,0.1,False,464.10299999999995
17976,7965,272,-1,5.69,0.05,True,-5.4055
17977,7965,45,1,511.39,0.0,False,511.39
17978,7966,108,1,378.75,0.15,False,321.9375
17979,7967,141,1,251.45,0.0,False,251.45
17981,7968,61,1,512.76,0.1,False,461.484
17982,7969,182,1,500.91,0.0,False,500.91
17983,7969,177,2,156.12,0.0,False,312.24
17984,7970,264,1,16.2,0.0,False,16.2
17985,7970,176,1,199.39,0.0,False,199.39
17986,7971,189,2,24.7,0.0,False,49.4
17987,7971,109,1,59.23,0.0,False,59.23
17988,7972,229,1,690.53,0.0,False,690.53
17989,7973,65,1,460.75,0.2,False,368.6
17990,7974,91,-1,369.86,0.1,True,-332.874
17991,7974,164,1,446.58,0.0,False,446.58
17992,7974,3,2,978.72,0.05,False,1859.568
17993,7974,32,1,338.4,0.15,False,287.64
17994,7974,200,1,533.81,0.0,False,533.81
17995,7975,136,1,974.39,0.1,False,876.951
17996,7975,149,1,382.77,0.0,False,382.77
17997,7976,212,1,445.65,0.15,False,378.80249999999995
17998,7977,289,2,635.36,0.05,False,1207.184
17999,7977,92,1,148.78,0.05,False,141.341
18000,7978,130,2,454.11,0.0,False,908.22
18001,7978,269,1,603.81,0.0,False,603.81
18002,7979,253,1,621.95,0.0,False,621.95
18003,7979,71,1,362.18,0.2,False,289.744
18004,7979,94,1,514.73,0.0,False,514.73
18005,7979,187,1,127.57,0.0,False,127.57
18006,7980,186,2,290.81,0.2,False,465.29600000000005
18007,7980,69,2,274.11,0.15,False,465.987
18009,7981,175,1,600.57,0.1,False,540.513
18010,7981,272,1,5.69,0.0,False,5.69
18011,7981,53,1,192.38,0.0,False,192.38
18012,7981,80,1,166.05,0.0,False,166.05
18013,7982,93,1,98.57,0.0,False,98.57
18014,7982,220,1,475.38,0.0,False,475.38
18015,7982,138,1,54.35,0.0,False,54.35
18016,7982,278,1,402.71,0.0,False,402.71
18017,7983,66,1,447.18,0.0,False,447.18
18018,7983,199,2,51.0,0.0,False,102.0
18019,7983,29,1,103.82,0.0,False,103.82
18020,7984,252,1,274.43,0.2,False,219.544
18021,7984,243,1,746.93,0.15,False,634.8905
18022,7984,72,1,286.08,0.0,False,286.08
18023,7984,238,1,192.17,0.0,False,192.17
18024,7984,166,1,278.38,0.1,False,250.542
18025,7985,98,1,71.96,0.0,False,71.96
18026,7985,138,3,54.35,0.05,False,154.8975
18027,7986,63,-1,430.39,0.0,True,-430.39
18029,7986,117,1,567.69,0.0,False,567.69
18030,7987,45,1,511.39,0.1,False,460.251
18031,7988,46,1,397.56,0.0,False,397.56
18032,7988,160,1,150.1,0.1,False,135.09
18033,7989,34,1,399.8,0.0,False,399.8
18034,7989,233,1,82.49,0.05,False,78.3655
18035,7989,41,3,376.48,0.0,False,1129.44
18036,7990,241,2,306.12,0.0,False,612.24
18037,7990,80,1,166.05,0.15,False,141.1425
18038,7991,214,1,304.46,0.05,False,289.23699999999997
18039,7991,92,2,148.78,0.0,False,297.56
18040,7992,237,2,335.88,0.05,False,638.1719999999999
18041,7992,250,1,8284.0,0.0,False,8284.0
18042,7993,186,1,290.81,0.0,False,290.81
18043,7993,197,1,538.79,0.05,False,511.85049999999995
18044,7994,129,2,492.47,0.0,False,984.94
18045,7994,150,2,182.12,0.0,False,364.24
18046,7994,91,3,369.86,0.2,False,887.664
18047,7995,183,2,942.96,0.2,False,1508.736
18048,7995,62,1,244.7,0.0,False,244.7
18049,7996,115,1,251.88,0.15,False,214.09799999999998
18050,7997,36,1,749.87,0.1,False,674.883
18051,7997,77,1,103.53,0.1,False,93.177
18052,7997,260,1,619.66,0.0,False,619.66
18054,7997,196,1,518.75,0.05,False,492.8125
18055,7998,124,1,640.23,0.0,False,640.23
18056,7998,31,1,976.57,0.0,False,976.57
18057,7999,183,1,942.96,0.0,False,942.96
18058,8000,271,1,756.22,0.05,False,718.409
18059,8001,264,1,16.2,0.05,False,15.389999999999999
18060,8002,100,2,283.25,0.15,False,481.525
18061,8002,1,2,433.54,0.0,False,867.08
18062,8003,126,1,240.49,0.0,False,240.49
18063,8004,145,1,61.15,0.2,False,48.92
18064,8004,289,1,635.36,0.0,False,635.36
18065,8005,95,1,711.68,0.0,False,711.68
18066,8006,161,1,68.77,0.0,False,68.77
18067,8007,39,1,412.64,0.05,False,392.008
18068,8007,300,1,133.29,0.0,False,133.29
18069,8007,11,1,216.27,0.0,False,216.27
18070,8008,99,1,496.87,0.05,False,472.0265
18071,8008,230,1,829.69,0.2,False,663.7520000000001
18072,8009,215,1,501.1,0.0,False,501.1
18073,8009,131,1,797.13,0.05,False,757.2735
18074,8009,179,1,478.65,0.15,False,406.85249999999996
18075,8010,271,1,756.22,0.2,False,604.976
18076,8010,236,3,55.21,0.0,False,165.63
18077,8010,76,3,938.11,0.0,False,2814.33
18078,8011,285,1,667.54,0.1,False,600.786
18079,8011,16,1,245.66,0.05,False,233.37699999999998
18080,8011,165,2,605.76,0.0,False,1211.52
18081,8012,165,1,605.76,0.05,False,575.472
18082,8012,21,1,614.24,0.0,False,614.24
18083,8012,260,2,619.66,0.0,False,1239.32
18084,8012,211,1,943.9,0.2,False,755.12
18085,8013,253,3,621.95,0.0,False,1865.8500000000001
18086,8013,8,1,295.82,0.0,False,295.82
18087,8014,268,-1,23.79,0.05,True,-22.600499999999997
18088,8014,249,1,682.27,0.0,False,682.27
18089,8015,193,1,351.11,0.1,False,315.999
18090,8015,59,1,287.12,0.05,False,272.764
18091,8016,155,1,607.36,0.2,False,485.88800000000003
18092,8016,89,1,247.06,0.05,False,234.707
18093,8017,249,3,682.27,0.2,False,1637.448
18094,8017,249,1,682.27,0.0,False,682.27
18095,8017,232,1,71.83,0.0,False,71.83
18096,8018,57,1,510.39,0.0,False,510.39
18097,8018,2,3,807.37,0.1,False,2179.8990000000003
18098,8018,24,1,696.97,0.2,False,557.576
18099,8019,231,1,410.59,0.0,False,410.59
18100,8019,253,1,621.95,0.1,False,559.7550000000001
18101,8020,127,1,111.4,0.0,False,111.4
18102,8020,24,2,696.97,0.0,False,1393.94
18103,8021,226,-1,211.98,0.0,True,-211.98
18104,8022,16,1,245.66,0.0,False,245.66
18105,8023,49,1,850.7,0.05,False,808.165
18106,8023,14,2,90.93,0.05,False,172.767
18107,8024,72,1,286.08,0.0,False,286.08
18108,8024,62,2,244.7,0.0,False,489.4
18109,8024,137,1,316.92,0.05,False,301.074
18110,8024,52,1,12.48,0.0,False,12.48
18111,8024,285,1,667.54,0.2,False,534.032
18112,8025,174,1,864.84,0.0,False,864.84
18113,8026,25,1,282.92,0.0,False,282.92
18114,8027,98,1,71.96,0.0,False,71.96
18115,8027,144,2,299.76,0.05,False,569.544
18116,8028,163,2,598.68,0.0,False,1197.36
18117,8029,280,1,121.8,0.0,False,121.8
18118,8029,227,1,192.19,0.1,False,172.971
18119,8030,177,1,156.12,0.05,False,148.314
18120,8030,263,2,222.36,0.2,False,355.77600000000007
18121,8031,139,1,835.42,0.0,False,835.42
18122,8031,247,1,708.26,0.1,False,637.434
18123,8031,132,1,299.38,0.0,False,299.38
18124,8032,225,1,939.11,0.0,False,939.11
18125,8032,270,1,34872.0,0.2,False,27897.600000000002
18126,8032,60,2,148.68,0.0,False,297.36
18127,8032,225,2,939.11,0.0,False,1878.22
18128,8032,220,1,475.38,0.0,False,475.38
18129,8033,169,1,458.05,0.0,False,458.05
18130,8033,148,1,304.48,0.1,False,274.03200000000004
18131,8034,73,2,346.78,0.1,False,624.204
18132,8034,139,1,835.42,0.1,False,751.8779999999999
18133,8034,92,1,148.78,0.05,False,141.341
18134,8034,272,1,5.69,0.0,False,5.69
18135,8035,175,1,600.57,0.0,False,600.57
18136,8036,36,1,749.87,0.0,False,749.87
18137,8036,142,1,717.32,0.0,False,717.32
18138,8037,35,1,425.48,0.15,False,361.658
18139,8037,263,3,222.36,0.15,False,567.018
18140,8037,10,1,309.24,0.2,False,247.39200000000002
18141,8037,62,1,244.7,0.15,False,207.99499999999998
18142,8038,14,1,90.93,0.0,False,90.93
18143,8038,12,1,156.75,0.0,False,156.75
18144,8038,188,1,550.0,0.0,False,550.0
18145,8039,27,3,686.85,0.1,False,1854.4950000000001
18146,8040,286,1,47.93,0.0,False,47.93
18147,8041,181,1,37.18,0.1,False,33.462
18148,8042,149,1,382.77,0.0,False,382.77
18149,8042,238,1,192.17,0.05,False,182.56149999999997
18150,8042,214,1,304.46,0.0,False,304.46
18151,8042,163,1,598.68,0.0,False,598.68
18152,8043,164,1,446.58,0.0,False,446.58
18153,8043,24,2,696.97,0.05,False,1324.243
18154,8043,214,1,304.46,0.1,False,274.014
18155,8043,196,1,518.75,0.1,False,466.875
18156,8043,259,1,533.22,0.0,False,533.22
18157,8044,122,1,607.34,0.0,False,607.34
18158,8044,226,2,211.98,0.0,False,423.96
18159,8044,147,1,517.03,0.15,False,439.47549999999995
18160,8044,195,1,132.26,0.1,False,119.03399999999999
18161,8045,273,1,560.24,0.2,False,448.192
18162,8045,192,1,697.79,0.05,False,662.9005
18163,8045,140,1,500.02,0.0,False,500.02
18164,8046,231,2,410.59,0.0,False,821.18
18165,8046,251,1,439.11,0.1,False,395.199
18166,8047,186,1,290.81,0.05,False,276.2695
18167,8048,130,3,454.11,0.1,False,1226.097
18168,8048,108,1,378.75,0.0,False,378.75
18169,8049,212,1,445.65,0.0,False,445.65
18170,8049,142,1,717.32,0.1,False,645.5880000000001
18171,8049,16,3,245.66,0.0,False,736.98
18172,8049,177,2,156.12,0.0,False,312.24
18173,8050,126,1,240.49,0.0,False,240.49
18174,8050,96,3,682.77,0.0,False,2048.31
18176,8050,238,1,192.17,0.0,False,192.17
18177,8050,200,2,533.81,0.1,False,960.858
18178,8051,173,1,587.7,0.0,False,587.7
18179,8051,82,1,235.49,0.1,False,211.941
18180,8051,110,1,52.92,0.0,False,52.92
18181,8052,131,2,797.13,0.15,False,1355.1209999999999
18182,8052,179,1,478.65,0.0,False,478.65
18183,8053,107,1,963.92,0.1,False,867.528
18184,8053,167,3,39.88,0.05,False,113.65800000000002
18185,8054,122,1,607.34,0.05,False,576.973
18186,8054,25,1,282.92,0.0,False,282.92
18187,8055,11,1,216.27,0.05,False,205.4565
18188,8056,125,1,584.13,0.0,False,584.13
18189,8057,46,2,397.56,0.1,False,715.6080000000001
18190,8058,58,1,87.55,0.0,False,87.55
18191,8058,100,1,283.25,0.05,False,269.0875
18192,8059,198,1,266.02,0.1,False,239.41799999999998
18193,8060,294,1,141.94,0.0,False,141.94
18194,8060,228,2,162.75,0.0,False,325.5
18195,8061,131,1,797.13,0.0,False,797.13
18196,8062,66,1,447.18,0.0,False,447.18
18197,8062,187,1,127.57,0.05,False,121.19149999999999
18198,8062,49,1,850.7,0.0,False,850.7
18199,8062,33,1,217.73,0.1,False,195.957
18200,8062,243,1,746.93,0.15,False,634.8905
18201,8063,9,1,66.57,0.05,False,63.24149999999999
18202,8063,217,1,479.18,0.0,False,479.18
18203,8063,183,2,942.96,0.0,False,1885.92
18204,8064,148,1,304.48,0.0,False,304.48
18205,8065,275,1,82.62,0.0,False,82.62
18206,8066,27,1,686.85,0.1,False,618.1650000000001
18207,8067,154,1,115.68,0.0,False,115.68
18208,8068,37,1,608.8,0.2,False,487.03999999999996
18209,8068,184,3,278.4,0.0,False,835.1999999999999
18210,8068,156,1,372.8,0.0,False,372.8
18211,8069,55,2,395.52,0.0,False,791.04
18212,8070,105,1,375.87,0.0,False,375.87
18213,8071,172,1,104.56,0.0,False,104.56
18214,8071,180,1,843.45,0.0,False,843.45
18215,8072,258,1,626.09,0.0,False,626.09
18216,8073,218,3,127.17,0.0,False,381.51
18217,8073,285,1,667.54,0.0,False,667.54
18218,8073,179,1,478.65,0.1,False,430.78499999999997
18219,8073,156,2,372.8,0.1,False,671.0400000000001
18220,8074,47,1,513.39,0.05,False,487.72049999999996
18221,8075,11,1,216.27,0.05,False,205.4565
18222,8076,206,1,612.54,0.0,False,612.54
18223,8077,239,1,517.8,0.0,False,517.8
18224,8078,230,1,829.69,0.05,False,788.2055
18225,8078,157,1,701.5,0.05,False,666.425
18226,8078,297,1,89.43,0.1,False,80.48700000000001
18227,8078,131,1,797.13,0.0,False,797.13
18228,8079,239,1,517.8,0.0,False,517.8
18229,8079,94,1,514.73,0.0,False,514.73
18230,8080,210,1,177.09,0.05,False,168.2355
18231,8081,240,1,555.47,0.05,False,527.6965
18232,8081,116,1,862.37,0.0,False,862.37
18233,8081,215,1,501.1,0.0,False,501.1
18234,8082,87,2,564.0,0.0,False,1128.0
18235,8082,146,1,443.54,0.0,False,443.54
18236,8082,86,3,443.6,0.0,False,1330.8000000000002
18237,8083,194,1,222.76,0.1,False,200.484
18238,8083,137,1,316.92,0.0,False,316.92
18239,8084,235,1,370.09,0.0,False,370.09
18240,8084,38,1,364.99,0.0,False,364.99
18241,8084,10,1,309.24,0.0,False,309.24
18242,8085,47,2,513.39,0.0,False,1026.78
18243,8085,113,2,55.28,0.0,False,110.56
18244,8085,23,1,235.35,0.0,False,235.35
18245,8086,203,2,431.09,0.15,False,732.853
18246,8086,131,1,797.13,0.1,False,717.417
18247,8086,236,1,55.21,0.05,False,52.4495
18248,8086,186,3,290.81,0.0,False,872.4300000000001
18249,8087,86,1,443.6,0.0,False,443.6
18250,8087,27,2,686.85,0.0,False,1373.7
18251,8087,168,2,649.6,0.1,False,1169.28
18252,8088,240,1,555.47,0.1,False,499.92300000000006
18253,8088,76,1,938.11,0.0,False,938.11
18254,8088,192,1,697.79,0.0,False,697.79
18255,8089,45,1,511.39,0.0,False,511.39
18256,8090,163,1,598.68,0.0,False,598.68
18257,8090,103,2,456.96,0.0,False,913.92
18258,8090,98,2,71.96,0.0,False,143.92
18259,8091,298,1,238.39,0.0,False,238.39
18260,8092,17,-1,953.82,0.05,True,-906.129
18261,8093,140,1,500.02,0.1,False,450.018
18262,8094,94,1,514.73,0.0,False,514.73
18263,8094,175,1,600.57,0.0,False,600.57
18264,8095,131,3,797.13,0.0,False,2391.39
18265,8096,19,3,727.02,0.0,False,2181.06
18266,8096,3,1,978.72,0.0,False,978.72
18267,8096,276,1,341.21,0.2,False,272.968
18268,8097,31,1,976.57,0.0,False,976.57
18269,8098,122,-1,607.34,0.05,True,-576.973
18270,8099,260,1,619.66,0.0,False,619.66
18271,8100,156,2,372.8,0.0,False,745.6
18272,8101,128,1,686.4,0.0,False,686.4
18273,8101,210,3,177.09,0.05,False,504.70649999999995
18274,8102,67,1,355.8,0.05,False,338.01
18275,8102,254,1,286.86,0.0,False,286.86
18276,8102,125,1,584.13,0.0,False,584.13
18277,8103,90,1,219.22,0.0,False,219.22
18278,8104,213,1,111.83,0.05,False,106.23849999999999
18279,8104,92,1,148.78,0.1,False,133.90200000000002
18280,8105,282,1,280.61,0.05,False,266.5795
18281,8105,173,1,587.7,0.0,False,587.7
18282,8105,50,1,240.1,0.0,False,240.1
18283,8105,240,1,555.47,0.0,False,555.47
18284,8105,68,1,133.13,0.05,False,126.47349999999999
18285,8106,295,1,139.02,0.0,False,139.02
18286,8106,37,1,608.8,0.0,False,608.8
18287,8106,231,1,410.59,0.0,False,410.59
18288,8106,64,1,29.71,0.0,False,29.71
18289,8107,51,2,863.34,0.0,False,1726.68
18290,8107,264,1,16.2,0.1,False,14.58
18291,8107,135,1,550.83,0.0,False,550.83
18292,8107,20,1,548.49,0.0,False,548.49
18293,8107,286,2,47.93,0.05,False,91.067
18294,8108,217,1,479.18,0.0,False,479.18
18295,8108,107,-1,963.92,0.0,True,-963.92
18296,8109,240,1,555.47,0.0,False,555.47
18297,8109,164,1,446.58,0.15,False,379.59299999999996
18298,8110,287,2,754.14,0.0,False,1508.28
18299,8110,133,1,479.79,0.05,False,455.8005
18300,8110,35,1,425.48,0.0,False,425.48
18301,8111,3,1,978.72,0.1,False,880.8480000000001
18302,8112,184,1,278.4,0.15,False,236.64
18303,8112,213,1,111.83,0.0,False,111.83
18304,8113,16,1,245.66,0.0,False,245.66
18305,8114,132,1,299.38,0.0,False,299.38
18306,8114,224,1,23.12,0.05,False,21.964
18307,8114,300,1,133.29,0.0,False,133.29
18308,8115,255,2,249.2,0.1,False,448.56
18310,8115,211,1,943.9,0.05,False,896.7049999999999
18311,8116,142,1,717.32,0.05,False,681.4540000000001
18312,8116,171,2,14.73,0.0,False,29.46
18313,8117,170,1,723.66,0.0,False,723.66
18314,8117,163,1,598.68,0.0,False,598.68
18315,8117,252,3,274.43,0.1,False,740.961
18316,8118,292,1,425.68,0.1,False,383.112
18317,8118,14,1,90.93,0.0,False,90.93
18318,8119,137,1,316.92,0.0,False,316.92
18319,8119,141,1,251.45,0.1,False,226.305
18320,8119,208,1,260.07,0.1,False,234.063
18321,8120,142,1,717.32,0.1,False,645.5880000000001
18322,8120,138,1,54.35,0.0,False,54.35
18323,8120,257,1,8.4,0.0,False,8.4
18324,8120,122,1,607.34,0.0,False,607.34
18325,8121,200,1,533.81,0.0,False,533.81
18326,8121,96,1,682.77,0.05,False,648.6315
18327,8121,241,2,306.12,0.2,False,489.79200000000003
18328,8122,121,1,183.38,0.1,False,165.042
18329,8122,144,2,299.76,0.05,False,569.544
18330,8122,145,1,61.15,0.05,False,58.092499999999994
18331,8122,158,1,282.03,0.1,False,253.82699999999997
18332,8123,213,1,111.83,0.0,False,111.83
18333,8123,90,2,219.22,0.0,False,438.44
18334,8124,167,3,39.88,0.15,False,101.69400000000002
18335,8124,26,2,259.69,0.0,False,519.38
18336,8125,289,3,635.36,0.05,False,1810.7759999999998
18337,8125,237,1,335.88,0.15,False,285.498
18338,8125,52,1,12.48,0.0,False,12.48
18339,8126,44,1,6.81,0.0,False,6.81
18340,8126,39,1,412.64,0.05,False,392.008
18341,8126,230,1,829.69,0.0,False,829.69
18342,8127,210,1,177.09,0.0,False,177.09
18343,8127,197,1,538.79,0.0,False,538.79
18344,8127,244,1,263.25,0.0,False,263.25
18345,8128,108,1,378.75,0.0,False,378.75
18346,8129,123,1,840.94,0.2,False,672.7520000000001
18347,8130,50,1,240.1,0.2,False,192.08
18348,8130,165,1,605.76,0.0,False,605.76
18349,8130,116,1,862.37,0.0,False,862.37
18350,8131,277,1,437.32,0.05,False,415.45399999999995
18351,8132,160,1,150.1,0.0,False,150.1
18352,8132,256,1,537.93,0.1,False,484.13699999999994
18353,8132,1,1,433.54,0.0,False,433.54
18354,8132,53,1,192.38,0.05,False,182.761
18355,8133,152,2,910.86,0.0,False,1821.72
18356,8134,269,2,603.81,0.0,False,1207.62
18357,8134,287,1,754.14,0.1,False,678.726
18358,8134,57,1,510.39,0.1,False,459.351
18359,8134,104,1,957.31,0.05,False,909.4445
18360,8135,249,1,682.27,0.0,False,682.27
18361,8136,72,1,286.08,0.1,False,257.472
18362,8136,114,2,23.97,0.0,False,47.94
18363,8137,169,-1,458.05,0.0,True,-458.05
18364,8137,92,2,148.78,0.0,False,297.56
18365,8137,30,1,477.17,0.05,False,453.31149999999997
18366,8137,262,2,214.85,0.0,False,429.7
18367,8138,105,1,375.87,0.0,False,375.87
18368,8138,31,1,976.57,0.0,False,976.57
18369,8139,35,1,425.48,0.0,False,425.48
18370,8139,185,2,582.19,0.0,False,1164.38
18371,8140,102,1,396.98,0.15,False,337.433
18372,8141,215,1,501.1,0.05,False,476.045
18373,8142,112,1,10.73,0.05,False,10.1935
18374,8142,172,1,104.56,0.0,False,104.56
18375,8143,37,1,608.8,0.0,False,608.8
18376,8143,173,1,587.7,0.0,False,587.7
18377,8144,61,1,512.76,0.1,False,461.484
18378,8145,19,1,727.02,0.0,False,727.02
18379,8145,134,2,541.79,0.05,False,1029.4009999999998
18380,8145,218,2,127.17,0.0,False,254.34
18381,8145,84,2,43.2,0.15,False,73.44
18382,8145,196,1,518.75,0.0,False,518.75
18383,8146,146,1,443.54,0.0,False,443.54
18384,8147,160,1,150.1,0.0,False,150.1
18385,8148,299,1,725.08,0.1,False,652.572
18386,8148,196,2,518.75,0.0,False,1037.5
18387,8148,162,1,126.53,0.05,False,120.20349999999999
18388,8148,170,2,723.66,0.0,False,1447.32
18389,8148,182,1,500.91,0.1,False,450.819
18390,8149,201,1,567.68,0.15,False,482.52799999999996
18391,8149,267,1,253.7,0.15,False,215.64499999999998
18392,8150,114,1,23.97,0.0,False,23.97
18393,8150,146,1,443.54,0.0,False,443.54
18394,8151,151,1,625.19,0.0,False,625.19
18395,8152,134,1,541.79,0.0,False,541.79
18396,8153,279,1,226.81,0.0,False,226.81
18397,8154,57,2,510.39,0.05,False,969.741
18398,8154,177,1,156.12,0.05,False,148.314
18399,8154,113,3,55.28,0.0,False,165.84
18400,8155,209,2,797.01,0.0,False,1594.02
18401,8155,189,1,24.7,0.0,False,24.7
18402,8155,121,1,183.38,0.0,False,183.38
18403,8156,211,1,943.9,0.05,False,896.7049999999999
18404,8156,195,1,132.26,0.1,False,119.03399999999999
18405,8157,153,1,530.38,0.1,False,477.342
18406,8158,129,1,492.47,0.0,False,492.47
18407,8159,172,1,104.56,0.0,False,104.56
18408,8160,232,-1,71.83,0.0,True,-71.83
18409,8160,148,1,304.48,0.15,False,258.808
18410,8161,13,1,152.16,0.1,False,136.944
18411,8161,237,2,335.88,0.0,False,671.76
18412,8161,197,1,538.79,0.1,False,484.911
18413,8162,75,1,299.66,0.05,False,284.677
18414,8162,168,1,649.6,0.1,False,584.64
18415,8163,276,1,341.21,0.0,False,341.21
18416,8163,15,1,536.46,0.0,False,536.46
18417,8163,98,1,71.96,0.05,False,68.362
18418,8163,105,2,375.87,0.0,False,751.74
18419,8164,255,3,249.2,0.15,False,635.4599999999999
18420,8165,129,1,492.47,0.15,False,418.59950000000003
18421,8166,263,3,222.36,0.05,False,633.726
18422,8167,185,1,582.19,0.0,False,582.19
18423,8167,202,1,514.85,0.0,False,514.85
18424,8167,129,1,492.47,0.0,False,492.47
18425,8167,209,1,797.01,0.05,False,757.1595
18426,8168,14,1,90.93,0.0,False,90.93
18427,8168,61,1,512.76,0.0,False,512.76
18428,8168,127,1,111.4,0.15,False,94.69
18429,8169,102,1,396.98,0.0,False,396.98
18430,8169,21,3,614.24,0.0,False,1842.72
18431,8169,202,1,514.85,0.0,False,514.85
18432,8170,95,1,711.68,0.0,False,711.68
18433,8171,43,3,97.72,0.0,False,293.15999999999997
18434,8171,44,1,6.81,0.1,False,6.129
18435,8172,152,1,910.86,0.15,False,774.231
18436,8172,19,2,727.02,0.1,False,1308.636
18437,8173,167,1,39.88,0.05,False,37.886
18438,8173,167,1,39.88,0.0,False,39.88
18439,8174,37,1,608.8,0.2,False,487.03999999999996
18440,8174,91,3,369.86,0.0,False,1109.58
18441,8174,266,2,110.99,0.2,False,177.584
18442,8174,208,1,260.07,0.0,False,260.07
18443,8175,91,1,369.86,0.0,False,369.86
18444,8175,125,1,584.13,0.15,False,496.5105
18445,8175,6,1,531.19,0.05,False,504.63050000000004
18446,8175,280,1,121.8,0.0,False,121.8
18447,8175,1,1,433.54,0.15,False,368.509
18448,8176,237,1,335.88,0.0,False,335.88
18449,8176,62,1,244.7,0.0,False,244.7
18450,8176,90,1,219.22,0.1,False,197.298
18451,8177,2,1,807.37,0.15,False,686.2645
18452,8177,96,1,682.77,0.0,False,682.77
18453,8177,115,1,251.88,0.0,False,251.88
18454,8177,119,3,519.85,0.15,False,1325.6175
18455,8178,15,3,536.46,0.0,False,1609.38
18456,8178,295,2,139.02,0.05,False,264.13800000000003
18457,8179,158,1,282.03,0.0,False,282.03
18458,8180,18,1,35.67,0.0,False,35.67
18459,8181,185,1,582.19,0.1,False,523.9710000000001
18460,8182,239,1,517.8,0.05,False,491.9099999999999
18461,8183,232,1,71.83,0.05,False,68.2385
18462,8184,249,1,682.27,0.0,False,682.27
18463,8184,202,3,514.85,0.05,False,1467.3225
18464,8184,20,1,548.49,0.15,False,466.2165
18465,8184,255,1,249.2,0.0,False,249.2
18466,8185,162,1,126.53,0.0,False,126.53
18467,8185,25,2,282.92,0.2,False,452.672
18468,8186,196,1,518.75,0.0,False,518.75
18469,8187,111,1,227.31,0.05,False,215.9445
18470,8188,258,1,626.09,0.0,False,626.09
18471,8189,258,1,626.09,0.0,False,626.09
18472,8190,67,2,355.8,0.0,False,711.6
18473,8191,142,3,717.32,0.0,False,2151.96
18474,8192,299,1,725.08,0.0,False,725.08
18475,8193,138,1,54.35,0.05,False,51.6325
18476,8193,264,1,16.2,0.0,False,16.2
18477,8193,273,1,560.24,0.0,False,560.24
18478,8193,65,1,460.75,0.1,False,414.675
18479,8194,241,1,306.12,0.0,False,306.12
18480,8195,288,1,515.26,0.0,False,515.26
18481,8196,114,1,23.97,0.05,False,22.7715
18482,8197,215,1,501.1,0.0,False,501.1
18483,8197,2,1,807.37,0.0,False,807.37
18484,8198,207,1,518.71,0.0,False,518.71
18485,8199,125,1,584.13,0.05,False,554.9235
18486,8199,69,1,274.11,0.15,False,232.9935
18487,8200,72,1,286.08,0.0,False,286.08
18488,8200,222,1,264.61,0.0,False,264.61
18489,8201,274,1,528.78,0.05,False,502.34099999999995
18490,8201,89,1,247.06,0.0,False,247.06
18491,8202,218,1,127.17,0.2,False,101.736
18492,8202,28,1,749.19,0.0,False,749.19
18493,8203,142,1,717.32,0.2,False,573.8560000000001
18494,8204,269,1,603.81,0.0,False,603.81
18495,8204,48,1,231.62,0.0,False,231.62
18496,8204,51,1,863.34,0.0,False,863.34
18497,8204,122,3,607.34,0.05,False,1730.9189999999999
18498,8204,72,1,286.08,0.0,False,286.08
18499,8205,247,1,708.26,0.1,False,637.434
18500,8206,173,1,587.7,0.05,False,558.315
18501,8206,104,1,957.31,0.0,False,957.31
18502,8206,219,1,211.99,0.0,False,211.99
18503,8206,80,1,166.05,0.0,False,166.05
18504,8206,179,1,478.65,0.05,False,454.7175
18505,8207,251,1,439.11,0.0,False,439.11
18506,8207,142,1,717.32,0.0,False,717.32
18507,8207,111,1,227.31,0.0,False,227.31
18508,8207,33,1,217.73,0.0,False,217.73
18509,8208,160,2,150.1,0.0,False,300.2
18510,8208,31,1,976.57,0.0,False,976.57
18511,8208,187,3,127.57,0.0,False,382.71
18512,8208,183,1,942.96,0.0,False,942.96
18513,8209,225,3,939.11,0.1,False,2535.597
18514,8209,240,2,555.47,0.05,False,1055.393
18515,8209,125,2,584.13,0.05,False,1109.847
18516,8210,47,2,513.39,0.0,False,1026.78
18517,8210,85,1,530.7,0.0,False,530.7
18518,8211,100,1,283.25,0.1,False,254.925
18519,8212,136,-1,974.39,0.15,True,-828.2315
18520,8212,248,1,75.61,0.05,False,71.8295
18521,8212,51,2,863.34,0.05,False,1640.346
18522,8213,98,1,71.96,0.0,False,71.96
18523,8213,26,1,259.69,0.0,False,259.69
18524,8213,182,3,500.91,0.2,False,1202.184
18525,8213,76,1,938.11,0.0,False,938.11
18526,8214,23,1,235.35,0.05,False,223.58249999999998
18527,8215,153,1,530.38,0.2,False,424.30400000000003
18528,8215,248,1,75.61,0.0,False,75.61
18529,8215,52,2,12.48,0.0,False,24.96
18530,8215,127,1,111.4,0.15,False,94.69
18531,8215,281,2,146.98,0.0,False,293.96
18532,8216,186,-1,290.81,0.2,True,-232.64800000000002
18533,8216,204,2,578.66,0.0,False,1157.32
18534,8217,194,1,222.76,0.0,False,222.76
18535,8218,226,2,211.98,0.0,False,423.96
18536,8218,23,1,235.35,0.0,False,235.35
18537,8218,249,1,682.27,0.2,False,545.816
18538,8218,181,1,37.18,0.0,False,37.18
18539,8218,101,-1,488.42,0.0,True,-488.42
18540,8219,181,1,37.18,0.0,False,37.18
18541,8219,230,1,829.69,0.1,False,746.7210000000001
18542,8219,17,1,953.82,0.05,False,906.129
18543,8220,65,2,460.75,0.05,False,875.425
18544,8220,21,1,614.24,0.05,False,583.528
18545,8221,253,1,621.95,0.15,False,528.6575
18546,8221,135,1,550.83,0.05,False,523.2885
18547,8221,246,2,574.84,0.0,False,1149.68
18548,8222,173,3,587.7,0.0,False,1763.1000000000001
18549,8222,193,1,351.11,0.0,False,351.11
18550,8223,161,1,68.77,0.05,False,65.33149999999999
18551,8223,131,1,797.13,0.0,False,797.13
18552,8223,145,1,61.15,0.0,False,61.15
18553,8224,120,1,146.96,0.0,False,146.96
18554,8225,186,1,290.81,0.0,False,290.81
18555,8225,181,1,37.18,0.05,False,35.321
18556,8225,174,1,864.84,0.15,False,735.114
18557,8226,88,1,275.21,0.0,False,275.21
18558,8227,78,1,213.82,0.0,False,213.82
18559,8228,49,-1,850.7,0.0,True,-850.7
18560,8228,17,1,953.82,0.0,False,953.82
18561,8228,78,2,213.82,0.2,False,342.112
18562,8228,281,3,146.98,0.1,False,396.84599999999995
18563,8228,45,1,511.39,0.1,False,460.251
18564,8229,11,1,216.27,0.0,False,216.27
18565,8229,27,1,686.85,0.0,False,686.85
18566,8230,190,2,707.42,0.0,False,1414.84
18567,8230,15,1,536.46,0.0,False,536.46
18568,8230,68,2,133.13,0.0,False,266.26
18569,8231,25,1,282.92,0.05,False,268.774
18570,8231,34,1,399.8,0.1,False,359.82
18571,8231,93,2,98.57,0.0,False,197.14
18572,8232,295,1,139.02,0.15,False,118.167
18573,8232,155,1,607.36,0.15,False,516.256
18574,8232,60,1,148.68,0.0,False,148.68
18575,8233,199,1,51.0,0.0,False,51.0
18576,8234,86,1,443.6,0.0,False,443.6
18577,8234,118,1,611.17,0.0,False,611.17
18578,8234,286,1,47.93,0.0,False,47.93
18579,8235,269,1,603.81,0.1,False,543.429
18580,8235,113,1,55.28,0.2,False,44.224000000000004
18581,8235,98,-1,71.96,0.0,True,-71.96
18582,8235,193,1,351.11,0.0,False,351.11
18583,8235,249,-1,682.27,0.1,True,-614.043
18584,8236,276,2,341.21,0.0,False,682.42
18585,8237,45,1,511.39,0.05,False,485.8205
18586,8237,8,2,295.82,0.0,False,591.64
18587,8237,259,2,533.22,0.1,False,959.796
18588,8237,93,1,98.57,0.0,False,98.57
18589,8238,116,1,862.37,0.0,False,862.37
18590,8238,135,2,550.83,0.0,False,1101.66
18591,8239,182,2,500.91,0.0,False,1001.82
18592,8239,291,1,19.78,0.1,False,17.802000000000003
18593,8239,253,2,621.95,0.0,False,1243.9
18594,8239,195,1,132.26,0.1,False,119.03399999999999
18595,8240,248,1,75.61,0.15,False,64.2685
18596,8241,93,1,98.57,0.2,False,78.856
18597,8242,113,1,55.28,0.0,False,55.28
18598,8242,72,1,286.08,0.05,False,271.77599999999995
18599,8242,40,1,171.89,0.0,False,171.89
18600,8242,69,1,274.11,0.0,False,274.11
18601,8242,36,2,749.87,0.0,False,1499.74
18602,8243,134,1,541.79,0.2,False,433.432
18603,8243,31,1,976.57,0.2,False,781.2560000000001
18604,8243,203,2,431.09,0.05,False,819.0709999999999
18605,8243,121,-1,183.38,0.05,True,-174.21099999999998
18606,8244,161,1,68.77,0.0,False,68.77
18607,8244,248,3,75.61,0.0,False,226.82999999999998
18608,8245,107,1,963.92,0.0,False,963.92
18609,8246,112,1,10.73,0.0,False,10.73
18610,8246,267,1,253.7,0.0,False,253.7
18611,8247,235,1,370.09,0.2,False,296.072
18612,8247,23,1,235.35,0.0,False,235.35
18613,8247,279,1,226.81,0.0,False,226.81
18614,8247,193,1,351.11,0.0,False,351.11
18615,8248,185,2,582.19,0.0,False,1164.38
18616,8249,98,1,71.96,0.15,False,61.16599999999999
18617,8250,36,1,749.87,0.0,False,749.87
18618,8250,132,1,299.38,0.0,False,299.38
18619,8250,30,3,477.17,0.1,False,1288.359
18620,8250,34,1,399.8,0.05,False,379.81
18621,8251,215,1,501.1,0.1,False,450.99
18622,8251,265,3,839.64,0.1,False,2267.0280000000002
18624,8252,106,1,150.04,0.0,False,150.04
18625,8253,122,2,607.34,0.05,False,1153.946
18626,8254,181,3,37.18,0.0,False,111.53999999999999
18627,8254,160,1,150.1,0.1,False,135.09
18628,8254,152,1,910.86,0.0,False,910.86
18629,8255,60,1,148.68,0.05,False,141.246
18630,8255,289,1,635.36,0.1,False,571.8240000000001
18631,8255,72,3,286.08,0.0,False,858.24
18632,8256,272,1,5.69,0.0,False,5.69
18633,8257,63,1,430.39,0.0,False,430.39
18634,8258,175,1,600.57,0.1,False,540.513
18635,8258,290,1,908.96,0.0,False,908.96
18636,8259,29,1,103.82,0.15,False,88.24699999999999
18637,8259,172,2,104.56,0.0,False,209.12
18638,8259,6,1,531.19,0.0,False,531.19
18639,8260,271,1,756.22,0.0,False,756.22
18640,8260,38,1,364.99,0.0,False,364.99
18641,8260,283,2,680.49,0.0,False,1360.98
18642,8261,63,1,430.39,0.15,False,365.8315
18643,8262,211,1,943.9,0.0,False,943.9
18644,8262,52,1,12.48,0.1,False,11.232000000000001
18645,8263,27,2,686.85,0.05,False,1305.0149999999999
18646,8263,112,1,10.73,0.1,False,9.657
18647,8263,145,-1,61.15,0.0,True,-61.15
18648,8264,146,1,443.54,0.05,False,421.363
18649,8264,171,1,14.73,0.0,False,14.73
18650,8264,220,2,475.38,0.15,False,808.146
18651,8265,178,1,563.12,0.1,False,506.808
18652,8265,40,1,171.89,0.0,False,171.89
18653,8265,52,2,12.48,0.0,False,24.96
18654,8266,207,1,518.71,0.0,False,518.71
18655,8267,228,1,162.75,0.0,False,162.75
18658,8268,160,1,150.1,0.0,False,150.1
18659,8268,108,1,378.75,0.0,False,378.75
18660,8268,100,1,283.25,0.1,False,254.925
18661,8268,255,1,249.2,0.0,False,249.2
18662,8269,284,3,228.9,0.0,False,686.7
18663,8269,168,1,649.6,0.1,False,584.64
18664,8269,161,1,68.77,0.0,False,68.77
18665,8269,243,1,746.93,0.0,False,746.93
18666,8269,170,1,723.66,0.0,False,723.66
18667,8270,281,2,146.98,0.0,False,293.96
18668,8270,11,2,216.27,0.0,False,432.54
18669,8270,153,1,530.38,0.05,False,503.861
18670,8271,290,1,908.96,0.0,False,908.96
18671,8271,295,1,139.02,0.0,False,139.02
18672,8271,117,1,567.69,0.15,False,482.53650000000005
18673,8271,178,1,563.12,0.2,False,450.49600000000004
18674,8272,92,1,148.78,0.0,False,148.78
18675,8272,248,1,75.61,0.1,False,68.049
18676,8273,27,1,686.85,0.0,False,686.85
18677,8274,236,1,55.21,0.0,False,55.21
18678,8275,226,1,211.98,0.0,False,211.98
18679,8275,75,1,299.66,0.1,False,269.694
18680,8276,245,1,11506.5,0.15,False,9780.525
18681,8276,185,1,582.19,0.0,False,582.19
18682,8277,248,2,75.61,0.1,False,136.098
18683,8277,273,1,560.24,0.0,False,560.24
18684,8277,164,1,446.58,0.0,False,446.58
18685,8278,207,1,518.71,0.2,False,414.9680000000001
18686,8279,65,1,460.75,0.0,False,460.75
18687,8280,228,1,162.75,0.1,False,146.475
18688,8281,260,1,619.66,0.0,False,619.66
18689,8281,205,2,367.74,0.0,False,735.48
18690,8281,153,1,530.38,0.0,False,530.38
18691,8281,175,2,600.57,0.15,False,1020.969
18692,8282,228,1,162.75,0.0,False,162.75
18693,8282,40,1,171.89,0.15,False,146.10649999999998
18694,8282,191,1,457.7,0.2,False,366.16
18695,8283,46,1,397.56,0.0,False,397.56
18696,8284,244,1,263.25,0.0,False,263.25
18697,8284,73,1,346.78,0.1,False,312.102
18698,8284,51,1,863.34,0.1,False,777.0060000000001
18699,8285,9,1,66.57,0.0,False,66.57
18700,8285,237,1,335.88,0.0,False,335.88
18701,8286,287,1,754.14,0.05,False,716.433
18702,8286,94,1,514.73,0.05,False,488.9935
18703,8286,292,1,425.68,0.1,False,383.112
18704,8286,183,1,942.96,0.0,False,942.96
18705,8286,238,1,192.17,0.1,False,172.953
18706,8287,112,1,10.73,0.0,False,10.73
18707,8288,297,1,89.43,0.0,False,89.43
18708,8288,25,2,282.92,0.1,False,509.25600000000003
18709,8288,28,1,749.19,0.0,False,749.19
18710,8288,115,1,251.88,0.0,False,251.88
18711,8289,121,1,183.38,0.1,False,165.042
18712,8290,274,1,528.78,0.0,False,528.78
18713,8290,119,1,519.85,0.05,False,493.8575
18714,8291,82,1,235.49,0.05,False,223.7155
18715,8291,199,1,51.0,0.0,False,51.0
18716,8292,242,1,166.1,0.2,False,132.88
18717,8293,234,1,486.72,0.05,False,462.384
18718,8293,186,1,290.81,0.0,False,290.81
18719,8293,269,1,603.81,0.0,False,603.81
18720,8293,218,1,127.17,0.1,False,114.453
18721,8294,238,2,192.17,0.0,False,384.34
18722,8295,170,1,723.66,0.0,False,723.66
18723,8295,289,1,635.36,0.0,False,635.36
18724,8296,251,-1,439.11,0.0,True,-439.11
18725,8296,253,1,621.95,0.0,False,621.95
18726,8297,23,-1,235.35,0.0,True,-235.35
18727,8297,114,1,23.97,0.0,False,23.97
18728,8298,289,1,635.36,0.0,False,635.36
18729,8299,50,1,240.1,0.15,False,204.08499999999998
18730,8299,17,1,953.82,0.0,False,953.82
18731,8299,128,3,686.4,0.0,False,2059.2
18732,8299,129,1,492.47,0.05,False,467.8465
18733,8300,151,1,625.19,0.0,False,625.19
18734,8300,114,1,23.97,0.0,False,23.97
18735,8300,181,1,37.18,0.05,False,35.321
18736,8300,215,1,501.1,0.05,False,476.045
18738,8301,33,1,217.73,0.0,False,217.73
18739,8302,234,2,486.72,0.2,False,778.7520000000001
18740,8302,190,2,707.42,0.1,False,1273.356
18741,8303,22,1,205.71,0.0,False,205.71
18742,8304,85,1,530.7,0.05,False,504.165
18743,8304,29,1,103.82,0.1,False,93.438
18744,8304,81,2,779.01,0.0,False,1558.02
18745,8305,23,3,235.35,0.0,False,706.05
18746,8305,177,1,156.12,0.05,False,148.314
18747,8305,290,2,908.96,0.0,False,1817.92
18748,8305,122,1,607.34,0.0,False,607.34
18749,8306,269,2,603.81,0.0,False,1207.62
18750,8307,176,-1,199.39,0.05,True,-189.42049999999998
18751,8308,233,1,82.49,0.0,False,82.49
18752,8309,38,1,364.99,0.15,False,310.2415
18753,8310,186,2,290.81,0.1,False,523.458
18754,8310,260,1,619.66,0.0,False,619.66
18755,8310,34,1,399.8,0.0,False,399.8
18756,8310,112,1,10.73,0.15,False,9.1205
18757,8311,1,1,433.54,0.0,False,433.54
18758,8311,271,1,756.22,0.05,False,718.409
18759,8311,9,1,66.57,0.1,False,59.913
18760,8311,84,1,43.2,0.0,False,43.2
18761,8312,189,1,24.7,0.1,False,22.23
18762,8313,39,1,412.64,0.0,False,412.64
18763,8313,88,1,275.21,0.0,False,275.21
18764,8313,136,2,974.39,0.0,False,1948.78
18765,8313,266,1,110.99,0.15,False,94.3415
18766,8313,60,1,148.68,0.1,False,133.812
18767,8314,169,1,458.05,0.2,False,366.44000000000005
18768,8315,159,3,818.3,0.0,False,2454.8999999999996
18769,8315,218,2,127.17,0.15,False,216.189
18770,8316,238,1,192.17,0.0,False,192.17
18771,8317,80,1,166.05,0.1,False,149.44500000000002
18772,8317,125,3,584.13,0.05,False,1664.7704999999999
18773,8318,166,1,278.38,0.15,False,236.623
18774,8318,42,2,328.75,0.0,False,657.5
18775,8318,20,1,548.49,0.0,False,548.49
18776,8319,251,1,439.11,0.0,False,439.11
18777,8319,291,1,19.78,0.0,False,19.78
18778,8319,215,1,501.1,0.0,False,501.1
18779,8320,216,2,492.92,0.0,False,985.84
18780,8320,224,1,23.12,0.0,False,23.12
18781,8321,296,1,361.73,0.0,False,361.73
18782,8322,75,1,299.66,0.0,False,299.66
18783,8322,129,1,492.47,0.0,False,492.47
18784,8323,209,2,797.01,0.0,False,1594.02
18785,8323,163,1,598.68,0.0,False,598.68
18786,8324,42,3,328.75,0.05,False,936.9375
18787,8324,126,3,240.49,0.15,False,613.2495
18788,8325,103,1,456.96,0.0,False,456.96
18789,8326,28,3,749.19,0.15,False,1910.4345
18790,8326,182,1,500.91,0.05,False,475.8645
18791,8327,118,1,611.17,0.1,False,550.053
18792,8327,79,2,308.93,0.0,False,617.86
18793,8327,274,1,528.78,0.05,False,502.34099999999995
18794,8328,239,1,517.8,0.05,False,491.9099999999999
18795,8328,298,1,238.39,0.0,False,238.39
18796,8328,250,1,8284.0,0.0,False,8284.0
18797,8329,190,1,707.42,0.0,False,707.42
18798,8329,132,1,299.38,0.0,False,299.38
18799,8329,155,1,607.36,0.15,False,516.256
18800,8330,246,1,574.84,0.0,False,574.84
18801,8330,196,1,518.75,0.0,False,518.75
18802,8331,49,1,850.7,0.0,False,850.7
18803,8332,69,1,274.11,0.05,False,260.4045
18804,8333,264,1,16.2,0.0,False,16.2
18805,8333,206,1,612.54,0.0,False,612.54
18806,8334,178,1,563.12,0.05,False,534.9639999999999
18807,8334,163,1,598.68,0.0,False,598.68
18808,8335,240,2,555.47,0.0,False,1110.94
18809,8335,1,1,433.54,0.0,False,433.54
18810,8335,256,1,537.93,0.0,False,537.93
18811,8335,249,1,682.27,0.0,False,682.27
18812,8335,159,1,818.3,0.0,False,818.3
18813,8336,128,1,686.4,0.0,False,686.4
18814,8336,144,1,299.76,0.0,False,299.76
18815,8336,78,2,213.82,0.0,False,427.64
18816,8336,32,1,338.4,0.0,False,338.4
18817,8337,95,1,711.68,0.0,False,711.68
18818,8337,121,1,183.38,0.0,False,183.38
18819,8337,214,1,304.46,0.0,False,304.46
18820,8338,7,2,357.42,0.0,False,714.84
18821,8339,66,1,447.18,0.1,False,402.462
18822,8340,263,1,222.36,0.05,False,211.242
18823,8340,18,1,35.67,0.05,False,33.8865
18824,8341,203,2,431.09,0.0,False,862.18
18825,8341,251,1,439.11,0.05,False,417.1545
18826,8342,230,1,829.69,0.0,False,829.69
18827,8342,79,2,308.93,0.0,False,617.86
18828,8343,138,1,54.35,0.1,False,48.915
18829,8343,36,1,749.87,0.0,False,749.87
18830,8344,119,1,519.85,0.0,False,519.85
18831,8344,185,1,582.19,0.15,False,494.86150000000004
18832,8345,224,1,23.12,0.1,False,20.808
18833,8346,189,1,24.7,0.0,False,24.7
18834,8346,171,1,14.73,0.0,False,14.73
18835,8346,165,1,605.76,0.0,False,605.76
18836,8346,178,2,563.12,0.1,False,1013.616
18837,8347,216,1,492.92,0.05,False,468.274
18838,8348,7,1,357.42,0.0,False,357.42
18839,8348,6,2,531.19,0.0,False,1062.38
18840,8349,134,1,541.79,0.1,False,487.611
18841,8349,9,2,66.57,0.05,False,126.48299999999998
18842,8349,64,1,29.71,0.0,False,29.71
18843,8350,126,1,240.49,0.0,False,240.49
18844,8350,182,1,500.91,0.0,False,500.91
18846,8350,276,1,341.21,0.0,False,341.21
18847,8350,212,1,445.65,0.1,False,401.085
18848,8350,21,3,614.24,0.05,False,1750.5839999999998
18849,8351,26,1,259.69,0.0,False,259.69
18850,8352,293,1,709.48,0.2,False,567.5840000000001
18851,8352,234,1,486.72,0.1,False,438.04800000000006
18852,8352,236,1,55.21,0.15,False,46.9285
18853,8353,62,1,244.7,0.1,False,220.23
18854,8353,127,1,111.4,0.0,False,111.4
18855,8353,181,1,37.18,0.1,False,33.462
18856,8353,294,1,141.94,0.0,False,141.94
18857,8354,75,2,299.66,0.15,False,509.422
18858,8355,151,2,625.19,0.0,False,1250.38
18859,8355,180,1,843.45,0.2,False,674.7600000000001
18860,8355,259,1,533.22,0.0,False,533.22
18861,8355,208,2,260.07,0.0,False,520.14
18862,8356,40,2,171.89,0.0,False,343.78
18863,8357,283,1,680.49,0.0,False,680.49
18864,8357,164,1,446.58,0.0,False,446.58
18865,8357,115,1,251.88,0.0,False,251.88
18866,8357,220,1,475.38,0.05,False,451.611
18867,8357,201,3,567.68,0.1,False,1532.736
18868,8358,213,1,111.83,0.0,False,111.83
18869,8358,42,1,328.75,0.0,False,328.75
18870,8359,122,1,607.34,0.1,False,546.606
18871,8360,25,1,282.92,0.0,False,282.92
18872,8360,297,1,89.43,0.15,False,76.0155
18873,8361,261,1,429.63,0.0,False,429.63
18874,8361,250,1,8284.0,0.0,False,8284.0
18875,8361,204,1,578.66,0.0,False,578.66
18876,8362,273,1,560.24,0.05,False,532.228
18877,8362,176,2,199.39,0.15,False,338.96299999999997
18878,8362,73,2,346.78,0.0,False,693.56
18879,8363,203,1,431.09,0.0,False,431.09
18880,8363,276,3,341.21,0.1,False,921.2669999999999
18881,8363,105,1,375.87,0.15,False,319.4895
18882,8364,125,1,584.13,0.0,False,584.13
18883,8364,276,2,341.21,0.0,False,682.42
18884,8365,148,1,304.48,0.0,False,304.48
18885,8366,107,1,963.92,0.0,False,963.92
18886,8366,82,1,235.49,0.05,False,223.7155
18887,8366,170,1,723.66,0.0,False,723.66
18888,8366,182,1,500.91,0.0,False,500.91
18889,8367,80,1,166.05,0.2,False,132.84
18890,8367,232,1,71.83,0.0,False,71.83
18891,8368,10,1,309.24,0.05,False,293.778
18892,8369,189,1,24.7,0.0,False,24.7
18893,8369,117,1,567.69,0.05,False,539.3055
18894,8370,259,1,533.22,0.05,False,506.559
18895,8370,214,1,304.46,0.2,False,243.56799999999998
18896,8371,226,1,211.98,0.0,False,211.98
18897,8371,132,1,299.38,0.0,False,299.38
18898,8371,104,1,957.31,0.0,False,957.31
18899,8371,117,1,567.69,0.0,False,567.69
18900,8372,93,1,98.57,0.0,False,98.57
18901,8372,129,1,492.47,0.0,False,492.47
18902,8372,29,1,103.82,0.0,False,103.82
18903,8373,58,1,87.55,0.2,False,70.04
18904,8373,165,1,605.76,0.0,False,605.76
18905,8373,4,1,17.97,0.0,False,17.97
18906,8374,8,1,295.82,0.0,False,295.82
18907,8374,75,2,299.66,0.2,False,479.4560000000001
18908,8374,16,1,245.66,0.05,False,233.37699999999998
18909,8374,48,3,231.62,0.0,False,694.86
18910,8374,80,1,166.05,0.0,False,166.05
18911,8375,83,1,243.1,0.0,False,243.1
18912,8376,155,1,607.36,0.2,False,485.88800000000003
18913,8376,281,1,146.98,0.0,False,146.98
18914,8376,126,2,240.49,0.0,False,480.98
18915,8377,57,1,510.39,0.0,False,510.39
18916,8378,91,1,369.86,0.05,False,351.367
18917,8379,62,1,244.7,0.0,False,244.7
18918,8380,58,2,87.55,0.0,False,175.1
18919,8380,170,-1,723.66,0.0,True,-723.66
18920,8381,165,1,605.76,0.05,False,575.472
18921,8382,15,1,536.46,0.0,False,536.46
18922,8383,17,1,953.82,0.05,False,906.129
18923,8384,282,1,280.61,0.0,False,280.61
18924,8385,32,-1,338.4,0.0,True,-338.4
18925,8386,149,1,382.77,0.0,False,382.77
18926,8387,83,1,243.1,0.1,False,218.79
18927,8388,184,1,278.4,0.0,False,278.4
18928,8388,187,1,127.57,0.15,False,108.43449999999999
18929,8389,78,1,213.82,0.0,False,213.82
18931,8390,275,3,82.62,0.0,False,247.86
18932,8391,74,1,171.2,0.15,False,145.51999999999998
18933,8392,212,1,445.65,0.0,False,445.65
18934,8392,6,1,531.19,0.05,False,504.63050000000004
18935,8393,41,1,376.48,0.0,False,376.48
18936,8393,250,1,8284.0,0.0,False,8284.0
18937,8393,107,1,963.92,0.0,False,963.92
18938,8393,286,1,47.93,0.05,False,45.5335
18939,8393,67,1,355.8,0.0,False,355.8
18940,8394,53,1,192.38,0.15,False,163.523
18941,8394,215,1,501.1,0.0,False,501.1
18942,8394,278,1,402.71,0.05,False,382.57449999999994
18943,8394,98,1,71.96,0.15,False,61.16599999999999
18944,8394,34,2,399.8,0.0,False,799.6
18945,8395,251,3,439.11,0.0,False,1317.33
18946,8395,284,1,228.9,0.0,False,228.9
18947,8395,208,1,260.07,0.0,False,260.07
18948,8395,287,1,754.14,0.1,False,678.726
18949,8396,90,1,219.22,0.0,False,219.22
18950,8396,159,1,818.3,0.05,False,777.3849999999999
18951,8397,122,1,607.34,0.0,False,607.34
18952,8397,273,1,560.24,0.0,False,560.24
18953,8397,168,1,649.6,0.0,False,649.6
18954,8398,105,2,375.87,0.1,False,676.566
18955,8399,23,1,235.35,0.1,False,211.815
18956,8399,51,1,863.34,0.05,False,820.173
18957,8399,206,1,612.54,0.05,False,581.9129999999999
18958,8400,136,1,974.39,0.0,False,974.39
18960,8400,203,1,431.09,0.0,False,431.09
18961,8400,259,1,533.22,0.0,False,533.22
18962,8401,205,1,367.74,0.0,False,367.74
18963,8402,269,1,603.81,0.0,False,603.81
18964,8403,242,1,166.1,0.05,False,157.795
18965,8403,181,1,37.18,0.05,False,35.321
18966,8403,74,2,171.2,0.0,False,342.4
18967,8403,86,1,443.6,0.05,False,421.42
18968,8403,265,1,839.64,0.0,False,839.64
18969,8404,112,1,10.73,0.0,False,10.73
18970,8404,246,1,574.84,0.0,False,574.84
18971,8404,120,1,146.96,0.05,False,139.612
18972,8405,21,2,614.24,0.0,False,1228.48
18973,8405,78,1,213.82,0.1,False,192.438
18974,8406,71,1,362.18,0.0,False,362.18
18975,8406,260,1,619.66,0.1,False,557.694
18976,8407,245,1,11506.5,0.0,False,11506.5
18977,8408,192,1,697.79,0.05,False,662.9005
18978,8408,124,1,640.23,0.05,False,608.2185
18979,8408,112,1,10.73,0.0,False,10.73
18981,8409,158,2,282.03,0.2,False,451.248
18982,8409,143,1,421.93,0.1,False,379.737
18983,8409,108,1,378.75,0.15,False,321.9375
18984,8410,148,1,304.48,0.0,False,304.48
18985,8410,133,1,479.79,0.0,False,479.79
18986,8410,89,2,247.06,0.05,False,469.414
18987,8411,175,1,600.57,0.0,False,600.57
18988,8411,245,1,11506.5,0.0,False,11506.5
18989,8412,112,1,10.73,0.0,False,10.73
18990,8412,239,1,517.8,0.0,False,517.8
18991,8413,92,2,148.78,0.15,False,252.926
18992,8413,224,1,23.12,0.05,False,21.964
18993,8414,48,2,231.62,0.0,False,463.24
18994,8414,45,-1,511.39,0.0,True,-511.39
18995,8415,58,1,87.55,0.2,False,70.04
18996,8415,189,1,24.7,0.0,False,24.7
18997,8415,5,1,503.34,0.0,False,503.34
18998,8415,285,2,667.54,0.0,False,1335.08
18999,8415,39,-1,412.64,0.0,True,-412.64
19000,8416,281,1,146.98,0.0,False,146.98
19001,8416,120,2,146.96,0.0,False,293.92
19002,8416,5,1,503.34,0.0,False,503.34
19003,8416,18,2,35.67,0.0,False,71.34
19004,8416,209,1,797.01,0.0,False,797.01
19005,8417,168,1,649.6,0.0,False,649.6
19006,8417,265,1,839.64,0.0,False,839.64
19007,8417,8,1,295.82,0.0,False,295.82
19008,8418,28,1,749.19,0.0,False,749.19
19009,8418,286,1,47.93,0.0,False,47.93
19010,8419,283,1,680.49,0.0,False,680.49
19011,8419,225,3,939.11,0.05,False,2676.4635
19012,8419,146,2,443.54,0.1,False,798.3720000000001
19013,8419,163,1,598.68,0.1,False,538.812
19014,8419,124,1,640.23,0.0,False,640.23
19015,8420,267,1,253.7,0.0,False,253.7
19016,8420,132,1,299.38,0.0,False,299.38
19017,8421,58,2,87.55,0.0,False,175.1
19018,8422,257,2,8.4,0.0,False,16.8
19019,8422,199,1,51.0,0.1,False,45.9
19020,8423,36,2,749.87,0.0,False,1499.74
19021,8423,65,1,460.75,0.05,False,437.7125
19022,8423,96,1,682.77,0.15,False,580.3544999999999
19023,8424,252,1,274.43,0.0,False,274.43
19024,8424,204,1,578.66,0.05,False,549.727
19025,8425,236,-1,55.21,0.0,True,-55.21
19026,8425,84,1,43.2,0.0,False,43.2
19027,8426,286,1,47.93,0.0,False,47.93
19028,8426,212,2,445.65,0.1,False,802.17
19029,8426,196,1,518.75,0.0,False,518.75
19030,8427,124,1,640.23,0.2,False,512.1840000000001
19031,8428,196,1,518.75,0.0,False,518.75
19032,8428,102,1,396.98,0.0,False,396.98
19033,8428,174,-1,864.84,0.0,True,-864.84
19034,8428,61,3,512.76,0.05,False,1461.366
19035,8429,215,1,501.1,0.0,False,501.1
19036,8429,252,1,274.43,0.0,False,274.43
19037,8429,218,1,127.17,0.1,False,114.453
19038,8430,28,2,749.19,0.0,False,1498.38
19039,8430,179,1,478.65,0.0,False,478.65
19040,8431,299,1,725.08,0.0,False,725.08
19041,8431,260,3,619.66,0.15,False,1580.133
19042,8431,267,3,253.7,0.0,False,761.0999999999999
19043,8432,67,1,355.8,0.2,False,284.64000000000004
19044,8433,252,-1,274.43,0.0,True,-274.43
19045,8433,29,1,103.82,0.0,False,103.82
19046,8433,103,1,456.96,0.1,False,411.264
19047,8433,33,1,217.73,0.05,False,206.84349999999998
19048,8434,180,1,843.45,0.15,False,716.9325
19049,8435,229,1,690.53,0.0,False,690.53
19050,8435,272,3,5.69,0.0,False,17.07
19051,8435,173,1,587.7,0.0,False,587.7
19052,8435,221,1,704.75,0.15,False,599.0375
19053,8435,35,1,425.48,0.0,False,425.48
19054,8436,137,1,316.92,0.15,False,269.382
19055,8436,161,1,68.77,0.0,False,68.77
19056,8436,256,2,537.93,0.0,False,1075.86
19057,8436,282,1,280.61,0.0,False,280.61
19058,8437,264,1,16.2,0.0,False,16.2
19059,8437,37,1,608.8,0.05,False,578.3599999999999
19060,8437,168,1,649.6,0.0,False,649.6
19062,8438,42,1,328.75,0.2,False,263.0
19063,8439,246,2,574.84,0.05,False,1092.196
19064,8440,1,1,433.54,0.05,False,411.863
19065,8441,130,1,454.11,0.0,False,454.11
19066,8442,289,1,635.36,0.05,False,603.592
19067,8442,203,1,431.09,0.0,False,431.09
19068,8443,117,1,567.69,0.1,False,510.92100000000005
19069,8443,145,1,61.15,0.0,False,61.15
19070,8444,48,3,231.62,0.0,False,694.86
19071,8444,291,1,19.78,0.0,False,19.78
19072,8445,119,1,519.85,0.15,False,441.8725
19073,8445,15,1,536.46,0.0,False,536.46
19074,8445,132,1,299.38,0.05,False,284.411
19075,8445,197,1,538.79,0.0,False,538.79
19076,8446,283,1,680.49,0.15,False,578.4165
19077,8446,183,3,942.96,0.0,False,2828.88
19078,8446,120,2,146.96,0.0,False,293.92
19079,8446,269,1,603.81,0.0,False,603.81
19080,8446,268,1,23.79,0.0,False,23.79
19081,8447,204,1,578.66,0.0,False,578.66
19082,8447,286,1,47.93,0.0,False,47.93
19083,8447,241,1,306.12,0.1,False,275.50800000000004
19084,8447,42,1,328.75,0.2,False,263.0
19085,8448,259,1,533.22,0.0,False,533.22
19086,8448,221,1,704.75,0.0,False,704.75
19087,8449,275,1,82.62,0.05,False,78.489
19088,8450,155,-1,607.36,0.0,True,-607.36
19089,8450,212,1,445.65,0.2,False,356.52
19090,8451,30,2,477.17,0.1,False,858.9060000000001
19091,8452,272,1,5.69,0.05,False,5.4055
19092,8453,250,1,8284.0,0.15,False,7041.4
19093,8454,146,-1,443.54,0.15,True,-377.009
19094,8454,135,1,550.83,0.0,False,550.83
19095,8454,150,1,182.12,0.05,False,173.014
19096,8454,49,2,850.7,0.15,False,1446.19
19097,8454,143,1,421.93,0.0,False,421.93
19098,8455,192,1,697.79,0.2,False,558.232
19099,8455,104,1,957.31,0.0,False,957.31
19100,8456,33,1,217.73,0.1,False,195.957
19101,8456,131,1,797.13,0.0,False,797.13
19102,8456,14,1,90.93,0.15,False,77.29050000000001
19103,8457,146,1,443.54,0.1,False,399.18600000000004
19104,8457,286,1,47.93,0.0,False,47.93
19105,8457,110,1,52.92,0.1,False,47.628
19106,8458,256,1,537.93,0.0,False,537.93
19107,8459,277,1,437.32,0.0,False,437.32
19108,8459,214,1,304.46,0.0,False,304.46
19109,8460,289,3,635.36,0.05,False,1810.7759999999998
19110,8461,120,1,146.96,0.0,False,146.96
19111,8461,252,1,274.43,0.0,False,274.43
19112,8462,58,1,87.55,0.2,False,70.04
19113,8462,12,1,156.75,0.0,False,156.75
19114,8462,176,1,199.39,0.0,False,199.39
19115,8463,16,2,245.66,0.1,False,442.188
19116,8463,196,1,518.75,0.0,False,518.75
19117,8463,176,1,199.39,0.0,False,199.39
19118,8463,110,1,52.92,0.0,False,52.92
19119,8463,50,2,240.1,0.0,False,480.2
19120,8464,223,2,57.85,0.05,False,109.91499999999999
19121,8465,188,-1,550.0,0.15,True,-467.5
19122,8465,232,1,71.83,0.2,False,57.464
19123,8465,177,1,156.12,0.0,False,156.12
19124,8465,204,1,578.66,0.0,False,578.66
19125,8465,15,1,536.46,0.0,False,536.46
19126,8466,282,2,280.61,0.0,False,561.22
19127,8466,284,1,228.9,0.0,False,228.9
19128,8467,176,3,199.39,0.2,False,478.536
19129,8467,139,1,835.42,0.0,False,835.42
19130,8468,97,1,628.48,0.0,False,628.48
19131,8469,211,1,943.9,0.0,False,943.9
19132,8469,26,1,259.69,0.0,False,259.69
19133,8469,158,2,282.03,0.05,False,535.857
19134,8470,108,1,378.75,0.1,False,340.875
19135,8470,58,1,87.55,0.05,False,83.1725
19136,8471,158,1,282.03,0.0,False,282.03
19137,8471,123,1,840.94,0.05,False,798.893
19138,8471,141,1,251.45,0.0,False,251.45
19139,8472,106,-1,150.04,0.0,True,-150.04
19140,8473,299,3,725.08,0.0,False,2175.2400000000002
19141,8473,8,1,295.82,0.1,False,266.238
19142,8474,263,1,222.36,0.1,False,200.12400000000002
19143,8474,147,3,517.03,0.05,False,1473.5355
19144,8475,61,1,512.76,0.0,False,512.76
19145,8475,81,1,779.01,0.1,False,701.109
19146,8476,226,1,211.98,0.0,False,211.98
19147,8476,43,2,97.72,0.15,False,166.124
19148,8476,197,2,538.79,0.15,False,915.9429999999999
19149,8477,81,1,779.01,0.05,False,740.0595
19150,8478,199,2,51.0,0.0,False,102.0
19151,8478,148,1,304.48,0.0,False,304.48
19152,8478,90,1,219.22,0.0,False,219.22
19153,8478,266,1,110.99,0.0,False,110.99
19154,8478,161,2,68.77,0.0,False,137.54
19155,8479,216,2,492.92,0.1,False,887.2560000000001
19156,8480,71,1,362.18,0.0,False,362.18
19157,8480,226,1,211.98,0.0,False,211.98
19158,8480,77,3,103.53,0.2,False,248.47200000000004
19159,8480,49,1,850.7,0.0,False,850.7
19161,8481,70,1,402.01,0.05,False,381.9095
19162,8481,148,1,304.48,0.15,False,258.808
19163,8482,218,-1,127.17,0.0,True,-127.17
19164,8482,241,3,306.12,0.0,False,918.36
19165,8482,263,2,222.36,0.2,False,355.77600000000007
19166,8482,127,1,111.4,0.0,False,111.4
19167,8483,224,1,23.12,0.1,False,20.808
19168,8484,204,1,578.66,0.0,False,578.66
19169,8484,299,1,725.08,0.1,False,652.572
19170,8484,95,1,711.68,0.0,False,711.68
19171,8485,50,1,240.1,0.0,False,240.1
19172,8485,123,1,840.94,0.1,False,756.8460000000001
19173,8485,114,1,23.97,0.1,False,21.573
19174,8486,91,3,369.86,0.0,False,1109.58
19175,8487,278,3,402.71,0.0,False,1208.1299999999999
19176,8488,107,1,963.92,0.0,False,963.92
19177,8488,132,1,299.38,0.0,False,299.38
19178,8488,138,2,54.35,0.0,False,108.7
19179,8489,246,1,574.84,0.0,False,574.84
19180,8489,253,1,621.95,0.05,False,590.8525
19181,8489,227,1,192.19,0.0,False,192.19
19182,8490,162,1,126.53,0.0,False,126.53
19183,8490,169,1,458.05,0.1,False,412.245
19184,8490,88,1,275.21,0.0,False,275.21
19185,8490,296,1,361.73,0.0,False,361.73
19186,8490,266,1,110.99,0.0,False,110.99
19187,8491,53,1,192.38,0.2,False,153.904
19188,8491,291,1,19.78,0.15,False,16.813
19189,8491,169,1,458.05,0.0,False,458.05
19190,8491,217,1,479.18,0.15,False,407.303
19191,8492,266,1,110.99,0.0,False,110.99
19192,8492,179,1,478.65,0.0,False,478.65
19193,8493,193,1,351.11,0.0,False,351.11
19195,8493,128,1,686.4,0.0,False,686.4
19196,8494,76,1,938.11,0.0,False,938.11
19197,8495,210,1,177.09,0.0,False,177.09
19198,8495,142,1,717.32,0.0,False,717.32
19199,8496,294,1,141.94,0.15,False,120.649
19200,8496,210,1,177.09,0.0,False,177.09
19201,8496,32,3,338.4,0.0,False,1015.1999999999999
19202,8497,183,2,942.96,0.1,False,1697.3280000000002
19203,8497,145,1,61.15,0.15,False,51.9775
19204,8498,151,1,625.19,0.05,False,593.9305
19205,8498,19,2,727.02,0.1,False,1308.636
19206,8499,138,-1,54.35,0.0,True,-54.35
19207,8499,147,1,517.03,0.0,False,517.03
19208,8499,16,1,245.66,0.1,False,221.094
19209,8500,223,1,57.85,0.05,False,54.957499999999996
19210,8500,108,1,378.75,0.0,False,378.75
19211,8501,62,1,244.7,0.0,False,244.7
19212,8501,208,1,260.07,0.0,False,260.07
19213,8502,85,1,530.7,0.0,False,530.7
19214,8502,94,1,514.73,0.1,False,463.257
19215,8503,94,1,514.73,0.0,False,514.73
19216,8503,91,1,369.86,0.05,False,351.367
19217,8504,204,1,578.66,0.0,False,578.66
19218,8504,183,1,942.96,0.1,False,848.6640000000001
19219,8504,299,1,725.08,0.05,False,688.826
19220,8504,290,1,908.96,0.0,False,908.96
19221,8505,108,1,378.75,0.0,False,378.75
19222,8505,297,1,89.43,0.0,False,89.43
19223,8505,84,1,43.2,0.0,False,43.2
19224,8505,7,2,357.42,0.0,False,714.84
19225,8506,190,1,707.42,0.0,False,707.42
19226,8506,200,1,533.81,0.0,False,533.81
19227,8506,263,2,222.36,0.0,False,444.72
19228,8507,211,1,943.9,0.1,False,849.51
19229,8507,115,2,251.88,0.05,False,478.57199999999995
19230,8507,110,1,52.92,0.0,False,52.92
19231,8507,104,3,957.31,0.0,False,2871.93
19232,8508,140,1,500.02,0.0,False,500.02
19233,8509,6,1,531.19,0.1,False,478.0710000000001
19234,8510,248,3,75.61,0.0,False,226.82999999999998
19235,8510,258,1,626.09,0.0,False,626.09
19236,8511,59,2,287.12,0.0,False,574.24
19237,8511,71,2,362.18,0.0,False,724.36
19238,8511,215,1,501.1,0.0,False,501.1
19239,8512,35,1,425.48,0.0,False,425.48
19240,8512,75,1,299.66,0.0,False,299.66
19241,8513,216,1,492.92,0.0,False,492.92
19242,8513,259,1,533.22,0.0,False,533.22
19243,8514,43,1,97.72,0.0,False,97.72
19244,8514,62,1,244.7,0.2,False,195.76
19245,8514,207,1,518.71,0.0,False,518.71
19246,8514,261,1,429.63,0.0,False,429.63
19247,8514,45,2,511.39,0.2,False,818.224
19248,8515,269,1,603.81,0.0,False,603.81
19249,8515,163,1,598.68,0.1,False,538.812
19250,8515,115,1,251.88,0.1,False,226.692
19251,8516,187,1,127.57,0.15,False,108.43449999999999
19252,8517,77,1,103.53,0.0,False,103.53
19253,8517,238,1,192.17,0.0,False,192.17
19254,8517,25,1,282.92,0.15,False,240.482
19255,8518,49,1,850.7,0.15,False,723.095
19256,8519,17,1,953.82,0.0,False,953.82
19257,8519,205,1,367.74,0.0,False,367.74
19258,8520,48,2,231.62,0.15,False,393.754
19259,8521,65,1,460.75,0.0,False,460.75
19261,8521,40,1,171.89,0.0,False,171.89
19262,8521,263,1,222.36,0.0,False,222.36
19263,8521,25,1,282.92,0.15,False,240.482
19264,8522,243,2,746.93,0.0,False,1493.86
19265,8522,255,1,249.2,0.1,False,224.28
19266,8523,35,3,425.48,0.15,False,1084.974
19267,8523,103,2,456.96,0.1,False,822.528
19268,8524,263,1,222.36,0.05,False,211.242
19269,8525,85,1,530.7,0.0,False,530.7
19270,8526,8,1,295.82,0.0,False,295.82
19271,8526,93,-1,98.57,0.0,True,-98.57
19272,8527,145,1,61.15,0.0,False,61.15
19273,8528,54,1,679.71,0.0,False,679.71
19274,8528,182,1,500.91,0.0,False,500.91
19275,8529,271,1,756.22,0.05,False,718.409
19276,8530,225,1,939.11,0.05,False,892.1545
19277,8530,241,1,306.12,0.0,False,306.12
19278,8531,24,1,696.97,0.0,False,696.97
19279,8531,220,1,475.38,0.0,False,475.38
19280,8532,258,1,626.09,0.15,False,532.1765
19281,8532,37,1,608.8,0.0,False,608.8
19282,8533,220,1,475.38,0.05,False,451.611
19283,8533,90,2,219.22,0.0,False,438.44
19284,8534,123,1,840.94,0.0,False,840.94
19285,8534,105,1,375.87,0.1,False,338.283
19286,8535,278,1,402.71,0.05,False,382.57449999999994
19287,8536,202,1,514.85,0.2,False,411.88000000000005
19288,8536,162,1,126.53,0.0,False,126.53
19289,8536,279,1,226.81,0.15,False,192.7885
19290,8537,132,1,299.38,0.0,False,299.38
19291,8537,145,1,61.15,0.0,False,61.15
19292,8538,67,1,355.8,0.0,False,355.8
19293,8539,199,3,51.0,0.0,False,153.0
19294,8540,259,1,533.22,0.1,False,479.898
19295,8540,193,1,351.11,0.0,False,351.11
19296,8541,22,1,205.71,0.1,False,185.139
19297,8541,198,1,266.02,0.1,False,239.41799999999998
19298,8542,254,1,286.86,0.1,False,258.17400000000004
19299,8542,186,1,290.81,0.0,False,290.81
19300,8543,27,2,686.85,0.0,False,1373.7
19301,8543,173,1,587.7,0.0,False,587.7
19302,8543,44,1,6.81,0.0,False,6.81
19303,8543,137,1,316.92,0.0,False,316.92
19304,8543,32,1,338.4,0.0,False,338.4
19305,8544,18,1,35.67,0.0,False,35.67
19306,8544,224,1,23.12,0.0,False,23.12
19307,8544,193,1,351.11,0.0,False,351.11
19308,8544,272,1,5.69,0.0,False,5.69
19309,8544,146,3,443.54,0.0,False,1330.6200000000001
19310,8545,222,1,264.61,0.05,False,251.3795
19311,8545,151,1,625.19,0.2,False,500.15200000000004
19312,8546,276,2,341.21,0.15,False,580.0569999999999
19313,8546,286,1,47.93,0.0,False,47.93
19314,8546,123,1,840.94,0.0,False,840.94
19315,8547,80,1,166.05,0.0,False,166.05
19316,8547,135,2,550.83,0.0,False,1101.66
19317,8547,226,1,211.98,0.05,False,201.38099999999997
19318,8548,197,1,538.79,0.1,False,484.911
19319,8548,28,1,749.19,0.0,False,749.19
19320,8549,83,2,243.1,0.1,False,437.58
19321,8549,210,1,177.09,0.0,False,177.09
19322,8550,51,3,863.34,0.2,False,2072.016
19323,8551,142,1,717.32,0.15,False,609.722
19324,8552,83,1,243.1,0.0,False,243.1
19325,8553,41,1,376.48,0.05,False,357.656
19326,8553,120,1,146.96,0.0,False,146.96
19327,8554,91,1,369.86,0.0,False,369.86
19328,8555,249,1,682.27,0.05,False,648.1564999999999
19329,8555,83,1,243.1,0.0,False,243.1
19330,8555,8,1,295.82,0.0,False,295.82
19331,8556,123,1,840.94,0.0,False,840.94
19332,8556,113,1,55.28,0.0,False,55.28
19333,8556,275,1,82.62,0.0,False,82.62
19334,8556,237,1,335.88,0.0,False,335.88
19335,8557,11,1,216.27,0.0,False,216.27
19336,8557,286,1,47.93,0.15,False,40.7405
19337,8557,28,1,749.19,0.0,False,749.19
19338,8557,267,1,253.7,0.2,False,202.96
19339,8558,51,1,863.34,0.0,False,863.34
19340,8558,230,1,829.69,0.0,False,829.69
19341,8558,211,1,943.9,0.0,False,943.9
19343,8558,273,3,560.24,0.0,False,1680.72
19344,8559,70,1,402.01,0.1,False,361.809
19345,8559,109,1,59.23,0.0,False,59.23
19346,8559,87,1,564.0,0.05,False,535.8
19347,8559,58,2,87.55,0.0,False,175.1
19348,8559,14,1,90.93,0.0,False,90.93
19349,8560,235,1,370.09,0.0,False,370.09
19350,8561,98,1,71.96,0.0,False,71.96
19351,8562,31,1,976.57,0.15,False,830.0845
19352,8562,296,1,361.73,0.0,False,361.73
19353,8562,155,1,607.36,0.0,False,607.36
19354,8563,91,3,369.86,0.05,False,1054.1009999999999
19355,8563,133,2,479.79,0.0,False,959.58
19356,8564,213,1,111.83,0.0,False,111.83
19357,8565,168,1,649.6,0.05,False,617.12
19358,8565,244,2,263.25,0.0,False,526.5
19359,8566,73,-1,346.78,0.0,True,-346.78
19360,8566,116,1,862.37,0.2,False,689.8960000000001
19361,8566,23,1,235.35,0.0,False,235.35
19362,8567,208,1,260.07,0.05,False,247.0665
19363,8567,161,2,68.77,0.0,False,137.54
19364,8567,232,1,71.83,0.0,False,71.83
19365,8568,23,1,235.35,0.0,False,235.35
19366,8569,289,1,635.36,0.0,False,635.36
19367,8569,102,2,396.98,0.0,False,793.96
19368,8569,73,1,346.78,0.2,False,277.424
19369,8570,37,1,608.8,0.05,False,578.3599999999999
19370,8571,209,1,797.01,0.0,False,797.01
19371,8571,80,2,166.05,0.1,False,298.89000000000004
19372,8572,186,1,290.81,0.05,False,276.2695
19373,8572,57,1,510.39,0.0,False,510.39
19374,8573,232,1,71.83,0.0,False,71.83
19375,8573,45,1,511.39,0.2,False,409.112
19376,8573,225,1,939.11,0.15,False,798.2435
19377,8574,2,1,807.37,0.0,False,807.37
19378,8575,175,1,600.57,0.1,False,540.513
19379,8576,185,2,582.19,0.1,False,1047.9420000000002
19380,8576,174,2,864.84,0.0,False,1729.68
19381,8576,229,1,690.53,0.0,False,690.53
19382,8576,21,1,614.24,0.1,False,552.816
19383,8576,82,1,235.49,0.1,False,211.941
19384,8577,68,1,133.13,0.2,False,106.504
19385,8577,59,1,287.12,0.0,False,287.12
19386,8577,147,1,517.03,0.1,False,465.327
19387,8578,292,2,425.68,0.1,False,766.224
19388,8578,207,2,518.71,0.15,False,881.807
19389,8578,9,1,66.57,0.0,False,66.57
19390,8578,1,1,433.54,0.0,False,433.54
19391,8579,177,2,156.12,0.0,False,312.24
19392,8579,119,1,519.85,0.1,False,467.865
19393,8579,157,1,701.5,0.0,False,701.5
19394,8579,259,2,533.22,0.0,False,1066.44
19395,8580,223,-1,57.85,0.05,True,-54.957499999999996
19396,8581,273,3,560.24,0.0,False,1680.72
19397,8581,296,1,361.73,0.0,False,361.73
19398,8582,181,1,37.18,0.0,False,37.18
19399,8583,6,1,531.19,0.0,False,531.19
19400,8583,189,-1,24.7,0.15,True,-20.994999999999997
19401,8584,13,1,152.16,0.0,False,152.16
19402,8584,12,1,156.75,0.15,False,133.23749999999998
19403,8584,143,1,421.93,0.05,False,400.8335
19404,8585,7,1,357.42,0.2,False,285.93600000000004
19405,8585,238,1,192.17,0.0,False,192.17
19406,8585,11,2,216.27,0.05,False,410.913
19407,8586,128,1,686.4,0.1,False,617.76
19408,8587,15,1,536.46,0.0,False,536.46
19409,8588,271,2,756.22,0.1,False,1361.1960000000001
19410,8588,102,1,396.98,0.15,False,337.433
19411,8588,127,1,111.4,0.0,False,111.4
19412,8588,145,3,61.15,0.0,False,183.45
19413,8588,248,1,75.61,0.0,False,75.61
19414,8589,23,3,235.35,0.0,False,706.05
19415,8589,284,1,228.9,0.0,False,228.9
19416,8589,196,1,518.75,0.0,False,518.75
19417,8589,18,2,35.67,0.05,False,67.773
19418,8590,285,1,667.54,0.0,False,667.54
19419,8590,26,1,259.69,0.0,False,259.69
19420,8590,72,2,286.08,0.1,False,514.944
19421,8591,145,1,61.15,0.15,False,51.9775
19422,8591,116,1,862.37,0.0,False,862.37
19423,8591,72,1,286.08,0.1,False,257.472
19424,8591,16,-1,245.66,0.1,True,-221.094
19425,8592,92,1,148.78,0.1,False,133.90200000000002
19426,8592,163,1,598.68,0.1,False,538.812
19427,8593,227,1,192.19,0.1,False,172.971
19428,8594,267,1,253.7,0.1,False,228.32999999999998
19429,8594,117,1,567.69,0.2,False,454.15200000000004
19430,8594,135,3,550.83,0.0,False,1652.4900000000002
19431,8594,53,1,192.38,0.0,False,192.38
19432,8594,122,1,607.34,0.2,False,485.87200000000007
19433,8595,21,1,614.24,0.0,False,614.24
19434,8595,74,1,171.2,0.0,False,171.2
19435,8596,121,1,183.38,0.15,False,155.873
19436,8596,229,1,690.53,0.0,False,690.53
19437,8597,62,1,244.7,0.15,False,207.99499999999998
19438,8597,122,1,607.34,0.05,False,576.973
19439,8597,152,1,910.86,0.0,False,910.86
19440,8598,30,-1,477.17,0.2,True,-381.73600000000005
19441,8598,25,1,282.92,0.05,False,268.774
19442,8599,257,2,8.4,0.05,False,15.959999999999999
19443,8599,62,2,244.7,0.0,False,489.4
19444,8599,118,1,611.17,0.0,False,611.17
19445,8600,140,2,500.02,0.05,False,950.0379999999999
19446,8600,240,1,555.47,0.15,False,472.1495
19447,8601,49,1,850.7,0.0,False,850.7
19448,8601,279,1,226.81,0.1,False,204.12900000000002
19449,8602,184,1,278.4,0.0,False,278.4
19450,8602,101,1,488.42,0.0,False,488.42
19451,8603,159,1,818.3,0.15,False,695.555
19452,8603,103,-1,456.96,0.15,True,-388.416
19453,8603,244,3,263.25,0.0,False,789.75
19454,8604,253,1,621.95,0.0,False,621.95
19455,8604,25,1,282.92,0.15,False,240.482
19456,8605,117,1,567.69,0.0,False,567.69
19457,8605,272,1,5.69,0.0,False,5.69
19458,8605,161,1,68.77,0.0,False,68.77
19459,8605,158,1,282.03,0.15,False,239.72549999999998
19460,8606,204,1,578.66,0.1,False,520.794
19461,8606,204,1,578.66,0.0,False,578.66
19462,8607,148,1,304.48,0.0,False,304.48
19463,8607,10,2,309.24,0.0,False,618.48
19464,8607,88,1,275.21,0.0,False,275.21
19465,8608,53,1,192.38,0.0,False,192.38
19466,8609,36,1,749.87,0.0,False,749.87
19467,8610,76,1,938.11,0.0,False,938.11
19468,8611,116,1,862.37,0.0,False,862.37
19469,8612,240,1,555.47,0.0,False,555.47
19470,8612,42,1,328.75,0.0,False,328.75
19471,8612,149,1,382.77,0.0,False,382.77
19472,8612,86,2,443.6,0.05,False,842.84
19473,8612,291,1,19.78,0.1,False,17.802000000000003
19474,8613,15,3,536.46,0.05,False,1528.911
19475,8613,280,1,121.8,0.15,False,103.53
19476,8613,121,1,183.38,0.1,False,165.042
19477,8614,2,2,807.37,0.0,False,1614.74
19478,8615,162,1,126.53,0.0,False,126.53
19479,8615,36,1,749.87,0.0,False,749.87
19480,8616,36,1,749.87,0.1,False,674.883
19481,8616,18,3,35.67,0.0,False,107.01
19482,8617,204,1,578.66,0.1,False,520.794
19483,8617,160,1,150.1,0.0,False,150.1
19484,8617,84,1,43.2,0.0,False,43.2
19485,8617,245,1,11506.5,0.05,False,10931.175
19486,8618,217,1,479.18,0.0,False,479.18
19487,8618,48,1,231.62,0.1,False,208.458
19488,8618,20,1,548.49,0.0,False,548.49
19489,8618,143,1,421.93,0.0,False,421.93
19490,8619,233,1,82.49,0.0,False,82.49
19491,8619,192,1,697.79,0.15,False,593.1215
19492,8619,236,-1,55.21,0.05,True,-52.4495
19493,8620,266,1,110.99,0.0,False,110.99
19494,8620,257,2,8.4,0.1,False,15.120000000000001
19495,8621,217,1,479.18,0.1,False,431.262
19496,8621,211,1,943.9,0.0,False,943.9
19497,8621,155,1,607.36,0.0,False,607.36
19498,8622,209,1,797.01,0.0,False,797.01
19499,8622,9,1,66.57,0.15,False,56.58449999999999
19500,8622,122,1,607.34,0.05,False,576.973
19501,8622,261,1,429.63,0.0,False,429.63
19502,8622,41,1,376.48,0.0,False,376.48
19503,8623,288,1,515.26,0.1,False,463.734
19504,8623,164,1,446.58,0.0,False,446.58
19505,8624,298,1,238.39,0.0,False,238.39
19506,8625,172,1,104.56,0.0,False,104.56
19507,8625,39,1,412.64,0.0,False,412.64
19508,8625,136,3,974.39,0.0,False,2923.17
19509,8626,216,1,492.92,0.0,False,492.92
19510,8627,122,1,607.34,0.1,False,546.606
19511,8627,288,1,515.26,0.1,False,463.734
19512,8628,266,1,110.99,0.0,False,110.99
19513,8629,223,1,57.85,0.05,False,54.957499999999996
19514,8630,130,1,454.11,0.05,False,431.4045
19515,8631,165,2,605.76,0.0,False,1211.52
19516,8632,300,1,133.29,0.0,False,133.29
19517,8633,127,1,111.4,0.2,False,89.12
19518,8633,180,1,843.45,0.0,False,843.45
19519,8634,215,3,501.1,0.0,False,1503.3000000000002
19520,8634,100,1,283.25,0.1,False,254.925
19521,8634,91,1,369.86,0.15,False,314.38100000000003
19522,8634,13,1,152.16,0.15,False,129.33599999999998
19523,8635,115,2,251.88,0.15,False,428.19599999999997
19524,8635,211,1,943.9,0.0,False,943.9
19525,8635,142,1,717.32,0.0,False,717.32
19526,8636,100,2,283.25,0.05,False,538.175
19527,8636,277,1,437.32,0.15,False,371.722
19528,8637,59,2,287.12,0.0,False,574.24
19529,8637,221,1,704.75,0.0,False,704.75
19530,8637,140,1,500.02,0.0,False,500.02
19531,8637,136,1,974.39,0.05,False,925.6705
19532,8638,178,1,563.12,0.0,False,563.12
19533,8639,153,2,530.38,0.05,False,1007.722
19534,8640,250,1,8284.0,0.0,False,8284.0
19535,8641,211,1,943.9,0.0,False,943.9
19536,8641,238,1,192.17,0.0,False,192.17
19537,8641,65,1,460.75,0.05,False,437.7125
19538,8641,99,1,496.87,0.0,False,496.87
19539,8642,72,1,286.08,0.0,False,286.08
19540,8643,136,1,974.39,0.0,False,974.39
19541,8643,276,2,341.21,0.05,False,648.299
19542,8644,275,2,82.62,0.0,False,165.24
19543,8644,171,2,14.73,0.0,False,29.46
19544,8645,275,2,82.62,0.0,False,165.24
19545,8645,38,1,364.99,0.0,False,364.99
19546,8646,299,2,725.08,0.05,False,1377.652
19547,8646,185,2,582.19,0.0,False,1164.38
19548,8647,140,1,500.02,0.05,False,475.01899999999995
19549,8648,17,1,953.82,0.0,False,953.82
19550,8649,184,2,278.4,0.0,False,556.8
19551,8649,228,1,162.75,0.0,False,162.75
19552,8650,243,1,746.93,0.0,False,746.93
19553,8650,56,1,186.07,0.0,False,186.07
19554,8651,64,1,29.71,0.05,False,28.2245
19555,8651,102,1,396.98,0.15,False,337.433
19557,8651,241,2,306.12,0.0,False,612.24
19558,8652,92,1,148.78,0.15,False,126.463
19559,8652,262,2,214.85,0.2,False,343.76
19560,8653,56,1,186.07,0.0,False,186.07
19561,8653,138,2,54.35,0.0,False,108.7
19562,8653,19,1,727.02,0.05,False,690.669
19563,8654,294,1,141.94,0.0,False,141.94
19564,8654,152,1,910.86,0.1,False,819.774
19565,8655,137,1,316.92,0.0,False,316.92
19566,8655,25,3,282.92,0.2,False,679.008
19567,8656,226,1,211.98,0.0,False,211.98
19568,8656,17,-1,953.82,0.0,True,-953.82
19569,8656,40,1,171.89,0.0,False,171.89
19570,8657,41,3,376.48,0.0,False,1129.44
19571,8657,184,1,278.4,0.0,False,278.4
19572,8657,87,1,564.0,0.1,False,507.6
19573,8657,286,1,47.93,0.2,False,38.344
19574,8657,291,1,19.78,0.1,False,17.802000000000003
19575,8658,290,1,908.96,0.0,False,908.96
19576,8658,124,-1,640.23,0.1,True,-576.207
19577,8659,225,-1,939.11,0.05,True,-892.1545
19578,8660,101,2,488.42,0.0,False,976.84
19579,8661,108,2,378.75,0.0,False,757.5
19580,8662,205,2,367.74,0.0,False,735.48
19581,8662,142,2,717.32,0.05,False,1362.9080000000001
19582,8662,33,1,217.73,0.15,False,185.07049999999998
19583,8662,183,2,942.96,0.0,False,1885.92
19584,8663,106,2,150.04,0.0,False,300.08
19585,8664,275,1,82.62,0.05,False,78.489
19586,8664,240,2,555.47,0.0,False,1110.94
19587,8664,116,1,862.37,0.0,False,862.37
19588,8665,30,3,477.17,0.0,False,1431.51
19589,8666,32,3,338.4,0.2,False,812.16
19590,8666,291,1,19.78,0.05,False,18.791
19592,8666,145,1,61.15,0.0,False,61.15
19593,8666,191,2,457.7,0.0,False,915.4
19594,8667,50,1,240.1,0.1,False,216.09
19595,8667,179,1,478.65,0.0,False,478.65
19596,8667,230,1,829.69,0.05,False,788.2055
19597,8668,256,1,537.93,0.1,False,484.13699999999994
19598,8668,124,1,640.23,0.0,False,640.23
19599,8668,106,2,150.04,0.0,False,300.08
19600,8669,141,1,251.45,0.0,False,251.45
19601,8669,231,2,410.59,0.2,False,656.944
19602,8670,100,1,283.25,0.0,False,283.25
19603,8671,14,1,90.93,0.1,False,81.837
19604,8671,257,1,8.4,0.05,False,7.9799999999999995
19605,8672,193,1,351.11,0.1,False,315.999
19606,8673,226,1,211.98,0.1,False,190.78199999999998
19607,8673,190,1,707.42,0.15,False,601.3069999999999
19608,8674,164,1,446.58,0.15,False,379.59299999999996
19609,8674,105,1,375.87,0.05,False,357.0765
19610,8675,263,3,222.36,0.0,False,667.08
19611,8676,103,1,456.96,0.2,False,365.568
19612,8676,98,1,71.96,0.2,False,57.568
19613,8677,128,2,686.4,0.15,False,1166.8799999999999
19614,8677,8,1,295.82,0.05,False,281.029
19615,8677,2,1,807.37,0.05,False,767.0015
19616,8678,85,1,530.7,0.0,False,530.7
19617,8678,14,1,90.93,0.0,False,90.93
19618,8678,264,1,16.2,0.0,False,16.2
19619,8678,128,1,686.4,0.0,False,686.4
19620,8679,108,1,378.75,0.0,False,378.75
19621,8680,34,-1,399.8,0.0,True,-399.8
19622,8681,214,1,304.46,0.0,False,304.46
19623,8681,220,1,475.38,0.0,False,475.38
19624,8682,259,1,533.22,0.0,False,533.22
19625,8682,94,2,514.73,0.0,False,1029.46
19626,8683,144,1,299.76,0.05,False,284.772
19627,8683,108,1,378.75,0.0,False,378.75
19628,8684,168,2,649.6,0.0,False,1299.2
19629,8684,112,1,10.73,0.1,False,9.657
19630,8685,272,1,5.69,0.0,False,5.69
19631,8686,13,1,152.16,0.05,False,144.552
19632,8686,232,1,71.83,0.05,False,68.2385
19633,8686,64,2,29.71,0.0,False,59.42
19634,8687,103,-1,456.96,0.05,True,-434.11199999999997
19635,8687,155,2,607.36,0.15,False,1032.512
19636,8687,135,2,550.83,0.0,False,1101.66
19637,8687,220,1,475.38,0.05,False,451.611
19638,8688,161,3,68.77,0.0,False,206.31
19639,8688,88,1,275.21,0.05,False,261.44949999999994
19640,8689,9,1,66.57,0.0,False,66.57
19641,8690,59,1,287.12,0.1,False,258.408
19642,8691,23,2,235.35,0.05,False,447.16499999999996
19643,8691,296,1,361.73,0.0,False,361.73
19644,8691,28,1,749.19,0.0,False,749.19
19645,8692,178,1,563.12,0.0,False,563.12
19646,8692,219,3,211.99,0.0,False,635.97
19647,8692,80,2,166.05,0.0,False,332.1
19648,8692,198,1,266.02,0.1,False,239.41799999999998
19649,8692,100,1,283.25,0.0,False,283.25
19650,8693,198,1,266.02,0.1,False,239.41799999999998
19651,8693,176,1,199.39,0.2,False,159.512
19652,8693,27,3,686.85,0.0,False,2060.55
19653,8693,126,2,240.49,0.0,False,480.98
19654,8694,248,1,75.61,0.0,False,75.61
19655,8695,273,1,560.24,0.05,False,532.228
19656,8695,275,1,82.62,0.0,False,82.62
19657,8695,44,1,6.81,0.0,False,6.81
19658,8696,197,2,538.79,0.0,False,1077.58
19659,8696,225,2,939.11,0.0,False,1878.22
19660,8697,131,3,797.13,0.0,False,2391.39
19661,8698,94,1,514.73,0.0,False,514.73
19662,8698,15,1,536.46,0.0,False,536.46
19663,8699,248,2,75.61,0.0,False,151.22
19664,8699,160,3,150.1,0.0,False,450.29999999999995
19665,8700,2,1,807.37,0.0,False,807.37
19666,8700,216,1,492.92,0.0,False,492.92
19667,8701,279,1,226.81,0.0,False,226.81
19668,8701,82,3,235.49,0.0,False,706.47
19669,8702,156,1,372.8,0.0,False,372.8
19670,8702,60,1,148.68,0.15,False,126.378
19671,8703,83,3,243.1,0.1,False,656.37
19672,8704,141,3,251.45,0.0,False,754.3499999999999
19673,8704,223,1,57.85,0.05,False,54.957499999999996
19674,8705,256,1,537.93,0.0,False,537.93
19675,8706,84,1,43.2,0.05,False,41.04
19676,8706,42,1,328.75,0.0,False,328.75
19677,8707,187,1,127.57,0.05,False,121.19149999999999
19678,8708,251,1,439.11,0.0,False,439.11
19679,8708,131,1,797.13,0.05,False,757.2735
19680,8709,183,1,942.96,0.05,False,895.812
19681,8709,234,1,486.72,0.0,False,486.72
19682,8709,180,1,843.45,0.05,False,801.2775
19683,8710,285,2,667.54,0.0,False,1335.08
19684,8711,272,1,5.69,0.05,False,5.4055
19685,8711,197,1,538.79,0.1,False,484.911
19686,8712,118,1,611.17,0.0,False,611.17
19687,8713,140,1,500.02,0.0,False,500.02
19688,8713,71,1,362.18,0.0,False,362.18
19689,8714,230,2,829.69,0.0,False,1659.38
19690,8714,91,1,369.86,0.0,False,369.86
19691,8714,115,2,251.88,0.0,False,503.76
19692,8715,63,1,430.39,0.1,False,387.351
19693,8715,171,1,14.73,0.0,False,14.73
19694,8716,71,1,362.18,0.0,False,362.18
19695,8716,168,1,649.6,0.1,False,584.64
19696,8716,162,1,126.53,0.05,False,120.20349999999999
19697,8717,128,1,686.4,0.0,False,686.4
19698,8717,228,1,162.75,0.0,False,162.75
19699,8717,212,1,445.65,0.15,False,378.80249999999995
19700,8718,81,1,779.01,0.0,False,779.01
19701,8718,46,1,397.56,0.05,False,377.68199999999996
19702,8719,210,2,177.09,0.0,False,354.18
19703,8719,57,1,510.39,0.0,False,510.39
19704,8720,164,1,446.58,0.15,False,379.59299999999996
19705,8720,6,1,531.19,0.0,False,531.19
19706,8721,230,1,829.69,0.0,False,829.69
19707,8722,123,1,840.94,0.05,False,798.893
19708,8723,252,1,274.43,0.0,False,274.43
19709,8724,200,1,533.81,0.0,False,533.81
19710,8725,8,2,295.82,0.0,False,591.64
19711,8725,38,1,364.99,0.05,False,346.7405
19712,8725,198,1,266.02,0.0,False,266.02
19713,8726,299,3,725.08,0.0,False,2175.2400000000002
19714,8727,65,1,460.75,0.0,False,460.75
19715,8727,159,-1,818.3,0.0,True,-818.3
19716,8728,9,3,66.57,0.1,False,179.73899999999998
19717,8728,108,1,378.75,0.0,False,378.75
19718,8728,169,1,458.05,0.2,False,366.44000000000005
19719,8728,25,1,282.92,0.05,False,268.774
19720,8728,120,1,146.96,0.05,False,139.612
19721,8729,291,1,19.78,0.05,False,18.791
19722,8729,97,-1,628.48,0.1,True,-565.6320000000001
19723,8730,72,1,286.08,0.0,False,286.08
19724,8730,236,1,55.21,0.0,False,55.21
19725,8731,140,1,500.02,0.0,False,500.02
19726,8731,207,1,518.71,0.15,False,440.9035
19727,8732,102,1,396.98,0.0,False,396.98
19728,8733,243,1,746.93,0.0,False,746.93
19729,8733,204,1,578.66,0.0,False,578.66
19730,8733,10,1,309.24,0.05,False,293.778
19731,8734,93,2,98.57,0.05,False,187.283
19732,8735,202,1,514.85,0.05,False,489.1075
19733,8735,206,3,612.54,0.15,False,1561.9769999999999
19734,8736,271,1,756.22,0.0,False,756.22
19735,8736,108,3,378.75,0.1,False,1022.625
19736,8737,135,3,550.83,0.15,False,1404.6165
19737,8737,263,1,222.36,0.0,False,222.36
19738,8738,282,1,280.61,0.0,False,280.61
19739,8739,5,2,503.34,0.05,False,956.3459999999999
19740,8739,2,1,807.37,0.0,False,807.37
19741,8739,266,1,110.99,0.0,False,110.99
19742,8739,199,1,51.0,0.0,False,51.0
19743,8740,217,1,479.18,0.0,False,479.18
19744,8740,169,1,458.05,0.0,False,458.05
19745,8740,223,1,57.85,0.0,False,57.85
19746,8740,206,1,612.54,0.0,False,612.54
19747,8741,233,2,82.49,0.15,False,140.23299999999998
19748,8741,176,1,199.39,0.05,False,189.42049999999998
19749,8742,237,1,335.88,0.1,False,302.29200000000003
19750,8742,162,1,126.53,0.0,False,126.53
19751,8742,14,1,90.93,0.0,False,90.93
19752,8742,113,1,55.28,0.2,False,44.224000000000004
19753,8742,167,1,39.88,0.0,False,39.88
19754,8743,90,1,219.22,0.15,False,186.337
19755,8743,211,1,943.9,0.2,False,755.12
19756,8743,276,1,341.21,0.15,False,290.02849999999995
19757,8744,112,1,10.73,0.0,False,10.73
19758,8744,80,1,166.05,0.0,False,166.05
19759,8744,240,2,555.47,0.0,False,1110.94
19760,8745,50,2,240.1,0.0,False,480.2
19761,8746,185,2,582.19,0.2,False,931.5040000000001
19762,8746,93,1,98.57,0.0,False,98.57
19763,8746,150,1,182.12,0.0,False,182.12
19764,8747,109,1,59.23,0.0,False,59.23
19765,8747,258,1,626.09,0.0,False,626.09
19766,8747,28,1,749.19,0.0,False,749.19
19767,8748,50,2,240.1,0.0,False,480.2
19768,8748,129,1,492.47,0.1,False,443.223
19769,8749,47,1,513.39,0.05,False,487.72049999999996
19770,8749,218,1,127.17,0.05,False,120.8115
19771,8749,121,1,183.38,0.0,False,183.38
19772,8749,251,1,439.11,0.1,False,395.199
19773,8749,99,1,496.87,0.0,False,496.87
19774,8750,39,1,412.64,0.05,False,392.008
19775,8750,86,2,443.6,0.1,False,798.48
19776,8750,165,2,605.76,0.0,False,1211.52
19777,8751,125,1,584.13,0.05,False,554.9235
19778,8752,291,1,19.78,0.1,False,17.802000000000003
19779,8752,223,1,57.85,0.0,False,57.85
19780,8752,246,1,574.84,0.1,False,517.356
19781,8753,84,1,43.2,0.0,False,43.2
19782,8753,276,2,341.21,0.05,False,648.299
19783,8754,64,1,29.71,0.0,False,29.71
19784,8755,173,1,587.7,0.0,False,587.7
19785,8755,7,1,357.42,0.0,False,357.42
19786,8755,27,1,686.85,0.0,False,686.85
19787,8755,165,1,605.76,0.05,False,575.472
19788,8755,224,1,23.12,0.0,False,23.12
19789,8756,200,1,533.81,0.0,False,533.81
19790,8756,122,1,607.34,0.0,False,607.34
19791,8756,102,1,396.98,0.2,False,317.58400000000006
19792,8756,86,3,443.6,0.0,False,1330.8000000000002
19793,8756,71,2,362.18,0.0,False,724.36
19794,8757,121,1,183.38,0.0,False,183.38
19795,8757,76,3,938.11,0.05,False,2673.6135
19796,8757,256,1,537.93,0.2,False,430.344
19797,8757,85,1,530.7,0.0,False,530.7
19798,8757,261,1,429.63,0.05,False,408.14849999999996
19799,8758,153,1,530.38,0.1,False,477.342
19800,8759,96,1,682.77,0.0,False,682.77
19801,8759,289,1,635.36,0.0,False,635.36
19802,8759,33,1,217.73,0.0,False,217.73
19803,8759,53,1,192.38,0.0,False,192.38
19804,8760,2,1,807.37,0.0,False,807.37
19805,8760,253,1,621.95,0.2,False,497.56000000000006
19806,8760,121,3,183.38,0.1,False,495.126
19807,8761,28,1,749.19,0.0,False,749.19
19808,8761,96,3,682.77,0.05,False,1945.8944999999999
19809,8762,68,3,133.13,0.0,False,399.39
19810,8763,48,2,231.62,0.05,False,440.078
19811,8763,251,1,439.11,0.2,False,351.288
19812,8764,186,1,290.81,0.0,False,290.81
19813,8764,265,1,839.64,0.05,False,797.6579999999999
19814,8764,35,1,425.48,0.1,False,382.932
19815,8764,293,3,709.48,0.05,False,2022.018
19816,8764,242,1,166.1,0.1,False,149.49
19817,8765,30,1,477.17,0.2,False,381.73600000000005
19818,8765,235,1,370.09,0.0,False,370.09
19819,8766,6,1,531.19,0.0,False,531.19
19820,8766,141,1,251.45,0.0,False,251.45
19821,8767,289,1,635.36,0.0,False,635.36
19822,8768,151,1,625.19,0.2,False,500.15200000000004
19823,8769,86,2,443.6,0.0,False,887.2
19824,8769,93,1,98.57,0.1,False,88.713
19825,8770,99,1,496.87,0.05,False,472.0265
19826,8771,219,1,211.99,0.0,False,211.99
19827,8771,108,1,378.75,0.05,False,359.8125
19828,8771,16,-1,245.66,0.05,True,-233.37699999999998
19829,8772,35,1,425.48,0.1,False,382.932
19830,8772,291,1,19.78,0.0,False,19.78
19831,8773,276,1,341.21,0.05,False,324.1495
19832,8773,131,2,797.13,0.0,False,1594.26
19833,8773,155,1,607.36,0.0,False,607.36
19834,8774,51,1,863.34,0.0,False,863.34
19835,8774,210,1,177.09,0.0,False,177.09
19836,8775,43,1,97.72,0.0,False,97.72
19837,8775,266,2,110.99,0.0,False,221.98
19838,8776,94,1,514.73,0.05,False,488.9935
19839,8776,210,2,177.09,0.2,False,283.344
19840,8776,223,1,57.85,0.05,False,54.957499999999996
19841,8777,94,1,514.73,0.0,False,514.73
19842,8777,222,1,264.61,0.1,False,238.14900000000003
19843,8778,199,1,51.0,0.0,False,51.0
19844,8779,275,1,82.62,0.0,False,82.62
19845,8779,96,1,682.77,0.0,False,682.77
19846,8779,88,1,275.21,0.0,False,275.21
19847,8779,208,2,260.07,0.05,False,494.133
19848,8779,257,2,8.4,0.0,False,16.8
19849,8780,297,-1,89.43,0.2,True,-71.54400000000001
19850,8781,76,1,938.11,0.0,False,938.11
19851,8781,280,1,121.8,0.1,False,109.62
19852,8781,268,1,23.79,0.0,False,23.79
19853,8782,35,1,425.48,0.0,False,425.48
19854,8783,105,1,375.87,0.15,False,319.4895
19855,8784,26,1,259.69,0.15,False,220.73649999999998
19856,8784,130,1,454.11,0.0,False,454.11
19857,8784,258,2,626.09,0.0,False,1252.18
19858,8785,188,1,550.0,0.0,False,550.0
19860,8785,249,1,682.27,0.0,False,682.27
19861,8786,98,1,71.96,0.0,False,71.96
19862,8786,212,1,445.65,0.1,False,401.085
19863,8787,149,1,382.77,0.0,False,382.77
19864,8787,292,1,425.68,0.0,False,425.68
19865,8787,53,1,192.38,0.0,False,192.38
19866,8787,88,1,275.21,0.15,False,233.92849999999999
19867,8788,164,2,446.58,0.0,False,893.16
19868,8788,259,1,533.22,0.2,False,426.576
19869,8789,264,1,16.2,0.15,False,13.77
19870,8789,268,1,23.79,0.0,False,23.79
19871,8790,138,1,54.35,0.1,False,48.915
19872,8790,190,1,707.42,0.15,False,601.3069999999999
19873,8791,140,1,500.02,0.1,False,450.018
19874,8791,22,1,205.71,0.0,False,205.71
19875,8791,155,2,607.36,0.0,False,1214.72
19876,8791,96,1,682.77,0.0,False,682.77
19877,8791,249,1,682.27,0.0,False,682.27
19878,8792,250,1,8284.0,0.0,False,8284.0
19879,8793,148,1,304.48,0.0,False,304.48
19880,8794,21,2,614.24,0.0,False,1228.48
19881,8795,287,2,754.14,0.1,False,1357.452
19882,8796,40,1,171.89,0.0,False,171.89
19883,8796,112,2,10.73,0.15,False,18.241
19884,8796,106,1,150.04,0.0,False,150.04
19885,8797,180,1,843.45,0.0,False,843.45
19886,8797,120,2,146.96,0.0,False,293.92
19887,8797,139,1,835.42,0.05,False,793.6489999999999
19888,8798,286,1,47.93,0.05,False,45.5335
19889,8799,4,3,17.97,0.2,False,43.128
19890,8800,89,1,247.06,0.0,False,247.06
19891,8800,50,1,240.1,0.05,False,228.09499999999997
19892,8800,138,1,54.35,0.05,False,51.6325
19893,8800,55,1,395.52,0.0,False,395.52
19894,8801,238,2,192.17,0.05,False,365.12299999999993
19895,8801,28,2,749.19,0.0,False,1498.38
19896,8802,217,2,479.18,0.0,False,958.36
19897,8802,263,1,222.36,0.05,False,211.242
19898,8803,237,1,335.88,0.0,False,335.88
19899,8804,165,1,605.76,0.15,False,514.896
19900,8804,274,2,528.78,0.15,False,898.9259999999999
19901,8805,50,1,240.1,0.05,False,228.09499999999997
19902,8805,108,1,378.75,0.0,False,378.75
19903,8806,296,1,361.73,0.0,False,361.73
19904,8806,17,1,953.82,0.15,False,810.7470000000001
19905,8806,29,1,103.82,0.0,False,103.82
19906,8807,156,1,372.8,0.0,False,372.8
19907,8808,220,3,475.38,0.0,False,1426.1399999999999
19908,8808,103,1,456.96,0.0,False,456.96
19909,8809,251,3,439.11,0.0,False,1317.33
19910,8809,213,1,111.83,0.0,False,111.83
19911,8810,275,1,82.62,0.1,False,74.358
19912,8810,154,1,115.68,0.15,False,98.328
19913,8811,22,1,205.71,0.0,False,205.71
19914,8811,125,2,584.13,0.0,False,1168.26
19915,8812,160,1,150.1,0.0,False,150.1
19916,8812,70,1,402.01,0.0,False,402.01
19917,8813,191,3,457.7,0.0,False,1373.1
19918,8813,189,1,24.7,0.2,False,19.76
19919,8813,274,1,528.78,0.0,False,528.78
19920,8813,265,1,839.64,0.0,False,839.64
19922,8813,229,3,690.53,0.05,False,1968.0105
19923,8814,220,1,475.38,0.0,False,475.38
19924,8814,240,1,555.47,0.1,False,499.92300000000006
19925,8814,26,1,259.69,0.0,False,259.69
19926,8815,92,1,148.78,0.05,False,141.341
19927,8815,100,1,283.25,0.0,False,283.25
19928,8815,294,2,141.94,0.1,False,255.492
19929,8815,7,1,357.42,0.05,False,339.549
19930,8816,300,1,133.29,0.0,False,133.29
19931,8816,165,1,605.76,0.1,False,545.184
19932,8817,8,1,295.82,0.0,False,295.82
19933,8817,91,1,369.86,0.0,False,369.86
19934,8818,258,1,626.09,0.0,False,626.09
19935,8819,49,3,850.7,0.0,False,2552.1000000000004
19936,8819,207,1,518.71,0.0,False,518.71
19937,8820,115,1,251.88,0.0,False,251.88
19938,8820,113,1,55.28,0.1,False,49.752
19939,8820,275,1,82.62,0.0,False,82.62
19940,8821,107,1,963.92,0.0,False,963.92
19941,8821,122,1,607.34,0.0,False,607.34
19942,8821,92,1,148.78,0.05,False,141.341
19943,8822,257,1,8.4,0.0,False,8.4
19944,8823,69,1,274.11,0.0,False,274.11
19945,8823,151,1,625.19,0.0,False,625.19
19946,8824,54,2,679.71,0.0,False,1359.42
19947,8825,101,1,488.42,0.0,False,488.42
19948,8825,68,1,133.13,0.15,False,113.1605
19949,8826,88,1,275.21,0.05,False,261.44949999999994
19950,8826,49,2,850.7,0.15,False,1446.19
19951,8826,299,1,725.08,0.15,False,616.318
19952,8827,127,1,111.4,0.05,False,105.83
19953,8827,283,1,680.49,0.0,False,680.49
19954,8828,217,1,479.18,0.1,False,431.262
19955,8828,102,2,396.98,0.2,False,635.1680000000001
19956,8829,296,1,361.73,0.05,False,343.6435
19957,8830,26,1,259.69,0.0,False,259.69
19958,8831,23,1,235.35,0.05,False,223.58249999999998
19959,8832,143,1,421.93,0.1,False,379.737
19960,8832,132,1,299.38,0.0,False,299.38
19961,8833,145,1,61.15,0.2,False,48.92
19962,8834,198,1,266.02,0.0,False,266.02
19963,8835,232,1,71.83,0.15,False,61.055499999999995
19964,8836,106,1,150.04,0.0,False,150.04
19965,8836,173,1,587.7,0.0,False,587.7
19966,8836,135,1,550.83,0.1,False,495.74700000000007
19967,8836,163,1,598.68,0.0,False,598.68
19968,8837,265,1,839.64,0.0,False,839.64
19969,8837,1,3,433.54,0.0,False,1300.6200000000001
19970,8837,97,1,628.48,0.15,False,534.208
19971,8837,128,1,686.4,0.0,False,686.4
19972,8837,235,1,370.09,0.0,False,370.09
19973,8838,282,2,280.61,0.05,False,533.159
19974,8838,65,1,460.75,0.05,False,437.7125
19975,8838,228,1,162.75,0.0,False,162.75
19976,8838,93,2,98.57,0.15,False,167.569
19977,8838,254,1,286.86,0.1,False,258.17400000000004
19978,8839,29,2,103.82,0.0,False,207.64
19979,8839,54,1,679.71,0.2,False,543.768
19980,8839,298,1,238.39,0.0,False,238.39
19981,8839,191,1,457.7,0.15,False,389.04499999999996
19982,8839,170,1,723.66,0.0,False,723.66
19983,8840,15,1,536.46,0.0,False,536.46
19984,8840,124,2,640.23,0.05,False,1216.437
19985,8841,178,1,563.12,0.05,False,534.9639999999999
19986,8841,130,1,454.11,0.0,False,454.11
19987,8842,177,2,156.12,0.1,False,281.016
19988,8843,15,1,536.46,0.0,False,536.46
19989,8843,199,1,51.0,0.05,False,48.449999999999996
19990,8843,10,2,309.24,0.0,False,618.48
19991,8844,101,1,488.42,0.15,False,415.157
19992,8844,148,1,304.48,0.0,False,304.48
19993,8844,245,1,11506.5,0.0,False,11506.5
19994,8844,224,1,23.12,0.15,False,19.652
19995,8844,238,1,192.17,0.0,False,192.17
19996,8845,208,2,260.07,0.0,False,520.14
19997,8846,282,1,280.61,0.0,False,280.61
19998,8847,144,3,299.76,0.1,False,809.352
19999,8847,35,1,425.48,0.05,False,404.206
20000,8847,202,1,514.85,0.0,False,514.85
20001,8847,260,-1,619.66,0.0,True,-619.66
20002,8848,95,1,711.68,0.15,False,604.928
20003,8848,99,1,496.87,0.0,False,496.87
20004,8848,10,1,309.24,0.05,False,293.778
20005,8849,282,2,280.61,0.0,False,561.22
20006,8849,221,1,704.75,0.0,False,704.75
20007,8849,282,1,280.61,0.0,False,280.61
20008,8849,199,1,51.0,0.0,False,51.0
20009,8849,272,1,5.69,0.1,False,5.121
20010,8850,172,1,104.56,0.0,False,104.56
20011,8850,128,1,686.4,0.05,False,652.0799999999999
20012,8851,261,3,429.63,0.05,False,1224.4454999999998
20013,8852,51,1,863.34,0.0,False,863.34
20014,8853,139,1,835.42,0.15,False,710.107
20015,8853,268,1,23.79,0.0,False,23.79
20016,8854,233,1,82.49,0.15,False,70.11649999999999
20017,8854,142,2,717.32,0.15,False,1219.444
20018,8855,87,1,564.0,0.0,False,564.0
20019,8855,18,-1,35.67,0.0,True,-35.67
20020,8855,79,2,308.93,0.0,False,617.86
20021,8856,202,2,514.85,0.0,False,1029.7
20022,8856,25,1,282.92,0.0,False,282.92
20023,8857,100,1,283.25,0.05,False,269.0875
20024,8858,271,1,756.22,0.0,False,756.22
20025,8858,85,1,530.7,0.2,False,424.56000000000006
20026,8858,279,1,226.81,0.0,False,226.81
20027,8858,66,1,447.18,0.05,False,424.82099999999997
20028,8859,290,1,908.96,0.0,False,908.96
20029,8859,41,1,376.48,0.1,False,338.83200000000005
20030,8859,165,2,605.76,0.0,False,1211.52
20031,8860,71,1,362.18,0.0,False,362.18
20032,8860,239,1,517.8,0.0,False,517.8
20033,8861,180,1,843.45,0.0,False,843.45
20034,8861,278,3,402.71,0.05,False,1147.7234999999998
20035,8861,82,1,235.49,0.15,False,200.1665
20036,8861,28,1,749.19,0.0,False,749.19
20037,8862,19,3,727.02,0.05,False,2072.007
20038,8862,257,1,8.4,0.0,False,8.4
20039,8863,282,3,280.61,0.05,False,799.7385
20040,8864,96,1,682.77,0.0,False,682.77
20041,8865,291,1,19.78,0.0,False,19.78
20042,8865,286,2,47.93,0.05,False,91.067
20043,8865,210,1,177.09,0.0,False,177.09
20044,8866,62,2,244.7,0.0,False,489.4
20045,8866,262,1,214.85,0.2,False,171.88
20046,8867,78,1,213.82,0.0,False,213.82
20047,8868,159,1,818.3,0.0,False,818.3
20048,8868,161,1,68.77,0.0,False,68.77
20049,8869,57,1,510.39,0.2,False,408.312
20050,8869,209,1,797.01,0.0,False,797.01
20051,8869,127,1,111.4,0.0,False,111.4
20052,8870,158,1,282.03,0.0,False,282.03
20053,8871,86,1,443.6,0.0,False,443.6
20054,8872,263,2,222.36,0.1,False,400.24800000000005
20055,8872,176,2,199.39,0.2,False,319.024
20056,8873,104,2,957.31,0.0,False,1914.62
20057,8873,93,1,98.57,0.15,False,83.7845
20058,8873,255,1,249.2,0.05,False,236.73999999999998
20059,8873,80,2,166.05,0.0,False,332.1
20060,8873,59,1,287.12,0.1,False,258.408
20061,8874,88,1,275.21,0.1,False,247.689
20062,8874,277,1,437.32,0.15,False,371.722
20063,8875,263,1,222.36,0.0,False,222.36
20064,8875,94,1,514.73,0.05,False,488.9935
20065,8875,93,1,98.57,0.05,False,93.6415
20066,8875,130,1,454.11,0.0,False,454.11
20067,8875,127,1,111.4,0.2,False,89.12
20068,8876,298,1,238.39,0.05,False,226.4705
20069,8876,173,1,587.7,0.0,False,587.7
20070,8876,168,1,649.6,0.0,False,649.6
20071,8877,246,1,574.84,0.0,False,574.84
20072,8878,108,2,378.75,0.0,False,757.5
20073,8878,103,1,456.96,0.0,False,456.96
20074,8878,54,1,679.71,0.05,False,645.7245
20075,8878,81,3,779.01,0.05,False,2220.1784999999995
20076,8878,20,1,548.49,0.0,False,548.49
20077,8879,229,1,690.53,0.0,False,690.53
20078,8879,92,1,148.78,0.2,False,119.024
20079,8879,275,1,82.62,0.0,False,82.62
20080,8879,132,1,299.38,0.2,False,239.50400000000002
20081,8880,212,2,445.65,0.1,False,802.17
20082,8880,108,1,378.75,0.0,False,378.75
20083,8880,129,1,492.47,0.0,False,492.47
20084,8880,70,1,402.01,0.2,False,321.608
20085,8881,90,3,219.22,0.0,False,657.66
20086,8881,198,1,266.02,0.15,False,226.117
20087,8881,222,1,264.61,0.15,False,224.9185
20088,8882,26,1,259.69,0.0,False,259.69
20089,8882,126,1,240.49,0.05,False,228.4655
20090,8882,11,1,216.27,0.0,False,216.27
20091,8882,49,1,850.7,0.1,False,765.6300000000001
20092,8882,158,1,282.03,0.0,False,282.03
20093,8883,171,3,14.73,0.05,False,41.9805
20094,8883,32,2,338.4,0.0,False,676.8
20095,8883,189,1,24.7,0.2,False,19.76
20096,8883,176,1,199.39,0.0,False,199.39
20097,8884,74,1,171.2,0.0,False,171.2
20098,8885,209,1,797.01,0.0,False,797.01
20099,8885,134,1,541.79,0.0,False,541.79
20100,8886,235,2,370.09,0.0,False,740.18
20101,8887,248,1,75.61,0.0,False,75.61
20102,8888,6,3,531.19,0.0,False,1593.5700000000002
20103,8888,53,1,192.38,0.0,False,192.38
20104,8889,143,1,421.93,0.1,False,379.737
20105,8889,98,1,71.96,0.0,False,71.96
20106,8889,221,1,704.75,0.1,False,634.275
20107,8889,252,1,274.43,0.0,False,274.43
20108,8889,177,1,156.12,0.0,False,156.12
20109,8890,114,1,23.97,0.0,False,23.97
20110,8890,219,1,211.99,0.1,False,190.79100000000003
20111,8890,10,-1,309.24,0.2,True,-247.39200000000002
20112,8891,78,-1,213.82,0.15,True,-181.74699999999999
20113,8892,73,1,346.78,0.05,False,329.441
20114,8893,273,1,560.24,0.0,False,560.24
20115,8893,260,1,619.66,0.05,False,588.6769999999999
20116,8893,52,1,12.48,0.2,False,9.984000000000002
20117,8894,173,1,587.7,0.0,False,587.7
20118,8894,139,1,835.42,0.0,False,835.42
20119,8894,187,1,127.57,0.05,False,121.19149999999999
20120,8894,178,1,563.12,0.0,False,563.12
20121,8895,167,1,39.88,0.0,False,39.88
20122,8895,162,2,126.53,0.0,False,253.06
20123,8896,248,1,75.61,0.1,False,68.049
20124,8896,7,-1,357.42,0.0,True,-357.42
20125,8896,105,1,375.87,0.05,False,357.0765
20126,8897,13,1,152.16,0.0,False,152.16
20127,8897,132,1,299.38,0.0,False,299.38
20128,8897,138,1,54.35,0.0,False,54.35
20129,8897,187,1,127.57,0.05,False,121.19149999999999
20130,8897,26,1,259.69,0.05,False,246.70549999999997
20131,8898,287,1,754.14,0.0,False,754.14
20132,8898,241,1,306.12,0.0,False,306.12
20133,8899,94,2,514.73,0.1,False,926.514
20134,8899,225,1,939.11,0.0,False,939.11
20135,8899,203,1,431.09,0.0,False,431.09
20136,8900,92,1,148.78,0.0,False,148.78
20137,8900,171,1,14.73,0.15,False,12.5205
20138,8901,214,1,304.46,0.1,False,274.014
20139,8902,107,1,963.92,0.0,False,963.92
20141,8902,210,1,177.09,0.0,False,177.09
20142,8903,57,1,510.39,0.0,False,510.39
20143,8903,51,1,863.34,0.0,False,863.34
20144,8904,272,1,5.69,0.0,False,5.69
20145,8904,126,1,240.49,0.0,False,240.49
20146,8904,55,1,395.52,0.0,False,395.52
20147,8905,297,1,89.43,0.05,False,84.9585
20148,8905,64,2,29.71,0.0,False,59.42
20149,8906,36,2,749.87,0.05,False,1424.753
20150,8906,155,1,607.36,0.05,False,576.992
20151,8907,195,1,132.26,0.15,False,112.42099999999999
20152,8908,218,1,127.17,0.0,False,127.17
20153,8909,41,2,376.48,0.0,False,752.96
20154,8910,121,1,183.38,0.0,False,183.38
20155,8910,16,2,245.66,0.0,False,491.32
20156,8911,276,1,341.21,0.05,False,324.1495
20157,8912,139,1,835.42,0.0,False,835.42
20158,8912,230,1,829.69,0.1,False,746.7210000000001
20159,8913,12,1,156.75,0.0,False,156.75
20160,8913,59,1,287.12,0.0,False,287.12
20161,8913,148,1,304.48,0.0,False,304.48
20162,8913,276,2,341.21,0.05,False,648.299
20163,8914,82,1,235.49,0.0,False,235.49
20164,8915,292,1,425.68,0.0,False,425.68
20165,8915,268,1,23.79,0.0,False,23.79
20166,8915,243,1,746.93,0.05,False,709.5835
20167,8916,291,1,19.78,0.0,False,19.78
20168,8916,63,3,430.39,0.0,False,1291.17
20169,8916,86,1,443.6,0.1,False,399.24
20170,8916,90,2,219.22,0.0,False,438.44
20171,8917,231,1,410.59,0.0,False,410.59
20172,8918,101,1,488.42,0.1,False,439.57800000000003
20173,8919,178,1,563.12,0.0,False,563.12
20174,8919,191,2,457.7,0.05,False,869.6299999999999
20175,8920,152,1,910.86,0.1,False,819.774
20176,8921,167,2,39.88,0.0,False,79.76
20177,8922,89,1,247.06,0.2,False,197.64800000000002
20178,8922,224,1,23.12,0.2,False,18.496000000000002
20179,8922,226,-1,211.98,0.1,True,-190.78199999999998
20180,8923,105,2,375.87,0.15,False,638.979
20181,8923,69,1,274.11,0.05,False,260.4045
20182,8924,52,1,12.48,0.0,False,12.48
20183,8924,226,2,211.98,0.1,False,381.56399999999996
20184,8924,244,1,263.25,0.0,False,263.25
20185,8925,77,1,103.53,0.0,False,103.53
20186,8925,22,1,205.71,0.2,False,164.568
20188,8925,105,1,375.87,0.1,False,338.283
20189,8925,159,1,818.3,0.0,False,818.3
20190,8926,220,1,475.38,0.2,False,380.30400000000003
20191,8926,128,1,686.4,0.0,False,686.4
20192,8927,193,1,351.11,0.0,False,351.11
20193,8928,32,1,338.4,0.05,False,321.47999999999996
20194,8928,250,1,8284.0,0.0,False,8284.0
20195,8928,228,1,162.75,0.0,False,162.75
20196,8929,93,2,98.57,0.15,False,167.569
20198,8930,120,1,146.96,0.0,False,146.96
20199,8930,142,1,717.32,0.0,False,717.32
20200,8931,129,1,492.47,0.0,False,492.47
20201,8932,231,1,410.59,0.0,False,410.59
20202,8933,175,2,600.57,0.05,False,1141.083
20203,8933,33,-1,217.73,0.15,True,-185.07049999999998
20204,8933,10,2,309.24,0.0,False,618.48
20205,8933,144,1,299.76,0.0,False,299.76
20206,8933,36,1,749.87,0.05,False,712.3765
20207,8934,23,1,235.35,0.0,False,235.35
20208,8935,38,2,364.99,0.0,False,729.98
20209,8935,179,2,478.65,0.0,False,957.3
20210,8936,102,1,396.98,0.0,False,396.98
20211,8936,149,2,382.77,0.0,False,765.54
20212,8936,294,1,141.94,0.05,False,134.843
20213,8936,187,1,127.57,0.0,False,127.57
20214,8937,150,1,182.12,0.0,False,182.12
20216,8937,190,2,707.42,0.2,False,1131.872
20217,8937,101,2,488.42,0.0,False,976.84
20218,8938,133,1,479.79,0.0,False,479.79
20219,8938,189,2,24.7,0.0,False,49.4
20221,8939,152,1,910.86,0.2,False,728.6880000000001
20222,8940,248,1,75.61,0.05,False,71.8295
20223,8940,158,1,282.03,0.15,False,239.72549999999998
20224,8940,182,1,500.91,0.0,False,500.91
20225,8940,11,3,216.27,0.0,False,648.8100000000001
20226,8941,154,1,115.68,0.0,False,115.68
20227,8942,5,3,503.34,0.0,False,1510.02
20228,8942,195,1,132.26,0.0,False,132.26
20229,8942,216,1,492.92,0.0,False,492.92
20230,8943,121,2,183.38,0.0,False,366.76
20231,8944,267,2,253.7,0.0,False,507.4
20232,8944,293,2,709.48,0.0,False,1418.96
20233,8944,36,1,749.87,0.0,False,749.87
20234,8944,279,3,226.81,0.0,False,680.4300000000001
20235,8944,227,1,192.19,0.05,False,182.5805
20236,8945,157,1,701.5,0.05,False,666.425
20237,8945,234,1,486.72,0.0,False,486.72
20238,8945,7,1,357.42,0.0,False,357.42
20239,8945,273,2,560.24,0.0,False,1120.48
20240,8946,292,1,425.68,0.1,False,383.112
20241,8946,173,2,587.7,0.05,False,1116.63
20242,8946,58,-1,87.55,0.0,True,-87.55
20243,8947,263,1,222.36,0.0,False,222.36
20244,8947,202,1,514.85,0.0,False,514.85
20245,8948,191,3,457.7,0.0,False,1373.1
20246,8949,265,1,839.64,0.15,False,713.694
20247,8950,100,1,283.25,0.0,False,283.25
20248,8950,6,1,531.19,0.0,False,531.19
20249,8951,298,1,238.39,0.0,False,238.39
20250,8952,222,3,264.61,0.1,False,714.447
20251,8952,16,1,245.66,0.0,False,245.66
20252,8953,29,3,103.82,0.0,False,311.46
20253,8954,83,1,243.1,0.0,False,243.1
20254,8954,119,1,519.85,0.0,False,519.85
20255,8955,13,1,152.16,0.0,False,152.16
20256,8955,127,2,111.4,0.1,False,200.52
20257,8955,136,1,974.39,0.05,False,925.6705
20258,8955,271,3,756.22,0.0,False,2268.66
20259,8956,154,2,115.68,0.1,False,208.22400000000002
20260,8957,145,1,61.15,0.0,False,61.15
20261,8957,55,2,395.52,0.0,False,791.04
20262,8957,193,3,351.11,0.05,False,1000.6634999999999
20263,8958,106,1,150.04,0.05,False,142.53799999999998
20264,8958,90,1,219.22,0.0,False,219.22
20265,8958,124,1,640.23,0.1,False,576.207
20266,8958,34,2,399.8,0.15,False,679.66
20267,8959,19,1,727.02,0.1,False,654.318
20268,8960,278,1,402.71,0.0,False,402.71
20269,8961,121,1,183.38,0.2,False,146.704
20270,8961,178,2,563.12,0.15,False,957.304
20271,8962,80,1,166.05,0.0,False,166.05
20272,8962,157,1,701.5,0.2,False,561.2
20273,8962,55,1,395.52,0.0,False,395.52
20274,8962,22,3,205.71,0.0,False,617.13
20275,8963,200,1,533.81,0.0,False,533.81
20276,8964,194,1,222.76,0.0,False,222.76
20277,8964,254,1,286.86,0.0,False,286.86
20278,8964,2,2,807.37,0.1,False,1453.266
20279,8965,21,1,614.24,0.0,False,614.24
20280,8966,101,1,488.42,0.15,False,415.157
20281,8966,9,1,66.57,0.0,False,66.57
20282,8967,193,1,351.11,0.0,False,351.11
20283,8967,15,2,536.46,0.0,False,1072.92
20284,8968,179,-1,478.65,0.1,True,-430.78499999999997
20285,8968,185,1,582.19,0.0,False,582.19
20286,8969,299,1,725.08,0.0,False,725.08
20287,8969,138,3,54.35,0.05,False,154.8975
20288,8969,43,1,97.72,0.0,False,97.72
20289,8969,53,3,192.38,0.15,False,490.56899999999996
20290,8970,179,1,478.65,0.15,False,406.85249999999996
20291,8970,100,1,283.25,0.0,False,283.25
20292,8970,267,1,253.7,0.0,False,253.7
20293,8970,222,1,264.61,0.05,False,251.3795
20294,8970,210,1,177.09,0.0,False,177.09
20295,8971,28,1,749.19,0.0,False,749.19
20296,8972,176,1,199.39,0.0,False,199.39
20297,8972,80,1,166.05,0.0,False,166.05
20298,8972,200,1,533.81,0.0,False,533.81
20299,8973,237,2,335.88,0.0,False,671.76
20300,8973,61,1,512.76,0.0,False,512.76
20301,8974,5,2,503.34,0.0,False,1006.68
20302,8974,233,1,82.49,0.1,False,74.241
20303,8974,249,1,682.27,0.0,False,682.27
20304,8975,98,1,71.96,0.05,False,68.362
20305,8976,283,1,680.49,0.05,False,646.4655
20306,8976,145,1,61.15,0.0,False,61.15
20307,8976,215,1,501.1,0.0,False,501.1
20308,8976,155,1,607.36,0.0,False,607.36
20309,8976,206,1,612.54,0.0,False,612.54
20310,8977,43,1,97.72,0.05,False,92.83399999999999
20311,8978,202,1,514.85,0.15,False,437.6225
20312,8979,64,1,29.71,0.2,False,23.768
20313,8980,135,1,550.83,0.0,False,550.83
20314,8981,4,3,17.97,0.0,False,53.91
20315,8981,289,1,635.36,0.0,False,635.36
20316,8981,147,1,517.03,0.1,False,465.327
20317,8982,84,1,43.2,0.0,False,43.2
20318,8982,100,1,283.25,0.0,False,283.25
20319,8983,135,1,550.83,0.1,False,495.74700000000007
20320,8983,35,3,425.48,0.05,False,1212.618
20321,8983,255,2,249.2,0.0,False,498.4
20322,8983,30,1,477.17,0.0,False,477.17
20323,8984,129,1,492.47,0.0,False,492.47
20324,8984,18,1,35.67,0.0,False,35.67
20325,8984,227,1,192.19,0.1,False,172.971
20326,8984,296,1,361.73,0.2,False,289.384
20327,8985,139,3,835.42,0.0,False,2506.2599999999998
20328,8986,202,1,514.85,0.0,False,514.85
20329,8986,18,1,35.67,0.0,False,35.67
20330,8986,79,1,308.93,0.0,False,308.93
20331,8987,63,1,430.39,0.0,False,430.39
20332,8987,5,1,503.34,0.0,False,503.34
20333,8987,111,-1,227.31,0.0,True,-227.31
20334,8988,178,1,563.12,0.0,False,563.12
20335,8989,186,1,290.81,0.0,False,290.81
20336,8989,126,1,240.49,0.1,False,216.441
20337,8990,92,1,148.78,0.0,False,148.78
20338,8991,97,3,628.48,0.0,False,1885.44
20339,8991,268,1,23.79,0.2,False,19.032
20340,8992,16,1,245.66,0.05,False,233.37699999999998
20341,8993,171,1,14.73,0.0,False,14.73
20342,8993,247,1,708.26,0.05,False,672.847
20343,8993,161,1,68.77,0.0,False,68.77
20344,8993,9,1,66.57,0.2,False,53.256
20345,8993,242,2,166.1,0.0,False,332.2
20346,8994,155,1,607.36,0.0,False,607.36
20347,8994,79,-1,308.93,0.0,True,-308.93
20348,8994,100,2,283.25,0.1,False,509.85
20349,8995,147,1,517.03,0.0,False,517.03
20350,8995,130,1,454.11,0.1,False,408.699
20351,8996,272,2,5.69,0.0,False,11.38
20352,8996,129,3,492.47,0.0,False,1477.41
20353,8997,28,1,749.19,0.0,False,749.19
20354,8997,231,2,410.59,0.05,False,780.1209999999999
20355,8998,253,1,621.95,0.0,False,621.95
20356,8998,60,1,148.68,0.0,False,148.68
20357,8999,289,1,635.36,0.15,False,540.056
20358,8999,221,3,704.75,0.1,False,1902.825
20359,8999,264,1,16.2,0.0,False,16.2
20360,8999,192,1,697.79,0.0,False,697.79
20361,9000,191,1,457.7,0.0,False,457.7
20362,9000,60,1,148.68,0.05,False,141.246
