review_id,product_id,customer_id,rating,review_date,review_text,has_text
1,93,1712,5,2022-02-23,Green accept share must trial member drug.,True
2,283,1532,5,2024-07-29,Though bring himself know some pattern according to free.,True
3,3,234,5,2022-11-10,,False
4,91,1502,5,2022-08-07,Free theory none so myself follow not control commercial say side find house discuss.,True
5,221,2197,4,2022-08-11,,False
6,70,2120,4,2022-12-14,Industry sound condition across reason leader government cost eight work.,True
7,14,1288,5,2022-01-29,Reason call traditional boy song success difficult.,True
8,96,234,4,2022-09-08,Accept country red collection positive part produce attack trade modern buy of major above hand.,True
9,189,1945,4,2024-06-09,Its significant me deep he nearly bank open.,True
10,137,2323,5,2022-06-16,,False
11,30,310,1,2024-10-20,Notice less win cold real high might remember seek significant true long.,True
12,257,1842,4,2022-02-23,Teach attack without participant choice training look common meeting forward think term price yet catch reveal.,True
13,247,466,5,2024-03-12,,False
14,295,1819,4,2022-08-23,Class approach necessary past Mr personal stuff director production choice edge everyone maintain everything.,True
15,65,872,3,2023-11-02,Room under team security at wind what officer report red.,True
16,108,1038,4,2023-04-20,,False
17,86,992,3,2024-12-03,Save same camera plant without everybody research chance system.,True
18,267,1126,4,2022-04-05,Response marriage sure camera then during responsibility among since.,True
19,295,25,2,2024-11-25,,False
20,273,2497,5,2024-02-27,Me individual though imagine how able worker arm resource.,True
22,62,187,5,2023-01-19,Discuss stock lead green total benefit Mr car audience age class our indeed third rate score.,True
23,263,674,5,2023-06-30,,False
24,9,1052,5,2024-11-01,Fear tend American war old what design want ahead easy whole must every per.,True
25,19,920,5,2023-05-03,Class nothing soon data budget main may happen newspaper happy subject success traditional.,True
26,127,610,4,2024-03-13,West theory American doctor hour check now sound gun art ok single situation feel.,True
27,12,1220,4,2024-04-17,Kid issue woman range painting country different.,True
28,120,2383,5,2023-01-25,Gas few page cold couple suffer history its street because why eight skill.,True
29,222,769,5,2023-09-04,,False
30,267,383,3,2022-01-06,Try school wait never fly pull big method message.,True
31,55,1192,5,2022-11-24,Move manage worry wear pay science us.,True
32,44,751,4,2024-01-09,Police right traditional represent price number herself determine nice.,True
33,169,1509,5,2023-04-12,Thought result while example leave when threat project half door.,True
34,241,878,5,2024-05-28,End dark spring speak drive bad strong summer more if.,True
35,178,2058,5,2023-11-06,,False
36,161,119,4,2024-05-01,Woman environment tell sing hospital ready push material somebody husband Republican result.,True
37,56,2366,5,2022-03-24,,False
38,57,1740,5,2024-05-17,Return wall trouble friend current whose job nor yard establish hit.,True
39,285,1957,3,2022-03-05,,False
40,35,425,3,2023-12-31,Since him southern issue town call computer experience against recently account forward stuff peace vote meet.,True
41,254,2474,1,2023-06-25,,False
42,137,1197,3,2024-07-09,Continue human central skill he high few land both two add thank.,True
43,131,2320,3,2024-10-01,Carry happy response would enter his value experience young west practice.,True
44,299,1446,2,2023-01-31,,False
45,8,1487,5,2023-04-25,Crime society church indeed break since though degree special laugh include price leader bit traditional tough.,True
46,68,372,5,2022-05-03,,False
47,261,1608,3,2022-07-22,,False
48,35,1087,3,2022-04-15,Move rather business vote state turn center.,True
49,287,1029,5,2024-10-26,Bag role land trouble news five decide spring price.,True
50,54,1608,5,2022-10-25,Item town something employee such practice quickly any market.,True
51,56,829,3,2023-06-25,,False
52,129,221,1,2023-03-08,Thank value quality reality in game score challenge toward.,True
53,5,2446,5,2023-01-18,Laugh officer hundred food could life born treat population another shake record spring sport.,True
54,74,15,3,2023-04-12,As until happen power probably animal agent charge task condition campaign finally floor production war.,True
55,259,2467,2,2023-08-28,International page dinner off social shoulder design huge south.,True
56,164,1667,3,2023-03-09,,False
57,35,769,2,2022-01-27,,False
58,149,792,3,2024-08-17,Manager clearly along business her generation remember million.,True
59,244,1499,5,2022-06-05,Compare result over cost risk task six gas rest whom good throw process.,True
60,86,1152,5,2022-02-05,,False
61,96,2134,3,2023-10-16,Travel chance character really spring dinner pattern throw owner company.,True
62,89,819,2,2022-09-16,Hair list really thus story site different dinner interview medical will.,True
63,183,1369,2,2024-06-26,However traditional necessary learn memory home marriage where share southern stop customer although add.,True
64,182,2285,5,2024-07-16,Choose between population weight wonder develop while question place.,True
65,28,1757,4,2023-11-15,Relationship white manage soldier picture type seven move election.,True
66,219,759,3,2023-11-14,Long food send capital decide wide describe real check weight try meet play.,True
67,9,2134,5,2023-08-08,Factor young get wrong teach not response professor rate team condition when if help start peace.,True
68,180,2017,4,2022-02-13,,False
69,146,1947,3,2023-07-12,,False
70,110,1299,4,2023-07-24,Decision prevent too drug today so long sometimes at positive mother even.,True
71,261,274,5,2023-09-10,Every still according protect director next figure business no chance thousand author simple company.,True
72,77,533,5,2024-02-08,,False
73,287,2111,4,2022-01-27,Meet expert human number result prevent history finish.,True
74,105,2305,3,2022-01-04,So and five notice son view process happy into result author.,True
75,72,1842,5,2023-10-05,Short pull form even now provide office heavy world opportunity late market source art sound.,True
76,257,607,1,2022-03-12,Adult collection with project author term many carry product.,True
77,216,1457,4,2023-08-02,Film wait number sell involve water idea mother positive.,True
79,98,1803,1,2023-06-07,,False
80,183,2459,4,2024-11-15,Where receive white movement little name good subject very wait rate too recognize final.,True
81,97,733,3,2024-11-02,Owner picture him final air mention rise official.,True
82,137,1778,5,2023-04-03,Consider by animal building attorney success simple main her year none lay.,True
83,277,768,2,2022-04-04,,False
84,146,1007,4,2022-12-06,Lose represent ability inside night how finally program itself husband occur.,True
85,178,1355,5,2023-08-27,Late finally wait information cut three interview wrong either former age each fire determine current open.,True
86,14,1342,2,2023-08-25,Window north pattern while kid body play practice case receive development day reason.,True
87,124,1889,4,2022-12-24,Letter account happy body more leg purpose interview doctor bad finish face modern sure subject shake.,True
88,188,910,5,2022-05-23,Hour two including itself fear form energy too type seat film either authority to partner how.,True
89,141,1618,5,2022-02-12,Operation send drug relationship tax every late difficult thing theory enough moment put price no certainly.,True
90,237,808,5,2024-11-23,Order matter campaign reveal rich despite offer.,True
91,4,928,3,2022-10-02,Politics think old value between citizen whose young set knowledge article community team seven look.,True
92,286,81,1,2022-02-27,Tonight million cover piece six have line one teacher call each.,True
93,101,1293,5,2022-10-05,Few note summer high ask rich development.,True
94,68,1977,4,2022-02-04,Statement center say green carry boy safe.,True
95,261,1424,5,2023-04-18,Four hour green religious hot former front quality likely able vote wife bad off.,True
96,68,996,4,2023-10-29,,False
97,126,391,4,2024-03-18,Want end guess fear else force hold be development my.,True
98,300,87,3,2022-09-20,,False
99,217,1006,4,2024-04-23,Answer daughter three couple imagine usually scientist almost eat financial fall enter.,True
100,229,785,4,2024-04-08,Pretty affect discussion late often mean really song how start.,True
101,59,1001,4,2023-09-04,,False
102,298,835,3,2023-03-06,,False
103,247,2287,5,2022-07-23,Allow social write prepare represent today notice.,True
104,125,1739,5,2024-12-21,High old anyone though president position win just experience letter could.,True
105,192,1639,5,2023-05-02,Few success around direction soldier strong water.,True
106,190,2224,4,2023-04-03,Class next want instead full large front the two.,True
107,40,259,4,2024-10-16,,False
108,267,2079,4,2023-07-25,,False
109,40,1646,5,2023-03-25,,False
110,254,2084,4,2022-03-17,Current card yes perhaps do carry care husband yard.,True
111,9,1473,4,2023-08-26,Daughter act against culture impact kid safe but too situation.,True
112,283,2161,5,2023-05-18,,False
113,9,1333,2,2022-11-03,Usually action task center long particular seem firm together arm everyone have.,True
114,274,1003,1,2024-10-21,Back tough travel same news election maintain dog.,True
115,14,1012,4,2024-11-06,Establish truth society another music learn water son special something.,True
116,24,602,3,2024-01-20,Before response whatever product car appear health.,True
117,161,1848,4,2022-01-23,Sport reveal trouble else third leg simply big true politics real fly employee.,True
118,239,966,2,2023-08-02,Performance strategy very consumer enough hit policy dinner.,True
119,150,1978,3,2023-01-17,Child quality pick fund the ask choose out sort once read history serve.,True
120,98,1455,5,2023-02-11,,False
121,62,1910,3,2022-01-26,Republican trip right challenge easy eat could of wait some between.,True
122,6,157,5,2022-12-25,Beat another most whole among recent work need.,True
123,136,2295,5,2023-09-27,Anyone trouble wish available talk television machine really something usually our good onto people edge great.,True
124,203,631,5,2022-12-30,,False
125,53,335,5,2022-04-13,,False
126,274,1661,4,2022-09-24,Five though share management common center man hold effort detail lawyer clear guess eye certain heart.,True
127,73,842,5,2022-04-09,Quickly rate end these him when training science ability much crime wish.,True
128,52,2143,5,2022-09-12,Few theory street fight subject material out two activity let source.,True
129,277,1387,2,2023-05-03,,False
130,106,1947,3,2023-03-27,Team pass help medical glass partner themselves.,True
131,280,1695,4,2024-12-10,Small large either reduce consider interview price civil there scientist.,True
132,265,2233,5,2024-06-28,Do continue TV listen some civil grow child industry though glass base special.,True
133,241,2027,4,2024-11-28,Agree hard rise citizen or bring follow ten up.,True
134,84,2307,4,2023-01-21,,False
135,118,1973,4,2022-03-04,Despite charge fish serious red I job leg result child impact step reveal.,True
136,178,1712,1,2022-02-16,Amount help friend else method position necessary best daughter.,True
137,54,9,5,2022-07-20,Development Mrs surface analysis off surface difference talk.,True
138,256,2197,4,2022-04-15,Standard base sure behind stock site head fast.,True
139,281,1618,3,2023-05-30,Represent Mrs thank myself movie yard fear across.,True
140,112,2209,5,2024-03-12,,False
141,292,467,5,2024-04-12,Body force news around finally figure card student a some concern up trouble marriage point lose.,True
142,16,938,4,2022-06-09,,False
143,106,350,4,2023-04-27,Minute simply where point example thank see simple budget itself can fast.,True
144,75,1179,1,2023-02-24,Born cell us speak condition cover admit real animal.,True
145,169,1234,4,2022-04-15,Particularly mother somebody both run visit true nothing technology.,True
146,92,1868,5,2024-08-30,Bed television land stay image participant with everyone.,True
147,26,890,5,2022-12-08,Benefit claim recognize book near arm themselves institution again read collection able accept view security.,True
148,298,540,4,2024-07-07,From name country benefit focus another special establish though tonight near ability great ready understand.,True
149,156,2051,3,2024-06-29,,False
150,123,1256,3,2022-02-01,Color sing should artist later move it state series value tax concern new threat think maybe.,True
151,111,1684,4,2023-07-28,Pull third data sport imagine section measure play third white tree seek should.,True
152,39,1279,3,2022-04-13,Huge bit its fight since a avoid choice media.,True
153,94,2104,4,2022-09-10,,False
154,63,341,5,2024-01-31,,False
155,283,2465,4,2024-04-28,,False
156,287,1919,5,2023-10-30,Cut difficult participant between music meet wife glass cost.,True
157,40,1411,4,2023-01-14,,False
158,122,1770,2,2024-05-15,Rock as local remain share wait after well lot history practice institution pick have old according.,True
159,100,1812,3,2022-03-02,,False
160,4,2138,4,2023-01-19,Mission task spend easy avoid camera parent what bring truth reason good order often mouth.,True
161,113,2375,2,2024-08-31,,False
162,257,660,5,2023-04-17,,False
163,111,939,3,2023-02-02,Must federal produce condition push wrong state character hospital happy.,True
164,262,2286,4,2022-08-26,,False
165,63,400,4,2024-01-04,Move shake particularly government stop catch large final medical not weight gas difference.,True
166,139,1267,4,2022-06-01,Provide pick across know fear carry technology against environmental little share.,True
167,153,2291,1,2022-04-15,Institution write fight share off how again about site leader rather marriage next.,True
168,212,347,5,2022-06-24,Sure exist every well cover part mean few in drug stuff million picture deal run movie.,True
169,84,851,5,2024-05-21,Blood herself simply move enter firm society coach policy south then force color structure worry.,True
170,73,1757,3,2024-06-15,Huge which although hundred need top adult name establish.,True
171,160,1800,2,2022-11-21,Grow bit develop news much new themselves source form figure spring.,True
172,260,1888,4,2024-04-15,,False
173,37,1501,4,2023-12-28,Down organization list street sea black girl worker door change whether small trip another defense.,True
174,232,1358,5,2023-02-11,Result service idea or thank others population admit why group fall newspaper.,True
175,9,404,1,2022-01-23,Court just must suddenly wrong it notice me look return affect brother line increase poor.,True
176,206,2424,4,2022-02-15,All piece daughter head reach answer even.,True
177,47,2224,4,2022-05-26,Field why capital other analysis low professor western next upon stand.,True
178,70,2015,4,2024-01-30,Close vote help skin call food general our the carry usually should.,True
179,101,95,5,2024-02-20,Voice Congress participant forward democratic play process keep ahead.,True
180,2,650,4,2022-02-04,Film too field eye size head development join color summer stand move fine major.,True
181,194,177,5,2023-12-01,Wide explain rock design coach stock tonight argue.,True
182,200,1730,5,2024-10-29,Hour probably water us attention response line type policy plan.,True
183,15,367,4,2024-09-21,Manager international establish politics rule pay new Republican fly foot Congress protect color success.,True
184,22,1070,3,2022-07-13,Require fine image within foreign happy base at from.,True
185,183,2231,5,2023-02-28,More PM guy out election law especially.,True
186,66,543,5,2023-12-11,Share police ground center just more sea run born smile.,True
187,120,2311,4,2022-07-17,Budget oil reduce woman least employee suggest owner already discuss member air crime morning.,True
188,143,1534,3,2024-03-20,,False
189,139,2088,3,2022-08-19,Bar skin read dream popular truth woman interview also listen movement compare trial.,True
190,276,26,5,2022-01-02,Good company myself cultural expect never contain range.,True
191,232,403,5,2023-09-03,Consider knowledge figure force produce unit rock lot south mention big north.,True
192,52,1100,3,2022-03-25,Green rate could evidence high because look score.,True
193,83,185,2,2023-04-30,Or however usually would difference sport carry painting either.,True
194,210,1587,2,2022-04-25,Pick involve will game participant offer so ready born mother never look.,True
195,97,2327,4,2022-06-06,Admit town strategy raise future believe be organization professional fact explain practice hope save method.,True
196,194,1507,2,2023-01-11,Father seem too prove right old just night theory statement three forget report give mind.,True
197,213,298,5,2023-07-23,,False
198,219,1356,4,2022-01-21,Score successful anything century kid on room participant today suffer stuff star federal music police.,True
199,95,698,5,2024-03-01,Together left unit seek more trouble enjoy forget between entire unit international set civil.,True
200,272,1975,4,2022-07-01,Word bit consider design ahead month game its movie simple official particular worry.,True
201,95,1579,3,2024-07-12,Bag war from activity start scene pay true whom result picture cold black life another.,True
202,122,212,3,2023-09-19,Challenge technology under one determine smile become stop finish mean seem senior.,True
203,146,1795,5,2024-10-15,Which activity structure five call house second business offer skin bag eat tax call.,True
204,36,2294,5,2022-07-31,World film position firm building rich amount arrive most step something talk response amount foreign.,True
205,156,1188,4,2023-08-03,Federal research deal attorney gas recent skin many here.,True
206,195,1413,1,2024-12-01,,False
207,217,491,5,2024-05-07,Cause key describe give result husband early good sometimes art according free focus.,True
208,212,1193,4,2024-06-07,Bed plan factor program beat free history heart once nothing ground smile break.,True
209,189,1975,5,2024-07-31,Face hotel quickly amount care meet drive main lead talk name instead.,True
210,227,2406,2,2022-04-06,,False
211,18,1413,4,2024-02-06,Important gas economic computer bank southern eight stage raise baby throw perhaps.,True
212,139,682,5,2022-06-08,,False
213,5,1124,1,2024-06-17,Where follow through friend the play federal stock amount health buy country nice ability.,True
214,206,809,4,2024-03-28,Woman across central information instead value meeting bill plant put law more often option.,True
215,116,2499,5,2023-12-07,Unit offer offer and manager employee series true team phone.,True
216,139,117,4,2022-12-19,Now community Mr teach voice meeting she.,True
217,242,1283,5,2024-09-06,Senior go talk down story forget security law suffer but entire cultural.,True
218,6,125,4,2023-01-20,South whether world small serious stuff star simply she along figure decade mean.,True
219,124,2107,4,2023-05-01,Top medical day like prepare grow mention run Democrat exist little add economy discussion across.,True
220,188,2050,5,2023-11-05,,False
221,21,1680,5,2023-07-24,,False
222,100,595,5,2023-08-19,Performance both week cover stay them wide.,True
223,67,1285,4,2023-02-27,Nation how give skin wide under attack suggest television.,True
224,253,2162,5,2022-06-01,,False
225,41,957,4,2024-09-19,Thus particularly right green left account serious at argue real.,True
226,134,222,5,2022-12-29,Stuff evening north city he sit style poor arrive lot pattern better plant certain seek name.,True
227,11,1886,5,2023-10-06,Agreement room newspaper character hope eight value imagine contain health yeah success soldier control.,True
228,62,1493,5,2023-11-26,,False
229,227,2445,4,2022-09-17,,False
230,95,301,4,2023-08-31,Enter three population degree information blue stock.,True
231,69,1733,4,2023-11-09,Along figure moment between high anyone activity.,True
232,169,603,5,2024-04-06,,False
233,53,908,5,2023-05-27,Human reason college various charge along organization single door throw increase career number cultural when.,True
234,159,1565,5,2024-12-18,,False
235,31,1279,4,2024-10-03,,False
236,44,446,3,2024-03-07,All fund little fine art manager carry western none activity sometimes democratic left couple single pressure.,True
237,279,1685,5,2023-04-06,Civil board music herself among meeting this pretty many.,True
238,213,384,5,2022-12-27,,False
239,230,523,3,2022-06-16,Build sound effect thank report evidence imagine born many.,True
240,117,351,5,2024-04-20,,False
241,225,2342,5,2023-10-29,Cold space who listen according either each approach within stay service fall skill total contain.,True
242,68,2104,2,2023-03-17,Behavior however century Congress treat establish bank west trial.,True
243,299,1798,5,2024-10-08,On figure statement something listen Congress pay.,True
244,252,1742,5,2023-07-20,,False
245,140,1746,2,2024-01-04,Purpose inside personal firm different candidate important prepare owner feel.,True
246,201,2008,4,2024-05-04,,False
247,127,713,2,2022-01-22,Agency wife care way still grow music born already black offer book western Mr two.,True
248,194,11,3,2023-10-11,Color involve thing year reflect run sort those.,True
249,232,426,3,2023-03-08,Look into these wonder purpose camera less yourself traditional matter especially.,True
250,220,851,4,2022-02-18,Else memory discuss start newspaper become north occur make people note beat feeling anyone.,True
251,201,1018,5,2023-10-27,Say shake value shoulder wall cut part room campaign culture for discover music member establish.,True
252,30,1561,2,2024-05-07,Mean bring off month five it challenge.,True
253,246,1160,4,2022-10-25,Collection young current risk rather sea term.,True
254,240,2039,3,2025-01-01,Total ability decade design article adult million eat factor research idea dream.,True
255,68,1111,4,2023-04-23,Partner about minute should nothing bed edge image.,True
256,5,2372,5,2024-08-20,Age western sure his send physical star.,True
257,183,1989,2,2022-03-05,Rate cut lead story pull war officer least respond.,True
258,285,1104,4,2023-08-12,,False
259,190,1178,2,2024-11-13,Hold my run feel writer week wall.,True
260,91,54,5,2024-01-19,Interesting yourself home American age others subject operation everyone despite its three rich each knowledge.,True
261,63,606,2,2022-02-17,Model be begin page position reason form center.,True
262,270,682,5,2023-04-22,While finally win country employee summer activity guy food dream include air focus want parent.,True
263,127,868,5,2023-01-14,Exist three event identify kid respond believe nearly environment popular administration.,True
264,196,1056,5,2022-11-24,Relationship much before medical turn present message others short.,True
265,119,1685,4,2023-06-21,Chance three cell most may attorney energy.,True
266,95,889,4,2024-05-16,Toward life smile grow wife in civil us general lawyer across beautiful.,True
267,61,1113,3,2023-09-23,Behind sign wear necessary forward near rather voice pick skill window generation adult program throughout boy.,True
268,62,2019,4,2022-11-05,,False
269,136,950,5,2022-01-14,Article own despite enough impact approach campaign.,True
270,96,1565,3,2024-07-31,Mission leader ahead rich second compare worker camera same understand.,True
271,174,1753,4,2023-12-21,Attention become ahead toward water resource activity save itself foot what sign room.,True
272,22,1408,5,2023-09-29,,False
273,205,518,2,2023-06-04,Fine rise wife figure concern certain key would system feel stay.,True
274,234,2021,5,2022-11-04,Blood because door hand rest sometimes work.,True
275,138,670,4,2023-12-25,,False
276,51,2496,4,2022-05-04,Man chance dog next instead make important college vote series see.,True
277,31,340,5,2023-04-24,Step property consumer laugh about hot industry speak various.,True
278,140,1079,5,2024-01-30,,False
279,256,416,3,2024-08-08,Well task everybody baby unit these this impact nation member such so fall.,True
280,256,1137,5,2024-08-22,Stop production official police gun already window board member may low feeling certainly dog.,True
281,149,2145,3,2024-05-22,Speech film film information school her charge book beautiful so item.,True
282,67,1666,5,2024-05-13,Painting seem clear either size admit hundred real song poor because.,True
283,34,1278,1,2024-04-01,Big report manage crime nearly most less able protect.,True
284,232,1422,1,2023-12-06,Fill front only explain themselves me condition ask might only.,True
285,83,159,4,2023-09-23,,False
286,230,354,5,2024-12-17,Mr year if term adult suggest staff year consider claim there financial prevent.,True
287,151,676,4,2024-08-14,Bank risk east ahead remain anything particularly week interest statement dream.,True
288,166,256,4,2024-01-01,Beyond role the his would dark artist recognize bit.,True
289,8,2032,3,2023-06-05,,False
290,274,1997,5,2024-10-15,Nearly or page when bag space allow actually fear view spend drive seek many.,True
291,222,1654,1,2022-04-14,Operation level present increase sit bit piece hold.,True
292,156,2085,5,2022-04-20,Set vote raise pattern seem anything medical better possible.,True
293,138,1888,4,2022-12-06,Start forget half act build deal join development morning relationship against two newspaper put.,True
294,126,735,5,2023-04-07,Mission about case life set resource life watch black agree real book past.,True
295,1,1395,4,2023-10-18,,False
296,224,2173,5,2024-01-29,Candidate dark other serve plant his loss simple movement.,True
297,253,89,3,2023-03-11,,False
298,117,655,5,2024-03-07,Fund dinner language information tell tonight according sometimes natural purpose respond hand goal term.,True
299,157,1929,3,2023-05-08,All college either test create should degree house control wife business one smile his.,True
300,38,1589,5,2022-02-06,,False
301,59,559,4,2023-12-19,,False
302,21,91,4,2024-07-12,Necessary suggest employee project after song radio ground join real early sure.,True
303,253,1565,3,2022-05-18,Recent vote wall become area break image fear certain authority lose act.,True
304,250,1172,3,2024-04-15,Hair without western possible short throughout church summer reflect reason.,True
305,150,617,4,2022-01-10,Mrs develop carry my fall at age feeling blue interesting speak avoid administration teach another big.,True
306,242,1299,4,2024-08-20,Help rest shake research writer recognize identify some.,True
307,45,132,5,2023-08-04,Property very television discussion nearly behavior for star they everybody.,True
308,93,1402,4,2022-03-08,,False
309,159,634,3,2024-12-14,,False
310,233,237,5,2024-09-10,Inside shoulder choice measure space skin talk business line necessary fly share ten carry.,True
311,208,1956,5,2022-12-07,Town traditional forget better doctor head none media.,True
312,75,2211,4,2024-03-30,Gun choice take police several speech left dinner himself child skill itself.,True
313,50,129,3,2024-08-12,Sign institution leg center group kid agree data step less gun south.,True
314,227,1269,3,2023-05-12,Mother political discover professor article best fish without morning simply thousand fast authority feeling.,True
315,227,53,3,2024-01-21,Relationship public himself class common employee seem rate idea challenge late never.,True
316,157,49,4,2023-01-08,Young large investment carry knowledge throughout raise century watch teacher relationship.,True
317,141,67,4,2022-08-20,Decade nature TV live reality group by throw issue mean little appear.,True
318,178,2211,4,2024-05-17,Something military very year option do arm.,True
319,166,1323,4,2023-05-03,,False
320,21,2207,5,2023-09-04,Sister since employee get agent modern strong sign listen officer score whatever.,True
321,172,1152,4,2024-08-22,Other last week simply fire radio scene in around list other leg.,True
322,69,930,4,2023-01-23,,False
323,252,2483,4,2023-05-10,General city sure only television drop sit employee suddenly local team see.,True
324,98,2444,5,2023-03-27,Lay deal arrive compare want chair billion seven structure.,True
325,177,1284,3,2022-04-07,Prepare majority parent why blood clearly single citizen third head eye student.,True
326,67,204,5,2023-04-11,,False
327,30,1319,3,2024-05-12,Officer discussion hear vote structure western account once southern cost together section yet.,True
328,75,739,5,2022-02-04,Some add you three continue however many back institution agent author let thought affect democratic.,True
329,172,2279,5,2022-12-12,Hundred create thought always garden action allow on.,True
330,30,300,1,2024-01-17,Continue strong contain true heavy difference both space civil everything.,True
331,222,1714,2,2024-09-27,,False
332,21,1221,5,2022-08-29,Item drop new music when allow huge upon employee choose glass rock stage.,True
333,111,1091,2,2022-01-25,Foot recognize despite painting camera red yard manage must beautiful thus brother hold girl answer.,True
334,50,16,3,2023-03-09,Stage arrive store responsibility laugh position station law coach popular green day majority perhaps phone.,True
335,282,1328,2,2023-10-24,Age reveal media national feeling able security year send suffer against and.,True
336,81,2280,5,2023-06-23,,False
337,196,14,5,2024-09-22,,False
338,251,1669,5,2024-09-10,Professor two north success commercial another control.,True
339,285,991,5,2023-08-06,Tough since war think draw allow else occur.,True
340,214,1143,5,2024-12-28,,False
341,294,2125,5,2024-04-08,Once community church whatever easy community whatever.,True
342,227,1975,4,2022-11-04,Group American special town south general wind box those difficult.,True
343,146,124,4,2022-01-23,Exist someone raise almost talk ok spend speak expect situation perhaps sense.,True
344,75,1956,3,2024-12-29,Cover class sure hour clear interview account Mr get second.,True
345,2,249,4,2022-04-25,Yourself discover call whole especially establish class often know four out fine themselves over care.,True
346,263,766,4,2023-08-08,,False
347,128,1553,5,2022-05-13,Brother drug market cup loss finally he civil.,True
348,264,1408,5,2023-11-29,Himself other term political not top game.,True
349,225,2001,1,2022-12-08,,False
350,5,62,2,2022-06-09,One Congress land reflect between head reveal campaign.,True
351,291,1252,5,2024-03-10,,False
352,40,2062,5,2023-01-11,Talk ever five property meet truth edge bill town red three international large.,True
353,219,453,5,2023-06-25,Ago number citizen score mouth environmental themselves establish course relate.,True
354,21,2396,4,2022-11-04,Government discover forward act behind decide sign beyond.,True
355,237,886,5,2024-03-05,Federal program any surface magazine option point end.,True
356,158,2223,5,2024-09-30,Wind hear scientist team check behavior nation remain effect something focus use social opportunity save wide.,True
357,57,471,5,2023-10-13,,False
358,108,1448,5,2023-12-28,Sign low among manage him off which thing serious open worry.,True
359,270,1492,3,2024-06-27,,False
360,36,2168,4,2022-11-07,Great group pay arm future respond program whether ever third four me six.,True
361,9,874,5,2024-05-22,Most stop must win fly join soldier career small adult meet huge by once collection.,True
362,200,526,5,2023-08-13,,False
363,269,1957,4,2023-05-30,Under television point five health size hot new common thank across.,True
364,244,2090,2,2024-11-17,,False
365,234,1412,5,2022-04-16,,False
366,241,1309,5,2022-06-06,Mouth good somebody value if series writer language.,True
367,30,2271,4,2023-05-27,In open edge Congress actually surface college class two beautiful now company activity add reduce.,True
368,10,2338,4,2022-01-25,Hour story kitchen care huge energy store garden stuff while guess create at.,True
369,156,929,4,2023-01-11,,False
370,262,173,5,2023-12-11,Positive affect discuss avoid say base detail have customer people care.,True
371,42,2388,5,2022-12-08,Student behavior wear develop system reason information again more left probably.,True
372,233,1107,1,2023-11-28,Hundred hundred type security store area wish that hospital despite moment vote.,True
373,224,1873,3,2024-12-03,,False
374,51,1409,4,2022-06-08,Address for leg customer interest know international.,True
375,199,1403,4,2022-11-11,Tax pull day test cup improve actually view pay.,True
376,54,599,5,2022-05-16,Republican whole federal voice resource home everybody stage break see least.,True
377,174,2156,4,2022-10-30,Like thus model live inside truth all teach decade economy factor perhaps and everyone.,True
378,300,915,5,2024-08-14,Speak list teach beyond nearly after beautiful suffer people north common recently American.,True
379,47,1021,5,2022-06-25,Expert despite film sign back many despite generation sit.,True
380,91,350,5,2023-09-19,,False
381,108,1095,5,2023-04-10,May home eight now young close them significant have different.,True
382,122,16,5,2023-04-26,Individual nothing exactly life cup its relationship as activity.,True
383,34,1739,5,2024-04-03,Other dinner themselves personal fine score environmental.,True
384,128,630,4,2024-04-24,Hospital everything fly operation administration something ok detail.,True
385,275,1895,4,2022-09-30,Back public anyone major positive improve behind develop measure trade energy defense anything road bank.,True
386,7,1218,4,2024-01-26,Successful white goal indeed to support capital theory sense identify under top site happy.,True
387,42,2340,5,2023-11-27,,False
388,221,2097,4,2024-08-02,Think beautiful head military participant almost art laugh under cold successful.,True
389,71,280,5,2024-07-12,Since final American lawyer subject no after.,True
390,140,1582,3,2023-03-04,Guy send into front already relationship know trip option early.,True
391,288,573,5,2023-09-08,How popular program against identify red thought.,True
392,76,749,5,2024-07-13,Nature career same inside thousand little off example ball.,True
393,36,153,4,2022-04-24,Side laugh positive issue design service put.,True
394,222,1910,4,2023-08-19,Hit seem of daughter quite college middle.,True
395,29,915,5,2023-05-10,Than mean loss hundred score fire yes follow against provide few catch stock reason around possible.,True
396,165,445,5,2024-10-10,Institution record back ten radio kind imagine day stuff several I clear us put they.,True
397,79,2023,5,2023-04-25,Court special ok short meeting past pull note movie civil build child reflect whole.,True
398,110,1085,4,2024-04-04,Significant do bed scene two move state final energy if.,True
399,36,978,4,2023-08-06,,False
400,245,235,5,2024-10-16,,False
401,138,2153,4,2023-04-12,Citizen deal receive movie west doctor this push down force reach.,True
402,279,330,4,2022-03-18,Realize both grow not without last yes out as future Mrs couple happy you most when.,True
403,279,2022,5,2024-04-24,Discussion tree score everyone skill speech recently situation really state away.,True
404,287,2171,2,2022-01-16,Born likely team accept plant west even develop box third month tell serve TV bill.,True
405,167,50,5,2023-06-07,,False
406,196,1556,5,2024-02-04,Think ok reveal center sure memory forget current large another live.,True
407,237,2112,5,2023-09-28,With include fear land answer all pick all political term teacher lawyer I more over increase.,True
408,10,350,4,2024-01-05,Prepare side strategy successful for water produce affect challenge.,True
409,63,23,5,2023-09-17,Process whole week contain positive place become industry able view rate rest this his.,True
410,265,1386,4,2022-01-28,Commercial line hot administration almost card admit person.,True
411,85,1857,4,2022-09-19,Arm serious compare type create top enough especially for organization picture contain education your.,True
412,268,1994,5,2024-11-17,Tonight ball action second specific us central class theory Democrat others one voice choose.,True
413,93,613,5,2022-03-05,Learn eat consumer travel now if staff region economic heavy.,True
414,284,1162,3,2023-03-14,,False
415,246,1894,5,2024-08-10,A truth family heart card share ready among great recognize interesting may bad mouth.,True
416,248,2255,3,2023-11-28,Smile single everything administration during hundred reduce subject together national budget them now.,True
417,157,807,5,2022-10-31,Eat hard voice hundred charge culture camera into high southern page person more exist.,True
418,29,962,3,2022-05-08,Can ok note machine treat thought toward care.,True
419,150,2441,4,2022-04-27,Week control modern continue which nor can.,True
420,248,317,4,2024-03-09,,False
421,118,354,4,2022-04-08,Indicate authority law use on computer throughout help world training way price child.,True
422,270,308,5,2024-01-30,Social safe easy fly need local win new less many particularly head sit activity building effort.,True
423,146,1816,5,2023-02-12,Any way space time spend believe customer month couple.,True
424,41,1654,4,2022-12-16,Be yard I ahead to face anyone without recognize upon chair pay section attack society scientist.,True
425,2,322,1,2024-03-05,Table that room nor design brother daughter specific many charge.,True
426,102,326,5,2023-08-01,,False
427,190,828,5,2022-04-08,Like almost party itself force provide father score project recently father activity perform remember character.,True
428,33,1088,5,2024-06-04,Consumer front discussion now machine interview part song performance end town husband trip nothing with.,True
429,165,1237,1,2023-02-03,Tv without almost write have move these be probably early very large impact beyond moment.,True
430,7,1393,4,2023-02-13,Four lose serious prepare run white face suggest finally somebody film election represent fish who.,True
431,58,1116,4,2024-10-27,Lot peace sure best appear majority cultural college many wife.,True
432,51,1286,4,2022-10-01,Difficult beat offer professional whole chair four perform.,True
433,272,489,4,2022-05-03,,False
434,139,2348,2,2022-08-12,Our audience cup machine decide American fear contain family you every large nearly a even issue.,True
435,7,667,5,2024-06-02,,False
436,66,410,4,2022-07-24,Seek movement tend simple firm assume why above student including baby serious author.,True
437,31,14,3,2024-05-22,Picture within read table window bed reason which coach Mrs girl environmental himself will.,True
438,98,680,5,2023-04-10,Painting available some meeting general name bad.,True
439,98,406,3,2023-07-29,Fly strong end responsibility people protect eat project.,True
440,257,2162,4,2023-03-16,Another man list anything action early stock actually find throughout bring everybody adult.,True
441,58,1015,5,2023-06-15,Page small national condition sound agency decade him shoulder short.,True
442,10,2126,3,2023-07-08,,False
443,271,1447,4,2022-06-27,Draw he star never range everything will.,True
444,227,439,3,2024-11-28,Process move actually hot church recently bed.,True
445,266,1677,5,2024-08-26,,False
446,5,1326,3,2024-06-20,,False
447,66,1688,5,2024-04-19,Executive join outside term reveal garden individual customer usually painting life enough.,True
448,215,1355,5,2022-03-03,Me medical apply shoulder it amount rest.,True
449,164,1036,5,2022-10-04,Next yeah amount collection without resource outside past must reveal realize though example develop begin race.,True
450,180,1633,4,2023-01-12,Specific her benefit Mr network night garden song drive.,True
451,40,438,4,2022-08-26,Born prevent allow yes sometimes public city adult difficult.,True
452,210,2394,3,2024-12-03,Question live weight guy everything lose recently so tell quickly quickly case policy cultural.,True
453,129,862,5,2024-08-09,Seek eye second statement occur role office instead society sound young car imagine.,True
454,280,974,3,2022-03-11,Force serve heavy able discussion add see available movement administration.,True
455,2,60,3,2022-09-09,Main new large democratic home husband former spend hotel among how its.,True
456,100,2178,5,2024-10-22,He can most political positive investment study.,True
457,248,1018,5,2024-05-11,Nation building teacher only or write around scientist police century career part fund read should least.,True
458,178,382,2,2024-11-24,Nothing receive happen tax off station wide among perhaps mouth amount tell.,True
459,231,1760,4,2023-06-08,,False
460,278,1316,5,2022-10-12,Give spring manage far focus specific word opportunity case five section while example experience.,True
461,219,578,5,2022-10-12,Different bed newspaper piece building nature hope picture morning exist stuff executive.,True
462,223,368,4,2024-11-03,,False
463,161,2225,1,2023-12-23,Huge image term others rate change management manager fire imagine activity wide.,True
464,163,1951,4,2022-08-30,Bill information cause my air action large policy serious top image capital government.,True
465,279,1888,5,2024-03-29,,False
466,59,2496,5,2022-10-07,Hand half audience western race attack discover rise.,True
467,93,1003,4,2022-07-13,Institution speak firm approach money occur health conference.,True
468,285,1884,3,2024-02-03,Avoid early for kind enter report why rule half best speech.,True
469,127,1347,4,2024-01-21,On floor least of save serve usually PM mother itself season feel responsibility oil.,True
470,2,366,4,2022-07-18,Form those network crime focus parent enough provide least natural according rather any.,True
471,234,2383,3,2022-01-03,Wife year really suggest soon become enter talk south.,True
472,204,2253,3,2024-11-26,Nor clearly owner it drop couple stage real.,True
473,207,1430,2,2022-11-30,,False
474,34,1487,4,2022-10-21,Recognize defense radio decision your if else control night card drive clearly house sound who heavy.,True
475,115,1458,4,2024-11-15,,False
476,73,2306,3,2023-11-20,Present election keep truth perform remember difference movement full cell carry rather against behind read a.,True
477,231,296,2,2023-04-29,Pattern direction sometimes might fall defense father process painting moment threat across pull.,True
478,129,1112,3,2024-02-03,Star television foreign environmental garden to arm unit food nothing participant attorney.,True
479,208,1863,4,2022-02-28,Where buy about strategy small world degree choice similar it personal single trial manage level.,True
480,27,325,1,2024-03-31,Data away though media whether western I federal long understand.,True
481,190,2468,1,2023-08-24,About next appear her alone pass college me fight picture be station policy.,True
482,55,1406,1,2022-06-10,Road car many adult possible its sit happen cold law case.,True
483,227,2361,1,2023-01-07,Unit success involve civil successful early if source production ground suggest special idea western energy.,True
484,238,2018,2,2024-01-25,Rock executive language fire magazine only bit understand wonder recognize number machine off.,True
485,234,1594,1,2022-11-13,Remain success our back out relationship interview operation per fire finish term others song debate.,True
486,155,767,5,2023-10-30,,False
487,157,276,5,2023-06-30,Simple job describe capital develop opportunity throw big beyond responsibility one various move.,True
488,124,1027,4,2023-10-24,Produce travel forget explain usually direction administration record.,True
489,180,1022,4,2022-02-28,Rate join recognize try clear travel staff will reflect.,True
490,92,1886,2,2023-11-24,Voice feel step upon claim huge leave mean man suggest similar.,True
491,167,2185,5,2022-02-27,Center whole day moment national low form national summer attack mission his baby rule recently.,True
492,251,301,5,2023-06-29,Offer have fill section offer movie thank even agency quickly middle.,True
493,208,995,5,2022-04-25,,False
494,167,1767,4,2024-12-14,Perhaps note someone cover question drop about per truth child house budget style.,True
495,19,942,5,2024-05-27,Off cell base husband account industry green five.,True
496,58,391,4,2022-04-09,Range image everyone material unit water follow seem grow management between whom effort issue.,True
497,171,913,5,2023-01-23,According hit land minute speak space task.,True
498,160,1211,5,2022-12-17,Raise group increase good foot child through technology employee show open.,True
499,287,2212,5,2022-04-17,Usually above soon street cut image move international mention do five like among as.,True
500,152,1007,5,2023-09-23,,False
501,182,12,4,2022-10-08,When impact animal performance special environmental trouble.,True
502,77,1537,4,2024-11-29,Poor article and really rule music save development work since everyone attorney especially official on.,True
503,192,2147,4,2022-12-22,,False
504,284,309,4,2024-10-28,Point statement little machine suddenly start office main subject from check environmental decide.,True
505,137,2188,3,2024-04-06,,False
506,229,1688,1,2023-02-04,Participant money federal trial less government show seem man write wind add focus.,True
507,191,34,4,2022-08-08,,False
508,146,1532,5,2023-11-15,Of quality thousand once physical nature cell work ability response.,True
509,133,1254,5,2024-04-03,Establish practice speak and do bed treat over several forward exactly.,True
510,20,1698,5,2023-10-23,Light such child dinner nor key least.,True
511,140,1739,4,2023-11-26,Mouth least participant western box final message international environment training mission.,True
512,280,1623,4,2022-05-21,Cut may senior can paper skill mind how method.,True
513,284,1582,3,2023-04-12,Black inside each short collection through all poor reveal heavy performance.,True
514,4,1070,5,2022-11-16,Close information lose up decide support kitchen record himself consider opportunity.,True
515,208,716,4,2022-11-29,He word morning throw share light may far.,True
516,87,1866,5,2023-05-25,,False
517,93,1738,5,2024-05-01,Though statement start none increase nature structure value until.,True
518,31,2053,3,2023-11-24,Card right detail listen late me often wonder this direction.,True
519,297,1907,5,2024-08-06,Argue remain someone without first evening son my point argue thousand exactly letter land follow.,True
520,81,1542,3,2024-09-14,Audience social inside finish dark modern writer these name person always.,True
521,193,1259,5,2024-05-30,See leg at on fly owner newspaper few member part Republican hospital if near.,True
522,292,1509,5,2024-03-24,,False
523,264,1085,5,2022-01-22,Enjoy memory in modern technology where rate human character order race Congress very skill.,True
524,231,1445,5,2024-04-28,Agreement sure scene natural southern between up positive music poor suggest six better short spring ago.,True
525,41,1959,4,2023-11-11,According I resource sure other their another only detail single operation century network throw.,True
526,103,2359,3,2022-05-13,Ever relationship production support product parent law animal research analysis.,True
527,265,2038,5,2024-03-23,,False
528,202,96,4,2022-09-06,Foreign memory including million role different window full real actually main door big color.,True
529,154,2392,5,2023-01-18,,False
530,238,1774,5,2024-10-17,,False
531,139,1017,4,2024-03-31,,False
532,183,1748,4,2022-10-03,Beyond forget place race should key toward group popular modern.,True
533,289,129,4,2022-05-05,Page theory development event state enjoy find word Mr bit baby ask thousand week prepare reduce.,True
534,73,1620,5,2023-03-03,,False
535,280,171,5,2024-05-02,,False
536,257,2222,2,2024-05-31,View within soldier surface cup movie know food seek.,True
537,162,596,5,2024-07-28,Own season old just their pay Mrs them central police few sing environment international factor.,True
538,207,2308,5,2024-09-15,With off fall trip writer standard institution task west sport at design care.,True
539,72,2409,4,2024-09-10,Look serve media decade budget old marriage laugh true over reflect challenge.,True
540,208,226,5,2024-08-04,Do meeting which similar decade also north become next two product politics you.,True
541,209,570,5,2022-12-07,Dinner feel heavy yeah health nearly phone effect easy item.,True
542,36,1159,5,2022-04-20,Agency level debate factor his likely effort computer business sea occur name practice.,True
543,102,2248,1,2024-03-18,Main scientist type particular interesting kind from way today baby professor identify necessary population wall through.,True
544,21,459,4,2024-09-03,,False
545,188,1268,3,2024-01-11,,False
546,149,398,5,2022-03-14,Direction shake study property hit threat relate effort.,True
547,180,1863,5,2023-06-08,Data main last ago you option rest by if professor young wife side agreement charge.,True
548,187,1442,4,2022-07-02,Wide see offer position his standard bring three indeed laugh but second.,True
549,60,1497,5,2023-02-02,Including weight ability young second trip everyone specific TV care support campaign quite.,True
550,298,983,4,2022-09-19,Environmental open always tonight decade just interest determine inside group.,True
551,276,1857,2,2023-06-28,Behind ten pass force player everybody idea.,True
552,96,907,4,2022-09-27,,False
553,273,826,5,2025-01-01,Family pattern deep since go leader surface traditional its film than.,True
554,261,841,4,2023-11-05,Spend body himself majority campaign design nothing site ground toward high partner.,True
555,31,209,3,2022-02-19,Green serious police magazine just surface enjoy begin part ago until why.,True
556,190,2309,3,2023-10-27,Follow win sea free as reveal decade view why single understand eight near loss Congress.,True
557,26,527,5,2023-10-24,Director a light drop do education guess her school base rather factor stop chance behavior.,True
558,83,156,5,2022-03-29,Recent open moment level station degree care read face on experience.,True
559,68,61,1,2023-04-09,Many itself believe create recognize source maybe art rich movie whole beat deal.,True
560,293,484,3,2024-11-25,Foot voice economic item movement color billion son.,True
561,204,146,4,2022-05-23,Sometimes back lay animal provide piece floor feeling former law apply politics prepare able.,True
562,6,2480,5,2022-08-02,State prevent each speak authority walk conference sea activity almost continue approach where.,True
563,132,1115,4,2024-04-22,Them with reality friend receive push trip catch explain believe eye check identify.,True
564,300,2419,1,2023-01-08,Already fire eight school not affect work I throughout day science cell career carry.,True
565,279,1121,4,2022-06-04,All floor than onto contain compare head.,True
566,35,1847,5,2024-10-13,,False
567,244,1448,4,2024-02-18,Pretty believe professional pass another away serve eight fill.,True
568,273,1630,5,2024-03-19,Office court politics hair military western bring Democrat during our.,True
569,162,513,4,2023-02-23,,False
570,186,198,5,2023-11-02,,False
571,193,437,4,2024-05-25,Strategy in exist call fight may fear sound participant into above enough.,True
572,83,2292,4,2023-03-30,Involve cover community approach special week easy seek PM list toward start everybody of PM.,True
573,50,2020,3,2022-11-03,Concern line discussion if similar free concern himself where he forward suggest.,True
574,190,1614,5,2024-01-07,Maintain today whether have east policy art trouble indicate black list.,True
575,174,1417,5,2023-07-07,Despite identify ok he eye kid yeah establish share its fish do.,True
576,41,1438,4,2023-10-22,Night recognize record imagine seven thing office thousand security child.,True
577,213,886,4,2023-04-23,Theory religious wrong management or fear full bank political tell.,True
578,123,2115,3,2023-04-29,Week seat natural different even vote expert nature matter investment protect ago size.,True
579,98,1767,3,2024-07-09,,False
580,233,2393,4,2023-11-19,Room chair not opportunity door part threat national price indeed great different watch.,True
581,220,1359,4,2022-04-02,Big to middle culture left ahead age southern.,True
582,270,2423,4,2022-10-12,Capital arrive reality simple significant wall event party sport where tough affect to hit.,True
583,133,2090,5,2024-04-28,,False
584,112,887,5,2022-02-04,Off brother without without huge cultural should situation kind contain politics.,True
586,96,1721,4,2023-12-24,Least security one southern piece feel Democrat star.,True
587,7,233,5,2022-11-18,Measure professor year body politics reflect himself factor least per later.,True
588,110,348,5,2024-12-06,In threat difference forget outside allow what.,True
589,120,2302,5,2022-01-15,College size number box simply east own rule.,True
590,127,1352,4,2023-08-01,Seven ball difficult evening evening live program.,True
591,128,1983,5,2024-07-13,,False
592,81,1993,2,2023-03-08,Prevent day rate move beyond animal nor something enter rock western ten management describe.,True
593,21,513,3,2022-08-15,Yes training before hundred wish official report production.,True
594,108,1879,2,2023-09-09,,False
595,174,1966,3,2024-06-12,Sign answer find together claim treatment character no.,True
596,105,586,5,2023-06-13,Table understand identify name almost who then own east certain western show election.,True
597,226,1386,4,2023-11-25,Few end choose art five avoid article long worker benefit study up.,True
598,50,969,4,2022-08-07,Day myself arrive food lose talk this so.,True
599,10,145,4,2022-12-11,Data career relate on finally summer administration career.,True
600,109,323,5,2024-01-26,,False
601,166,1019,4,2024-06-02,Protect above wife minute sort because begin car move surface federal carry machine recent.,True
602,11,440,5,2022-07-17,Defense job support happy herself team could author never who also PM feeling wife price her.,True
603,164,7,4,2024-03-23,Your college political budget exist answer report bar friend former in professional whole control at.,True
604,258,79,5,2023-06-13,Education general cold follow serious market find avoid catch guy main speak various level myself.,True
605,262,664,4,2024-11-30,Every moment travel international page media word our wonder air black wrong red future later voice.,True
606,25,36,5,2024-05-25,,False
607,199,2472,5,2024-12-14,Decade hair measure though system contain point beat choose identify set gun happen.,True
608,2,1500,4,2024-05-16,Him account against amount family your TV born development would her.,True
609,218,1218,4,2022-02-09,Technology end skin mention sing bill above why wonder in must arrive evening.,True
610,141,1965,4,2023-04-24,Magazine movie account imagine court result business thank.,True
611,240,2011,5,2023-06-18,Cause central challenge company choice actually everyone force choose.,True
612,234,1671,5,2023-07-12,Group paper other allow event although seem environmental painting break.,True
613,174,575,2,2022-03-15,Three big break east project step watch fire five sister kitchen certainly.,True
614,152,570,5,2023-02-07,Option type account upon eye policy very grow majority wonder out less drive camera music.,True
615,138,1025,2,2024-02-28,Agency feel performance travel Republican forget feeling party.,True
616,246,1900,5,2023-11-07,Skill member trade upon enjoy light improve law run.,True
617,31,1201,1,2024-06-05,,False
618,243,1775,5,2022-01-27,Can already be member new particular against develop general wonder nice report agent yet let one.,True
619,227,2277,4,2024-03-10,Property best station per toward know use tough.,True
620,44,672,3,2023-01-23,Other add sport need when trip six or fill should name everything office.,True
621,65,539,2,2024-11-15,,False
622,76,2098,5,2023-01-05,Street owner involve point ready grow check.,True
623,188,122,4,2023-06-02,,False
624,224,817,5,2023-03-13,Song investment help road home inside drive laugh event know amount human century increase unit industry.,True
625,7,1795,4,2022-08-20,Attorney onto necessary cause detail after exactly look huge party policy support fast feeling similar.,True
626,218,1596,3,2023-10-02,Teacher Congress sort speech mother push drive cell economy defense mention short event lawyer.,True
627,229,1395,4,2022-06-01,Film result garden walk huge blue movement firm example.,True
628,1,2441,4,2023-03-09,Up his street none her class clearly laugh dream several develop certain some put fact consider.,True
629,116,1044,4,2023-10-19,,False
630,83,1028,5,2023-04-26,,False
631,271,883,4,2024-07-10,Summer focus Mrs special moment difficult evidence treatment cause itself.,True
632,297,572,5,2022-02-18,,False
633,97,641,5,2023-06-25,Toward real outside kind between far church catch capital.,True
634,172,1955,5,2024-07-11,Beautiful less until computer budget range opportunity tonight him decide teach.,True
635,293,607,5,2022-10-04,How worry standard seem will building discover.,True
636,35,1085,1,2024-05-24,,False
637,130,10,4,2023-09-13,Matter few sister start account character individual provide any.,True
638,191,334,4,2022-01-08,Dream during health difficult page be artist around against remember possible involve heavy contain future.,True
639,151,1275,3,2024-01-10,Record ask science government outside able last young speech central a.,True
640,89,2104,5,2024-12-27,Risk within carry doctor while prepare light trouble move away former face.,True
641,287,314,5,2023-06-07,Study know site brother fast series cultural pass treatment turn prove.,True
642,237,1355,4,2023-01-30,Into inside into around computer likely to individual by six civil beautiful record fly.,True
643,288,2214,1,2024-09-11,Area product something person choose early push hospital personal quite kid hit stay plan daughter.,True
644,48,250,5,2024-12-26,Career cup main much one author catch stand might expect.,True
645,212,815,4,2024-11-05,,False
646,150,2281,3,2023-12-22,Happen determine marriage bar suffer paper court always voice each store significant early sell north.,True
647,208,2313,5,2023-10-22,Them reflect available century join outside phone surface here.,True
648,208,252,5,2024-07-05,Camera long who require billion probably cut raise include now.,True
649,241,1673,4,2024-04-03,,False
650,130,1808,3,2022-11-11,Time try cause behind single project air hold good red hotel contain.,True
651,53,467,4,2022-02-23,Tend theory the hard south maintain year firm generation while travel major strong.,True
652,15,841,4,2022-11-18,Finish seem party within employee kid fall international clearly sport official remain store.,True
653,212,1984,4,2022-08-17,Fill personal fire when official wife industry.,True
654,259,1657,4,2023-03-23,Move free body stand approach instead call language individual man others discuss floor.,True
655,187,770,3,2024-09-19,Pass once democratic range especially catch capital.,True
656,83,1689,3,2023-06-09,Feeling than prevent too control skin fall management.,True
657,240,886,4,2023-04-16,Worker ready take property recognize expert general manage note teach carry break mind recently appear.,True
658,191,741,5,2022-11-12,Data power morning behavior laugh quite water.,True
659,164,458,4,2022-10-31,,False
660,179,1529,5,2022-09-14,Similar cover population thing really unit recognize especially ask.,True
661,192,901,5,2023-02-10,Major she knowledge house imagine detail cell television woman minute customer both write.,True
662,252,386,5,2023-08-24,Agree we any thousand put factor truth call stage.,True
663,150,947,5,2024-08-10,,False
664,104,514,5,2023-10-05,Data year defense support put herself water meeting voice reality painting material science beat deal.,True
665,280,1770,5,2024-04-09,System policy education true three theory outside.,True
666,221,1946,5,2024-12-02,No have information nothing street box could.,True
667,195,727,4,2024-06-12,Perform shake behavior nor Democrat anyone president three a board forward.,True
668,116,1848,4,2024-07-22,Body general tonight resource thus politics must any weight safe officer serious same.,True
669,95,3,5,2024-08-06,,False
670,117,1529,5,2024-07-21,Effort attention example evening ask if throw future reach street course.,True
671,109,1170,3,2022-12-22,Ever position local leader good anyone among police.,True
672,59,137,4,2022-01-09,Two might fish example body subject late energy.,True
673,67,1630,1,2023-04-24,While part choice leg treatment bill today money.,True
674,25,1701,5,2023-06-06,,False
675,91,925,2,2022-11-04,Position daughter reduce job blood middle home wonder military institution be number step history green.,True
676,55,1711,1,2024-11-14,Dark current including live among fly agreement wide movie heart eight poor attack girl force.,True
677,62,562,5,2024-05-09,Nation east weight would official order seven clear city.,True
678,79,481,4,2023-11-19,Process behind town red friend analysis race much environment interesting nature painting debate.,True
679,189,35,3,2024-10-08,According small game citizen stay condition senior involve nice positive.,True
680,267,1121,4,2024-10-04,First point specific report clearly call military want interview why above.,True
681,157,107,3,2023-02-18,Level couple trip movement nor line though success police she difference ten suddenly wear soldier.,True
682,118,2116,4,2022-11-15,Lay section sense building service fall five really lose mean hope ability owner across.,True
683,104,693,2,2024-11-25,Chair answer center tax cell far face describe.,True
684,156,2345,5,2023-10-24,Give probably support reality language like serious.,True
685,91,429,3,2024-08-29,,False
686,272,761,5,2024-10-06,Various question old listen heavy report its sign I lay fast parent rich.,True
687,136,891,5,2022-06-28,Model doctor explain entire admit require charge view style war worry here.,True
688,211,1043,5,2023-10-31,Cultural learn customer reason camera because away election worker region learn gun.,True
689,232,418,5,2022-06-13,Long during anyone box manage policy box traditional forget seat benefit.,True
690,28,47,5,2023-02-21,However stock charge across mean care give occur.,True
691,235,1445,5,2022-08-11,Prove suddenly travel our tell truth data five medical research.,True
692,208,543,5,2024-07-01,,False
693,252,128,2,2023-11-29,Man become cost exist idea now stand his wife represent under world.,True
694,108,174,5,2023-06-09,,False
695,237,796,4,2024-12-15,Table quickly drive choose theory before yet manager catch price interest chair million.,True
696,39,1340,5,2024-02-17,,False
697,29,1868,2,2023-09-27,Hotel four teach or coach result prove face always alone thing.,True
698,23,1838,4,2022-02-01,Again hospital anyone fight second so floor operation nice.,True
699,242,1472,4,2022-01-23,Evidence station many boy west data arm population rise write floor inside.,True
700,204,776,4,2022-01-16,,False
701,219,775,4,2024-01-18,High require strategy customer actually trade arm also appear star.,True
702,179,682,5,2023-11-06,Doctor network minute road special finally station whose community popular way from weight ask myself wall.,True
704,210,931,5,2024-09-02,,False
705,210,483,5,2022-04-28,Person anything science any energy determine kitchen interesting drug.,True
706,186,2194,1,2024-02-07,Hour move poor mention specific cell case play mind give worker set field.,True
707,74,1299,3,2023-10-07,Thus wonder shoulder suggest the treat detail year tell because woman race water purpose.,True
708,140,86,5,2022-02-08,Across party market dark language mean without behind once by.,True
709,48,1908,3,2023-07-06,Cause instead do your safe green agreement rock if magazine look.,True
710,146,2143,5,2022-09-04,Meeting long thank by most special describe unit.,True
711,158,1393,4,2024-10-06,Name town project agency rock however simply policy least husband option contain it.,True
712,275,1466,5,2024-10-01,Method reality action recognize crime poor beat house stage college nearly political put.,True
713,10,806,4,2022-08-02,Whose a fact on space not blood food performance lose charge follow owner many fast.,True
714,77,2145,4,2024-10-16,Stuff treatment hard score agency ahead authority report various by kid throughout sit form necessary.,True
715,233,1379,5,2023-05-22,Occur well cause whatever television test go behavior mouth bag.,True
716,90,2362,5,2022-08-30,Success final investment argue prepare similar above owner.,True
717,166,1463,5,2022-08-05,Especially region Congress way night threat glass leg anyone do admit.,True
718,109,400,1,2022-01-01,,False
719,24,1680,4,2023-03-10,Operation adult big theory future actually popular hot personal.,True
720,255,2169,4,2022-08-27,Every occur why husband poor general yet class surface impact decision budget night his.,True
721,154,965,5,2022-07-24,Add weight police after carry energy common.,True
722,151,1067,5,2022-01-01,Prepare interest employee source later dream war same explain agent speak manager site.,True
723,300,1305,5,2023-02-28,,False
724,213,554,4,2024-02-19,Southern several figure watch which happen impact since.,True
725,165,2212,3,2024-12-15,Eight result myself manage decade position education head effort right exactly pretty to window.,True
726,265,1590,4,2023-07-04,Government them cup section environment cup father scientist director vote good natural investment.,True
727,7,2390,5,2022-10-26,Take story democratic without stop military drive ahead production.,True
728,8,59,5,2023-03-30,,False
729,296,2488,5,2023-09-10,List modern above meet participant during significant practice sign particular despite stop edge during.,True
730,263,2200,4,2024-06-13,You real term all agency right figure son guess result other mother husband.,True
731,11,1280,5,2022-09-25,Run account leader exactly truth serve serve note recent.,True
733,270,1058,4,2022-08-04,Year body although car recent above yeah age continue none find gas those cause less.,True
734,281,1516,5,2024-08-30,Sign rather range station seek per strategy former bad return town.,True
735,222,2315,3,2024-05-10,Central prevent office ever than husband continue leave.,True
736,170,85,5,2022-05-18,Chance its put town south gas reality model many more network.,True
737,57,2218,3,2022-05-19,Give garden bag place issue American page training ball discussion behind live.,True
738,286,1601,5,2022-03-02,General group sense detail law all share career cost suddenly indeed.,True
739,253,1828,4,2024-08-05,Easy economic believe successful suffer property store hear institution return.,True
740,79,591,4,2023-01-28,Set either big send agreement election budget wish pretty.,True
741,34,766,5,2024-07-30,Civil operation usually interest doctor page issue after such type our wear job.,True
742,139,623,5,2023-05-19,Wait financial allow form past opportunity central start trial region industry dinner sound way.,True
743,193,367,4,2023-05-19,Exactly director simple turn most although maybe sure bed factor.,True
744,139,447,5,2024-11-16,,False
745,72,2464,4,2024-08-27,Arm hard staff husband hand teacher certain compare reveal.,True
746,146,1965,5,2024-12-21,East car gun he her continue participant book.,True
747,54,480,5,2022-10-08,,False
748,258,387,4,2022-03-31,,False
749,286,984,2,2023-07-11,Fall agency expect else time miss religious positive eat third head trip.,True
750,102,599,2,2023-04-09,Though rate talk professor one low question blue.,True
751,209,1211,5,2022-11-28,,False
752,268,2302,5,2022-07-19,,False
753,247,1356,4,2024-07-17,Impact raise boy pull life call tough.,True
754,1,862,5,2022-11-17,Speak travel degree class born interview rate bar approach me direction peace.,True
755,240,1348,4,2022-02-08,,False
756,139,2367,5,2023-05-28,Better near however tonight skin kind quickly itself machine.,True
757,285,731,5,2022-03-01,,False
758,2,997,5,2022-07-15,Grow north radio maintain kind factor sure.,True
759,91,407,5,2022-02-25,Subject ball tell argue ever anything speak concern capital position score minute night never alone defense.,True
760,12,462,5,2023-12-09,Point they color first hundred seven another possible answer across sit.,True
761,240,556,5,2024-07-07,Event range learn girl personal movie rich drive interest measure.,True
762,298,520,3,2023-05-06,Away during near car common any seek.,True
763,12,298,4,2022-01-08,During exactly art nation civil able dog price.,True
764,198,1926,5,2024-01-20,Gun door all nearly culture room thing public mission.,True
765,196,159,3,2024-10-30,Develop subject down north property beat voice long early herself actually see or.,True
766,275,1886,4,2024-07-18,,False
767,265,1726,4,2024-08-10,Possible into contain amount government ball recognize between anyone listen across.,True
768,211,730,5,2024-09-18,Its especially half some some provide study fly.,True
769,61,211,5,2024-07-29,Describe according he share think once ball enter politics.,True
771,47,308,5,2023-07-14,Read put matter seek suffer drive great blood.,True
772,229,2037,3,2022-12-04,Share high simply name vote head manager learn crime suffer modern section statement.,True
773,9,246,5,2022-06-10,Coach cause reach until seven eye herself.,True
774,288,2484,1,2022-10-11,Few skin though compare interest road a week.,True
775,68,2071,4,2024-07-27,Author lead single range company provide hear far.,True
776,90,925,3,2024-11-29,Both however mother instead thought indeed look success home help.,True
777,202,1467,3,2024-06-01,,False
778,99,2215,4,2024-10-16,,False
779,208,1603,5,2022-01-20,Hold member low against help next which able everything detail raise turn direction rock real.,True
780,214,1947,1,2023-06-12,She office Congress weight single religious way box.,True
781,208,1249,2,2024-04-03,Lot arm form development ask traditional anyone sea rate.,True
782,73,1531,5,2023-08-17,Behind myself color message exactly buy court beautiful box recent significant watch present summer lose quality.,True
783,30,2232,5,2022-11-12,Party so road prevent strategy local expect pass person arm claim than blood buy evidence.,True
784,199,113,4,2024-07-18,So write green scene need movement bill wait whose item manage place range.,True
785,272,594,5,2022-05-30,,False
786,191,622,5,2024-12-05,Image during year customer behind others wonder hand good stand seat send.,True
787,75,967,4,2022-04-06,Industry figure improve maintain night audience off through.,True
788,208,2098,5,2022-05-24,Table report possible thought apply most way recently box debate statement matter international management country.,True
789,9,1249,4,2024-11-10,Boy develop worker create TV sort drug like technology.,True
790,18,809,4,2023-10-11,Environment already summer financial own argue live clear ground fast middle four.,True
791,147,2138,4,2023-04-28,Game inside whose test quite true nature store check sure.,True
792,15,316,5,2024-02-23,Page child treat since throughout black speak attorney outside science.,True
793,153,634,4,2023-08-19,,False
794,221,2305,5,2023-03-24,Newspaper there picture successful tough story story test today toward blood reflect.,True
795,124,122,4,2022-06-04,Religious image also recent house number end election station.,True
796,217,1528,4,2024-11-24,Edge do finish design apply drug thus song our miss say simple perform practice investment.,True
797,270,4,4,2022-06-23,Gun small Mrs career everyone role none see painting compare blue.,True
798,103,2287,3,2024-03-31,Player throughout forget watch understand industry meet at deal white like various laugh long.,True
799,173,344,5,2022-05-28,Building prevent religious window relationship Congress car commercial color.,True
800,148,257,3,2022-08-19,Behind pattern they style director speak in treatment continue doctor fine.,True
801,151,1187,4,2023-02-04,Behind name possible financial environmental fast will.,True
802,147,1486,5,2022-07-01,Choice world air really each student happy recently film in reduce.,True
803,259,330,3,2022-07-11,Brother save international assume from writer account sort.,True
804,92,594,4,2024-01-22,Billion manager court much religious today level floor store care stuff.,True
805,289,1431,4,2022-07-17,,False
806,10,2102,4,2022-04-15,Range perhaps meet station history away top sister.,True
807,199,1447,4,2024-04-01,Poor five floor environment see order compare.,True
808,42,247,4,2022-05-30,,False
809,109,1728,1,2022-12-29,Drop him high on view interest community collection get.,True
810,129,247,3,2022-02-23,Mr behavior economic strong person my senior participant administration perform.,True
811,103,1265,2,2022-05-24,Situation figure exactly piece chance able interesting concern seat establish.,True
812,139,1166,4,2022-03-21,Cut feel military page weight either line bill whatever money.,True
813,109,524,5,2022-01-24,Total effort also itself space speech compare eat no himself per card form.,True
814,100,959,5,2024-06-06,,False
815,52,753,5,2022-02-10,,False
816,276,896,5,2022-08-01,Last daughter start against technology clear service.,True
817,208,1161,2,2022-04-28,Plant very southern writer participant these TV such tend eat interview toward them instead force.,True
818,116,469,4,2024-09-14,Over style like foreign else buy near cut also option open ever.,True
819,144,624,4,2022-08-27,Meet lay various worry science particular I help while involve open particularly election administration red.,True
820,26,2169,4,2022-05-23,Record talk against tell talk once be end key bank ago serve sometimes end.,True
821,133,1264,5,2024-01-23,Bill hot stop industry road a full myself measure want rather his product end.,True
822,200,53,5,2022-10-19,Daughter reason wide happy thought work offer foreign third.,True
823,216,689,3,2022-03-02,Food training population sit impact religious social director gas animal station.,True
824,163,542,2,2023-08-31,,False
825,138,2324,5,2022-08-28,Top somebody itself likely reflect onto tonight soon buy where such.,True
826,16,1113,4,2023-02-05,Argue television teacher much the yourself into common heavy store method smile.,True
827,8,798,3,2023-07-12,In sense military explain each security teacher test provide cultural mention determine result be show sure.,True
828,148,2405,4,2023-10-29,Keep official over base southern possible ability family turn.,True
829,270,2035,4,2023-08-29,,False
830,116,2388,3,2024-12-02,Challenge than remain least model serve any democratic foreign chair war section.,True
831,88,954,1,2023-12-27,Effect quite deep organization idea sit help school each bit.,True
832,129,109,4,2024-03-16,Purpose character develop keep instead live success total.,True
833,56,1034,5,2024-11-27,Third study though feeling term leave though community including career each hotel Mrs recent.,True
834,266,1944,3,2023-05-30,,False
835,235,2488,5,2024-10-26,Pass travel trip painting sport enter many significant hear evening expert dream expect maybe free.,True
836,203,1870,5,2023-04-21,Government couple seek skin there thank while six live letter newspaper example enter change when lose.,True
837,188,2203,3,2024-05-27,Great final knowledge current because first likely debate since arrive open small poor another.,True
838,21,1350,5,2023-02-17,School someone head ground media drug fact enjoy each work song.,True
839,141,1150,2,2023-08-29,Half garden Congress customer quality walk involve all raise trip several technology already.,True
840,262,1808,3,2024-06-01,Ahead yourself say audience save spring once send gun instead bad ready our nothing.,True
841,62,1226,5,2022-05-06,Street year beautiful big thought maybe see language upon I baby role like.,True
842,255,398,2,2024-05-15,Type member shake impact main a result run in provide teach street natural.,True
843,151,1186,1,2022-06-11,Remain administration health card identify within only admit politics.,True
844,238,380,3,2022-11-11,,False
845,90,1747,5,2022-03-18,Everybody clearly discussion discuss role off control institution.,True
846,239,885,4,2024-08-01,,False
847,265,996,4,2023-11-02,Talk firm study quite perhaps institution trip attack area attack then.,True
848,73,1029,3,2024-01-11,Home allow machine late during necessary study education run matter cold lay ten still able.,True
849,26,1594,4,2023-12-02,Paper example admit today them coach reveal situation lose difficult ground bank.,True
850,211,1962,4,2022-10-29,Including understand ten look believe bed data hand measure could center method crime.,True
851,299,578,3,2023-07-25,Significant movement bad decide perform money Mrs point really major own gas performance.,True
852,82,2046,2,2022-11-24,Around officer field though soldier away color your without form space style win book leave serious.,True
853,195,2148,3,2022-04-29,Democrat day take onto find several occur natural respond.,True
854,284,1073,5,2022-12-13,Run yeah whether assume election history else.,True
855,95,1611,5,2023-10-25,Word community trip bill part have leg subject within suggest subject save big as fire line.,True
857,62,590,4,2023-04-23,,False
858,186,2287,3,2023-07-31,Fly although arrive film act kid because Republican.,True
859,81,1305,3,2022-10-20,Pattern thousand imagine pass field should floor.,True
860,210,2244,4,2024-06-03,,False
861,173,722,2,2022-07-19,Scientist remain down song for though build next wind our better image pass.,True
862,239,1068,1,2023-01-29,Environment check indicate range various true sound age will truth security word herself past admit time.,True
863,187,273,3,2024-01-04,Player civil economic son but movie individual me call reach plan material until I practice.,True
864,186,825,5,2023-04-13,,False
865,234,851,3,2023-03-12,Structure nothing high certainly more place market son remain second action notice.,True
866,57,2201,2,2022-10-21,Product plant two water goal can car physical any.,True
867,171,928,4,2022-11-17,Citizen air whether produce tree environment fund management can source.,True
868,125,2491,5,2022-05-11,Leg business particular because free too specific former yet this sort age upon trial way.,True
869,278,860,5,2022-02-03,Administration herself explain agreement social story energy industry grow feel local later source.,True
870,279,1603,5,2024-03-06,Whom among often either base me rock measure job white employee along too forget subject issue.,True
871,31,2477,5,2024-07-23,Determine next most unit kind they girl recently treat.,True
872,293,1037,5,2023-07-31,,False
873,214,2233,3,2022-02-26,,False
874,100,2128,5,2022-11-26,Perhaps down deal probably appear positive those catch option those yeah son test new across evidence.,True
875,105,340,4,2022-04-29,,False
876,138,1844,4,2023-10-11,Everyone send total bag officer address meeting debate building return eight yes only wrong follow early.,True
877,138,1593,5,2024-01-22,Week now final operation send employee speak room whatever.,True
878,270,1368,1,2022-04-20,Film campaign dream grow behavior save listen policy star former.,True
879,58,814,4,2023-05-06,Call role management space eight member military spring more show.,True
880,188,915,2,2022-07-20,,False
881,35,741,4,2023-12-19,Here produce or coach similar vote movement control though moment clearly movie.,True
882,59,45,5,2024-03-22,Set book despite early decide join member.,True
883,293,734,3,2023-05-04,Interview road race story machine important manager adult we everything soon despite.,True
884,29,2091,4,2024-11-28,,False
885,33,1511,4,2023-12-13,Safe off store little chair discuss player ball local today raise.,True
886,86,2215,4,2024-10-31,Outside city me performance ever remain whole beautiful rate relationship fact money.,True
887,290,829,3,2024-10-27,Investment follow build security brother pay manage either difference.,True
888,156,521,1,2023-10-04,Image skin author group political financial born idea morning interview very account speak not deal say.,True
889,250,2431,4,2023-09-04,,False
890,164,368,2,2023-08-03,Article book six student beat say offer present choice.,True
891,144,1868,5,2024-07-11,Certain modern service social Democrat sign outside look improve any pick.,True
892,296,471,4,2022-07-25,Job reason western source them wife ever soldier cultural feel above.,True
893,23,971,4,2022-11-02,That just drop some money hundred section bit generation end indicate administration.,True
894,205,1397,3,2022-06-04,One throughout American three machine environment security wrong plan case.,True
895,264,1703,2,2022-07-19,Answer four deal understand system federal of blood real.,True
896,224,631,4,2022-03-15,Start give know phone radio sort hair amount wonder these we wide reveal sure power.,True
897,225,260,3,2023-12-25,News team purpose law themselves near become city consumer employee.,True
898,263,2212,4,2024-04-15,,False
899,141,793,3,2024-06-10,,False
900,139,253,5,2024-06-21,,False
901,276,1721,3,2022-09-03,He local mention eye house knowledge participant strategy story store bank sit none now beyond measure.,True
902,69,1527,5,2023-08-08,Low have check quality everyone benefit fill sit fund public investment every must mind.,True
903,245,1075,4,2023-11-01,Military popular production live key its here five today loss.,True
904,29,1416,4,2022-12-26,,False
905,289,2443,4,2022-10-11,For rise enjoy soldier decision structure development she Mr price big teacher.,True
906,228,1465,2,2022-07-08,Company cell able old should teach approach if we drop tend generation growth less by.,True
907,140,1009,2,2024-08-14,,False
908,142,1333,1,2022-07-10,,False
909,126,629,5,2024-07-25,Professional body wear poor left teach short.,True
910,205,1710,5,2023-06-17,Which drive author thus energy movie card good half while front effort development establish whom plant.,True
911,1,1030,3,2024-02-07,Believe move then hear degree professor charge team movie whom glass.,True
912,25,166,5,2024-11-20,Street purpose old whose general section feeling.,True
913,180,2437,5,2022-07-19,Gun maybe president I choice today most training physical brother cover cold degree save.,True
914,279,583,4,2022-10-06,Know feel let edge southern young know respond effort without prove.,True
915,209,1233,5,2023-01-05,Result southern really wind buy glass floor future among require material exist research I.,True
916,197,145,4,2024-02-23,,False
917,15,1157,5,2022-03-22,,False
918,162,1643,1,2023-03-02,Left course station beyond back girl question probably always.,True
919,152,1880,4,2022-03-07,Just along himself of position off major it.,True
920,100,72,3,2022-10-17,Concern more finish better tough choose see half special door near social one knowledge quality good.,True
921,283,1788,5,2022-01-01,So main drive these somebody reflect organization animal around campaign.,True
922,286,163,3,2024-08-23,Mrs establish be degree song star send partner avoid couple page treat finally manage finally.,True
923,19,255,5,2024-01-29,Dinner if public different look sign nothing kid star artist reason minute against region take through.,True
924,97,1475,1,2024-01-19,Professional trial purpose direction hair pick such.,True
925,136,1297,5,2024-04-21,Sport hope agent company sure consider yard indeed to likely option enough sing attention though.,True
926,78,860,4,2023-09-20,Hospital voice billion special public whatever someone coach enough price focus city help type one.,True
927,45,960,4,2024-03-26,Nothing without successful special tend hour serve five white pick evening trip record Congress rather.,True
928,194,109,5,2022-01-10,,False
929,244,1873,3,2023-08-27,Exactly under body best significant mother sure toward garden degree TV could.,True
930,185,1722,4,2022-10-12,Reach certain deal stay poor beyond or.,True
931,207,646,4,2024-09-30,Study reveal message sister Mr today technology voice employee provide coach watch end.,True
932,231,2376,5,2022-06-24,During drug environment arrive best continue college debate home crime meet there house fact traditional.,True
933,156,2227,5,2022-05-25,Run action instead professor itself will down.,True
934,147,1035,5,2023-12-25,Help science health low pressure ready assume indeed when material among nation suffer house.,True
935,8,56,4,2022-04-01,,False
936,101,2319,4,2024-08-15,Prevent bill hope off and though provide.,True
937,142,1529,1,2022-05-11,Suddenly pressure somebody either investment fear open bar already responsibility range discuss race.,True
938,241,947,5,2022-12-26,,False
939,48,274,3,2023-10-30,Six economic something almost north report main administration fear from product boy which.,True
940,24,1869,5,2024-04-15,,False
941,267,926,2,2024-05-25,Radio but attorney tell next between however nation often let action everyone brother forward.,True
942,33,742,3,2023-02-07,Attack eat top rock sit game commercial somebody cell both.,True
943,217,571,5,2024-12-05,,False
944,190,2344,5,2024-05-24,Same series nearly member happen everybody action ten up discussion significant happy discuss me fear.,True
945,20,604,5,2023-04-08,Police above gun dream sound surface lose full effect off sign relationship business then same fight.,True
946,195,321,5,2024-04-15,,False
947,24,536,4,2023-03-02,Character myself country number happen week on lot.,True
948,221,1394,5,2022-02-03,Activity determine space television law manage manage tax recognize court generation matter traditional throw field can.,True
949,140,1899,5,2022-01-04,,False
950,143,2116,4,2023-03-10,Above behavior hot must discussion play new fly dream history else series.,True
951,62,1520,2,2022-04-10,Shake identify let project tax act evidence financial walk prevent research onto respond put.,True
952,251,2428,5,2023-04-22,Successful police line door direction computer oil inside stock rise.,True
953,115,904,4,2024-07-07,Treatment worker to enough than break a myself to teach only red.,True
954,75,2369,5,2023-03-07,,False
955,232,2006,2,2024-07-28,Rise describe bring behavior general affect game face low lawyer single on vote.,True
956,165,1394,5,2023-02-02,Responsibility federal local story black anything well office hot thing gun purpose go game change north.,True
957,10,1891,4,2024-05-23,Charge hold office fast full wall quite serve oil participant election rate more give.,True
958,226,1329,5,2023-01-03,Activity its rich rock consider tend practice television attack mind use site live.,True
959,30,40,4,2022-05-19,Should kitchen key lay other life series day north stay certain development life contain seat serve.,True
960,299,226,3,2024-10-28,,False
961,262,110,4,2022-12-29,Attorney size area just draw group candidate others common produce allow much too.,True
962,297,209,4,2022-02-11,Explain clearly cover walk drop skin democratic operation discover.,True
963,165,1360,2,2024-01-24,Here skin sport threat strong weight help world else difficult true.,True
965,213,197,2,2024-05-23,Technology enter most stock from mother sister future blood which place share.,True
966,204,2269,2,2024-09-03,,False
967,266,1477,4,2022-04-21,Situation eight gun white toward morning according easy know set few car four ahead news.,True
968,46,828,4,2023-11-11,Nearly point land however quickly among reveal week collection eat avoid lose top.,True
969,16,1987,2,2024-04-12,Perform response for husband increase decade option office.,True
970,62,597,5,2023-06-02,,False
971,27,356,5,2022-08-22,Music line modern low turn mind data something baby.,True
972,149,2328,2,2024-04-10,,False
973,160,1267,5,2022-09-13,,False
974,216,2253,5,2023-01-31,,False
975,215,2161,5,2023-08-22,,False
976,156,535,4,2024-10-20,South note something community stage listen project hot feel.,True
977,53,1186,4,2024-08-23,,False
979,246,65,3,2024-09-30,Across crime consumer news according above food reduce condition maintain full bad voice.,True
980,193,2162,5,2022-12-28,Race room prevent about rich major father water at.,True
981,125,1393,3,2022-08-16,Morning people probably receive area thousand image capital letter practice adult.,True
982,21,1636,4,2023-03-29,Green if quite language every stay discover return.,True
983,10,898,5,2022-02-15,Loss training game same use source cut of.,True
984,15,1405,5,2024-11-23,Medical management top read democratic movement popular international somebody ten friend within.,True
985,222,419,4,2023-05-16,Director husband away score mother matter between plant according.,True
986,284,2123,5,2023-02-10,And blood it participant suggest low car pay go number animal summer.,True
987,156,1955,4,2023-03-11,Near result call dinner change north success story offer.,True
988,105,1550,4,2024-06-20,Senior one measure order billion movement visit training trial specific.,True
989,51,2419,2,2023-07-29,Investment decision page kitchen executive close affect skin.,True
990,293,972,4,2022-01-31,Store least receive book social finally contain no life draw include history.,True
991,97,1768,5,2023-01-19,Over military nation really concern president weight whose trip road dog under.,True
992,120,1040,4,2024-10-19,Remain leave commercial seem father play culture third teacher performance leg many page.,True
993,299,1693,4,2023-02-15,Gun book tough sell surface development million put amount church trouble another.,True
994,32,1051,5,2023-09-19,Establish move affect father fall ok industry anything air anyone.,True
995,297,1095,4,2023-10-02,Act assume recognize lot long camera these if reason why street.,True
996,262,1448,2,2023-10-06,Hand order type determine site discuss other be whatever.,True
997,49,903,5,2024-07-25,Window treatment quickly chance drop want box least standard how treatment else whether foreign occur small.,True
998,29,1172,5,2024-06-17,Plant miss call particular development without particularly.,True
999,62,1596,4,2023-05-11,Large fill citizen much drug soldier seven seven pattern range treatment.,True
1000,122,879,5,2023-04-03,Skin something bar good tell after collection issue tree score let single idea action.,True
1001,260,2144,3,2022-08-14,Century none off reflect player it success image ten population.,True
1002,160,636,4,2022-12-25,Certainly me economic scene foot employee voice research exist political by.,True
1003,105,1652,5,2023-05-25,Manage century relate article item wear specific environment number perform figure discuss off onto everyone table.,True
1004,108,671,5,2022-07-23,Tend social read company light really free cup still step better determine after loss everyone eat.,True
1005,253,272,4,2024-11-18,,False
1006,61,2377,1,2024-05-14,Anything worry institution big condition fall little effect plant much.,True
1007,39,1911,5,2023-10-03,,False
1008,16,485,4,2022-07-16,Research learn area discover and trouble hundred by start force.,True
1009,230,1836,3,2022-11-13,Maintain bed water food teacher approach onto.,True
1010,74,1274,3,2023-12-20,Plant recognize event charge positive reach federal game figure bad per.,True
1011,94,63,3,2022-10-06,Spend task capital discussion song along main might only such state run.,True
1012,119,2063,5,2023-10-25,Tough glass sea role financial which use wind pattern themselves body reality.,True
1013,37,1685,1,2022-08-02,,False
1014,291,1054,5,2023-06-11,Group we thus hot something community method power wonder important admit six.,True
1015,211,2194,5,2022-05-26,Seat care system provide their price through respond down.,True
1016,88,1015,4,2023-02-02,,False
1017,66,1486,4,2022-11-17,Across single leader vote fine eye area parent process.,True
1018,296,2036,1,2022-02-16,Speak property information knowledge theory fill rate realize institution tree measure seat or body.,True
1019,59,96,5,2022-10-08,Trouble she individual benefit anyone describe chance store.,True
1020,214,610,3,2023-12-18,May better order although son time prevent history during mission imagine meet remain safe become.,True
1021,146,2082,2,2022-09-22,Usually us animal go along option free hundred news serve herself compare.,True
1022,14,1586,5,2024-04-21,Activity we research church ability point network.,True
1023,178,210,1,2024-03-25,Language place leader goal executive letter development right sit where develop.,True
1024,99,2019,5,2024-09-04,Page weight minute out pick now billion effort with parent daughter left bag.,True
1025,158,2049,3,2023-08-14,Lose nor want her middle individual head than front man big interesting great.,True
1026,292,230,5,2022-09-22,Go parent half I young eat seek.,True
1027,14,926,4,2023-09-13,Any personal keep open chair rest care more which investment serve degree side region.,True
1028,216,1734,3,2023-05-23,Some adult customer her reach loss option claim indeed he natural pull actually billion.,True
1029,38,1180,4,2023-06-10,Professor catch heart stand front agency around garden operation all year.,True
1030,122,1185,4,2024-09-27,Program only nearly decade suggest husband leader.,True
1031,75,2378,5,2023-09-30,,False
1032,297,1892,1,2022-05-05,Member career help hot actually sometimes sign eat detail provide agree oil fact fine past.,True
1033,95,635,5,2022-12-04,,False
1034,275,1331,5,2024-03-07,,False
1035,104,537,1,2023-01-26,View worry man wind everyone join nothing which include wrong including hold mention market crime between.,True
1036,56,2157,4,2024-09-08,Sometimes church front laugh force identify above camera also difference west although him life table wish.,True
1037,70,2391,3,2024-11-08,Continue bad hard nor analysis energy type surface.,True
1038,285,831,5,2022-08-27,Sign medical traditional front include issue report song sure.,True
1039,257,1809,3,2023-10-15,,False
1040,163,1096,5,2024-11-25,,False
1041,300,2225,5,2022-08-19,,False
1042,84,1586,4,2022-08-08,Often maintain network side magazine pass on high create bar.,True
1043,294,872,4,2022-03-23,List particularly stop special talk example field address civil.,True
1044,280,14,3,2023-12-11,Really chance Mr student course audience than doctor baby happen difficult.,True
1045,254,638,2,2024-12-04,Study the tree all check quickly piece speech.,True
1046,127,235,5,2023-10-23,Small page eat off according be enough us small them nothing.,True
1047,118,1256,5,2023-10-05,Store sport sound past safe suggest her price out.,True
1048,100,2216,5,2023-10-07,Risk important need since face why determine bad behavior sense middle.,True
1049,43,1553,4,2023-01-25,Want yourself none billion act work TV recently.,True
1050,33,1002,3,2023-06-05,Church player knowledge onto able find although guess ability seat.,True
1051,195,838,5,2023-08-23,Southern total law fast stage learn defense.,True
1052,274,824,4,2024-09-26,Cup enjoy southern several hope fire by.,True
1053,2,2419,5,2024-03-04,,False
1054,103,502,4,2023-06-14,Leader product line environmental area rise agree Democrat year.,True
1055,91,508,5,2022-12-07,Enter peace oil TV moment about wall east blood director security your eye control.,True
1056,225,426,5,2022-02-20,Identify feel above history difference interview speak go wait reflect news girl understand however because student.,True
1057,63,238,4,2023-05-18,Ago move image forward imagine behind focus how.,True
1058,107,566,4,2023-04-05,Use again exactly fact minute less feel no simple player staff opportunity meeting.,True
1059,191,102,4,2022-05-22,,False
1060,292,700,5,2024-01-13,Attorney activity power if blood write TV lay life send know wear she develop lose.,True
1061,253,1770,5,2022-05-07,Traditional other speak staff various know billion use available blood region institution appear already pattern.,True
1062,72,1334,4,2024-06-30,Two environmental family war special free option language dinner.,True
1063,241,525,4,2022-10-12,Program million professional room world understand hear class nothing board.,True
1064,168,940,5,2022-12-12,Stand risk growth trade theory serious find.,True
1065,135,957,3,2024-10-19,On his identify girl rest response whatever party positive lead billion lawyer which than shake reason.,True
1066,274,2451,4,2024-04-09,Event manager reveal upon cultural second nice give moment.,True
1067,117,2442,5,2022-03-09,Wide during perform tend probably hold law begin red yard where event.,True
1068,37,348,4,2024-01-29,Social thus loss participant key almost accept hair political local.,True
1069,29,984,5,2023-10-07,,False
1070,45,1602,4,2024-05-24,Station leg by thing building carry agency recently onto partner.,True
1071,267,2383,3,2022-06-17,Seek hotel husband standard movement other administration voice production pick foreign magazine.,True
1072,146,1482,3,2022-03-27,Out down product little style between must house west on.,True
1073,249,1023,4,2022-07-01,Gun call street possible forget perform community world according.,True
1074,63,70,4,2023-05-19,Six someone book side area stand interest indeed.,True
1075,271,2053,4,2024-10-21,,False
1076,243,1527,3,2024-04-18,Least no skin whose section phone bank way talk ability pull new cause shake most field.,True
1077,140,143,4,2024-03-15,Strategy person share rather threat remember night if campaign purpose design article.,True
1078,261,1555,3,2022-02-19,More management threat without we each yeah task voice wide right.,True
1079,83,1568,5,2023-11-03,Paper call author yard natural these again degree.,True
1080,223,2185,4,2024-01-31,,False
1081,268,518,5,2024-01-16,Money worker state business his point physical response.,True
1082,223,885,5,2022-07-04,Choose including share real job draw medical.,True
1083,106,1963,5,2023-12-04,,False
1084,202,312,4,2022-08-11,Tree participant at summer its address during different officer attack number direction.,True
1085,151,563,4,2022-01-07,Within cause tonight chance thought source source treatment company.,True
1086,207,1313,5,2023-10-30,Drive on painting person fly team view fine trade increase either feeling minute set eat two.,True
1087,31,1318,4,2024-03-12,Investment region my medical the this avoid situation development animal election painting mind fly matter be.,True
1088,163,49,5,2023-01-01,Fish girl push site argue policy home threat sister most upon appear.,True
1089,236,1643,2,2024-02-10,Officer read administration role west west life break condition right however right.,True
1090,180,541,5,2023-07-08,Certainly food father movement according performance general people nothing majority.,True
1091,93,206,5,2022-12-02,,False
1092,300,1930,5,2024-02-20,Return wife someone crime store with system firm get nor.,True
1093,187,661,3,2023-07-03,Effort later radio available look describe hot two activity.,True
1094,38,285,2,2023-01-26,International which hotel president television bit civil way factor sure day air add amount huge.,True
1095,243,1765,5,2023-02-28,Allow way record official coach education point cause letter which.,True
1096,107,2487,4,2022-03-15,,False
1097,224,1879,5,2023-04-15,Son always line respond modern bar PM director interview.,True
1098,242,423,3,2022-03-17,Several fact give contain line according pay suddenly nearly case like stop.,True
1099,38,1645,4,2024-02-02,Join respond majority recently seven decide how at.,True
1100,150,1565,4,2023-02-21,Rule force forward range affect whatever those allow boy field Mrs eight can investment common real.,True
1101,120,2092,3,2024-01-30,,False
1102,163,619,5,2023-05-06,,False
1103,241,1410,5,2022-07-29,Decide action later can focus child pressure.,True
1104,115,803,5,2022-12-21,Able toward prove raise theory policy culture lead southern off.,True
1105,154,1177,4,2022-08-07,,False
1106,167,1727,1,2022-09-02,Should center what air paper that remember determine instead tonight international history newspaper.,True
1107,90,255,5,2024-08-15,Across deal ability health travel ask affect between hospital oil above.,True
1108,245,623,5,2023-10-06,Explain small former agree forget pretty majority federal oil include really middle only fast budget.,True
1109,167,749,2,2023-07-17,Fish adult particular south past within indeed.,True
1110,281,2430,4,2023-01-29,Business student remain head recently recent card soldier need answer.,True
1111,295,1192,4,2023-02-01,,False
1112,63,1678,3,2024-02-28,Study cover lay knowledge fight glass even arm record require market identify voice second.,True
1113,82,1965,5,2024-10-08,,False
1114,20,1712,5,2024-12-03,Other another blood break form city foot media itself consider.,True
1115,270,961,5,2024-03-05,Region need concern American bar knowledge mother affect draw effort white sort move something.,True
1116,234,1148,4,2022-11-03,Religious or brother myself attack threat successful.,True
1117,83,2168,5,2023-04-28,Concern yard detail whatever foreign realize far room other.,True
1118,155,1686,5,2024-01-22,,False
1119,143,230,4,2024-02-12,,False
1120,286,117,2,2022-12-01,And say good image fly many parent system blood.,True
1121,7,2176,2,2023-05-22,Size writer something difference remember serve life will kind economic.,True
1122,264,1160,4,2023-04-14,Because home near without support whose now treatment.,True
1123,262,1247,4,2024-12-07,Something board give up collection break day.,True
1124,22,1038,4,2024-08-13,Remember organization heavy account method evening item security candidate medical official might.,True
1125,95,613,4,2024-10-25,Return according write many hospital black bring east student page police officer team organization level plant.,True
1126,58,1739,2,2022-06-04,,False
1127,179,398,5,2024-11-24,Receive various treatment task detail minute magazine must million good stock message.,True
1128,97,2262,4,2024-01-26,,False
1129,3,1482,4,2024-01-05,Team mention mention bit significant election dog offer how drug Republican to across about down.,True
1130,14,2111,3,2024-07-18,Expect old particularly situation road statement site fine range politics education son everyone sure amount idea.,True
1131,271,1391,5,2024-11-15,,False
1132,278,1618,5,2024-12-22,Season career policy unit expect discussion shoulder store year.,True
1133,52,2166,4,2024-09-07,,False
1134,12,1505,5,2023-08-03,,False
1135,284,167,5,2023-03-13,Ready all song else future present middle TV.,True
1136,19,435,5,2022-02-15,Forget phone represent nothing approach speech region occur investment media fire medical development public form.,True
1137,298,411,3,2024-01-12,,False
1138,73,728,2,2022-07-25,Author local finally statement yard quality major western decision you present better rather letter whatever.,True
1139,233,167,5,2022-08-13,They rather teacher first agent phone man movement.,True
1140,78,1797,4,2024-02-19,,False
1141,90,913,5,2023-08-12,On chance culture represent focus add tough impact onto future west four she.,True
1142,136,1404,5,2023-06-18,Difference share while upon raise hotel crime learn finish.,True
1143,200,52,5,2024-03-04,Speak expect late energy ready could why early lot avoid interest partner.,True
1144,113,1816,5,2024-04-01,One report finish general later write tree.,True
1145,191,1016,4,2022-02-04,Already in like available individual finally view society nor.,True
1146,29,2046,5,2024-06-08,Son book civil necessary economic production behavior play local run size successful foot join.,True
1147,251,2206,2,2022-12-23,Billion child thank trade must door report ago hit exist newspaper good provide.,True
1148,9,963,1,2022-07-24,He food vote oil anything wide defense four according marriage should.,True
1149,164,2152,3,2022-11-09,,False
1150,68,2061,5,2023-09-07,,False
1151,286,2002,2,2022-05-06,,False
1152,157,384,4,2022-06-22,Soon find soldier discussion carry improve worry office over enjoy statement along mind reason station hundred.,True
1153,140,1735,4,2023-10-11,Result work strong way interest upon admit water contain artist know we.,True
1154,163,2116,1,2023-10-23,Hundred leader painting it voice left truth.,True
1155,56,876,5,2022-04-11,What question common argue once decade finally almost.,True
1156,26,1825,2,2023-07-22,Out thus treatment him rock necessary create down rather discuss same talk authority.,True
1157,16,1767,3,2022-05-07,Church turn situation participant both sure difference lose city try among argue nice this memory present.,True
1158,300,2081,4,2022-11-10,Security consider single firm per food save movement knowledge coach natural certainly hundred.,True
1159,137,1951,4,2023-02-04,City produce store section ago bad you instead officer.,True
1160,270,1929,5,2024-06-20,Top else region hand often case thing.,True
1161,11,1847,4,2024-03-05,,False
1162,76,609,3,2022-08-31,Impact suddenly indicate realize affect interview store enter choose physical true yourself computer leave.,True
1163,68,1409,4,2022-03-01,,False
1164,164,938,4,2023-12-13,Nearly reason light natural movie add about recent paper indicate long leader test yes.,True
1165,42,1749,2,2024-04-12,,False
1166,4,1746,5,2022-06-13,,False
1167,207,1873,4,2023-07-05,Central pass matter law TV nation choice mission.,True
1168,84,345,3,2022-09-17,Carry someone chair husband rest religious sense either join ability cultural manage population walk almost hit.,True
1169,31,213,5,2023-06-04,Myself action cut ready white husband figure line thank study player certain old.,True
1170,231,2038,5,2024-05-23,Today they set you card range draw health rate bar.,True
1171,112,494,3,2022-02-16,Social be page with news energy after key us budget ability method rich.,True
1172,254,2373,4,2022-08-12,Magazine together happen always level billion we likely expect expect different window often.,True
1173,70,2085,4,2023-11-09,Others laugh charge treatment include prove foreign attack alone stock understand anything light.,True
1174,252,60,5,2023-04-06,Many say agreement computer head chance professor north.,True
1175,239,74,5,2024-11-21,Rather us director radio compare bank wrong common top.,True
1176,80,623,3,2022-08-26,,False
1177,268,1379,5,2022-04-16,,False
1178,31,697,5,2022-07-06,Hair person owner especially leave realize professional view policy test institution organization security later.,True
1179,132,2105,3,2024-05-02,Effort set get himself question past score protect close example identify.,True
1180,65,1144,5,2022-10-19,,False
1181,151,468,4,2022-12-10,Glass responsibility kid always soldier quite hand too.,True
1182,201,572,4,2024-10-05,Draw visit work should than smile someone how of situation.,True
1183,273,1883,3,2022-01-11,Language move sea too short above morning gas short space leader out another guy fear rich.,True
1184,45,247,5,2024-07-11,Meeting every open alone around what someone me color same purpose know enter agree pay.,True
1185,157,1238,4,2023-02-28,Join consumer hear during certainly kid option best bring reality arm red head realize audience.,True
1186,297,2178,2,2022-08-04,Economy quality today particular property risk others stand baby ground officer brother program appear probably.,True
1187,41,2372,4,2023-02-15,Practice really surface across service those challenge teach enter get.,True
1188,21,1460,5,2023-09-07,,False
1189,65,2172,5,2023-05-21,Production care friend forward national clearly off thank until TV nature bill particular why.,True
1190,108,1936,5,2022-05-25,Like raise participant music land hit far on very when loss.,True
1191,72,918,4,2024-04-12,,False
1192,297,834,5,2023-03-06,,False
1193,1,2047,5,2024-02-25,Try radio would they ball involve leader material movement speak general century strategy Congress land.,True
1194,253,1742,5,2022-01-12,,False
1195,267,942,5,2023-08-25,People me power lawyer year modern wait former everything mention third serve whom.,True
1196,125,1515,2,2023-12-12,Everyone break particular yet reveal ok reality defense yes true.,True
1197,194,2257,5,2024-01-03,While itself receive four yard write ok economy time middle agree check.,True
1198,13,1489,4,2023-05-19,Success month skin long drug responsibility protect imagine TV attorney growth.,True
1199,130,1150,3,2022-02-09,Sound carry car TV test artist walk let price friend education air firm discussion her.,True
1200,1,1050,5,2022-07-22,,False
1201,93,1261,5,2024-03-08,Religious last under drop apply student whether computer those.,True
1202,252,192,4,2023-06-05,,False
1203,160,645,5,2024-11-10,Attack including possible expect lead them industry technology son black personal decide recognize man.,True
1204,50,931,4,2024-12-21,Newspaper major serve answer house back recent federal performance.,True
1205,295,1884,4,2023-08-30,Former husband discuss item remember fast mission agreement pick nearly mission full away commercial production.,True
1206,218,192,2,2024-01-03,High once treat firm weight evening operation resource moment financial Mr three year subject wrong.,True
1207,265,1137,2,2022-06-23,,False
1208,274,930,4,2024-05-31,Third foreign and bad detail purpose sport music term least society senior cold second.,True
1209,169,1123,5,2024-10-13,Debate item high job fall skin upon.,True
1211,111,150,2,2024-11-16,Difficult environmental wide what account consider Mr statement entire plan spend senior without PM happy.,True
1212,245,931,1,2023-08-04,,False
1213,9,814,1,2022-06-18,Garden interesting cover practice teach surface laugh popular short argue.,True
1214,160,1309,4,2024-03-25,Defense most relationship like article call left seat protect call nearly staff.,True
1215,162,1281,4,2024-02-04,Type against remember small among risk charge garden face improve page smile range wonder.,True
1216,76,500,5,2023-02-03,Throughout work power fall billion live newspaper take attorney small instead six experience thank.,True
1217,174,227,5,2022-03-13,Do hospital skill them herself act white everything provide today second issue second debate.,True
1218,55,2361,5,2022-12-13,Perhaps audience ready exist own good let ready ahead.,True
1219,68,2177,5,2024-08-01,Through dream past vote old or success where instead all include player organization.,True
1220,104,563,4,2022-12-23,,False
1221,54,986,3,2022-05-09,Arrive can responsibility different western office ahead bring return mean.,True
1222,130,759,4,2024-03-26,Term heavy name easy interest person fly thought.,True
1223,283,1182,5,2023-04-17,Although purpose water hand despite lead study culture.,True
1224,268,37,5,2023-07-15,Learn can pretty make memory leave your unit hand issue per leg trouble.,True
1225,76,1927,3,2024-01-07,,False
1226,193,888,5,2022-10-07,Government manager nothing particularly he happy through food possible read hit.,True
1227,102,1224,4,2022-03-26,Report bar boy method themselves whatever experience avoid difference general civil fine school production happen.,True
1228,119,1864,3,2024-03-25,Wall thus similar population may simple avoid practice.,True
1229,254,2133,5,2024-07-29,Them particular report begin strategy hear far fast.,True
1230,158,1419,4,2022-06-09,,False
1231,61,1175,3,2022-12-29,Art daughter smile professor list history performance energy dark.,True
1232,93,2080,2,2023-05-23,Room natural feel arm state gun teach common visit size scene expect yard act reduce.,True
1233,101,2083,1,2022-01-08,Customer significant do popular some against economy compare respond state top gun store clearly long first.,True
1234,271,2272,3,2024-01-27,Article agree understand long tree because song pretty toward foot image beat tonight beautiful whom.,True
1235,39,1558,5,2022-12-16,Daughter few white within energy maybe happen attention.,True
1236,45,1809,1,2024-09-24,Over rate it compare left natural beautiful management face campaign.,True
1237,53,2213,4,2024-01-04,Character significant people third remain maybe yes always.,True
1238,192,1671,4,2022-10-20,Option figure alone peace week anything nation month audience here include.,True
1239,51,1153,5,2023-11-02,Citizen bring occur put than already child provide court hotel no staff.,True
1240,275,818,1,2024-11-29,Behind where do issue television human approach feel understand they.,True
1241,175,220,4,2023-07-06,Treat be teach design natural none peace thousand.,True
1242,28,2411,5,2023-05-20,Fact fly term born reveal site age thought eat well enjoy happy agreement manage.,True
1243,92,1941,5,2022-06-27,,False
1244,209,481,5,2023-01-31,,False
1245,227,1261,5,2022-06-17,Thus listen hospital around resource law seem child religious president charge.,True
1246,282,2072,3,2023-02-27,Stay sense decade hour structure product where mean.,True
1247,23,368,4,2022-08-22,Behavior win public with area side real keep.,True
1249,231,1973,3,2022-10-07,Age generation parent I others study however rather early resource would easy real arrive.,True
1250,22,1536,5,2022-07-11,Blue race mission across ago many tree ever any inside economic democratic democratic air.,True
1251,213,479,4,2022-07-26,Front movement make experience receive really need performance prepare during friend rule subject.,True
1252,61,838,5,2022-09-24,,False
1253,173,2229,5,2024-03-24,,False
1254,7,94,5,2022-12-02,Cost modern threat tree stuff center health watch sea green your both per boy.,True
1255,148,1297,5,2024-09-22,,False
1256,49,1246,1,2023-12-18,,False
1257,202,1984,4,2024-10-17,,False
1258,209,1562,4,2023-05-07,Western site white try mind close seem into my training natural major how none play.,True
1259,166,2474,1,2022-05-28,,False
1260,32,341,5,2022-08-27,Well mother allow reason in keep million including together.,True
1261,191,124,4,2022-12-09,Military scene want entire hotel make because although direction leader generation.,True
1262,207,1698,5,2024-10-19,Offer lose also employee message above billion see especially.,True
1263,91,315,3,2023-05-22,Have condition both find degree here attention increase.,True
1264,47,1476,2,2022-04-25,Brother film true teacher there away might coach security against four fund.,True
1265,277,745,2,2023-12-14,Especially will travel compare huge wide here send understand wall wife yard matter become environment agree.,True
1266,131,421,3,2023-04-15,Theory quality place fire yeah summer government improve interest across yeah.,True
1267,229,1683,5,2023-09-24,Behavior western poor case market change determine mission.,True
1268,248,2367,4,2023-06-06,Likely environment call between tax whole knowledge the debate something discussion happen skill area ok study.,True
1269,57,419,3,2024-05-21,Late woman one else sit painting be raise trade almost box country sound so task send.,True
1270,131,2222,5,2022-07-13,,False
1271,87,889,5,2023-11-29,Drive staff pick no country seat listen.,True
1272,148,1271,5,2024-04-04,Almost real common main now Republican office then buy specific order green expect see.,True
1273,193,857,2,2023-12-05,Office family structure wonder seem live receive wide suddenly candidate garden matter whose.,True
1274,248,197,2,2024-11-26,Increase us threat thousand responsibility at year daughter.,True
1275,183,1823,2,2022-06-11,Leave production expect seem one doctor purpose staff represent nearly statement.,True
1276,118,790,4,2024-11-04,,False
1277,214,2311,4,2022-01-05,,False
1278,263,212,5,2022-03-18,Everything run paper responsibility rather raise animal bed actually news watch by Republican.,True
1279,86,585,5,2023-02-01,Player full if avoid school American establish yourself water not nice.,True
1280,199,517,1,2022-04-29,Recognize table community relationship PM threat early require.,True
1281,268,281,4,2024-12-30,Skin thought throughout dark degree college movement line grow.,True
1282,248,2015,4,2023-04-18,Probably off never process answer catch those her PM week line still game.,True
1283,123,1359,3,2023-08-02,,False
1284,99,1994,4,2023-12-27,Candidate rock world structure tend whether where push miss organization authority return ability road building.,True
1285,190,1730,5,2023-12-02,Budget feel husband effort Republican bank billion old measure art office guy field.,True
1286,110,1875,3,2022-08-24,Their majority where spend provide true teach she wide continue market.,True
1287,64,274,3,2022-10-08,Wife nice stuff road learn argue night thought plan future common use church seem.,True
1288,222,2418,5,2023-02-14,Stock nearly clear coach low will art important image road chance involve treat such near.,True
1289,223,907,5,2023-07-16,Stock position guess as film serious protect card board response.,True
1290,251,879,4,2022-10-12,Country year line story see successful again.,True
1291,136,543,4,2024-10-04,Specific maintain since month mention run try.,True
1292,55,1945,4,2023-12-27,Seem voice different already song some relationship number threat method event even choice.,True
1293,85,1450,3,2022-01-10,Man fight key important range past girl system sometimes pull especially future first.,True
1294,144,518,4,2024-03-27,Interview house quality bed our civil bill young even.,True
1295,124,791,5,2024-04-24,Officer about try American film share senior article join conference particularly with around by.,True
1296,186,1413,4,2024-01-29,,False
1297,255,2212,4,2023-05-05,Professional tough generation well he kitchen drop partner resource almost year send star.,True
1298,213,1985,5,2022-08-02,Run dinner beautiful middle chair chance let.,True
1299,217,2125,4,2024-11-13,Happy by remain customer set offer work artist sometimes subject they human under impact.,True
1300,234,1462,5,2024-08-07,,False
1301,102,1615,5,2022-04-20,,False
1302,15,2395,5,2024-10-12,Create manage discover year can mouth great hundred significant side.,True
1303,249,813,3,2024-01-03,Let time strategy sport market computer front often bill do.,True
1304,218,505,3,2022-12-25,,False
1305,37,6,5,2024-03-28,,False
1306,108,1978,5,2024-06-15,Response station safe research apply myself once central debate very.,True
1307,130,608,5,2024-02-04,Daughter knowledge environment course thought cultural buy.,True
1308,179,361,5,2024-01-12,,False
1309,44,513,1,2024-03-08,Mr specific decision exactly human she bar growth main natural two especially despite big model represent.,True
1310,196,1599,5,2024-11-12,He very quality local inside probably music throw present history hard relationship film road reality benefit.,True
1311,20,455,3,2024-03-07,Program much development per church eye follow require pick late positive yard owner mission.,True
1312,20,1206,4,2022-12-27,Pattern enjoy which moment new player occur determine lead travel light trouble.,True
1313,83,1216,4,2023-03-23,Television question bag head draw behind member serious station inside generation guy ball rate ahead.,True
1314,31,102,5,2023-01-13,Activity job theory say model point should idea leader wrong management likely.,True
1315,71,1649,5,2024-10-22,Stock officer mother east nice group past three a month continue.,True
1316,144,1122,5,2024-11-08,Task high check foot not hundred traditional kid day.,True
1317,185,1559,3,2024-10-10,Direction page past true eye cut none fly season increase itself production happy.,True
1318,11,816,5,2022-02-18,Like message describe approach scene before product save.,True
1319,3,2231,5,2022-10-19,Vote herself heavy raise win go hospital some daughter relate control water daughter truth.,True
1320,300,2285,4,2022-05-24,,False
1321,203,2006,5,2023-12-20,Environmental degree woman international hot someone oil almost action nature issue result road security.,True
1322,52,1153,5,2024-03-26,,False
1323,3,2115,3,2023-09-23,Wish second including fight sense similar newspaper number real professor.,True
1324,15,311,5,2023-05-01,Group guy vote before yard some skin pattern age cup benefit increase trip side prevent.,True
1325,89,86,3,2022-03-23,Point nice address glass make east evening itself off feel trial society.,True
1326,45,15,4,2023-05-11,Much should think season skill war for may occur process.,True
1327,288,1394,5,2024-06-20,Join truth because course my thus science kind order two music door knowledge.,True
1328,258,1009,3,2022-01-04,,False
1329,223,726,5,2024-09-17,Spring great paper idea five Democrat American citizen follow change.,True
1330,272,90,4,2022-11-11,Memory number option pull exactly soon weight.,True
1331,179,1177,4,2023-02-07,Enter develop simple discussion economy if form you cost.,True
1332,213,690,5,2023-07-08,Rather home state mean as miss and form.,True
1333,101,1541,4,2022-12-28,Information fact interview toward onto around local employee everybody involve trial.,True
1334,62,491,4,2023-02-21,Price thing international control break full world down off.,True
1335,251,1393,4,2022-08-22,Recognize without necessary impact me unit audience none police amount stock but miss.,True
1336,135,1185,5,2024-05-24,Democrat head suddenly indeed resource husband beyond development finish see.,True
1337,166,2389,5,2022-11-04,,False
1338,111,2057,5,2023-05-05,Cold full take cover million black then.,True
1339,17,2468,5,2022-03-02,Attention talk specific task behind my treat.,True
1340,162,2008,4,2022-03-11,Area section pressure bed far nothing official couple husband six health theory from offer public.,True
1341,96,1969,2,2023-09-20,Development up in just maybe some manage low movie politics particular challenge surface religious seem way.,True
1342,210,1074,3,2022-02-10,Trade west suggest writer admit truth reduce outside base while detail spend avoid crime office.,True
1343,283,2425,5,2023-06-23,Which among the teacher space among appear yeah degree.,True
1344,161,2246,2,2022-09-16,Very likely guy new history respond effort according.,True
1345,50,870,3,2022-01-04,Blood real to word toward smile scientist result power true yes option store.,True
1346,256,214,5,2023-10-29,Investment make behavior body never answer poor my.,True
1347,60,1779,5,2023-05-05,Project capital property population discover quickly such unit crime.,True
1348,274,205,5,2022-02-10,Foot on seat shoulder oil trip arrive small determine.,True
1349,122,355,5,2022-06-16,Staff future involve probably measure painting suffer black after old hit.,True
1350,45,403,2,2022-06-12,Number identify natural whom grow gas become cell.,True
1351,3,2136,2,2022-04-13,Successful society accept business skill simply walk.,True
1352,300,463,5,2023-03-13,Shoulder education section southern style theory reduce reality matter bill although similar subject event nor.,True
1353,39,1292,5,2023-08-16,Exactly themselves ahead identify opportunity speech science stock treatment alone still.,True
1354,185,1236,5,2024-07-20,Energy huge order determine peace national strategy number American election part ever figure professor.,True
1355,41,648,5,2022-05-27,Face grow upon you kitchen issue first.,True
1356,86,730,5,2022-06-21,Purpose phone explain image hospital beat over generation and hospital.,True
1357,160,108,4,2022-02-28,,False
1358,256,2232,5,2022-11-23,Many modern picture but writer public heart million old add whom.,True
1359,186,2483,3,2024-08-02,Can southern whatever be serve hit shoulder music itself should final miss establish.,True
1360,220,1249,5,2023-10-10,Then organization place skill including practice by hard church marriage make raise and.,True
1361,22,1934,2,2022-03-26,To state market car beautiful visit focus event.,True
1362,8,1523,5,2024-03-28,Future game sea story a fly student study final hospital.,True
1363,26,1478,4,2023-06-30,Laugh blue what argue significant across growth rule.,True
1364,286,1336,4,2024-03-17,,False
1365,191,29,5,2023-02-28,Form should could budget evening truth admit partner stop discover.,True
1366,290,109,2,2023-05-05,Drug camera responsibility but painting third TV official trouble.,True
1367,62,1599,4,2022-06-15,,False
1368,275,1573,3,2024-02-21,Rise society everyone recognize sometimes exactly all tough unit magazine.,True
1369,94,1231,3,2024-03-26,Enter trade teach race play then loss seven character them.,True
1370,170,636,3,2023-04-22,Series benefit boy us challenge behavior man.,True
1371,57,663,5,2023-06-06,,False
1372,3,2052,2,2023-12-11,Tend top military maybe president whether sound note character financial wind gas leg sign senior.,True
1373,68,216,5,2023-10-25,,False
1374,245,1044,3,2024-05-27,Specific quickly gun list win simply that term indicate short feel mission mouth.,True
1375,272,37,5,2023-09-06,See yeah station chance financial security campaign focus force attack.,True
1376,256,2048,4,2024-07-05,Wide quickly serious network former world edge half network money member line according energy.,True
1377,193,476,4,2022-05-31,List here her analysis campaign national manager fly recent may bad professor argue.,True
1378,75,102,5,2022-11-06,Finish authority success Democrat treat new page bill since remember how believe pressure lose.,True
1379,27,2330,5,2024-05-30,Republican wait either western detail player business source bank two green.,True
1380,240,814,5,2024-06-16,Small our use good leave even daughter attorney somebody sure benefit business surface dinner stand thought.,True
1381,74,125,4,2022-12-20,Usually clearly it past agreement agent animal deal plan difficult feeling outside hair represent red sport.,True
1382,134,113,3,2024-10-22,Phone safe model begin usually memory approach report us third break of check.,True
1383,253,983,5,2024-09-18,Effort lead within detail camera total on and turn Democrat civil control that focus news upon.,True
1384,83,462,5,2024-12-17,Add late rate wonder rule there there moment something new finally likely teach.,True
1385,207,2289,4,2024-09-21,According adult idea in your several I about whom help response.,True
1386,61,1741,5,2022-01-19,Talk near choice tend Congress reach much building stock.,True
1387,258,1163,4,2023-02-11,Teach me tend Mr lose so several card end so.,True
1388,1,332,4,2023-06-06,Deal sure trade return growth only stuff now production already I process however thought myself write.,True
1389,89,270,3,2022-11-19,Consider education trial day future specific everyone there.,True
1390,109,2469,4,2024-06-18,Before whom price wonder sometimes goal child end brother their see life radio listen remain.,True
1391,13,382,5,2024-10-20,,False
1392,65,1995,2,2022-04-27,Next rise different heavy personal more bar improve full glass guess.,True
1393,197,1528,5,2023-09-15,Southern report of election available east off culture bit several improve travel hour office concern.,True
1394,28,2178,5,2024-06-26,Leave mind live hand decide small interesting decade simply become either other once.,True
1395,23,2356,3,2023-02-12,Similar yet age natural name fear it man candidate customer.,True
1396,1,1775,5,2023-01-14,,False
1397,233,1256,5,2022-01-02,Actually specific support boy tend almost avoid difference blood final whom film contain current will material.,True
1398,89,1549,2,2022-09-10,Serve end one actually able risk week best value.,True
1399,166,487,4,2022-07-03,Stay region affect stuff wonder probably number become wonder loss morning.,True
1400,255,2285,4,2023-06-15,High party occur left discuss later within.,True
1401,95,2238,3,2024-10-17,Push brother song seven leader it difference community hair sometimes nothing keep citizen environment guy worker.,True
1402,167,46,3,2022-10-21,Professor send hair trip know crime should major.,True
1403,216,1626,2,2024-07-06,Budget race final peace street level material.,True
1404,48,1355,4,2024-11-29,Space role sure above whom interest future meet reach test rather information as until model purpose.,True
1405,130,321,3,2024-06-14,Customer get her why technology stand store fall defense recent create talk event this.,True
1406,106,252,3,2024-07-04,Collection customer majority style price those she.,True
1407,29,103,3,2023-04-25,Organization speak sometimes save million pretty hold people standard plan win season.,True
1408,232,429,5,2023-12-14,,False
1409,294,598,5,2022-03-10,Government pick scene every kitchen education floor already police education simple drop.,True
1410,145,1822,3,2024-07-01,College positive next evening story modern huge these politics else there down source glass.,True
1411,3,2192,4,2024-10-19,Term allow whose modern hear mother cup move understand oil cost parent easy over field.,True
1412,29,1776,5,2023-11-11,Amount try specific ahead determine decade whose then beautiful ability they despite specific religious stuff.,True
1413,64,469,3,2023-07-05,Billion soon these imagine might thank later ok deal through under level.,True
1414,176,1093,5,2024-12-19,Entire work small too tell seat easy surface weight tough cultural six people.,True
1415,106,61,2,2023-12-31,Born organization site remember serious exist staff apply become condition majority.,True
1416,141,2451,5,2023-11-10,,False
1417,129,2132,5,2024-09-13,Lot mouth radio others boy federal military.,True
1418,15,1688,5,2022-03-10,,False
1420,257,2484,3,2022-09-23,,False
1421,188,1493,5,2023-09-24,,False
1422,75,1834,5,2023-06-21,Age speak gas serious political contain all set ahead idea month free.,True
1423,154,1182,5,2024-01-11,Art be suffer record quite build civil consumer third human believe despite body could.,True
1424,241,1362,5,2024-03-11,Effect our open whole whether bill say debate tree marriage very knowledge free really.,True
1425,211,1932,4,2023-04-17,Majority at and sort identify political budget.,True
1426,270,1817,4,2022-11-15,,False
1427,237,2008,5,2024-07-25,Stand environment many whole month seven quite.,True
1428,67,1774,5,2024-01-02,Kid room mention cultural action effect success goal defense upon forget.,True
1429,181,2345,3,2022-11-28,Real account fact energy can continue around act brother later than.,True
1430,271,383,5,2022-02-27,,False
1431,234,1637,4,2022-02-14,Each production hope worry early way into season for person stock way yes thousand.,True
1432,278,1492,3,2023-01-23,No occur firm score democratic customer control personal leave thought job suddenly station choice people.,True
1433,163,162,5,2022-08-05,,False
1434,269,940,4,2024-12-01,Buy gun deal treatment also candidate way.,True
1435,176,1639,5,2023-11-15,I cultural again outside through travel group who good why without ahead others or sort every.,True
1436,276,2151,3,2022-11-03,Sound radio decade clear brother term physical ground.,True
1437,33,1866,3,2022-04-07,Next TV above factor customer professor mother record.,True
1438,298,807,5,2022-06-20,Value call training feeling themselves site allow down whose travel get most remember.,True
1439,103,1015,5,2024-11-06,Trip grow series magazine language daughter specific wait character store.,True
1440,5,1869,4,2023-12-12,Point force money bit teach movie magazine teacher could middle catch use.,True
1441,161,1745,2,2024-06-15,Only test better gas that half level industry month.,True
1442,245,136,5,2022-10-08,Product bad town option during view buy institution risk store foreign field score law billion.,True
1443,143,2312,5,2023-07-25,,False
1444,59,313,3,2022-12-22,Address remember family never one boy require foot air occur pressure explain.,True
1445,191,1040,5,2022-10-29,American true ago usually include us get good recently similar decision.,True
1446,124,1351,4,2023-07-21,Meet back artist series care check just form language student physical value.,True
1447,79,420,1,2023-07-09,,False
1448,253,1909,1,2024-06-07,Head them have these brother describe language surface say speech eat.,True
1449,188,489,5,2023-11-21,Like although management represent them throughout outside exist story notice say left enter rest throughout job.,True
1450,168,709,4,2022-01-03,Culture nor small probably major child hair determine top.,True
1451,27,589,4,2023-06-29,Since issue enjoy safe again feeling site treat worry.,True
1452,96,1584,4,2024-02-27,Challenge lot growth source walk stage way really dark billion trade PM any fund.,True
1453,212,2151,3,2024-09-02,From drive face green white thought guy itself cost but yeah what.,True
1454,202,2142,3,2023-12-21,Data some until low wife share increase approach star partner.,True
1455,180,1814,4,2024-01-06,Feeling sound oil air individual response family.,True
1456,31,938,4,2022-02-07,List have form likely fly city personal often.,True
1457,145,120,5,2023-07-31,Discuss hospital himself animal visit race drug attention quite already office white military media go quickly.,True
1458,10,167,5,2024-02-15,,False
1459,144,2012,5,2023-05-09,Almost head several culture bad blue subject community.,True
1460,9,1268,4,2023-12-05,Image any particularly couple question down describe number drug.,True
1461,24,143,2,2023-08-01,Amount travel program threat myself player million want yes artist mother deep father weight last between.,True
1462,117,287,4,2024-11-15,Significant it eat think thing source school myself federal record control control she.,True
1463,18,1209,5,2023-06-10,,False
1464,133,1588,5,2022-11-29,Factor everything road including ever air leg next short share seven out its.,True
1465,270,2273,4,2024-09-30,Kind size force behavior realize listen station few participant collection.,True
1466,191,1523,5,2023-04-25,Money professional fill wear himself particular work notice reflect economic special form join.,True
1467,119,1258,3,2023-03-02,President cultural evidence walk phone society on action new north heart.,True
1468,43,1150,5,2023-03-14,,False
1469,81,2300,5,2023-05-08,Home industry you mind when business worry consider cause sit certainly professor practice window population entire.,True
1470,103,1420,4,2024-03-03,,False
1471,278,334,5,2023-08-19,,False
1472,111,1277,1,2022-01-18,Make control appear life discover religious similar apply hit Republican data including turn religious writer.,True
1473,145,2491,4,2022-05-09,Many each up skin foreign his son threat put last human standard.,True
1474,236,1628,2,2023-12-21,Stay leave history quality approach good attack same trouble PM look interesting.,True
1475,2,2439,1,2024-03-04,Wait enough why trip close already in effort its cover edge.,True
1476,219,1754,5,2024-12-09,,False
1477,135,994,5,2023-12-26,Concern article character wonder member kitchen lay between happy anything for.,True
1478,125,1599,5,2023-07-13,Off occur month provide price source impact physical dog first system floor myself personal writer treatment.,True
1479,123,2494,5,2024-08-20,Remember may upon together improve yet control majority opportunity.,True
1480,257,626,2,2022-09-03,Single can daughter benefit I turn season.,True
1482,30,962,5,2023-05-30,Peace again suggest list reflect goal per believe both face first woman.,True
1483,81,665,3,2022-02-03,And walk according low rule score hand determine into action.,True
1484,263,688,4,2023-05-19,Today within board near lay fund very statement book.,True
1485,23,841,3,2023-04-14,Dream strong analysis early participant kitchen eat beautiful including in huge amount develop I.,True
1486,237,521,5,2024-01-30,Whose fund against several economy for full inside vote thus purpose if through.,True
1487,29,863,4,2024-03-19,Century right both account whether tough suddenly true.,True
1488,62,769,3,2024-02-18,Near among often five whatever significant will bar mission support law read dark.,True
1489,283,1663,5,2024-06-02,,False
1490,191,300,5,2022-01-30,Will half somebody off director recent discuss picture have.,True
1491,82,2492,3,2023-08-18,Example old floor bank that former stage to ok could team relationship dinner challenge computer.,True
1492,146,916,4,2022-01-11,Include month free up former book agency result fight task present.,True
1493,214,240,5,2023-01-08,Follow fight mean single better parent couple hot.,True
1494,23,2330,4,2024-01-30,Rich difference indicate shake according lot sign record cover red apply officer.,True
1495,100,686,4,2022-10-05,Tonight build side enjoy late large policy chair skill action whom especially article standard game.,True
1496,187,2484,2,2023-02-06,College together strong difference defense treat standard seat begin politics suggest hear more law painting heart.,True
1497,128,1413,4,2022-12-05,,False
1498,176,1760,3,2023-11-26,,False
1499,279,2254,3,2022-08-21,Page management science whose similar dream shake attorney arm girl guy stay.,True
1500,252,2232,1,2024-07-19,Similar paper nature easy practice maintain deep threat.,True
1501,211,827,1,2022-02-05,,False
1502,58,1499,1,2022-11-05,Poor agreement own staff reveal amount go response picture up thank.,True
1503,284,2468,4,2024-05-19,,False
1504,207,1747,4,2024-01-30,Without free dark subject level professional system wrong ten.,True
1505,13,620,5,2024-08-01,Office hot thank light thing fly chair.,True
1506,248,1562,3,2023-12-22,,False
1507,185,2072,2,2024-12-11,,False
1508,204,336,5,2023-08-20,Late ok standard improve set within store price skin.,True
1509,41,579,2,2024-05-08,Building job team after brother wrong though small.,True
1510,49,1359,5,2022-11-19,Stuff onto attention everything occur sport attack level any cultural career real project.,True
1511,244,1474,4,2024-01-28,Agency upon sort project model let make many anyone everyone open care history can where.,True
1513,90,18,5,2023-02-16,None interview prevent same training fill agreement make.,True
1514,187,742,5,2023-01-28,Player which gun receive none born or cold already tend.,True
1515,285,1425,4,2023-07-17,Wife happy drive until street value production someone room.,True
1516,235,839,1,2024-05-02,Company and many black level enter special modern police country must necessary room majority market meeting.,True
1517,49,1906,5,2024-02-22,Material parent health world up project war pressure fill Mr health.,True
1518,131,859,5,2022-07-30,Official like buy go significant success particularly article here effect policy but high make officer notice.,True
1519,263,2159,4,2023-01-09,,False
1520,288,144,4,2022-07-23,Offer decision dream also phone early new news always political morning middle scene situation hear dog.,True
1521,291,600,4,2024-08-30,Concern ready apply our everybody nature make lose buy control citizen opportunity.,True
1522,132,2036,3,2023-08-20,Culture second business discuss wind song case determine key least issue town account each prepare rate.,True
1523,200,1079,5,2023-10-26,,False
1524,51,418,5,2023-06-26,Health serve possible first whole realize manager lot suddenly bad feel avoid by.,True
1525,119,901,4,2022-05-21,Deep political deal easy understand baby ready manager all onto tonight.,True
1526,239,1176,4,2023-02-04,Citizen peace middle run could option take late good individual think either current beyond.,True
1527,120,565,1,2023-10-30,Help step leave above minute firm admit of evening similar often trouble entire blood skill.,True
1528,103,1970,4,2022-06-10,Administration certainly main security listen performance give success.,True
1529,73,843,4,2022-06-19,Boy whatever blood modern audience nation policy indeed throw.,True
1530,282,188,4,2022-08-30,Political degree choose suggest physical early large well decision fill me plant beyond foot material talk.,True
1531,53,1836,4,2023-01-07,Leader how poor that student experience usually reach his few wait.,True
1532,149,1723,4,2023-08-18,Exist writer about concern but discover remember soldier performance receive century economic.,True
1533,276,1006,5,2024-05-16,,False
1534,196,1660,5,2022-02-20,About student bar know project director his tree truth soon unit.,True
1535,130,524,4,2023-07-11,,False
1536,139,1987,4,2024-04-08,,False
1537,97,250,5,2024-10-27,Line anyone product individual someone economic number table baby kid yet.,True
1538,238,1064,3,2023-04-06,Board couple card employee several be concern tree close plan maintain human.,True
1539,125,2431,1,2022-04-19,,False
1540,14,1299,4,2024-08-08,Method town front education stop more west from business despite culture hot room.,True
1541,9,1760,5,2022-07-31,,False
1542,7,1115,4,2022-06-17,Cell future wait son attack toward recent.,True
1543,128,6,5,2024-03-20,Necessary keep partner project risk nature not region concern sort or color.,True
1544,63,1402,5,2024-10-08,Television poor bill executive now treat establish both body according base spring which really however officer.,True
1545,28,283,4,2024-12-06,Oil expect collection focus accept building class report blue few.,True
1546,200,720,5,2024-08-16,Charge people media few film peace me.,True
1547,280,548,5,2023-06-22,Hospital hair father available my leg vote outside easy history thought force parent big indicate.,True
1548,252,1755,3,2022-02-25,Really office you whom course change box pressure throughout better article.,True
1549,30,612,2,2022-10-28,Third design grow stock move color who face myself value win road.,True
1550,118,1583,2,2024-10-18,,False
1551,243,324,4,2023-05-03,Thing theory TV house wall live bank drug sister.,True
1552,62,2,4,2023-05-10,Yet finish visit whose thing city Mr.,True
1553,55,407,5,2024-08-10,Son spend listen ahead significant people rule prepare play produce operation movement policy.,True
1554,62,2271,5,2024-07-01,Remain travel few will red time material tell avoid large full soldier successful.,True
1555,65,2457,5,2022-11-18,After strategy recognize think have authority reach.,True
1557,178,1017,4,2023-11-19,Sell well remember doctor nearly record detail price source college until office traditional.,True
1558,8,841,1,2024-04-06,Wife phone since least prepare might long worker truth ever.,True
1559,73,1171,5,2024-08-14,Good trial significant discuss minute own often audience ball interview.,True
1560,87,1463,5,2022-05-24,,False
1561,42,1767,5,2022-06-16,,False
1562,102,2100,4,2022-04-11,Or purpose practice five fine life arm according light take pretty many heart rich necessary similar.,True
1563,254,2120,4,2022-06-21,Not probably participant society human site lay mean region increase shoulder.,True
1564,297,2036,2,2022-05-05,National activity foot often authority sit either evidence grow security.,True
1565,90,1294,4,2024-04-21,Too old from cultural suffer country alone force attack.,True
1566,68,2216,4,2024-06-21,Benefit including process great TV region true ago improve final blue.,True
1567,10,2307,5,2024-11-05,With southern investment I green painting wall friend air assume.,True
1568,54,1087,4,2024-02-27,Market TV central down care term main maybe special than.,True
1569,68,385,5,2024-04-01,Year cup what question describe stay born.,True
1570,121,1854,5,2022-01-26,Bag as society money performance rise seek government team push score surface floor catch start.,True
1571,27,129,4,2022-08-13,Total kid first ok each task through design.,True
1572,151,595,3,2022-01-12,Figure subject day wrong black administration movement idea.,True
1573,256,1884,4,2023-02-16,Approach it short sit ok else store ago sport mouth.,True
1574,206,1124,3,2024-10-14,Song during individual natural head begin also and attack check away education name language care.,True
1575,47,1714,4,2023-01-03,Win artist play like knowledge society court service example paper long.,True
1576,130,2315,5,2024-01-03,Decide campaign again could find many defense.,True
1577,95,1345,1,2024-06-01,Fill can analysis guess that source family house assume pick.,True
1578,56,20,5,2024-04-28,,False
1579,154,184,5,2024-03-14,Current doctor hand whether lay field another line.,True
1580,298,2000,5,2024-05-14,,False
1581,54,1149,5,2024-01-07,,False
1582,257,2480,4,2022-04-22,,False
1583,52,191,2,2022-11-11,Range campaign discussion whether institution team realize candidate be.,True
1584,23,1907,5,2024-04-09,Some baby mission share through nice old market network support law interest.,True
1585,228,2321,5,2022-11-05,Truth ten design lose prevent can defense Mr mouth off pass poor son.,True
1586,65,2339,3,2023-10-07,,False
1587,84,2479,5,2024-02-14,Everyone live although guess only five school.,True
1588,227,1013,4,2023-01-13,Upon speak be say lead right exactly Mrs together air which official idea.,True
1589,214,1564,5,2023-09-10,Road always phone somebody girl machine five former cover notice short.,True
1590,25,505,4,2024-11-09,Point draw hospital cell gun everything figure course dog consumer ball nor edge wall direction.,True
1591,145,37,2,2024-12-02,Suggest to across with school white avoid great learn prevent control rather.,True
1592,214,46,5,2024-12-18,,False
1593,15,939,3,2023-05-06,Grow power rest sense purpose environment view support late voice might order.,True
1594,155,1620,2,2024-03-15,Lay recognize me moment will onto theory popular today career wind black understand.,True
1595,92,674,3,2023-12-11,Lay cause program understand against series financial.,True
1596,115,51,4,2024-12-03,,False
1597,191,275,5,2024-12-21,Would site far black kitchen protect Mr administration.,True
1598,247,1442,5,2022-09-25,Believe thought weight world necessary impact bank industry week chance item.,True
1599,85,514,4,2023-06-27,Feel water marriage receive none increase bank source woman maybe letter.,True
1600,228,1838,1,2022-10-09,Discuss church leg another expect family skill.,True
1601,27,1195,4,2022-09-12,Less care style process significant not party.,True
1602,19,2414,3,2022-10-10,Price eight specific quickly senior police arm something dinner work sort kind organization scientist.,True
1603,80,2059,5,2022-10-26,Of end success claim level executive month black various court behavior international within each easy sport.,True
1604,19,2130,4,2022-12-19,Ready spring best skin coach happen ball stage arm early drug serve.,True
1605,177,1131,5,2023-08-04,Cup successful government high radio fast win soldier site former here.,True
1606,199,846,5,2023-12-28,Before power choice but start election PM box structure too policy agree.,True
1607,27,138,5,2023-03-03,Major easy I on apply almost that.,True
1608,11,347,4,2023-12-04,Away push enter position interest until pressure watch security.,True
1609,86,2223,4,2023-06-02,Staff night prove firm interesting buy important white fine share number particularly.,True
1610,136,2463,4,2023-10-05,Same including reduce move surface forget decide shake you first will.,True
1611,196,1553,4,2022-03-18,,False
1612,99,476,5,2022-02-06,Morning rest person art blood surface oil system financial all sometimes card girl.,True
1613,163,461,3,2022-10-18,Or stay memory really we say pick then commercial military from unit.,True
1614,68,360,3,2024-12-14,Firm their respond meet one think piece late deep else so far capital Congress.,True
1615,193,459,3,2022-08-09,Manage lot experience travel not enough onto almost interview southern any across nothing them.,True
1616,86,948,5,2022-06-12,Hope national call score leader south sort market order.,True
1617,149,1101,5,2023-11-10,Goal prepare face source again beyond building though effect life teacher education within room owner.,True
1618,267,2078,5,2024-05-15,Begin its of yard take sport center.,True
1619,71,1328,5,2023-11-29,Sea light key century weight guess visit soldier religious father buy hour arm capital arrive stay.,True
1620,251,2168,2,2022-02-01,Father purpose our various else environment choice news group rate drug before surface option enough increase.,True
1621,10,2271,3,2024-08-18,From sometimes page security great perhaps successful run then community rise.,True
1622,300,710,4,2022-07-09,Manage them race tell song keep blood direction.,True
1623,242,1762,5,2023-12-12,,False
1624,58,1842,4,2022-09-11,Use evidence age degree whole hour program can hold.,True
1625,281,1260,5,2023-06-09,Impact staff report short everybody American rock hope professional between clear help measure whatever.,True
1626,300,2000,4,2024-10-09,Go visit religious source mother owner also.,True
1627,34,1334,5,2023-01-06,,False
1628,48,1832,3,2024-12-18,Quickly full ground soldier usually with water kind use information loss.,True
1629,116,2412,4,2023-04-20,Consumer person five enter treat director police they cover skin resource.,True
1630,275,1829,5,2023-05-21,White part show official bag when build activity here majority series attack create physical edge.,True
1632,133,1499,4,2022-06-17,History theory project him so story describe market guess ground eat wide green above nothing.,True
1633,22,2139,2,2023-09-30,,False
1634,138,926,4,2023-02-11,Assume law air special write appear performance subject level sure.,True
1635,175,1342,4,2022-02-14,Black candidate live cover water walk score military appear without.,True
1636,203,2333,5,2024-10-11,Range law treatment health police time agree change name.,True
1637,241,394,5,2022-12-03,A arrive character agree pretty local the.,True
1638,99,1547,4,2023-09-07,Mission suddenly wish girl early you record now significant.,True
1639,248,1716,3,2023-10-31,Doctor away foreign per sister perhaps return watch boy.,True
1640,58,1602,5,2023-09-10,Knowledge perform culture cultural standard nearly Mrs some tell though executive attack.,True
1641,277,75,4,2023-09-22,Activity western safe business determine agency kitchen personal institution power middle sit.,True
1642,209,226,3,2022-04-07,,False
1643,50,674,3,2023-09-11,Future must we above full send field amount peace training compare easy.,True
1644,193,1956,5,2022-04-22,,False
1645,290,369,5,2022-12-04,,False
1646,231,1279,3,2024-03-24,Perform quality campaign concern investment fund music by short care final whose difficult.,True
1647,153,2187,5,2023-11-08,Establish product tree radio read trade certainly main history production upon painting cut off expert.,True
1648,165,247,5,2022-08-11,,False
1649,52,894,1,2024-06-29,Six TV resource though last why kid thus nice theory information member street.,True
1650,142,944,4,2022-05-25,Mouth land per whatever beat house specific join political within face before.,True
1651,95,1362,1,2023-02-09,Person president last particularly first lawyer appear whom everything defense such issue entire put.,True
1652,173,2407,5,2024-07-23,Miss chair throw word worry just address key fall lot operation home attention meeting language hour.,True
1653,141,794,2,2024-09-19,Condition it recently operation series street similar wait determine why rise like decade garden many cell.,True
1654,269,2093,1,2023-09-28,Through wrong writer child eat agree sister leader media office skin boy doctor.,True
1656,122,846,5,2024-01-05,,False
1657,156,1989,5,2024-07-15,Animal west air top environmental start wish start if pressure by middle its view environment three.,True
1658,202,2185,5,2024-09-27,,False
1659,103,640,2,2024-02-03,,False
1660,106,378,3,2024-12-23,Your kitchen result kid whole say soon international agent evening help story skin easy knowledge year.,True
1661,150,441,3,2024-01-14,Run bag test major final wear culture nice bar rock stay.,True
1662,245,415,4,2023-05-14,,False
1663,122,734,4,2022-12-27,,False
1664,128,2024,4,2024-11-22,Draw treat learn cost bag group long majority feeling according foot win.,True
1665,48,17,2,2022-11-16,Join business chance set right film ever major gun doctor as board safe me.,True
1666,42,848,5,2022-07-20,Community debate election occur bank claim day despite thank strong model subject truth but.,True
1667,250,266,5,2022-05-16,Size add recognize but technology catch receive face event memory type go law somebody author.,True
1668,106,1992,4,2024-04-07,,False
1669,297,1528,4,2023-05-03,Book week practice here according firm nature study officer throughout I.,True
1670,40,489,1,2022-09-09,,False
1671,269,1006,4,2022-02-19,Have present man skin property late sport usually staff rest his.,True
1672,250,1667,4,2022-05-29,,False
1673,91,1091,2,2023-05-30,Lose hour no call matter scene garden political only financial they.,True
1674,26,1694,5,2023-10-20,Audience hair explain perhaps mind more order may you.,True
1675,52,1539,5,2022-07-21,Guess science center above baby record gun American three color step level quickly population.,True
1676,239,90,5,2022-02-11,,False
1677,221,2092,5,2024-10-04,Size every article song cause increase whether dark also class term either area.,True
1678,233,2317,5,2024-11-19,Name couple note today drop after bad two.,True
1679,67,1181,3,2022-11-15,,False
1680,16,309,4,2022-11-16,Enjoy again government maybe food mission floor card face child hotel gas everybody include leader.,True
1681,158,1567,5,2024-05-07,Get religious model fish visit whatever they current maybe Republican become.,True
1682,188,1928,4,2022-12-28,Foreign why western trial it theory prevent data subject Republican.,True
1683,169,380,5,2023-10-02,Green those Mr professor attention president type force radio tough realize outside seek year simple.,True
1684,287,2483,5,2023-10-29,Can team various fill like region collection cultural soon range Mr case modern.,True
1685,172,168,4,2022-01-13,,False
1686,12,180,5,2022-06-24,Student magazine operation course loss risk paper worry bed there capital write.,True
1687,199,1402,5,2023-01-12,Spend parent around skill per task scientist tell student could western lawyer beyond campaign.,True
1688,289,2141,5,2023-11-11,Pm occur plant together room him step spring rich indicate consumer along.,True
1689,260,255,3,2024-07-15,,False
1690,252,1937,5,2022-01-25,From impact place dog deep question already choose country capital campaign drive Mrs.,True
1691,227,310,5,2022-08-20,Address approach manager finish talk series study assume event city center.,True
1692,71,1376,4,2023-06-18,,False
1693,144,1996,4,2022-08-24,,False
1694,127,943,4,2022-08-02,More couple way any evidence address western outside scene east contain.,True
1695,40,1578,2,2024-10-03,Talk policy think part letter cause establish.,True
1696,1,469,5,2022-09-03,,False
1697,35,1026,5,2023-05-26,Until dark agency people life benefit newspaper dog forget ready voice.,True
1698,245,2466,5,2023-10-18,,False
1699,190,2344,3,2023-12-24,Series major picture determine job gas kid ask camera.,True
1700,85,1959,5,2024-05-15,,False
1701,139,641,4,2024-05-06,Live different fly newspaper blood life best training image black through east.,True
1702,204,1908,4,2023-08-07,Sometimes officer thank parent conference remain strategy which generation value.,True
1703,249,2485,4,2024-11-15,,False
1704,72,2058,5,2024-11-01,Debate effort take PM notice join line take.,True
1705,165,1333,5,2022-04-19,Win popular form Congress explain land country relate strategy attorney capital ten ten determine try.,True
1706,84,1850,5,2023-05-22,Body worry get drug recent guy left turn we soon base school instead pull work almost.,True
1707,127,557,5,2022-07-18,Task return foot become about everybody edge hour theory hot face decision civil.,True
1708,182,940,5,2022-08-21,,False
1709,299,2097,4,2022-05-25,Space industry behavior challenge real wonder remain place leg change turn whatever huge matter five.,True
1710,115,2163,3,2022-05-13,,False
1711,236,1704,5,2024-01-17,Meet suggest medical think land nation protect blood own design music head always analysis.,True
1712,279,2066,4,2022-01-08,Tonight program deep wish garden room interest.,True
1713,13,561,4,2023-01-19,Use those exist hard including look need finally leg agreement eye sound point detail.,True
1714,189,226,3,2023-12-22,,False
1715,20,566,4,2022-06-18,,False
1716,251,2310,5,2024-08-10,Star government smile set including tell expect state assume father improve.,True
1717,259,1159,4,2023-06-22,Four letter manager finish write attention writer hand skin successful.,True
1718,280,735,5,2024-11-12,,False
1719,17,870,3,2023-04-25,How push grow stage guess oil force in among up TV truth director despite.,True
1720,122,1526,5,2024-04-05,Check notice house evening eight cause across civil wife campaign begin enter.,True
1721,12,58,4,2024-08-28,Lose onto happy result law candidate machine including event expect very fill.,True
1722,229,1158,4,2024-12-20,Continue suffer animal back so choice opportunity central.,True
1723,61,138,4,2023-10-10,People customer point chance throughout provide paper.,True
1724,268,2081,5,2024-01-09,,False
1725,21,1456,4,2022-07-26,Parent hard beautiful writer project very nothing today news.,True
1726,237,1087,4,2023-03-15,Leave it position option foreign owner TV.,True
1727,112,334,5,2022-07-25,Mrs defense your family material leader perhaps anyone with media financial human wonder help.,True
1728,212,626,5,2024-02-13,Reach develop upon standard quite north finally million measure these sea.,True
1729,39,1068,4,2023-07-07,Morning friend Congress skin interview number society.,True
1730,40,483,4,2024-01-17,Herself seem chair southern sing force same city each watch responsibility think.,True
1731,291,1170,1,2024-12-16,Star paper close which road establish computer sit quite education edge there involve huge animal.,True
1732,195,216,5,2023-01-13,Visit fear rock hit national woman thank how.,True
1733,112,1042,1,2023-06-28,Sport history school mind miss likely woman whom even economy thus effort affect early.,True
1734,172,2036,5,2024-12-29,Growth minute interview religious indicate beautiful project event sure window direction pretty than name name building.,True
1735,77,301,5,2022-10-19,Scientist environmental inside attention career strategy truth management management wide easy wide necessary able simply theory.,True
1736,86,269,4,2023-07-29,Us agree history benefit share Congress accept check oil.,True
1737,258,1634,4,2022-05-09,Charge available crime sport house service describe at should order concern collection.,True
1738,193,1479,5,2023-12-22,Contain business organization interview cost street consumer.,True
1739,115,622,5,2023-01-01,Page today we best significant magazine floor tough recently add recognize real.,True
1740,233,435,1,2022-07-21,,False
1741,56,1437,5,2023-08-12,Police sell bad leg than successful third start company family final draw yard six member sing.,True
1742,220,740,2,2023-05-10,Head authority expect manage itself boy let phone.,True
1743,116,1489,2,2022-08-30,Laugh card cell whose town such apply perhaps prevent run mind technology nation road executive.,True
1744,108,2217,5,2022-12-19,Political condition daughter both program actually hear outside report concern recently national catch save go.,True
1745,33,391,3,2022-05-06,His guess pretty amount clearly detail better level get face more town Democrat three.,True
1746,278,362,5,2024-11-06,Quickly big serious husband measure both item type some score in career our conference.,True
1747,271,433,4,2024-07-14,Four medical themselves senior it doctor administration commercial.,True
1748,277,2335,4,2024-08-23,,False
1749,289,739,3,2024-11-17,Of base rate use full political age watch activity social back miss single art garden language.,True
1750,20,1548,5,2024-04-26,Able else floor natural include majority artist site mean job particular anyone.,True
1751,55,608,3,2022-12-29,Next risk you practice hotel process store.,True
1752,296,1139,5,2023-12-14,Value discussion foreign time base total kind lawyer organization kind upon case.,True
1753,268,2241,5,2022-07-21,,False
1754,175,1794,5,2024-06-08,,False
1755,229,1289,4,2022-03-06,North brother ready traditional candidate guess bed citizen step.,True
1756,67,2435,5,2022-07-09,Agree time sure move authority peace always ahead field husband ask.,True
1757,263,193,4,2023-10-03,Point story task listen back become any hotel must voice tax note treatment news.,True
1758,21,458,4,2023-08-15,Piece become thus size effort argue scene page film fear.,True
1759,27,2351,5,2022-01-15,,False
1760,249,959,5,2024-01-15,Vote my price build artist buy you we.,True
1761,97,793,4,2023-05-09,,False
1762,236,1505,5,2024-12-08,Start friend imagine somebody I keep top once full environmental human.,True
1763,74,1247,5,2023-07-12,Benefit although check behind instead former use.,True
1764,95,414,5,2024-01-17,Thank level sometimes can check day above region glass discover laugh them key price.,True
1765,273,288,4,2023-12-25,Television rock arrive true player popular consumer environmental nor listen dog remember.,True
1767,32,2498,4,2024-07-06,Offer husband interest research son final himself move entire quality.,True
1768,131,861,4,2022-10-30,One discussion reveal hotel quality capital dream back run indicate.,True
1769,171,563,4,2022-09-21,If smile choose eat wind term store tax time voice piece argue bit interest.,True
1771,293,258,5,2024-06-24,Establish arrive energy there begin huge cultural think world computer.,True
1772,158,1060,5,2022-05-24,Deep commercial than news consider describe hair allow every hair son bring traditional.,True
1773,163,1233,2,2024-04-10,,False
1774,138,1056,4,2022-02-21,,False
1775,169,651,3,2023-03-03,,False
1776,136,2383,3,2024-04-16,,False
1777,104,14,5,2024-03-07,Data that value base black fund threat enter yard forward political.,True
1778,152,2236,5,2023-01-17,She ball never responsibility conference personal feel down body.,True
1779,129,230,1,2022-03-10,Avoid perhaps but travel event make particular top produce explain only there.,True
1780,61,1673,5,2022-12-13,Community kid daughter Democrat traditional peace think hear population speech growth take article.,True
1781,104,527,3,2022-08-31,,False
1782,41,1811,4,2022-08-05,Special end word prepare someone detail everyone third concern reach doctor fund.,True
1783,252,1824,5,2024-06-04,,False
1784,97,1315,4,2023-09-14,Spend newspaper employee science young agent me cell identify feel wear sea movement quite.,True
1785,246,627,4,2022-08-01,Vote final seat write player TV place actually inside sea home rise help.,True
1786,128,1817,5,2022-03-24,Phone drug knowledge finally bill speech sometimes somebody million make what pick history across back significant.,True
1787,246,1550,4,2024-12-18,Base ok bill too five catch yard bank analysis travel seven cost work.,True
1788,102,1194,3,2023-12-20,Newspaper specific must smile while memory dinner card understand.,True
1789,149,504,5,2022-03-04,Never thousand enough reduce nature cell already left.,True
1790,31,1602,3,2022-01-28,Several pay sport sell laugh themselves clearly use positive experience everything especially either.,True
1791,7,294,3,2023-06-30,Politics development major east such true attack.,True
1792,100,1801,2,2022-02-13,Often college relate successful science remember outside lead food like join time.,True
1793,263,112,4,2024-08-17,Reduce participant color director future material offer process over movement story hope its light.,True
1794,44,931,4,2023-04-07,,False
1795,101,39,4,2022-06-19,Between hard despite evening pull billion above exactly suggest now window game speak score themselves most.,True
1796,68,956,4,2022-06-22,Plan people white international address pay deep film life true admit main suddenly something beautiful.,True
1797,20,1848,4,2023-05-03,,False
1798,55,2166,5,2024-04-08,Matter can close carry financial pretty trip money.,True
1799,299,1845,4,2022-10-05,Take generation fall maybe work paper doctor if drive.,True
1800,146,1406,5,2023-05-01,,False
1801,295,799,5,2022-07-29,Song political like law role opportunity also language thus.,True
1802,189,182,4,2024-12-13,Similar follow to magazine teacher nice see risk road seek form color.,True
1803,298,938,4,2024-01-24,Voice season stop information soldier suffer anything process south significant system system.,True
1804,218,2433,4,2022-01-23,Seem traditional perform none set yeah foreign class skill however effort them wear nor apply art.,True
1805,282,2399,5,2023-07-17,Professor fund also a night service garden research walk executive.,True
1806,276,685,4,2024-02-08,Nor floor threat determine reason future religious cut walk that heart easy claim.,True
1807,222,2120,4,2022-04-08,Individual fine rich security against arrive government against so daughter those.,True
1808,140,2345,5,2024-08-03,Attention out moment country century conference him glass.,True
1809,103,308,5,2024-03-04,Throw country despite medical expert Republican party loss source south answer early world scene quality article.,True
1810,203,837,2,2023-12-01,Factor beautiful practice economic present ten approach Congress administration painting current development.,True
1811,51,305,5,2023-08-19,,False
1812,217,563,4,2022-08-09,Music room range at oil upon magazine with use material leader less drive indeed she.,True
1813,233,1763,4,2023-12-22,Help ground federal pay around economic while book former team economic group school book.,True
1814,299,1390,5,2024-01-21,Cause person off he dog any peace.,True
1815,8,921,4,2023-11-09,Court economic present these day quickly work find pressure.,True
1816,36,1358,5,2023-02-05,From size let century economy it song institution history example blood place.,True
1817,69,2432,5,2023-09-03,Second father spring local church usually toward information experience.,True
1818,215,443,4,2022-04-28,Same effort career recently structure often economic company example join.,True
1819,15,1472,3,2024-05-29,Stay truth general project citizen scientist simple guess per law shoulder claim.,True
1820,83,1165,4,2024-01-12,Congress enough worry nice thus option three responsibility west feel owner weight himself rise person.,True
1821,94,1348,4,2023-09-08,,False
1822,161,1379,5,2022-11-21,See red everybody structure hour yourself your item.,True
1823,206,2014,5,2024-09-29,Certain station accept election why college their within these scene heart Mrs.,True
1824,263,1811,5,2022-01-11,Eight three skin maybe like maintain reach share by range heart voice.,True
1825,293,106,2,2023-03-18,Quickly direction majority serve well tough sea traditional recently arm reality program left too allow play.,True
1826,188,262,5,2024-07-11,,False
1827,132,43,4,2023-04-07,Establish sure amount easy including develop fear second onto camera.,True
1828,98,272,5,2023-10-22,History environmental loss successful maintain eye condition me.,True
1829,200,1890,5,2022-03-04,,False
1830,242,2009,4,2023-02-21,Than set senior majority tonight full bed great appear trade.,True
1831,274,451,3,2023-03-24,Minute meet girl sea body foot structure quality ball instead nice old feeling.,True
1832,282,226,5,2022-12-08,Not inside second hold imagine add notice.,True
1833,158,2469,4,2023-12-18,,False
1834,99,145,5,2023-04-11,Finish receive bring trade despite only indeed could capital trade use member.,True
1835,25,895,1,2023-01-09,House identify order bank certainly remember tough late school find style record.,True
1836,130,1625,2,2024-08-29,Often network moment number still physical wrong science be interesting difference girl manager.,True
1837,151,1692,5,2022-12-12,Employee daughter number store consumer seven sport.,True
1838,140,1047,5,2022-07-03,Instead card above building lot if true she.,True
1839,71,2420,4,2022-01-18,,False
1840,108,1825,5,2023-02-23,Maintain data blue paper number maybe interesting level.,True
1841,148,2098,4,2023-06-21,Student guy generation speech above small community.,True
1842,96,982,5,2023-08-05,Including give like political good lawyer hot.,True
1843,67,302,4,2023-06-29,Coach part finally assume son they study report describe season light.,True
1844,50,1920,4,2022-08-25,,False
1845,77,360,5,2024-12-07,,False
1846,237,2397,4,2023-03-13,Design camera short company know ten would.,True
1847,55,1069,4,2023-12-20,,False
1848,97,289,4,2022-08-16,Security foot raise director game including break method sell actually.,True
1849,77,118,4,2022-04-05,,False
1850,22,2315,4,2022-10-01,Strong music rather investment station region old measure world whom.,True
1851,80,1676,4,2022-05-04,No customer power professor ask bill pretty clear.,True
1852,117,2122,5,2022-04-03,Level somebody air vote point interest hotel hot.,True
1853,120,790,5,2024-03-18,Field compare available east increase support ok evidence act cut range particularly response property over write.,True
1854,99,756,5,2024-05-14,Strategy make despite plan cup score produce.,True
1855,133,610,3,2024-12-22,Report science call ready well form later better place.,True
1856,235,122,5,2023-04-07,Spend stock rule approach idea lawyer article.,True
1857,201,144,4,2024-06-07,Call teach huge charge support performance somebody page.,True
1858,96,2052,3,2022-08-22,Green son outside measure medical tonight training trade available building onto kid including off.,True
1859,193,863,5,2023-08-03,Hundred be tax key stuff case total coach card water.,True
1860,109,55,5,2023-03-22,Board nothing foreign especially upon project agency tax capital figure task oil fast.,True
1861,284,88,5,2024-02-05,Science floor lose speak important house return down my such gas.,True
1862,75,902,2,2023-04-26,Administration say think almost thus surface recently organization result seat middle center.,True
1863,240,105,4,2023-01-24,Nor prepare scientist shake where series series himself address bring.,True
1864,43,1652,4,2022-10-13,Beautiful PM air him no force discover alone most movement yet.,True
1865,263,438,4,2023-12-14,,False
1866,292,1425,1,2023-01-28,Career protect ahead teach difference plant Democrat vote beyond at activity tree pay.,True
1867,15,2258,4,2022-02-10,System investment detail clearly admit positive difference similar me would heart inside a.,True
1868,122,283,5,2022-09-25,Often recent girl process for south stuff suffer.,True
1869,200,352,5,2024-08-26,Impact long fish hospital late over away economy others opportunity sea game write thus president manager.,True
1870,82,912,4,2023-10-13,Responsibility anyone government why investment buy sure form wonder carry.,True
1871,255,506,5,2023-05-08,Song institution think campaign evening manager meet any allow foreign appear add bed family business firm.,True
1872,244,2055,1,2023-07-27,Shoulder actually agent trouble public whom understand late mind visit election kid serve discussion.,True
1873,234,2115,5,2023-06-12,Rock executive suddenly send discussion off wide never everybody decision off.,True
1874,197,101,5,2024-04-01,Watch her attack despite body where glass call produce PM pressure report.,True
1875,293,2395,1,2023-01-29,Picture billion whom on among sense over teacher add family product executive.,True
1876,128,1246,3,2024-05-20,Finish large person star already raise set cause newspaper.,True
1877,149,1034,4,2023-03-06,Quickly would home involve year hold close road officer floor yet audience dark we.,True
1878,207,1600,5,2024-09-13,Admit defense partner wind nearly move expert protect present again beyond.,True
1879,87,738,3,2023-11-04,Imagine claim series professor plant their standard relationship Congress sell.,True
1880,3,839,3,2022-10-30,Member there line give final bag for development station black.,True
1881,196,1536,4,2023-12-25,Meeting argue just last success manage or would site spend next parent shake themselves.,True
1882,197,2336,2,2022-12-03,,False
1883,176,1409,4,2022-09-01,Two most work know sound especially group person.,True
1884,225,2473,5,2022-11-17,Draw structure decide actually just morning book the college.,True
1885,73,934,4,2022-08-02,Line up her game they ask type example success live else guy reason finally director ground.,True
1886,252,1499,4,2022-10-13,Green rest win father specific statement mother work follow.,True
1887,239,610,5,2023-02-05,Pressure way of any both minute way seven billion born save live economic.,True
1888,226,1310,5,2023-03-24,Myself general floor into save manager also happy produce seem.,True
1889,238,208,5,2024-07-26,,False
1890,101,943,5,2024-01-27,,False
1891,290,1658,5,2023-02-08,Across part dark same yeah teacher development its reflect concern machine meeting into eat personal.,True
1892,4,653,5,2022-06-19,Heavy read take since official each perhaps though catch shoulder later fund.,True
1893,183,837,4,2022-04-10,Tell them reveal table voice point I movement account policy sound which.,True
1894,141,57,4,2022-07-24,Less help professor section hope claim upon memory place.,True
1895,165,1127,5,2023-03-23,,False
1896,247,778,5,2022-11-02,Very when economy individual south well young plan agency range general year light serious sell reason.,True
1897,137,2319,4,2023-02-04,Money number test truth someone choice rich week bed some white value reduce.,True
1898,217,2112,2,2022-06-18,,False
1899,72,655,5,2023-08-17,Member recent term share talk control drive often test.,True
1900,52,609,4,2023-12-05,Treatment guess game everything successful party five today.,True
1901,91,2117,5,2024-02-28,Beat she anything discussion I agreement toward citizen character little.,True
1902,224,2390,5,2024-02-14,Property that across worker often sense week growth beyond stock mean research.,True
1903,215,809,5,2022-03-07,Begin challenge school happen modern common music trade finish.,True
1904,213,1407,4,2024-06-06,Whether decision just anything quite station wall company after color gun.,True
1905,259,1510,5,2022-02-06,,False
1906,22,402,5,2022-07-15,Computer our prepare face level themselves degree decide however each system family among.,True
1907,170,296,4,2022-12-02,Citizen hour throughout method add war red if participant middle special situation property example.,True
1908,154,1832,5,2023-01-08,Place item your effect present development young alone.,True
1909,234,1738,3,2022-04-03,,False
1910,109,1298,4,2022-01-15,Article week better include shoulder it world wife.,True
1911,223,286,5,2023-06-08,,False
1912,125,903,5,2022-10-14,Ever student fill face able player law trial table her clear offer away study plant.,True
1913,6,1527,4,2023-01-04,Fine interview already room similar section science so consumer hope accept industry adult billion energy.,True
1914,83,1357,2,2024-09-18,,False
1915,239,936,3,2022-12-22,Current stop person training rest through care fine authority agency home man.,True
1916,40,1852,5,2024-09-16,Explain would them determine still training issue argue concern raise check deep modern crime entire.,True
1917,114,1672,3,2024-02-08,Suggest add baby attack understand reach series pattern hear college product.,True
1918,165,1932,3,2024-10-20,Wrong police see subject its behind must.,True
1919,92,1589,5,2023-03-09,Us price simply matter ball lawyer set ground save at.,True
1920,225,1782,2,2023-11-16,Try term reason fall serve concern accept situation medical public nature ground president answer only.,True
1921,268,1607,4,2024-06-14,Catch suddenly their natural build spring indicate involve free animal foreign arm.,True
1922,66,1067,5,2023-03-07,Would career seek outside discuss over draw east who seek.,True
1923,115,1503,5,2022-04-11,Animal sense main outside sport small dream discover whether fast serve use.,True
1924,290,665,3,2022-06-29,,False
1925,45,2316,4,2024-08-13,Loss hotel either other option child rule serious say affect.,True
1926,286,1402,1,2022-10-14,World mission policy start explain in early campaign power middle.,True
1927,86,1899,1,2024-01-17,Four arm stop visit memory many black.,True
1928,179,2030,5,2023-09-27,Agree fire news treat level color arrive appear education either occur discuss blue author by vote.,True
1929,260,2275,3,2023-05-07,,False
1930,49,1590,4,2023-05-29,Ahead report ground month threat reach trip.,True
1931,91,18,3,2024-09-26,,False
1932,139,1047,4,2023-11-04,,False
1933,257,1623,5,2024-11-12,How purpose main decade family everything her help above career hour role should surface some.,True
1934,134,1963,3,2022-07-21,Billion according black ability job order may child style car move.,True
1935,233,2034,1,2024-09-23,Personal above democratic east half I carry part remember low kid car truth industry face next.,True
1936,209,610,3,2024-05-09,,False
1937,110,2139,5,2023-02-11,Describe scientist interview hundred model least change.,True
1938,53,1462,4,2022-08-05,Attack full maintain though church stop water discover party activity what several group outside career.,True
1939,168,2230,4,2024-08-09,Among president word could outside next life door relate air base people own.,True
1940,120,761,4,2024-08-03,Lay forget road cut thank last leg every open pattern office.,True
1941,169,2139,5,2023-06-23,Learn attack financial statement hope team offer watch do his sister all customer.,True
1942,259,1954,4,2024-12-08,Again like training husband tough role benefit anything tend after special.,True
1943,259,2497,3,2022-01-29,Whom finish person everyone Democrat listen require claim bit range produce media product soon.,True
1944,174,1061,3,2023-11-01,Well office beyond floor leg discuss easy shake budget enough teacher keep new.,True
1945,74,298,2,2022-06-27,,False
1946,97,716,4,2023-03-22,,False
1947,171,1726,3,2024-07-05,Last tree wait his speak reason near at why subject only brother support.,True
1948,111,1393,4,2022-10-26,,False
1949,244,2325,5,2024-06-04,Perhaps summer meeting treatment clearly officer purpose ask these ago morning beyond receive quality night.,True
1950,244,659,4,2023-05-08,Then cover require article some Democrat tonight data morning happy idea management.,True
1951,43,1401,1,2023-06-20,Start itself performance eight natural two believe see able arrive safe already know improve.,True
1952,251,1553,3,2024-01-31,Draw technology but risk fine simply know yeah main.,True
1953,237,1430,4,2024-12-19,,False
1954,126,1072,4,2022-06-23,In scientist computer no product form society child under sea else open magazine state out to.,True
1955,75,2112,3,2024-08-11,Boy system turn lose crime in piece theory yeah knowledge vote meet.,True
1956,186,2238,4,2023-07-12,Student reduce vote whose during project travel travel style follow wind seat central positive.,True
1957,86,973,5,2023-05-08,Area involve southern least next crime husband should blood face difference after article under go west.,True
1958,276,624,4,2024-03-20,Another building too important however management goal lose.,True
1959,148,2032,5,2024-12-16,,False
1960,216,1745,1,2023-08-05,Just wrong thing offer religious read bill.,True
1961,239,1365,5,2022-08-27,Defense whatever act them seven condition recent church result true reach decision natural.,True
1962,87,2063,5,2024-10-06,Main rest left career ten summer just century.,True
1963,248,2110,4,2022-10-02,Find week how worker discussion at member yet evening lot friend approach.,True
1964,288,368,5,2024-11-27,Himself level through citizen president radio job again really blue report.,True
1965,120,194,4,2022-11-23,Allow spend hotel ask either reduce that likely behavior career society public.,True
1966,182,2281,5,2024-03-25,Himself itself wife expert above doctor play everyone physical present reality in north.,True
1967,23,944,5,2022-09-10,Friend red war may its available nearly activity network attack.,True
1968,217,1803,4,2022-04-29,,False
1969,149,1479,4,2023-09-29,,False
1971,56,875,1,2024-01-05,Key year girl half marriage hair whatever.,True
1972,96,2482,2,2023-09-11,,False
1973,111,1848,5,2024-06-02,Watch already huge manage something eye camera course up only study whose national its community value.,True
1974,145,1982,3,2023-03-10,However character human finish agent him cost program as beautiful song week their land weight.,True
1975,274,2169,5,2024-12-25,Tend customer there economy free at without lawyer.,True
1976,130,297,5,2024-05-29,Environment than southern free position protect person manage reach born.,True
1977,221,2264,5,2022-05-30,Indicate become everyone heavy floor voice source it friend character center.,True
1978,291,304,4,2023-10-25,Total similar although put believe writer blue month board old kind.,True
1979,157,121,4,2024-05-28,Next evening similar new they probably east should way network share ten road safe budget career.,True
1980,288,2457,4,2023-07-07,,False
1981,44,1534,3,2022-08-21,Middle maintain unit economic road miss adult middle southern part activity table training.,True
1982,242,518,4,2023-10-07,Among building administration describe Republican agent yes need scientist reason throw fund wonder report game.,True
1983,240,1765,3,2023-07-15,Result price special option also continue black door attention in increase field against case player.,True
1984,62,685,5,2022-04-07,Tree they town while stop simply certain boy relationship.,True
1985,199,1825,5,2024-09-06,Not tell however city lead speak perform statement situation enjoy top right.,True
1986,218,1005,4,2022-12-26,,False
1987,134,1715,3,2022-12-10,Avoid common above official a difference rich employee item individual rather many top build information great.,True
1988,244,1629,1,2022-03-21,Place decision experience offer generation arm dog may push how power huge goal more century.,True
1989,236,2172,5,2023-04-19,There couple thought shoulder suggest age you year throw without need majority effort true including.,True
1990,299,919,5,2022-12-30,,False
1991,243,511,4,2024-05-19,Prove notice spring usually guy edge name budget second reach.,True
1992,155,89,5,2023-05-24,,False
1993,286,747,3,2022-07-29,,False
1994,219,1800,5,2022-12-05,Customer early this already despite even spring evidence cell police middle good nation member.,True
1995,162,519,4,2024-06-10,Commercial item him herself cultural have trip increase center learn read catch increase door south like.,True
1996,178,1579,5,2024-02-09,Town but day science region yourself whole play like night.,True
1997,266,1705,4,2023-06-05,,False
1998,288,1869,4,2023-09-14,Claim while up sure care method because.,True
1999,227,1174,4,2022-07-02,Market question ago candidate fast test adult see produce number environment development half degree.,True
2000,242,2364,2,2022-07-03,Yes stuff example east available sea control draw.,True
2001,267,2063,3,2023-08-06,,False
2002,44,1447,5,2022-07-25,,False
2003,21,1364,5,2022-09-14,Still issue production interview light of anyone interesting policy.,True
2004,72,1242,5,2022-05-21,Likely position career appear unit bag their far necessary meeting east.,True
2005,56,159,3,2022-11-22,,False
2006,19,2091,5,2022-10-10,Suffer community adult be national light little per generation develop term section executive card.,True
2007,205,2081,2,2024-05-14,Option wait can enough growth share local show lay edge.,True
2008,78,1085,4,2022-03-23,Purpose answer yet probably miss theory cost between understand money it alone represent couple.,True
2009,295,2099,5,2022-12-01,Old how she major strategy their computer six serve somebody.,True
2010,205,1067,2,2024-11-05,Left too personal this sign east professional social find sell argue.,True
2011,96,386,5,2022-10-12,Office weight stop radio concern future capital police change wind fish imagine system.,True
2012,239,2431,4,2024-02-12,Option face second knowledge laugh professor attention year notice skin democratic increase try their.,True
2013,255,2453,5,2023-07-24,For responsibility sister foreign size career win boy night security common well forward piece beautiful.,True
2014,73,883,5,2022-12-05,Leave management number case push measure site here store factor whether.,True
2015,251,1535,5,2023-08-15,There quickly now remain network place special some after nearly population age air score concern stage.,True
2016,77,430,4,2024-07-09,Other house floor focus follow future effect old senior amount record knowledge plan.,True
2017,136,1799,1,2024-11-25,,False
2018,291,871,5,2023-06-25,Professional account require piece good reason too.,True
2019,98,2144,5,2024-01-02,Church company tax tonight fall wish realize when interest region campaign.,True
2020,298,499,1,2023-04-14,Staff cup and yes boy buy let sea ask present ten.,True
2021,87,916,5,2024-07-04,Day wall foreign war leg push quite marriage defense tough skin.,True
2022,86,1233,4,2023-07-17,Hold strategy friend take follow deal attorney federal positive.,True
2023,223,13,4,2023-05-28,Out either like local picture rate consumer member western include wait yard others.,True
2024,284,2044,4,2022-03-23,,False
2025,252,1621,5,2022-07-26,,False
2026,230,211,5,2022-07-20,Success you hotel remain include several strategy event charge suddenly true bed build very.,True
2027,261,2341,4,2022-01-25,Should happy institution prevent each writer anyone child serious hit writer.,True
2028,188,1930,2,2023-11-08,,False
2029,137,2192,4,2024-06-30,He certain gun mother road threat majority floor action wide service second product compare read.,True
2030,253,1769,5,2023-01-23,,False
2031,10,396,5,2024-12-15,Father leave history water indeed question vote contain her employee recently small daughter if usually blue.,True
2032,232,1824,5,2022-06-07,House team trouble free recently eight oil seven on as painting front thousand husband your.,True
2033,182,2090,4,2024-08-13,Present cut certain understand society approach quickly home.,True
2034,291,1158,2,2024-03-12,,False
2035,115,82,4,2024-11-25,Knowledge left scientist whether Republican possible that stuff.,True
2036,41,981,4,2023-12-04,Blue daughter pressure share throughout crime usually role security year piece page half civil.,True
2037,218,688,5,2023-09-19,,False
2038,82,2453,5,2022-05-27,Thought she other oil name key light article guess might once show listen worry really turn.,True
2039,29,2133,3,2023-02-23,Participant over benefit factor near wind wait act prevent off describe receive bit.,True
2040,56,1334,5,2024-09-29,Hospital occur likely energy after ask its nation movie.,True
2041,5,483,3,2024-10-09,,False
2042,34,380,4,2024-07-25,,False
2043,75,2183,5,2023-11-22,Growth lot really score yard money common personal.,True
2044,97,1636,4,2022-10-18,As opportunity someone send list project trade from outside choice realize gun.,True
2045,82,490,5,2023-04-17,Real follow make ago write join accept project should.,True
2046,223,1793,2,2022-08-14,Sing require part development dog wear myself keep partner billion risk create sort out improve.,True
2047,77,621,5,2022-09-14,,False
2048,4,324,5,2024-09-09,Wall improve professional sure material include put fly lawyer character mind bill act who.,True
2049,22,1372,4,2022-09-19,We rise any national various lose idea financial very go agent quality myself practice floor.,True
2050,83,21,5,2024-04-02,Board no politics threat statement main man.,True
2051,233,2136,5,2023-03-03,Effect itself open land specific role western heavy store skill fast.,True
2052,184,1560,1,2024-08-19,Drug despite feel know everybody off wind cup look thus challenge soldier.,True
2053,296,2369,4,2023-01-25,Turn color boy understand general consider machine deal though material explain finish follow.,True
2054,126,749,5,2022-08-14,Boy face floor plant education candidate indicate person ten.,True
2055,197,1766,5,2023-12-05,,False
2056,75,2444,5,2024-03-02,Interview organization especially we main door wife help occur seem very oil paper behavior seem.,True
2057,201,1188,4,2023-08-24,With discussion job day kid more glass late federal section raise get pressure gun.,True
2058,160,1920,3,2024-06-08,,False
2059,298,1374,5,2022-12-26,Each son partner education energy when reveal usually.,True
2060,41,24,2,2023-05-31,Try during north Congress look local low down.,True
2061,71,673,4,2023-04-15,,False
2062,81,1184,5,2024-10-14,Bag develop ever lawyer hard total authority tax per.,True
2063,234,673,2,2024-08-24,,False
2064,80,1741,4,2024-10-13,Series strategy light health or protect summer determine room sport American single truth food activity.,True
2065,156,1249,3,2023-04-23,,False
2066,151,51,5,2023-08-07,Go box discover focus hair allow role attack difference field continue.,True
2067,61,1293,1,2024-06-15,Call price thank billion care particular east third area without image door head.,True
2068,207,882,5,2024-02-24,Theory happy war finish trade one must now young choose.,True
2069,89,2062,5,2022-10-30,Room build idea a majority major pick plan mean.,True
2070,41,129,1,2022-03-28,Chair reduce live couple system interesting answer use lay ok spend right test suffer in.,True
2071,264,2137,4,2023-03-24,Matter notice material special upon wish social senior rather factor you product kitchen cell hundred.,True
2072,20,2451,5,2023-03-03,,False
2073,11,1404,4,2024-02-04,Thus role wife science rather admit kid discuss consider wear if challenge might generation history administration.,True
2074,97,2089,4,2022-08-22,Fight bad goal matter attack kind data necessary side rise small clearly soon firm bed these.,True
2075,262,1560,3,2023-01-11,Leave alone media may according forget firm customer nearly able cultural hot peace local join.,True
2076,282,216,4,2023-01-05,,False
2077,36,1392,4,2024-03-28,That watch almost law recently agency bank couple animal paper.,True
2078,116,1182,4,2022-06-09,Consider single movement fish natural need sit still consumer ten minute four last theory.,True
2079,243,197,4,2024-04-04,,False
2080,204,1282,4,2023-06-07,Side born without rise color be list look able though read not stock more most.,True
2081,242,1576,4,2024-11-17,Impact end TV daughter team sing several.,True
2082,147,1230,5,2023-01-28,,False
2083,263,1895,3,2023-09-24,,False
2084,199,1134,5,2024-02-16,Interest class movie international project animal human lose yet.,True
2085,297,210,3,2024-05-24,Nor large during trial so fact specific five seat police thousand loss.,True
2086,3,1981,1,2023-11-04,,False
2087,235,1898,2,2022-06-12,Government activity although foreign stay see prepare scene nature.,True
2088,70,1307,5,2023-02-25,Physical treatment south more character garden mean.,True
2089,234,1243,3,2023-11-29,Six picture another again explain box society beat arrive level wear several.,True
2090,277,795,4,2023-12-28,Each image add provide into quite boy gas happen him join discuss expect relate key pressure.,True
2091,251,1999,4,2024-11-17,Among the find necessary almost political onto.,True
2092,182,2442,5,2022-04-23,Phone age them number race unit his parent film.,True
2093,168,1458,5,2023-09-26,Forward power school system power media American question small hour.,True
2094,6,2165,3,2024-10-08,Design fall cell clearly guy side trouble best although role dog ask shake father poor.,True
2095,31,1527,3,2024-11-15,End positive the partner stop imagine reduce provide along.,True
2096,7,1017,1,2024-05-06,Role employee deep trade report adult reduce.,True
2097,99,35,3,2023-02-03,Test myself say many close first feeling reach heavy school anything often war decision marriage.,True
2098,243,1186,2,2023-12-14,Weight may break huge image mouth night.,True
2099,154,901,4,2023-12-11,,False
2100,175,679,5,2023-12-16,Throw discover phone family owner quickly near half big education.,True
2101,107,826,5,2023-08-02,Until his child keep born tend despite blue kid order laugh.,True
2102,227,1635,5,2022-12-17,Show class sense though great marriage seat once finally.,True
2103,156,1770,1,2023-08-10,Hair new piece positive pay later letter discuss determine serve similar.,True
2104,106,897,5,2023-11-04,Usually already everyone him want bar strong show.,True
2105,155,229,4,2024-01-18,Because individual already enter she have involve exist general process science century total increase.,True
2106,106,1474,1,2023-09-26,Experience worry either process stuff sometimes boy despite room leg and organization magazine investment again country.,True
2107,173,2118,5,2024-02-08,Space know order us save fine community little indicate relate magazine process building job suddenly.,True
2108,11,1193,1,2024-07-24,About color really couple course choice good history news century war.,True
2109,121,628,5,2022-10-29,Story debate eight but reach general successful offer goal.,True
2110,72,2339,1,2022-12-15,That pick significant term fund happy total me article.,True
2111,177,1732,5,2024-10-04,Positive moment commercial actually choose author hospital day allow professional prevent.,True
2112,57,1692,5,2024-07-27,,False
2113,124,286,5,2022-03-30,,False
2114,11,1652,1,2023-07-30,Major view safe eat image citizen easy choice important large.,True
2115,177,1572,3,2024-12-05,Keep its pass treatment soldier teacher oil suddenly several Mr land relationship sell.,True
2116,300,1868,5,2023-08-17,Rather wish face parent create authority indicate get those church term road this important end spring.,True
2117,242,2104,5,2022-06-10,Travel form identify institution keep may shake.,True
2118,45,1865,4,2022-07-04,Course however top represent deal blue late.,True
2119,262,698,5,2022-09-30,Game few trip never move country big.,True
2120,150,1590,4,2022-02-21,Somebody professor thought benefit administration huge evidence stand church interest Mrs than.,True
2121,10,648,3,2024-04-26,Develop more really trial popular half create book everybody those thus nor name behind machine employee.,True
2123,108,1104,1,2023-01-10,Good face also center tree president special financial weight need painting certain.,True
2124,269,1775,5,2024-06-20,Bit site year chair when international political wall simply front western by.,True
2125,37,1625,5,2022-08-30,Morning almost follow lose party old type adult.,True
2126,58,352,3,2024-10-25,Remember this ask nor partner politics contain what most.,True
2127,199,2317,3,2022-04-26,Usually anyone mouth industry behavior hospital us purpose clearly fact kind difficult worry.,True
2128,51,1876,4,2024-04-23,,False
2129,281,2174,5,2022-02-21,Moment wind bar exactly culture adult people.,True
2130,88,1468,2,2022-01-28,Throw choice tree game so professor computer someone lot plan world very manage message for president.,True
2131,174,2214,4,2022-10-13,Model move morning commercial discuss left mouth threat vote check six debate career law quickly who.,True
2132,283,341,5,2023-07-06,Eight born or table eat range suffer fast side happy doctor be.,True
2133,20,38,4,2024-12-16,I find outside lawyer appear little pick store community word send describe in out model.,True
2134,247,652,5,2024-08-07,Success growth police half admit story from during manage although themselves matter let all.,True
2135,64,1133,5,2024-11-09,Approach could kitchen certain picture back dinner guy onto matter executive decide body serious pull oil.,True
2136,7,107,4,2024-07-09,Adult any fine all though quality writer truth force according very.,True
2137,36,1122,4,2024-04-12,Worry speak himself rather debate writer sea candidate hit.,True
2138,80,1978,4,2023-08-01,,False
2139,111,760,3,2023-06-12,Discuss here fall tough well couple account little reality building.,True
2140,154,1182,4,2023-10-02,,False
2141,160,2123,4,2024-08-03,Far let school animal several page PM gun never our report accept stop sport including kid.,True
2142,89,1324,5,2022-06-25,Point church individual difficult our beautiful son draw consider body.,True
2143,187,362,4,2022-12-03,Change control up money serious look best.,True
2144,12,2047,4,2022-07-23,,False
2145,95,11,4,2023-09-07,Increase score against far cold cover third key explain professor oil happen be.,True
2146,71,673,4,2023-10-10,Court campaign many radio upon suggest manage society shoulder clear world firm.,True
2147,200,1808,5,2023-05-15,Want mission reflect such model southern break staff network economic local black tend box.,True
2148,200,1252,4,2023-02-21,,False
2149,181,2248,4,2023-02-05,Election rich break fall south find hair figure.,True
2150,24,1256,5,2022-01-14,Keep avoid pull data avoid scientist time those enough of two radio I.,True
2151,234,1164,2,2023-12-30,Financial want pressure myself little sport court account business wonder before manage.,True
2152,3,118,4,2022-12-04,Left hit deal theory box public later mother.,True
2153,190,1253,5,2024-05-11,Professor mission stock because class visit who like.,True
2154,145,1681,5,2023-10-28,Group stuff employee air now program system upon treat fact candidate human.,True
2155,23,2499,5,2022-03-08,,False
2156,62,2181,4,2024-07-02,Report their need where system avoid inside exactly.,True
2157,34,1386,4,2023-01-28,Several common whether religious success structure effect your first factor how.,True
2158,257,1140,1,2023-03-08,Certain travel month camera weight artist international yeah family score someone institution memory.,True
2159,151,187,4,2024-06-20,Area million we our girl physical full chance everything ready hospital chair suddenly.,True
2160,171,549,5,2024-06-02,,False
2161,7,2312,4,2024-02-23,,False
2162,95,381,3,2023-04-24,Expert either could understand better item term oil fire involve single population explain benefit.,True
2163,243,773,3,2024-02-15,Live yourself president use politics fact interesting those drug black.,True
2164,73,1190,5,2023-05-19,Water myself summer animal low into structure.,True
2165,299,1510,4,2024-01-04,Laugh heart born song money worker ever receive follow teach everything exist.,True
2166,125,141,4,2022-06-09,,False
2167,201,1570,4,2024-10-21,,False
2168,300,280,1,2024-01-22,Study drive environment development worry stop task light it owner alone.,True
2169,276,126,5,2023-06-12,Maybe growth structure guy drop program success low television any work somebody Democrat.,True
2170,185,1272,1,2023-10-14,,False
2171,171,926,3,2022-01-25,Bar section million perform news recent environmental.,True
2172,2,1341,3,2023-10-31,Scene grow north foreign skin visit allow.,True
2173,253,1565,4,2022-03-04,Low now maybe most land check huge anyone watch scientist paper play.,True
2174,102,2311,4,2024-07-28,Explain international player bed get especially speech return two.,True
2175,105,2087,4,2023-05-18,Concern maintain position throughout ago with you seat approach maybe cut several.,True
2176,133,667,4,2024-07-31,,False
2177,285,2106,4,2022-02-23,Whether start least old owner there chance step civil.,True
2178,156,316,5,2022-11-14,,False
2179,206,548,5,2023-07-31,Western control hope marriage get station remain degree surface wall.,True
2180,154,2355,5,2022-01-19,But company leave break who begin evidence company present manager century firm man.,True
2181,18,2083,5,2023-08-16,Television conference six put finally character participant continue keep draw loss born power lay.,True
2182,248,1467,5,2023-04-12,Remember explain garden within production you career where soldier difficult thank political trade tell offer grow.,True
2183,155,867,5,2023-07-29,Man part whose parent house provide consider decision one law development return between which size.,True
2184,21,36,5,2024-10-11,Camera chance dream billion process PM dream debate.,True
2185,228,969,5,2023-11-15,Ahead foreign health share and than if officer.,True
2186,1,2397,4,2022-02-26,Strategy speech represent theory color cause role consider task trade newspaper size model focus region.,True
2187,279,1663,5,2024-04-17,Arrive should shake offer debate store bit lose worker window no keep mind look.,True
2188,189,2177,3,2024-08-27,Buy wear born staff scientist control heart approach according.,True
2189,175,2325,4,2024-01-31,Decide attack blood discussion understand successful feeling research name skill sound music culture point world join.,True
2190,156,2324,5,2023-12-15,Myself believe society knowledge provide offer how fill hand final.,True
2191,285,1393,4,2024-11-07,,False
2192,29,360,4,2022-03-14,Task think address fly discussion green practice medical candidate daughter enough rich project.,True
2193,69,1516,3,2022-01-11,Agree new conference present discussion yeah around us role movement man option network coach future.,True
2194,17,2435,1,2022-03-07,Save despite audience he show beyond this southern dog sea land administration in race.,True
2195,70,1898,3,2024-01-31,Article three recently defense town bed of would responsibility recent your writer opportunity front.,True
2196,203,1059,4,2023-10-01,Agent each day box couple rate discover manage baby letter.,True
2197,187,1275,5,2024-02-15,Magazine piece deep increase specific oil these to expert try.,True
2198,262,1223,4,2022-05-18,Can live southern hospital stock large realize camera it establish long challenge these TV art.,True
2199,32,477,5,2022-12-02,War strong offer paper friend through his trip kid player can sport worry.,True
2200,268,549,4,2022-10-12,Perform live spend wide age doctor receive.,True
2201,9,92,5,2022-02-09,Action without better page soon whose increase teacher visit section everyone itself.,True
2202,27,730,3,2023-11-26,Your season rest sister station language family control wide employee unit player tough wind.,True
2203,219,1702,5,2023-11-29,Type program information something exactly nor company bring hour marriage firm save.,True
2204,109,2288,4,2023-11-20,,False
2205,253,2095,5,2024-06-22,Along wonder author this ten bad their give pick appear.,True
2206,31,1843,3,2024-07-02,Long number successful situation even item finally either wish add threat also fall include support edge.,True
2207,106,200,5,2022-11-11,His social fast whose special go guess affect year necessary painting teacher how care.,True
2209,186,179,5,2024-08-06,Art push happy form against drive full again test upon audience market.,True
2210,35,741,3,2022-03-19,Place raise loss sound task wife product there.,True
2211,101,2467,3,2024-12-10,Personal real throughout since choose easy once I.,True
2212,185,943,4,2022-11-21,Class film heart including effect fall here information.,True
2213,300,619,5,2022-11-25,Seven poor parent service edge final walk my continue thus attack because.,True
2214,208,1478,5,2023-07-23,,False
2215,16,209,4,2023-02-12,Tell plan even second quite should value other report sit.,True
2216,215,1451,5,2022-10-19,,False
2217,254,1607,2,2022-06-16,Security foot offer response entire strong will travel offer figure threat off finally fund.,True
2218,231,1451,4,2023-02-07,Effort if think somebody choice see night successful me nice popular live during however police.,True
2219,108,2261,5,2022-04-15,,False
2220,281,2075,4,2024-05-30,Individual effort occur understand laugh and eat task go none talk lawyer interest suggest.,True
2221,254,322,5,2022-06-06,,False
2222,267,840,3,2024-11-21,,False
2223,15,1665,3,2022-06-28,Land kid southern it reason hundred arm particular open over thus clear stuff call officer.,True
2224,40,556,5,2024-09-02,Decision large ten many up administration soldier inside tax five bring pick suffer job skill someone.,True
2225,253,589,5,2022-07-05,Present station indeed another field everyone knowledge whole true yes even green late suggest war area.,True
2226,263,2371,5,2024-02-28,You seek recent growth while eight example policy six reality there fly.,True
2227,12,416,3,2024-12-15,Car hope picture make wear environment second especially from front protect list.,True
2228,125,1497,1,2024-01-05,Decision stock ready will about toward free yourself together weight sister rate civil.,True
2229,268,647,3,2022-06-10,Candidate person receive central home force medical news art response ok evening voice citizen.,True
2230,268,2472,1,2022-07-19,Stage age important interest particular all player sing itself themselves enough common toward.,True
2231,76,164,3,2022-04-21,While sound experience reality animal whether owner huge bill great long that level moment cause make.,True
2232,272,1831,5,2024-03-29,Year nor ask born cover quite old against student likely community parent general.,True
2233,238,1208,3,2024-02-04,,False
2234,53,1996,4,2022-01-30,,False
2235,36,1609,5,2024-07-03,Hold available interview live artist person center apply.,True
2236,17,1322,4,2022-02-24,Again as democratic sure film say adult.,True
2237,280,1437,5,2024-02-28,Water lose discuss story it team compare sister perhaps best.,True
2238,96,2156,3,2023-08-29,Bed here officer good particularly brother population.,True
2239,137,1525,2,2024-05-11,Occur feel too always attention blood choose left outside.,True
2240,265,1996,5,2023-02-17,Enjoy trip opportunity benefit bank certain special step.,True
2241,14,1003,4,2023-09-28,Sport see arrive happen weight worker quite position effect describe water face country put return.,True
2242,288,537,5,2022-01-21,They put those expert city may his listen look fill near sing.,True
2243,28,2303,4,2023-12-03,Same act wonder conference large so raise.,True
2244,294,1943,4,2023-12-13,Yet offer sport husband group we form cup.,True
2245,114,281,5,2022-01-20,Kitchen paper everyone success plant push reflect early letter house next leave religious.,True
2246,106,658,5,2022-01-30,Those safe they money story team bad commercial money job close maintain either small himself pattern.,True
2247,19,572,5,2022-04-15,Far kitchen relate tax close help per.,True
2248,183,860,5,2023-11-19,,False
2249,58,2475,5,2022-09-05,Finish strong example season magazine avoid message cell experience enough region account.,True
2250,137,1220,5,2024-07-11,Note care simply evidence skill eat argue unit.,True
2251,130,922,4,2024-10-10,,False
2252,11,2142,5,2024-07-02,Hair more between per develop group air old have total product air box.,True
2253,269,1971,4,2023-12-24,Memory hard kitchen different themselves spend local reason rich respond would realize.,True
2254,230,2492,1,2022-04-05,Note begin week growth week soon your according want relationship record.,True
2255,26,995,5,2022-09-30,Defense defense street loss plant and success themselves best thing face commercial choose.,True
2256,114,473,5,2022-07-10,Pattern citizen ten we quality end work indeed decade high establish realize international idea commercial.,True
2257,61,222,5,2024-05-05,Talk wish establish game return strong stock base stop represent all skill.,True
2258,280,346,3,2024-09-26,Fund bar firm drug audience both want particularly treat while spend.,True
2259,225,2245,1,2022-06-15,Around who loss over course thousand television someone wonder manager machine join anyone.,True
2260,186,1753,4,2022-05-01,Either maybe through heavy first glass study college finally ten serious hit.,True
2261,125,1429,5,2024-12-19,Production realize increase body rock man table they school city since.,True
2262,11,1464,5,2024-05-16,Soldier feel newspaper small him hard news water.,True
2263,26,706,3,2022-10-10,Material size form treat among color man nature sure for another establish face total town.,True
2264,65,220,1,2024-07-28,Second person under she see management pick morning art get analysis.,True
2265,86,2487,5,2023-09-20,Standard dinner protect price woman think improve edge pay yes amount central.,True
2266,130,1841,5,2024-01-05,,False
2267,16,1630,5,2022-09-03,In nor measure far them until knowledge him.,True
2269,48,1269,5,2022-09-08,Edge tend situation follow ahead management add reach that girl which report.,True
2270,288,1770,5,2023-12-07,Thing accept large list economy medical wind guy join morning into low sometimes item maintain.,True
2271,109,2017,4,2024-02-10,Page city still network discussion only bring day.,True
2272,237,881,4,2024-04-24,Somebody book citizen weight seat performance movement cultural west less win size approach model office color.,True
2273,145,183,3,2024-03-03,Generation once environment expert let there hospital.,True
2274,298,1994,1,2023-09-21,,False
2275,144,528,2,2022-03-31,,False
2276,121,2376,3,2022-07-15,,False
2277,52,1580,4,2022-07-01,Writer much bed provide close sense something article democratic benefit address nice although group statement.,True
2278,148,829,3,2022-02-06,Society sure themselves collection another president responsibility.,True
2279,259,1524,4,2024-01-28,Artist top until people those performance fish hot together send itself including work image.,True
2280,190,1082,5,2024-02-24,Must however them cover task approach sister during technology message could certain.,True
2281,142,538,5,2024-09-23,,False
2282,73,1950,5,2023-06-18,Peace concern their growth source yes trial hit.,True
2283,150,1499,5,2024-11-29,Adult keep song leg daughter when power next treat stage movie.,True
2284,285,1660,5,2022-10-31,Player explain bring argue anything above hope music middle yeah.,True
2285,127,645,5,2024-11-06,Surface sense so discuss agree accept issue different speech student.,True
2286,86,250,1,2022-11-01,Ability move recent weight market although every television raise like perhaps accept executive.,True
2287,115,864,1,2024-12-21,Within player water section start around like call pressure officer civil lay enjoy box could rate.,True
2288,212,765,4,2023-06-07,,False
2289,119,375,4,2024-12-02,,False
2290,37,203,4,2023-12-27,Fly piece anyone take time nation week.,True
2291,71,2322,5,2022-12-29,Foreign lot total meet a executive machine agency civil clearly for able clearly fire.,True
2292,77,460,3,2022-01-24,,False
2293,164,642,4,2022-08-08,,False
2294,74,1713,5,2023-07-03,Actually really while guess floor have argue country church.,True
2295,115,1541,1,2023-06-12,Ball song need listen set simple add guess decade tend second build most environment.,True
2296,177,116,5,2023-07-30,Agency security start big against require station manage place among ever within attack into page.,True
2297,249,1204,4,2022-03-26,Democratic sign list record certainly similar no throw on large.,True
2298,187,837,5,2022-06-05,Let partner among very purpose condition data any without happen cup specific keep chance stop.,True
2299,217,1639,4,2024-09-19,,False
2300,65,1367,5,2023-03-02,Data day suddenly past carry fine write attorney develop.,True
2301,134,1624,5,2022-01-07,Hope expert couple father whose glass really base fill school fire why window.,True
2302,17,1452,4,2022-10-16,Health inside set happy senior on yeah trouble high discussion president.,True
2303,52,1116,5,2022-07-23,Move pay often theory sit dream purpose another.,True
2304,185,334,5,2023-12-13,Account choose station drive develop million place dream product hit.,True
2305,51,2236,5,2024-10-20,Food particular research child administration accept sing early strong.,True
2306,171,1249,5,2022-04-11,Up investment field always matter check amount civil fire safe paper weight dark.,True
2307,196,472,2,2024-07-15,Ahead day yet cover around never moment which cut third amount leave behavior something.,True
2308,277,2129,5,2024-06-26,My far matter piece level between realize how bit nor produce then prevent top style identify.,True
2309,133,373,4,2022-05-14,,False
2310,25,1617,4,2022-03-02,,False
2311,220,1716,4,2023-11-25,,False
2312,42,1099,2,2023-12-02,Various rate measure practice these name off action her this human society race model themselves.,True
2313,130,654,4,2024-09-22,,False
2314,194,362,5,2024-05-02,Main another risk clear commercial public help me age.,True
2315,130,1742,2,2024-04-19,,False
2316,128,774,5,2024-11-22,Simply quality others church experience program participant lead page across but newspaper most enough right.,True
2317,179,1573,4,2024-02-23,National sure those election traditional worry necessary and star watch today move court indicate somebody much.,True
2318,94,1385,5,2024-07-21,Trouble play hit consumer describe prove mean ahead reflect security increase argue two paper.,True
2319,211,2024,3,2024-08-07,Live raise development agency material new success deep model two politics free two drop blood.,True
2320,240,1591,5,2024-08-15,Same themselves month age year bag skill floor music PM dog safe customer.,True
2321,208,1732,4,2023-02-27,Exist cold wife subject protect hold case lose.,True
2322,99,942,4,2023-07-23,Every reveal east strong market name last reveal although power pattern impact care month station TV.,True
2323,284,98,4,2024-04-22,Minute resource husband to shake forward large image history bring pass magazine production.,True
2324,98,121,5,2023-03-07,Garden by total professional feel enjoy no instead lawyer particular occur area leg.,True
2325,42,2389,4,2023-07-29,,False
2326,62,1192,4,2022-02-01,Work information pattern analysis program between writer employee direction.,True
2327,139,167,5,2023-01-15,Just under do imagine Mr despite door career data.,True
2328,170,1580,5,2024-07-14,Project paper hope choice positive education power science cost include issue beautiful dinner husband market.,True
2329,13,1243,4,2023-08-29,Appear trial customer prepare bad figure sign claim certainly discussion hand positive all role chance.,True
2330,34,209,4,2022-02-23,Include experience hospital still one its expect situation note tax according others involve.,True
2331,35,1166,5,2023-01-14,,False
2332,4,2272,2,2023-08-25,Strong or follow fund financial result although benefit those thank take candidate.,True
2333,173,2182,1,2022-08-16,Road television practice choose state treat fire start candidate professor near media throw rather.,True
2334,127,2177,4,2024-11-02,Argue similar cup board yeah health similar hundred though animal.,True
2335,88,303,2,2023-02-09,Arrive mother property seem assume brother manager degree tree a chair almost against especially.,True
2336,164,1852,4,2022-07-24,,False
2337,183,2156,5,2024-02-08,Without yes traditional either financial offer fill provide full.,True
2338,292,1448,5,2023-06-06,Purpose trip article floor court material make sure bag you address meet red.,True
2339,225,569,3,2024-06-05,Court stuff tough near return gas outside too management first use cost.,True
2340,141,682,5,2024-10-11,Rich pull think clear smile morning six true several anyone television.,True
2341,259,1571,5,2022-08-08,Type event discuss travel early whom care where leader evidence poor expert direction.,True
2342,38,1082,5,2022-02-09,Or finally quickly moment we trip really rule there.,True
2343,278,694,4,2024-03-11,Far task line lawyer energy PM hotel.,True
2344,58,1380,3,2022-04-05,Trial lose skin smile south decision similar bill somebody improve physical.,True
2345,236,938,3,2023-11-19,Against others kind factor worker party close now.,True
2346,275,500,4,2023-10-20,Here employee building me interest media whether like.,True
2347,12,2062,2,2023-03-03,Whose term conference middle author garden hair.,True
2348,66,442,5,2022-06-13,Of become short stop sea direction question go her which practice yes development daughter enter.,True
2349,65,1803,4,2022-04-13,Respond level agree sign increase present author safe.,True
2350,283,1322,4,2024-05-18,Forget possible draw usually music situation trouble tax people score decide real strategy choose clear PM.,True
2351,198,2017,5,2022-08-04,Consumer final charge will memory floor energy many.,True
2352,115,1222,4,2024-10-08,,False
2353,226,2443,5,2022-08-19,Measure design less will appear around talk know perform water return point usually his design.,True
2354,236,1556,4,2024-04-19,,False
2355,226,577,4,2023-07-04,Identify use research them theory dark into laugh about shoulder paper apply school.,True
2356,291,822,4,2022-11-15,Loss perform social summer drop page military.,True
2357,37,1135,4,2022-02-15,Professional clear wife course open itself strong home south specific feel everyone blue quickly.,True
2358,278,1420,5,2024-05-29,Nation different medical gun win three child close speak score adult information truth bit owner officer.,True
2359,130,705,4,2022-02-23,,False
2360,260,1643,5,2024-10-22,Loss exist system myself scientist management better poor same.,True
2361,118,1064,4,2024-12-02,Which audience positive off similar author professor political stage forget.,True
2362,82,1112,4,2022-06-26,They pattern institution believe let guess anything both after after analysis material interest.,True
2363,261,347,3,2022-08-25,Side ground staff miss trip than less shoulder go PM walk dinner today apply power instead.,True
2364,244,158,5,2023-02-22,Pass able too thought strong him our color.,True
2365,129,1762,5,2024-07-27,Life offer stock cold that western expert successful his cost house middle particularly fish become.,True
2366,127,287,4,2022-12-04,Clear employee soldier much care prevent know land cover best technology feel.,True
2367,41,274,5,2022-07-13,Environment situation boy relationship heart establish why offer win several his plan protect need according offer.,True
2368,198,997,5,2024-12-23,,False
2369,157,1063,1,2024-05-17,Short land professor such late type program increase former.,True
2370,231,890,1,2024-01-27,Arrive purpose time choose become traditional so visit bed most laugh young local.,True
2371,160,595,5,2022-04-30,Black everyone score increase week baby impact I learn heavy act begin four respond doctor yes.,True
2372,79,1940,3,2024-12-03,A continue pressure garden her fight have such.,True
2373,106,1841,4,2022-04-18,Guy leader court cause poor look feeling share front item foot again sell.,True
2374,228,547,5,2024-07-05,Drop approach situation through international reflect bring reflect PM.,True
2375,165,1349,5,2024-05-26,Study study week free sure today detail structure actually data themselves fast myself.,True
2376,26,1714,4,2024-12-30,Week remember audience through individual official artist.,True
2377,209,1946,4,2022-10-02,Sort help goal argue born success it business page detail suggest least forward around brother.,True
2378,77,2372,5,2024-02-07,Prevent off talk light participant push billion offer expect kitchen nothing perform pull near.,True
2379,289,306,1,2024-06-06,Pattern still television change television memory adult prove majority military Republican.,True
2380,185,1859,4,2023-02-10,Support much trade check sing lay perform worry scientist Mrs issue computer worry turn.,True
2381,40,2484,5,2022-03-06,,False
2382,103,779,5,2022-12-01,Voice doctor their war now key tonight either sport.,True
2383,129,55,5,2024-03-04,,False
2384,86,1206,4,2022-08-11,Write administration speech create seven wait his teach risk because structure high share miss at adult.,True
2385,138,235,5,2022-10-22,Trade consumer family strategy final participant stop somebody spend.,True
2386,286,2474,5,2023-12-07,Last information for nothing prove cold special describe black trade.,True
2387,159,166,4,2023-06-19,Police light much someone brother president particularly half mention avoid drop southern sound.,True
2388,128,383,5,2023-04-23,Every key answer it figure out art.,True
2389,224,555,4,2022-09-16,Radio national forget painting development effort choose nice though yourself reflect with.,True
2390,102,1079,3,2024-09-22,,False
2391,13,2169,5,2024-01-05,Within civil smile movement approach perhaps such international question policy step mission throughout strategy final ball.,True
2392,135,1097,5,2024-01-20,,False
2393,201,1611,5,2023-03-14,,False
2394,294,1285,5,2024-07-22,That home bill service range structure everything wife important tend anyone why garden.,True
2395,134,1756,5,2022-05-22,Season general child your activity perhaps look Republican operation reduce reduce computer your almost arrive.,True
2396,35,2107,5,2023-09-05,Half second mind including language operation participant concern.,True
2397,190,2406,3,2022-12-08,Rather particularly plant life enough where particular operation successful.,True
2398,45,323,5,2023-07-26,Usually Congress guy out also act team special discussion energy performance care certain try.,True
2399,160,1669,3,2022-04-15,Recently list mother officer sure close media doctor probably growth have cup everything Mrs.,True
2400,127,259,5,2025-01-01,Before mission above building possible fund if everybody between.,True
2401,183,1715,5,2023-09-28,,False
2402,286,864,3,2023-03-18,Thank bill performance several gun happy wish church various like add serve.,True
2403,214,916,5,2024-08-29,Manager brother floor coach floor race response chair doctor recognize benefit daughter glass score social though.,True
2404,144,587,3,2024-02-17,Wall close according culture development affect inside else real side result and.,True
2406,100,645,4,2024-05-13,Country run later she theory church policy than weight rich herself model happen Mrs step.,True
2407,86,308,5,2023-04-14,Individual sense view professor will year health after base.,True
2408,269,156,5,2024-08-02,Sure player last agency simple structure short stop themselves visit.,True
2409,147,2351,5,2024-05-10,Live front here recently meeting put deep maintain door keep operation Mr account.,True
2410,142,835,4,2023-10-18,,False
2411,3,1218,4,2023-12-21,Technology real support easy contain various nearly.,True
2412,102,2133,5,2023-08-02,Something relate pressure since worker than hospital still.,True
2414,286,1416,4,2022-05-18,Size sign story put son capital not safe business military.,True
2415,32,2462,4,2022-02-07,,False
2416,132,1335,3,2024-12-14,Avoid question wall and rock now something dark out future already his support current.,True
2417,1,1093,3,2022-05-19,Pattern audience certainly old yourself help fill control medical.,True
2418,189,754,3,2023-12-19,Some black arm instead course actually heavy four well sense tree firm alone ok.,True
2419,93,498,3,2022-08-26,Feel cell five natural national old soldier ability whom nature method shake very several moment begin.,True
2420,148,128,5,2024-12-20,Leave executive season trial daughter hundred each.,True
2421,206,307,2,2024-05-22,Memory medical free next measure end show decide strategy care both cup it.,True
2422,271,2497,2,2022-05-10,,False
2423,168,2089,5,2023-01-15,Year table defense next well simply authority onto range mean song do throughout recognize.,True
2424,286,1356,3,2022-10-24,Side work now major when heart respond.,True
2425,272,496,5,2022-04-17,Computer new news whether assume moment section evidence coach before west.,True
2426,126,471,4,2023-12-02,Bit city hit people key hold describe capital defense card.,True
2427,225,1051,2,2022-01-09,Month language seem final reflect than management fire name begin bag fish speech agency.,True
2428,186,478,3,2022-02-02,,False
2429,128,2110,5,2022-04-05,Agency energy high candidate law theory become thousand bill offer.,True
2430,196,227,1,2022-09-24,Best amount wind stay least probably Congress food different test.,True
2431,111,647,3,2022-09-28,Choose myself adult democratic large allow air not thought.,True
2432,84,2132,2,2023-05-10,,False
2433,33,1154,5,2022-04-26,Strategy find avoid trouble everyone pattern bank relate.,True
2434,252,1588,5,2022-12-19,Along let central make already sea hair receive number necessary its successful daughter.,True
2435,296,1049,4,2022-03-26,Director whether gun born I could car wind along successful office help.,True
2436,197,1549,4,2024-12-30,Magazine along thus program special way beyond determine by.,True
2437,188,739,5,2024-04-08,How data ten various strong still change wish local behavior successful full place information front door.,True
2438,93,2405,5,2023-03-22,,False
2440,284,1724,5,2022-09-15,Develop himself produce military well lose customer.,True
2441,171,1281,5,2022-10-18,Big floor mean reflect agree need bill center help guess begin financial mind possible environmental guy.,True
2442,156,1748,5,2023-05-14,Different eight plan world test guess respond.,True
2443,198,1443,4,2024-01-03,Home sea poor around maybe several trip again degree able heart.,True
2445,27,1783,3,2024-10-15,Understand hope tough list great again husband those positive product purpose traditional physical exist cultural page.,True
2446,289,902,4,2022-07-17,,False
2447,149,249,4,2023-08-10,Generation Mrs sea PM story police six clearly central about suddenly watch without.,True
2448,171,1630,4,2023-07-06,Threat stock himself purpose dinner maintain sell because.,True
2449,240,887,4,2022-01-08,Size reveal represent second boy trade very visit front ask fast.,True
2450,172,1595,3,2024-01-05,Happy address nice anything certain pay adult interview old figure cultural fire treat effect specific reach.,True
2451,195,1020,3,2022-08-23,Effect include behavior west particular not wait end arm miss enough issue father among structure industry.,True
2452,71,2032,4,2024-06-02,Fast man six actually community college follow trouble produce bag effort behavior instead.,True
2453,184,1943,5,2023-04-16,National traditional get unit man entire all home within.,True
2454,12,2365,5,2022-03-29,Pass go near never network knowledge party deep summer sea peace tough ago true.,True
2455,258,1338,5,2022-02-05,Clear one prepare wish its board speech sit wall expect everyone impact wall look employee.,True
2456,138,895,5,2024-02-18,Staff him former answer end good seat back term though figure some stock of north.,True
2457,123,1643,4,2022-07-03,Life administration oil this method build certain general friend strategy economy more.,True
2458,289,1170,3,2023-11-29,,False
2459,131,99,5,2024-06-18,Focus four action control understand than must important strategy.,True
2460,133,915,4,2023-02-16,Mr who technology none take along give morning day.,True
2461,248,1644,5,2022-12-24,Sign think sure fund address item despite address provide different apply no month affect scene PM.,True
2463,96,1062,4,2024-09-23,Give religious agency job want yes threat easy lawyer its debate.,True
2464,104,1462,4,2022-01-10,Early sign understand fish song including interesting fire trip person none.,True
2465,28,1869,4,2022-04-01,Say dinner respond despite white way major amount put.,True
2466,109,1665,4,2024-11-02,,False
2467,209,2357,4,2024-05-05,,False
2468,97,2168,5,2023-12-11,Bad project American important share raise wish under enter rate final again large million task change.,True
2469,129,1611,5,2024-12-02,Sister know specific natural political security almost government return beautiful billion society civil environmental tend.,True
2470,222,1973,5,2023-01-25,See kid rock Democrat economic and design away yet cover avoid general purpose.,True
2471,279,1866,4,2022-09-06,Source see central buy board your leave understand color.,True
2472,15,2089,2,2022-08-21,Day leave loss social director gas building station food give various that later.,True
2473,236,839,5,2022-05-31,,False
2474,76,221,5,2023-04-22,Ask best how move or identify discuss PM affect nation.,True
2475,106,2036,4,2024-11-09,Thousand environmental nature animal fear property listen save three identify top act morning another question.,True
2476,50,2411,4,2023-07-05,Today meet per seem provide example way southern continue money color.,True
2477,106,2375,3,2023-08-22,Level energy help until specific leader shake its.,True
2478,289,1284,4,2024-06-13,Back nor ready might couple treat several operation cut season.,True
2479,226,2419,3,2024-01-14,Figure according director simply politics skin discover.,True
2480,243,1543,2,2024-04-28,Born ball experience include oil rise culture real imagine special data doctor road power thousand.,True
2481,230,1293,3,2023-02-02,,False
2482,28,1232,3,2022-10-09,,False
2483,22,16,5,2024-09-05,Player special sit billion away generation debate often half.,True
2484,202,1724,4,2024-07-11,Movement alone company customer main impact prepare each financial trial list minute idea choice.,True
2485,171,2473,4,2022-01-30,Finally yes line including real economy meeting about reason easy because lose avoid most.,True
2486,173,1036,5,2022-11-29,Know plant own music town note walk yet since throughout.,True
2487,200,7,5,2023-01-14,,False
2488,171,211,2,2024-05-16,Skin position might event occur economic first still instead.,True
2489,138,696,4,2024-09-03,,False
2490,100,1871,3,2022-11-03,Rock drug whom company just plan sport increase teacher beat it threat story sit city.,True
2491,256,1072,4,2023-10-19,Stage home need ask office history also.,True
2492,42,2361,4,2022-12-28,Everybody worker support no yet effort join yeah.,True
2493,165,1317,5,2023-02-15,Also no serious campaign nature film form control staff.,True
2494,40,516,4,2023-04-30,Position news reflect look determine song something learn imagine region wind could then rather political.,True
2495,143,1370,4,2023-02-11,,False
2496,50,2267,5,2022-08-05,Imagine notice old interview significant factor recently order economy despite.,True
2497,134,134,5,2023-05-27,Identify remain push little strong he sit town medical government garden laugh research.,True
2498,56,2176,5,2023-04-22,Gun catch participant who measure including movie race source treatment court factor must not coach.,True
2499,184,340,5,2023-07-29,Though help example environmental food consumer strategy hope policy choice worry speech community four where new.,True
2500,167,1899,5,2022-10-20,Tree service rich while just in shake operation.,True
2501,76,954,4,2024-05-14,Development society year risk all degree eight.,True
2502,130,169,1,2023-01-14,Church particularly state visit mention heart five build model since big stay leg wonder term summer.,True
2503,78,1935,5,2023-06-18,Deal so question dog performance allow put some onto consider top at wait health.,True
2504,294,2113,1,2023-02-07,Half little miss defense chance author action trade many security about future.,True
2505,300,1229,5,2022-03-24,,False
2506,71,1337,5,2022-08-14,The front fire decision response several study break.,True
2507,74,2034,5,2023-08-21,Identify single second up stock impact wind purpose at garden work key image source clearly.,True
2508,70,2459,3,2023-02-06,Really heavy leg operation member fall discover real these hit people.,True
2509,132,797,4,2022-10-09,Foreign forward society enjoy size his course simple Congress again create that national spend.,True
2510,63,636,4,2023-04-26,,False
2511,114,211,5,2022-03-07,,False
2512,218,1455,4,2024-02-17,Part open itself hundred rise national sit visit spend boy letter.,True
2513,181,395,4,2023-02-17,Military already blue police cover wonder visit money employee black soon hospital.,True
2514,204,953,5,2023-11-20,,False
2515,151,2402,3,2023-01-19,They term partner tend citizen score parent these over reach family want audience clear social.,True
2516,108,1638,2,2024-08-13,Year require form keep particularly air American control husband sit system.,True
2517,219,1203,5,2024-03-14,Magazine voice arm political wait give tell window kind available race board skin expect door.,True
2518,284,1031,3,2022-10-21,Lay west you paper source prevent popular sea rest car that him design bag.,True
2519,242,1823,5,2023-10-06,Likely foreign later word speak air painting free prove two Mrs person reach.,True
2520,59,2070,3,2022-10-20,Data understand more help onto idea everything building push hit especially.,True
2521,94,2075,5,2023-05-16,Minute subject page on owner account she million discussion tree would father much dream once.,True
2522,214,1793,4,2022-12-06,Experience apply example fact letter control apply case feel gas character night as own education still.,True
2523,5,386,4,2023-02-27,Near everyone area fish bed party particularly use high.,True
2524,283,849,4,2022-05-08,,False
2525,69,1813,1,2022-04-20,Dream national word wait all fire model.,True
2526,222,786,3,2022-05-02,Participant boy tough nice position movement lose a rest group blood office public democratic sort physical.,True
2527,107,369,4,2022-08-22,Hour we study us yourself long sign significant special sport begin word.,True
2528,80,692,4,2023-09-18,Attack idea image room same surface in identify discussion difficult no debate move drop.,True
2529,175,1025,3,2023-11-23,,False
2530,238,1677,5,2023-04-06,Central son candidate range past instead agree education however speak.,True
2531,296,602,5,2024-07-04,,False
2532,175,420,5,2022-06-19,Note laugh sing different father white sort stage whole power expert.,True
2533,277,1314,5,2024-08-06,,False
2534,54,549,4,2023-10-25,,False
2535,194,1805,5,2023-01-29,,False
2536,108,1401,4,2024-08-31,Board let color toward present summer red tell past.,True
2537,294,1292,3,2023-01-03,Truth clear across age purpose clear affect early history ago plan.,True
2538,218,858,2,2022-01-04,,False
2539,153,2146,4,2024-08-21,Modern people out although bag college despite become town card feel wear throughout.,True
2540,232,769,5,2023-12-25,,False
2541,7,800,4,2022-01-14,Until PM force ready receive certainly institution individual suffer.,True
2542,2,674,4,2024-09-02,Lose sport rock success sea culture drop dream forget.,True
2543,32,915,5,2024-07-25,Financial choice behavior environment someone language white base than response war this subject trial side apply.,True
2544,177,700,3,2022-12-30,Example add back film player visit yard thousand property point happy cell eight.,True
2545,131,685,5,2022-07-25,Hard throw gun involve as stand song detail service exactly without lawyer community.,True
2546,12,1481,5,2024-11-19,,False
2547,288,1558,5,2024-06-17,Few appear their want send pay relate member own throughout quickly.,True
2548,281,2368,3,2023-06-22,Word fund spring energy conference picture who involve stop mouth tell south.,True
2549,271,527,2,2022-01-11,Market wrong be serve site yourself exist.,True
2550,285,170,5,2023-06-04,Somebody suggest each share simple leg event because thank fish hear theory those catch.,True
2551,104,1964,4,2023-10-03,Appear generation value shoulder individual goal capital husband age physical issue.,True
2552,293,936,5,2023-07-20,Person site give option despite keep foreign so.,True
2553,191,2062,4,2023-07-21,,False
2554,212,913,4,2022-11-17,Budget movement her direction shake site even street campaign administration.,True
2555,282,467,3,2024-05-23,Effect admit once close treat senior blue great understand what nice drug.,True
2556,188,1043,5,2024-03-05,Range ok support dream even room plan watch second city home agent.,True
2557,118,1003,5,2024-04-15,Race shoulder happy get up yeah standard thousand feeling marriage his generation.,True
2558,212,1490,3,2023-01-29,,False
2559,294,271,5,2022-03-01,National detail worker director drug oil eye author official go wife mean government.,True
2560,23,1536,4,2024-01-06,Natural most cost thing vote address suffer future conference than meeting page million.,True
2561,152,1427,4,2024-09-23,Radio author owner it guess poor tax.,True
2562,228,1223,5,2024-07-07,Factor sense play rule strategy send game information protect quickly help life time treatment language.,True
2563,212,552,5,2022-08-04,,False
2564,180,1309,5,2022-02-13,Southern medical ground later foreign some need all car magazine though production camera edge soldier.,True
2565,122,1806,4,2022-11-04,Treat though wonder decade again human employee mouth lose manager pass among fear some station single.,True
2566,95,778,3,2024-10-14,Radio dog big low training present see.,True
2567,214,97,5,2023-10-22,,False
2568,203,1856,4,2023-01-24,Building Congress serious serious major conference race.,True
2569,106,1613,5,2022-05-04,Same peace picture until throw bar police word.,True
2570,19,2280,3,2022-12-16,Production ever at ahead reason detail consumer game happen write religious myself blood.,True
2571,245,1683,4,2023-12-02,Activity accept say bag tend determine bed citizen notice another.,True
2572,235,1970,5,2023-08-10,Far southern himself help receive decision also help sort chance tax dog huge cell.,True
2573,17,1747,5,2023-11-03,Surface feel student edge exactly break herself so article.,True
2574,139,1752,3,2022-03-05,Where down traditional more those clearly eight myself always learn south agent produce likely.,True
2575,284,2113,4,2023-08-24,Result risk pretty lay same should even point question science much have series last again.,True
2576,89,2016,1,2024-02-21,South different pick that floor open road evidence majority owner.,True
2577,176,1651,5,2023-04-15,,False
2578,175,854,5,2023-08-27,Street again on peace peace stuff design station.,True
2579,27,869,5,2024-06-16,More music table fire describe amount above firm degree enough deep enough stand company.,True
2580,271,1299,4,2023-09-22,,False
2581,62,286,2,2023-10-18,Support able child well light front land dark remember pattern source smile become interesting.,True
2582,52,304,4,2023-04-09,Cause ball likely stand star play apply successful give clearly listen when word what rate.,True
2583,211,2152,4,2024-12-24,Name trade situation security election value successful.,True
2584,275,311,3,2023-01-13,Movement reality require thing bad coach happen.,True
2585,66,1575,5,2022-03-23,,False
2586,232,1961,5,2022-04-19,,False
2587,198,354,4,2022-05-05,Few reduce discuss huge five stock less.,True
2588,275,2314,4,2023-08-23,Camera beyond knowledge reduce might a most believe worker process law indeed investment do.,True
2589,215,620,5,2023-01-01,Campaign free usually low stock later authority later according house improve population.,True
2590,239,2186,5,2023-05-19,Information scene film fact though glass parent financial near friend player.,True
2591,64,491,4,2022-04-30,,False
2592,168,1518,5,2024-08-04,With garden fish know here on now reason response specific determine.,True
2593,22,135,5,2023-04-26,Hear hold too alone rise wind practice prevent science air enter right think good position.,True
2594,152,1695,4,2023-07-20,Quickly somebody specific go yet best particular here.,True
2595,90,774,5,2022-10-25,Scene cell around film treat character response industry reduce guess who part relate rather pick discover.,True
2596,117,1878,5,2024-05-19,Similar before call series raise often win top admit continue same meeting fly receive.,True
2597,15,16,5,2022-01-07,,False
2598,154,1070,2,2023-04-04,Huge product social cover wife offer around walk police democratic use ever note.,True
2599,192,2081,4,2023-08-27,Economic itself article you mission kitchen pick serious TV expect certain top end.,True
2600,154,354,5,2024-05-08,Less certain song make face after imagine matter candidate policy cause month role.,True
2601,280,1005,4,2023-05-31,Low page wear common summer bit public nice operation news give moment child cause live.,True
2602,230,763,4,2023-11-09,Development technology cost miss candidate shoulder subject treatment hotel I.,True
2603,83,1206,3,2023-03-22,According something performance window score end would interesting resource sure can.,True
2604,297,1334,3,2022-08-19,Suddenly husband sometimes vote boy or at have leave easy reach century network.,True
2605,189,1219,3,2022-05-31,,False
2606,297,2237,4,2023-12-03,Employee lawyer Republican street according age south keep raise remember western machine.,True
2607,62,1745,5,2023-09-13,Fine least fear difficult project budget lay another movie dog glass experience computer.,True
2608,3,480,5,2022-09-23,Turn gun expert well serious Mr hit administration country.,True
2609,217,1862,4,2024-05-20,Southern finally maintain record good imagine southern better population official body pressure.,True
2610,209,2300,4,2022-10-21,Purpose leg develop political quite bag college officer standard dog source.,True
2611,12,2086,5,2022-01-25,Economy nice time account between learn available though woman recently trip history maybe full still.,True
2612,189,513,5,2023-05-27,Above opportunity race example maintain travel education treatment ability court soldier wife series organization civil not.,True
2613,217,621,1,2022-11-26,Television end best pay home new far.,True
2614,129,366,4,2023-08-22,Reason each inside focus start policy never whom modern.,True
2615,102,365,4,2024-10-21,Draw these floor condition increase would never half myself.,True
2616,258,302,4,2023-04-14,Television shoulder memory according easy a until lay child.,True
2617,29,1718,3,2023-04-12,Tend save picture skill pretty phone anything sense course lawyer article teach artist.,True
2618,74,1432,5,2024-09-12,,False
2619,89,377,3,2022-05-19,,False
2620,8,752,1,2024-03-14,Number color coach their opportunity her positive cold hand attorney surface recent wish.,True
2621,122,223,5,2024-08-18,Arrive able single thus lawyer care production story reason final start choice next describe Mrs.,True
2622,54,1710,2,2024-08-25,,False
2623,101,1874,4,2024-07-24,Fill cold think customer old time star maintain pretty past.,True
2624,39,542,5,2022-10-27,Participant apply cell similar discover dream guy modern give suddenly chance middle.,True
2625,228,1955,5,2024-01-20,Energy pressure positive staff best itself production ago fly travel.,True
2626,173,107,5,2022-03-05,Hand affect player only beat rest own serve wonder themselves teach various fear investment.,True
2628,179,416,4,2022-04-01,,False
2629,136,190,1,2022-12-25,Foreign probably present cost other trouble past room benefit foreign enjoy must special none pattern.,True
2630,215,530,3,2022-02-08,List class evidence situation feeling school establish either success.,True
2631,205,2290,5,2024-09-29,Than inside need sister wife get music against those prevent would stock newspaper product green.,True
2632,203,1193,5,2024-10-24,Ball tough expect decision several professor focus.,True
2633,299,2265,3,2022-10-15,Rate price pay form yes toward service their instead agency reach environmental.,True
2634,138,703,4,2023-03-31,Rock ability fund president book sister herself charge region fall population raise six question above win.,True
2635,84,1917,5,2024-07-26,Break realize hotel prepare tough final especially interesting perform growth which ready.,True
2636,293,2377,5,2024-07-08,Study mouth machine leader drug today approach rather defense.,True
2637,285,1113,4,2023-08-01,Car Mr ahead peace teach purpose already real individual environment least physical push.,True
2638,75,955,4,2024-01-20,Add enough simple animal child crime firm test live general eat worker step yeah.,True
2639,143,2171,3,2022-08-31,Us support her whatever growth ground catch meeting newspaper.,True
2640,88,605,4,2023-07-14,Theory growth right international his worry may modern price finally win list difference.,True
2641,68,1742,5,2024-01-16,Approach gas end political future economic experience.,True
2642,270,710,2,2022-02-27,Meeting carry enter phone meet explain accept stand ready find along project history share lot into.,True
2643,43,1757,5,2023-05-27,Possible table mission opportunity possible cup population talk hair pattern for evidence.,True
2644,203,1449,5,2022-08-13,Offer voice professor east use charge baby property least.,True
2645,112,307,5,2023-12-27,,False
2646,183,1607,5,2024-06-17,Responsibility ball accept blue really kid six family stand here stop nation will tend.,True
2647,159,1218,5,2022-05-27,Forward choice between election range of even education page wide figure lose recently might old.,True
2648,292,1858,2,2022-02-02,,False
2649,171,2120,1,2023-08-13,Individual hospital say red money lose least film road model argue fall ball peace.,True
2650,293,1874,4,2024-07-10,Class attack reason student save policy agree fly professional care information have.,True
2651,299,1370,5,2022-01-18,Federal cause physical son sell few from happen several wall interest fly north style.,True
2652,168,2178,5,2023-01-01,Indeed bed alone million late decide sit reason drop.,True
2653,295,949,5,2022-08-24,,False
2655,192,2448,5,2023-02-03,Year specific let sign four travel executive by start cut many area day.,True
2656,86,1895,4,2022-04-28,,False
2657,179,2491,2,2023-03-18,Eight total almost modern avoid while able place machine discussion father debate evidence indeed.,True
2658,232,2107,4,2024-04-01,,False
2659,246,1451,5,2023-04-19,Power whom section wife decade right huge available idea.,True
2660,100,2331,5,2024-09-17,Or natural wall also commercial character growth reveal because.,True
2661,48,1285,5,2023-04-15,Water take believe candidate cup high medical analysis room some.,True
2662,265,1404,5,2022-01-11,,False
2663,184,1362,5,2024-09-27,,False
2664,26,1465,5,2023-03-29,Movie college anything third center reveal early expert like theory either.,True
2665,213,1274,4,2024-09-17,Until usually sort to animal if baby break difficult admit entire pretty.,True
2666,247,953,5,2024-03-11,Career hair play cultural appear man sell industry some woman professor despite hand group dream have.,True
2667,137,323,5,2024-01-31,As show news third partner sing father so oil amount them respond major where stay.,True
2668,15,1872,2,2024-10-07,Traditional about perhaps same call picture a purpose act edge.,True
2669,220,412,5,2023-01-06,Ago lawyer fire four quickly hot site middle she plant section population.,True
2670,83,1679,5,2023-10-28,,False
2671,67,2230,5,2022-09-08,Movement however opportunity tend see Republican clearly college consider edge adult human.,True
2672,225,698,4,2024-07-30,Off test step system light suffer school east.,True
2673,100,2214,1,2023-08-21,Future bad public sort suddenly word chair any student natural.,True
2674,100,438,4,2023-03-02,,False
2675,54,1909,4,2024-06-29,,False
2676,162,1121,4,2023-01-28,Card certain citizen in task will building ability.,True
2677,144,196,4,2024-03-08,Player upon fear certainly scene choose expert against discuss.,True
2678,164,963,5,2024-11-07,Similar argue agree course language voice commercial process claim.,True
2679,173,2176,3,2024-12-14,Four political structure note research do discover class follow herself.,True
2680,23,1191,2,2024-04-05,Young contain exactly say mind impact major heart argue should send together other lawyer.,True
2681,166,902,5,2022-03-15,,False
2682,130,2104,4,2022-02-07,Value democratic attorney every necessary a let our hot to down area magazine could business wide.,True
2683,104,295,5,2023-12-07,Like right instead majority usually sit investment onto factor speech protect occur remain.,True
2684,11,675,4,2024-12-03,,False
2685,134,1101,3,2022-04-25,,False
2686,115,1839,4,2024-12-02,Crime risk consumer feeling watch choose evidence coach civil control civil morning development miss.,True
2687,100,1229,2,2022-05-29,Culture voice foot return design over agreement certain.,True
2688,285,204,5,2023-07-19,,False
2689,76,2171,3,2022-12-02,Sign technology fact would surface there reach.,True
2690,139,1922,5,2024-10-13,,False
2691,18,1725,4,2022-07-09,Federal commercial full civil opportunity choice specific hold push mission station.,True
2692,9,418,3,2022-06-09,,False
2693,281,673,4,2022-11-12,Determine relationship toward recently give evidence training reason party country poor learn both type teacher.,True
2694,4,2038,5,2024-03-07,,False
2695,30,358,1,2023-02-25,,False
2696,196,2380,1,2022-03-07,Standard road upon doctor resource land popular old skin bag town unit against drug allow.,True
2697,174,756,4,2022-07-06,Future lot now arrive record continue speak local different scientist race.,True
2698,12,1994,5,2023-06-10,Accept above instead thousand newspaper owner field.,True
2699,212,2351,4,2023-05-04,Hour lead letter picture glass sea better natural science west herself.,True
2700,91,628,5,2024-07-10,Among point herself carry stuff leader voice very a common standard quality.,True
2701,38,1903,5,2024-07-23,Sort play religious throughout billion book property throughout them great improve president.,True
2702,149,834,5,2022-04-01,Central process knowledge to medical skill value still.,True
2703,152,1630,5,2023-04-19,School nothing few along customer start color.,True
2704,278,55,3,2023-10-28,Success foot cup resource age floor sure run cell impact attack.,True
2705,123,2479,5,2022-02-02,Fear around program thus short strategy long generation threat represent.,True
2706,287,1698,2,2024-06-28,Some amount assume put very move practice air trial say.,True
2707,211,1054,5,2023-10-08,Risk way section control yard clear teacher I only example.,True
2708,36,1060,5,2023-01-19,Less itself practice property fact clear including view do level probably air model same rule.,True
2709,168,2136,5,2022-10-04,Board family stuff face sign head paper.,True
2710,81,958,2,2022-10-19,Wall bit school lot respond present agent eight attorney area why.,True
2711,186,1126,4,2024-10-17,Keep recognize reach rule south true common air.,True
2712,239,2081,3,2023-04-23,Over administration whatever eye thousand beat available learn provide ever whose avoid song have act.,True
2713,132,343,3,2022-01-08,Hair mission lay first hit address issue whom.,True
2714,95,887,3,2024-08-11,Positive environment enter direction visit forward again go entire capital leader appear.,True
2715,287,1814,5,2022-12-31,Assume sing music boy who business bad remember company.,True
2716,261,1503,5,2022-12-28,Suffer eight seem pattern enjoy along bit tax white action effort recently material water.,True
2717,243,1901,4,2023-04-14,,False
2718,207,125,5,2024-05-11,,False
2719,37,481,5,2023-12-21,Democratic support along customer to cost according certain safe nation write fly.,True
2720,128,97,4,2023-04-05,,False
2721,186,2205,4,2024-05-20,Feel after military rest alone particular purpose campaign she.,True
2722,17,1791,5,2022-02-27,Spend imagine between address us save party down avoid the.,True
2723,189,1335,2,2022-09-11,Want relate especially arrive specific particularly measure clearly.,True
2724,87,240,2,2023-10-26,,False
2725,19,1507,4,2022-07-09,Later religious yes onto product suddenly poor might language together run friend option tough performance song.,True
2726,4,297,5,2022-05-16,,False
2727,263,1580,5,2023-11-05,Player fear former analysis if end community drug view item organization.,True
2728,36,1188,1,2022-09-03,Style thus nature these also audience she not role recognize life standard country.,True
2729,59,123,5,2023-09-16,,False
2730,113,2068,4,2024-09-07,Manage marriage might production lay medical activity able reality care whether me society.,True
2731,264,1192,5,2023-07-17,Bar reason though course seven year lawyer condition no public social history.,True
2732,3,22,4,2024-03-14,Poor administration land window character speech foot bring cell popular them around radio.,True
2733,164,1336,3,2022-08-05,Week institution book beautiful who never ability dream agree nothing probably public yourself.,True
2734,215,1417,1,2022-12-08,Together describe include simple individual thousand deal staff other wife analysis hospital identify.,True
2735,275,2464,4,2022-02-15,Into society future after population possible fund TV quickly apply design indicate perform guess.,True
2736,226,204,4,2023-05-20,Seven stop goal wish he issue far son one see simple such end individual hotel head.,True
2737,274,2013,4,2022-02-22,Other seem once why key begin brother piece body.,True
2738,189,79,5,2022-10-14,Particularly Mr including miss particular down study behavior kind nor western.,True
2739,25,2476,5,2022-04-15,Wind short itself four age really property American.,True
2740,83,570,5,2022-05-21,Stay fund that scene black stand great vote teacher throw.,True
2741,151,61,4,2022-01-29,Focus respond easy next along cup on defense many new kind growth how week table sign.,True
2742,60,1893,5,2024-05-27,Wall thousand eat product wonder management dark value market million color leader.,True
2743,201,2200,4,2024-10-26,Several resource debate music task break eat.,True
2744,223,1293,3,2022-04-28,Soon accept charge dream trade spend if others pass.,True
2745,163,1983,4,2022-04-01,Less major minute southern government though human none material how fine time answer development operation.,True
2746,43,2214,5,2023-07-16,Response its positive by college letter style know it affect environmental possible tax.,True
2747,39,2301,3,2024-02-24,,False
2748,221,1147,4,2024-07-15,,False
2749,108,871,5,2023-08-20,College high second conference power surface include.,True
2750,27,1817,5,2023-06-14,Once total religious onto him medical husband economic within office describe court.,True
2751,33,32,5,2022-12-11,Last ever couple paper as amount do family kid base police field difference respond different put.,True
2752,216,1461,5,2023-08-07,Tough help popular already wide artist forget fund sing life fill hot democratic.,True
2753,184,1600,4,2024-04-18,Resource president conference occur actually experience order politics Mr someone church dark human wear bad.,True
2754,5,1382,3,2022-01-03,Smile today civil sense interview idea above mission.,True
2755,106,25,3,2023-04-14,Important become her throughout them media perform maybe civil financial same suggest guess capital office news.,True
2757,270,2288,2,2023-04-05,,False
2758,28,147,5,2023-05-15,Help way hope sense model your family most you case represent.,True
2759,12,2007,4,2022-11-18,Write consumer new throughout tend general very against admit throughout something bit.,True
2760,99,2345,3,2022-05-15,,False
2761,35,2045,2,2023-05-15,Somebody relationship receive might want away artist.,True
2762,81,747,5,2023-03-22,Treatment draw you speak audience paper chance yeah season get.,True
2763,224,2119,3,2024-01-28,Meet current many minute fight man town film.,True
2764,263,1999,3,2023-09-11,,False
2765,142,42,4,2023-06-01,Age sort final money card star organization step arrive represent area meet.,True
2766,48,2157,3,2023-03-25,,False
2767,136,314,5,2023-05-15,Land four a since couple seek machine traditional PM throughout himself arrive detail teach.,True
2768,241,1329,5,2022-10-29,Describe home especially will line be green stock store same.,True
2769,95,35,2,2023-09-03,Past join remember political meet show somebody choose record.,True
2770,51,1762,5,2023-07-21,Indicate nation away month receive race season listen art hit.,True
2771,275,510,4,2024-06-30,,False
2772,137,1246,4,2023-09-14,That hospital bag prove she other fill together art stay open.,True
2773,146,37,2,2023-04-12,Include member dark support form over TV stock land economic southern news.,True
2774,92,1006,5,2024-10-05,Long foreign a difference voice likely building general though later probably according campaign positive.,True
2775,162,2476,3,2024-12-07,Industry green spend sign who Congress development property long.,True
2776,227,1429,4,2023-05-19,Condition have edge purpose election doctor figure plant member would occur painting guess.,True
2777,52,1050,4,2023-12-30,Forget human fear voice Congress any official just forward those manager huge.,True
2778,264,1413,5,2023-12-26,,False
2779,230,1394,5,2023-09-07,,False
2780,279,612,4,2024-08-16,,False
2781,276,1326,5,2024-04-05,Then recognize particular without remain whom attention no pretty his reality parent strong artist.,True
2782,48,372,4,2022-05-16,Memory former reveal term mind artist then show military even.,True
2783,297,645,1,2024-11-10,Different capital on ready letter response near financial their computer exactly.,True
2784,49,2303,4,2023-10-20,,False
2785,91,18,5,2024-05-03,Past yet employee thought share feeling interesting modern reflect.,True
2786,250,2145,4,2022-11-25,,False
2787,83,806,5,2024-11-20,Per whatever player another Republican hundred thousand subject visit company close keep let born knowledge lay.,True
2788,55,441,5,2024-07-15,Site Mr game image stuff idea assume major her list beat score reveal culture.,True
2789,186,1370,4,2024-12-01,After policy democratic away real bring interesting term responsibility interest financial.,True
2790,42,1306,5,2024-04-07,Pay nation rich poor it they hotel very away catch find notice pick.,True
2791,114,461,4,2023-09-09,,False
2792,43,2477,5,2024-12-07,Call management present threat need key would lay hotel.,True
2793,197,8,1,2024-08-15,Begin environment program grow particular free Mr reality court firm character me wonder.,True
2794,51,419,1,2024-05-21,Size country serve development kid economy especially.,True
2795,56,206,4,2023-10-04,Long the series who generation fire yeah tax we newspaper step.,True
2796,149,1732,4,2023-04-30,Base begin page ability state itself line into property culture that decide.,True
2797,255,114,5,2023-01-27,Top fear during cultural hundred fast give write talk which each reason scene.,True
2798,172,496,4,2022-10-01,Spring because beyond front feel idea foreign task attorney.,True
2799,196,30,3,2023-06-20,,False
2800,169,21,5,2023-04-10,Open painting support several series likely discussion reflect lose growth mouth rise hard cultural American together.,True
2801,254,1651,4,2022-09-29,Form he source ten size themselves pattern middle sound win.,True
2802,148,1087,1,2022-11-29,,False
2803,113,954,5,2024-09-28,May dog plan strategy work find finally often then air identify west seem.,True
2804,263,139,4,2022-03-18,Teacher seven north plant help report age cell yeah family pattern tell series.,True
2805,221,1245,5,2022-12-01,Pass company land whatever politics social game issue.,True
2806,114,465,1,2022-06-25,Must college office scene me care budget catch adult memory rich past court series.,True
2807,22,1615,5,2024-03-09,They true bit thousand sit week quality happen glass fear worker bad next sell rich with.,True
2808,179,1115,5,2022-07-18,Alone down financial whom air ten force work establish information admit sound shoulder budget than.,True
2809,83,2086,4,2023-08-09,Deep drive a group energy control save blue travel general off.,True
2810,300,863,5,2023-03-16,Place pretty perhaps official serve listen save blue her yard those son another ten dog fall.,True
2811,7,213,4,2023-09-24,Poor first record can training step within few play skill agent now agree there.,True
2812,230,373,4,2022-03-21,Inside mind blue bank throw station describe score.,True
2813,229,1107,5,2022-03-10,,False
2814,220,1913,5,2024-12-13,Perhaps factor part hair suddenly crime environment.,True
2815,182,1506,4,2023-01-24,Manage call able on almost bring cultural cut piece window ahead determine some gas it common.,True
2816,34,1554,1,2024-07-12,,False
2817,161,716,5,2022-03-16,Quality young national teach positive read why admit son yes many.,True
2818,195,1968,5,2022-03-07,In necessary red follow word best identify rule clear executive successful.,True
2819,159,1816,4,2022-07-23,,False
2820,131,927,4,2023-04-14,Series public site between treatment not hard note phone doctor popular often really sport.,True
2821,2,2286,3,2023-06-15,,False
2822,196,1154,4,2023-08-16,Marriage reach person question growth authority medical strategy put sure her themselves amount.,True
2823,272,1386,3,2024-04-22,,False
2824,206,1926,1,2022-07-20,Paper certain add you method produce only central similar skin.,True
2825,28,511,5,2023-02-07,Machine so participant standard name court agency laugh deal bar appear whose.,True
2826,79,379,4,2022-07-22,Important politics figure great reality lead minute water back country window reveal give president under.,True
2827,299,537,3,2023-05-11,Floor season network drug suddenly hit management.,True
2828,239,1239,5,2022-02-20,Able why method group rock board sure.,True
2829,63,160,4,2022-03-06,,False
2830,63,528,5,2023-06-06,Radio program media billion themselves old question close force.,True
2831,187,488,4,2024-02-01,,False
2832,27,997,4,2023-11-08,Record history follow guess bad especially view production respond realize.,True
2833,241,2053,5,2023-11-27,My article treat around course can four open blue south body benefit surface middle doctor.,True
2834,55,2031,3,2024-08-19,,False
2835,214,2212,5,2022-03-27,Seek also image garden serious use in baby but stand include.,True
2836,28,398,5,2023-10-17,Fear because reflect PM ability ask report despite receive but lawyer stay front happy would.,True
2837,252,2319,3,2023-09-22,Town cost nature positive worker court measure between drive example through compare measure seek.,True
2838,184,695,5,2023-08-11,Production poor finish current purpose teacher number political garden party account.,True
2839,53,409,5,2024-12-11,Class political job discuss charge weight man beat record make level.,True
2840,145,727,4,2022-05-16,Well strategy head bag whatever glass leave thank meeting.,True
2841,99,347,4,2022-01-31,,False
2842,76,483,3,2023-10-02,Health from necessary or responsibility so cold interest.,True
2843,41,1554,3,2022-10-31,Phone cell benefit cup necessary center since look poor commercial.,True
2844,112,66,5,2023-09-08,Arrive class through pay poor learn common fire blood possible rest certainly fine friend make.,True
2845,160,54,4,2024-11-29,,False
2846,285,1169,3,2023-01-16,Would each fact when tell case health art.,True
2847,170,2418,3,2024-03-20,This exactly assume administration break decision example few.,True
2848,134,1643,3,2023-05-17,Continue example let long question quality who he professional pay school.,True
2849,182,1933,4,2023-02-25,Whole age produce into scientist nor human various list on whom view receive goal.,True
2850,95,2238,3,2024-07-22,Job sister back deep address language its face performance later red religious couple north media watch.,True
2851,27,1826,3,2024-08-18,Both black tell material answer we green contain animal at this small low.,True
2852,147,1565,3,2023-03-20,,False
2853,148,497,5,2022-02-19,Rule central what hard now development power.,True
2854,135,1287,5,2023-10-10,Decision necessary space discussion born time wear issue image.,True
2855,290,837,3,2022-06-27,They likely question treat including main maintain born you southern oil today social brother management total.,True
2856,106,289,4,2022-10-14,,False
2857,121,1398,3,2023-01-18,,False
2858,147,2083,5,2023-08-07,Dream art culture brother positive very middle action I.,True
2859,144,2332,5,2024-09-24,Decision thank rich few someone Mrs woman represent scientist.,True
2860,43,1815,4,2024-10-01,,False
2861,97,803,4,2023-07-21,Land speech left necessary get ago prove ground really phone.,True
2862,274,2094,5,2024-09-29,Threat standard marriage election fill any choose maintain.,True
2863,147,599,5,2024-12-19,,False
2864,185,1949,3,2022-04-26,Similar own color fill discuss parent daughter hope whatever expert much.,True
2865,137,99,1,2022-10-11,Skill same bring Mrs away attack collection majority key detail statement less open.,True
2866,58,1746,4,2024-05-21,Win scientist heart by time reality drug plant bill might sort mind fish.,True
2867,178,536,2,2022-09-05,Force expect standard social everyone should plan gas just lead southern rich over rest.,True
2868,60,817,5,2022-03-08,,False
2869,101,626,4,2023-07-18,Throw politics strategy piece health why agree after machine billion up bit likely which.,True
2870,99,1576,5,2024-06-23,Compare point offer never high real election happen garden position phone force study marriage eye mother.,True
2871,300,2003,5,2022-10-21,Fly type idea tree service see democratic film measure career child continue anything.,True
2872,12,1880,3,2023-04-27,About fall number among class future research west.,True
2873,246,1209,4,2023-08-14,Right message information performance later discussion color almost.,True
2874,186,1749,5,2022-02-24,Draw claim bring of hope style performance smile arrive run institution girl however nothing travel.,True
2875,139,1378,3,2022-08-30,Pull should from must effect prove call however.,True
2876,167,1147,3,2024-09-01,Trade authority town agree almost thousand color Mrs heart identify alone around smile century watch benefit.,True
2877,285,1632,3,2024-07-25,Build white letter buy heavy opportunity condition office agree mission government ball.,True
2878,277,1301,4,2023-12-05,,False
2879,163,1908,3,2024-05-12,Quickly deep together conference manager another expert bad range use leader.,True
2880,98,234,5,2023-10-20,Century level pay we that tree not safe main.,True
2881,96,1329,5,2024-02-11,Clearly road almost main hot though political property morning western town.,True
2882,30,1142,4,2022-03-11,Arm billion southern almost glass reach oil war morning hair whole challenge let friend especially.,True
2883,197,386,4,2022-12-16,Soon huge drug cost everything race human economy alone such unit require individual how season.,True
2884,75,156,5,2024-09-02,Piece candidate one cultural onto light car thousand fear herself scientist partner.,True
2885,102,230,4,2022-02-26,Find protect authority chance particularly interview serious.,True
2886,292,2406,4,2023-02-23,Enjoy bar security serious enter majority term cold produce learn these form.,True
2887,144,657,5,2024-09-18,,False
2888,136,1122,5,2024-12-28,Focus sing story down later cost send however environmental for.,True
2889,29,287,5,2024-04-25,Act Mr today ground beat one all identify sell rule compare control identify.,True
2890,40,1414,5,2024-04-25,Author break sport meet box girl represent race condition whose baby others want several candidate summer.,True
2891,119,685,5,2024-08-08,Under east either necessary form technology whom hope majority.,True
2892,285,592,5,2024-04-10,,False
2893,185,589,3,2023-12-27,Quickly class prove television upon subject together minute television dog item matter.,True
2894,278,710,4,2022-11-06,Describe young executive message run sort line design sure both street office system increase image.,True
2896,145,1600,3,2022-04-17,,False
2897,66,413,5,2022-11-22,Peace night dog develop soon enter radio.,True
2898,6,856,3,2024-01-07,,False
2899,264,656,4,2024-12-27,,False
2900,287,1772,3,2023-09-15,Source eye station material notice official piece rate writer reflect.,True
2901,266,1848,4,2023-11-16,Everything number employee material indicate then particularly rock set vote room the member center finally quickly.,True
2902,20,2484,4,2023-03-15,Sometimes middle site pay generation maybe piece project turn.,True
2903,14,1334,4,2023-01-29,Agent son standard air move rich enjoy person discuss rich join yet sing forget.,True
2904,245,757,1,2022-06-01,Control grow else hope discussion card region relationship conference.,True
2905,202,988,5,2023-07-18,,False
2906,176,156,2,2024-02-01,Big firm give certainly anyone benefit peace official since.,True
2907,56,1719,5,2024-10-25,,False
2908,63,61,5,2024-08-18,Note traditional effect benefit relate house spring writer sit.,True
2909,264,1602,1,2024-12-08,Above human simple fast or foot blood current interesting spend above save game.,True
2910,171,705,4,2023-11-11,,False
2911,2,2342,4,2022-12-12,Food chance offer house fight where assume quite mention defense to probably law cover.,True
2912,125,2346,4,2022-02-07,Budget report Mr wind form half approach improve design oil professor meet you skin wide.,True
2913,202,2462,3,2023-10-01,Think thank possible guess per voice oil walk others your include kind article contain.,True
2914,14,1373,4,2024-02-25,Her work occur of sometimes rather suggest doctor project scene.,True
2915,187,1042,5,2024-12-22,Thought edge choice parent surface choice culture marriage light even.,True
2916,104,314,4,2023-01-10,,False
2917,224,389,5,2024-08-18,Challenge certain tax quite capital population special soldier success court message.,True
2918,258,1597,4,2024-09-02,Agreement discussion kitchen billion force all computer up music rock force media day collection big.,True
2919,288,2478,5,2022-10-25,Finish save follow whole fish interview cut public far different recent.,True
2920,190,1187,4,2023-01-14,Painting white whom throw herself upon crime give.,True
2921,1,207,5,2023-10-10,Physical reduce the tend deep view plant war coach few machine improve number cell.,True
2922,75,2226,5,2022-11-01,Allow type card water option rise game necessary among.,True
2923,204,1169,5,2024-04-20,Use get budget news of rather beyond nor popular will interview compare walk others crime.,True
2924,127,2108,5,2022-10-26,Focus role full customer turn whom book development letter fact history.,True
2925,93,975,1,2022-08-28,Beyond step five drop laugh after sell soldier story him back marriage employee.,True
2926,204,1417,1,2023-12-21,Individual send take white source company law.,True
2927,3,34,3,2023-08-31,Spring organization task production hold show cell order land cell apply become involve party assume.,True
2928,273,2350,2,2022-07-19,Population threat necessary those laugh sea very his.,True
2929,271,1257,4,2022-01-15,,False
2930,203,971,2,2023-06-01,Man election thousand third parent century hair east building window for.,True
2931,161,1635,3,2023-05-04,,False
2932,295,1063,4,2022-03-30,Employee study its far doctor suffer total.,True
2933,102,2190,4,2022-01-01,,False
2934,192,2102,2,2022-12-16,Any owner letter suddenly live example key stand place ok become.,True
2935,297,1694,5,2023-01-08,,False
2936,213,2463,5,2024-05-28,Green process artist good cultural quality argue meeting position.,True
2937,184,683,2,2022-02-03,Medical mission couple wait chance people into memory thus.,True
2938,257,1964,3,2024-12-11,Dark grow record provide pay blue paper think letter easy gun.,True
2939,117,1882,4,2024-08-19,Region price challenge free positive write dinner realize cultural if me best left.,True
2940,129,827,5,2024-01-08,Whole join technology whole garden serious girl crime.,True
2941,198,809,5,2023-12-10,Understand southern interesting nothing past maybe price parent Mrs dog soon.,True
2942,244,217,5,2024-04-18,,False
2943,75,2291,5,2022-10-27,Off left character four reason everybody land daughter strategy pattern treatment be today relate enjoy treat.,True
2944,146,253,5,2024-09-30,Education reveal without almost husband successful chair travel nearly weight manager almost.,True
2945,5,1298,2,2023-06-14,Way have seat reality PM let up.,True
2946,257,2167,5,2024-12-23,Cut edge left herself spend sport anyone.,True
2947,61,457,4,2022-10-16,Smile probably kid speech major baby population old house pretty short whom better surface.,True
2948,210,2498,2,2022-08-04,,False
2949,250,1762,5,2023-04-11,,False
2950,180,9,4,2024-10-27,Maintain step whom exactly source bill risk.,True
2951,138,2314,5,2023-02-17,Brother science material message nor cause onto statement because record peace.,True
2952,25,1731,4,2024-11-28,Conference read and situation behavior kid total.,True
2953,27,979,3,2024-11-04,,False
2954,17,1057,5,2023-01-12,Computer occur remain yourself focus drive mean reason agreement party trip general reduce fall.,True
2955,34,690,4,2024-10-24,Up executive carry him crime statement early together play name film room.,True
2956,149,1629,5,2022-06-06,Garden number among require no society next far decade brother some if side.,True
2957,258,478,5,2024-06-12,Product school source American hand season during yet until budget magazine.,True
2958,295,1189,4,2024-09-23,School personal create expect reach do seem piece whatever region trouble law natural stand.,True
2959,230,792,5,2022-04-09,Personal most begin him admit its could close.,True
2960,53,1120,5,2022-06-27,Attack up leave play minute push product station name way.,True
2961,297,466,4,2023-08-04,,False
2962,66,60,2,2024-01-12,Child thank truth news thought young quite travel.,True
2963,187,690,5,2022-05-11,,False
2964,81,1105,5,2023-03-28,Something prove green part first site institution establish as.,True
2965,72,2498,5,2022-09-01,Paper race give travel later continue hospital option.,True
2966,40,1387,4,2022-09-05,Reduce class southern professional discuss reflect whose century different little general away fly parent own.,True
2967,34,621,3,2022-11-10,Pressure performance half look miss heavy drop.,True
2968,263,1781,5,2022-04-07,Dog week site there bed him responsibility difficult defense mind know wife.,True
2969,237,541,5,2024-03-07,Star way far prove teacher realize office hospital past region dog newspaper.,True
2970,7,1685,5,2024-07-17,,False
2971,71,792,4,2022-10-04,Generation former consumer available quite born play week realize speech hair financial similar nearly financial.,True
2972,252,2041,5,2022-06-29,Center land arm bit road reality talk letter wind question color reveal later foreign partner care.,True
2973,163,2212,4,2023-09-30,Security phone visit morning off ago world compare reality black appear.,True
2974,100,2152,5,2022-03-26,Capital seven area change sell our common game strategy force ground why choose Democrat.,True
2975,208,250,4,2024-10-01,,False
2976,15,942,4,2023-03-09,Poor management parent show use seat debate age.,True
2977,125,150,5,2024-10-25,Citizen billion hit join mouth particularly brother clearly experience.,True
2978,4,1760,5,2022-04-01,Better debate field officer response no police water while.,True
2979,185,638,5,2023-05-03,Huge ask west our rise suddenly allow to note themselves avoid fear.,True
2980,74,1155,4,2024-03-11,Truth set into cultural later new report statement give individual factor meet.,True
2981,144,1111,2,2022-10-11,Into find marriage individual group professional quality main above brother imagine half story how out.,True
2982,16,81,3,2022-12-27,Including evidence front between one accept pattern them successful include lead financial close energy whatever matter.,True
2983,83,828,5,2024-05-15,Another role another since read imagine according weight hope medical site stock.,True
2984,299,1043,4,2022-01-31,He respond bill central let a sometimes police agree pass Congress company continue simple.,True
2985,54,618,4,2023-03-12,Night company stage return enter star without these care manage.,True
2986,54,1664,5,2022-12-29,Food rest thought family less operation likely before prove capital.,True
2987,75,1893,4,2024-04-13,Way every send night drive world finish today wrong dinner matter produce now physical owner pass.,True
2988,293,763,5,2022-08-30,Item girl want two population outside fund card.,True
2989,58,2112,5,2024-01-13,Present focus can according realize assume bed property senior leader she business expert parent.,True
2990,132,1686,4,2023-07-20,Decide sure north particular benefit that fire able pull seem.,True
2991,95,2490,5,2024-07-26,Sell play bill pressure tonight while article suggest gun make since debate treat yeah group save.,True
2992,229,2336,4,2022-01-24,,False
2993,55,1869,4,2023-06-24,Become respond clear put toward sport then cost phone.,True
2994,198,858,5,2023-05-21,Fly now strategy natural company forget relationship financial free thought paper off leader.,True
2995,270,1542,3,2024-05-06,Service wonder word talk stock often here total would race begin prove only both.,True
2996,225,2280,3,2024-04-21,Staff commercial my small news here over within size onto hair wide.,True
2997,84,1384,4,2022-08-25,Leg article important people capital carry out prevent star home pull through our itself.,True
2998,289,571,5,2023-07-30,,False
2999,119,253,5,2024-04-01,Surface population market buy action Republican government.,True
3000,276,2349,5,2023-09-19,,False
3001,184,1375,5,2022-07-31,Price agree perhaps test half only sing on.,True
3002,159,1396,5,2022-05-22,,False
3003,285,1988,1,2023-10-17,Week light region over thing none until produce customer live note mention.,True
3004,132,1597,3,2023-11-22,Or be run save three more that both middle picture production.,True
3005,145,2368,3,2024-05-06,Build discover someone particular theory view decade behind.,True
3006,11,579,5,2023-06-21,Coach bank toward actually let serve better majority magazine own.,True
3007,263,1576,5,2024-03-01,,False
3008,165,2020,1,2024-04-11,Early member service pattern American mention attention push common say.,True
3009,105,481,4,2024-06-19,Voice Congress approach example family sport dream fish page method theory no indeed eight.,True
3010,62,2493,4,2023-04-12,Live sort alone fact center that yard option address site place memory.,True
3011,2,1311,5,2024-03-27,Card share material religious much sit stop worker system.,True
3012,101,1341,3,2022-04-26,Draw man every either difference threat arrive game.,True
3013,280,856,5,2022-01-13,Off forward southern before development early girl boy impact clear class bank these task.,True
3014,75,685,4,2024-04-24,What read pattern need yourself identify ball history later plant indicate analysis carry black car act.,True
3015,277,1549,4,2024-11-09,Item rest player property defense charge offer break receive thousand four plan.,True
3016,31,2084,3,2023-06-11,Bit even under help try without think oil.,True
3017,103,1162,2,2022-10-13,Operation star bar stay experience wait us.,True
3018,27,10,5,2023-03-13,Green protect return everyone order cell far successful probably shake eye.,True
3019,23,862,5,2024-03-27,Skin fill by blue student in notice only walk spend for.,True
3020,60,1524,3,2022-10-10,,False
3021,21,983,5,2023-08-08,Feeling figure really guy finally attention factor fish first reflect memory.,True
3022,43,1527,5,2024-05-21,Move something fear fish admit night director agent draw bank up family baby voice better.,True
3023,83,1816,3,2022-10-12,Reflect pay material end despite Democrat machine time car since kid business gun.,True
3024,68,1408,5,2023-11-27,Clear break yet wife write ability data money decision.,True
3025,195,780,5,2023-08-16,Control little Congress window talk trial analysis father.,True
3026,36,288,3,2024-11-18,,False
3027,38,2115,4,2024-02-12,,False
3028,216,1737,5,2024-05-25,,False
3029,43,2464,4,2023-11-20,Out generation statement any push task door doctor.,True
3030,95,2437,4,2024-09-04,News phone total visit decide what city yeah most trouble country policy hand radio national size.,True
3031,242,1322,2,2023-11-23,Wide want city because page son side hard beyond.,True
3032,24,976,3,2022-10-19,News get medical relationship official wind property month.,True
3033,117,444,2,2022-08-04,Sometimes own establish no market threat night experience.,True
3034,185,2020,4,2022-01-11,,False
3035,130,2452,1,2022-12-08,In couple price open pretty word fund.,True
3036,247,2146,5,2023-05-21,Crime exist quality Republican shoulder know personal establish stock the push.,True
3037,208,1066,4,2023-08-12,Continue chance simple still wife student allow agency population quite.,True
3038,74,666,4,2022-11-08,Different heavy develop fall dinner price pretty professor share color effort me stuff say.,True
3039,100,1578,5,2024-01-09,Budget career treat cold many specific wall it outside back chair surface notice me.,True
3040,8,1963,1,2024-07-01,Likely clear exactly prepare growth yourself key now pick.,True
3041,99,867,4,2024-01-24,Green staff music be value not manage office.,True
3042,272,1176,5,2023-06-06,International group trial use these answer head father.,True
3043,152,2321,4,2023-05-25,,False
3044,243,1314,5,2022-08-07,Seem level hope bring tend develop home.,True
3045,60,2136,2,2022-11-04,Such happy agency almost democratic team seek give team dream single worry.,True
3046,146,1599,5,2023-08-12,,False
3047,66,1862,3,2022-04-13,Nature tax late police some seat national soon hand avoid.,True
3048,226,1871,5,2022-11-14,,False
3049,271,955,5,2023-11-27,,False
3050,25,887,3,2022-03-17,Dinner answer computer community source movie court create table will form both cause.,True
3051,182,892,2,2022-05-18,Various season day senior beat child check key guy himself lawyer far reveal company go.,True
3052,173,2453,5,2022-09-03,Office for support soon from stage region everything heavy.,True
3053,181,55,2,2024-06-28,It begin have tonight weight approach his different.,True
3054,228,1666,4,2024-03-23,Citizen use kid write eight interest term seat call important recently.,True
3055,46,680,3,2022-08-14,Available fight key activity source yet friend coach central right color amount our.,True
3056,76,1921,5,2023-06-04,,False
3057,283,2460,5,2023-11-07,End would hand page mother heart director bar success where until always positive.,True
3058,73,1729,5,2023-02-11,Sure sound performance tree develop board another girl suffer doctor this.,True
3059,250,536,4,2022-07-10,Have until benefit score room radio evidence contain above girl put end subject let wish article.,True
3060,6,227,5,2022-07-11,Indeed nature most memory full responsibility hard good me water difference end enjoy no health.,True
3061,228,2375,4,2023-02-15,Large north seven low card safe two place possible around shoulder field his cold local idea.,True
3062,238,844,5,2024-06-02,One manager public foreign southern three laugh technology them traditional loss.,True
3063,128,1907,2,2022-10-08,Several discussion service blood morning myself identify keep push.,True
3064,300,1312,5,2023-10-25,End board suffer time total quickly task sound include audience research none order less commercial keep.,True
3065,14,1627,2,2024-09-04,After across chair someone which happy partner history.,True
3066,138,876,5,2024-09-13,Available short suggest go area data Congress none early baby range after.,True
3067,251,538,5,2022-01-12,Find imagine so board when citizen north wide eye price deep.,True
3068,281,1989,5,2022-07-31,,False
3069,43,1395,4,2024-02-20,Foreign well hold sit develop remember sign rich throughout entire audience before back couple.,True
3070,149,1016,5,2023-06-13,Seek wear machine people big enough street.,True
3071,202,1429,5,2024-06-03,Arm let son doctor democratic PM window soon some language participant make including another amount wide.,True
3072,267,1911,4,2024-01-28,Treatment spring like appear organization left as democratic have push site high term name help about.,True
3073,57,1407,5,2022-08-18,Skill specific American matter stop beyond try seek car bring reduce nice.,True
3074,127,122,4,2022-10-28,Them want among benefit seat business whom baby trial national.,True
3075,264,1457,4,2022-12-04,Safe not smile risk born situation trouble job.,True
3076,162,1988,5,2022-03-08,Too successful always wonder example figure bank sort since international structure next season guy note.,True
3077,204,1834,5,2024-03-10,Significant treatment true view medical history item certainly as them after.,True
3078,173,2453,3,2024-08-07,Spend education feeling sport hospital force will relationship type.,True
3079,228,1040,3,2023-11-03,Too base million who center for son PM anyone.,True
3080,134,944,5,2024-10-31,Way pay wife ability they family why practice catch democratic who conference break leg.,True
3081,122,672,5,2024-08-19,Explain kind wall such which child choice husband real past point add.,True
3082,36,1040,5,2024-03-22,Sing indeed interesting rule staff evidence million cold.,True
3083,211,1734,5,2023-12-24,Seat never material crime article TV together partner discover recently trial individual term serious join.,True
3084,17,1466,4,2024-02-21,Her plan water remember support watch find particular audience wonder among society manage worker fear.,True
3085,207,2483,2,2023-05-11,Foreign either store fly maybe enter fight imagine life response brother reach too late general effort.,True
3086,144,1841,5,2023-04-29,Maybe old player company training less Democrat visit since south should international fly series.,True
3087,268,279,4,2023-10-01,Place campaign technology shoulder side face into figure physical positive country role result choice beyond.,True
3088,4,1677,4,2024-11-24,Do indeed series throughout nor grow trip never network work Democrat.,True
3089,264,2379,5,2022-01-14,Figure what rich despite hold method class car seven out.,True
3090,294,1867,5,2024-04-07,Staff side provide field top chance accept skin determine record natural both do.,True
3091,105,525,1,2023-03-29,Police available particularly too public loss account trial theory boy bad security more PM.,True
3092,195,2127,4,2023-06-18,,False
3093,278,1884,4,2023-05-09,Deep government participant civil available group leg reveal if.,True
3094,134,27,5,2023-09-14,Officer ask dark outside they hair hard.,True
3095,178,133,2,2023-08-05,,False
3096,28,903,5,2023-07-27,Star painting size case the have although voice news begin air official enter.,True
3097,62,1860,5,2022-02-09,Address cause maintain catch add heart however eye land including.,True
3098,299,1104,4,2024-01-29,,False
3099,199,1852,4,2024-10-28,Network strong moment him culture close hour knowledge say reason.,True
3100,147,1823,1,2023-05-03,Because east second learn director others ten they.,True
3101,104,2375,4,2023-03-17,Yeah everybody entire with control return factor option air heavy yes either high born.,True
3102,157,2290,5,2024-11-04,Media cut toward media second including feel right real risk.,True
3103,70,424,5,2024-06-02,,False
3104,214,16,3,2022-11-19,Traditional the green expect listen early so fall theory card meet operation.,True
3105,35,1195,1,2022-05-19,Prepare free parent tree new operation condition understand explain.,True
3106,3,972,2,2022-10-11,Reality ago prepare evidence business act feel option human body stop list.,True
3107,218,460,3,2024-06-28,Focus evidence decade school power return key people herself value with issue computer size down.,True
3108,68,2225,5,2023-05-08,Song unit room across second pick campaign get goal crime free probably.,True
3109,111,2048,4,2023-03-07,Hundred deal successful maintain second black stage citizen gun rest majority allow.,True
3110,54,1597,4,2022-10-25,Yourself scene bring knowledge business down deal newspaper in through.,True
3111,27,1143,5,2023-03-31,,False
3112,275,1681,4,2022-07-20,Place buy beautiful investment finally detail many natural attorney use discuss week this democratic to.,True
3113,41,54,4,2023-06-23,Race base argue glass start Mrs side yes former city training defense interesting exactly pull.,True
3114,257,1155,5,2024-01-27,,False
3115,272,1259,5,2024-12-20,Talk involve short a outside center near produce product region.,True
3116,3,336,4,2024-06-03,Fall project line form fire however keep carry realize keep want war already himself pattern.,True
3117,130,290,5,2024-06-21,,False
3118,269,1661,1,2022-10-07,Range politics you national whole scene military north.,True
3119,180,151,3,2023-05-18,,False
3120,283,2224,5,2023-06-20,Fact inside start door between toward beautiful high PM my fine.,True
3121,63,92,5,2024-06-05,Color security by military hotel really size.,True
3122,35,650,5,2022-04-20,Seek impact college range science near term certain process into.,True
3123,167,2148,2,2024-04-11,Human current time student same drive per western bad prove memory race.,True
3124,188,215,5,2022-03-02,,False
3125,80,1606,4,2023-12-18,Film thank ahead less factor front push today late major turn.,True
3126,137,1231,5,2024-10-03,Possible fall information subject stay get beyond decide husband.,True
3127,277,1572,3,2023-11-04,,False
3128,259,1992,2,2024-07-07,Serious those develop size threat relationship culture forward same leg.,True
3129,102,1590,3,2022-10-21,Sport identify argue yourself cost trade from lead write into and hit political ground.,True
3130,139,279,2,2024-01-28,,False
3131,5,1408,2,2022-12-11,,False
3133,248,369,5,2024-03-15,Congress evening purpose study crime job exist such.,True
3134,144,510,3,2024-09-30,On sign anyone accept attack process choice top major hold describe thought.,True
3135,37,251,5,2024-12-08,Or represent ok political live not media office detail.,True
3136,4,795,5,2023-02-13,Well move themselves campaign including able summer western.,True
3137,265,1714,5,2024-12-18,Say lead season bill allow mind require raise floor by in fill site free.,True
3138,60,302,5,2022-12-24,Pass collection blue somebody street their front see maintain majority back base pass sound too.,True
3139,289,832,4,2024-10-14,Early dream case will season put interview consumer soon garden east man process artist technology.,True
3141,11,1154,5,2024-05-31,Edge really including movement than would crime building six age cut I.,True
3142,99,426,4,2022-10-31,Find or suffer which kid knowledge population fast record fight education central middle threat.,True
3143,216,2241,3,2022-07-11,Design wonder process black camera form for myself majority likely start tonight goal design.,True
3144,87,1460,1,2024-12-18,Future debate shake here approach relate indeed really.,True
3145,75,574,5,2022-07-31,None investment seat nation smile fall this back film close season political million receive top policy.,True
3146,50,1667,3,2024-07-26,Tell beautiful interest since still career room within per knowledge stuff.,True
3147,187,620,4,2022-05-06,Instead church require amount inside material any door parent degree heart talk.,True
3148,100,46,3,2023-12-11,,False
3149,93,495,4,2023-04-06,Law find believe television to raise edge one top see seven mind worry area.,True
3150,141,717,4,2022-05-22,Design true every performance early say memory.,True
3151,35,2364,5,2022-09-04,Save box third cup role career where apply bag action however example itself growth.,True
3152,187,141,3,2022-06-08,Usually little so marriage town performance moment mention fight table personal rise people these.,True
3153,57,1076,3,2023-02-08,,False
3154,19,54,5,2024-03-27,,False
3155,243,292,5,2023-12-15,Red local between them beautiful true own family attack test approach heart remain vote.,True
3156,291,533,5,2022-10-18,Police number great again team while reveal save daughter card.,True
3157,295,897,5,2022-04-04,Provide while hotel task my produce paper modern certainly again cost history special art.,True
3158,238,148,3,2024-04-23,You there trouble end benefit sense always kitchen imagine such.,True
3159,222,2046,1,2023-04-07,,False
3160,195,1605,3,2022-12-27,Democratic concern none outside live apply Republican piece now television.,True
3161,214,263,2,2024-10-14,Yes music skill walk quickly clearly responsibility local.,True
3162,45,461,5,2024-02-13,Significant deal whatever myself huge century seem large make charge wear.,True
3163,140,1139,5,2024-10-27,Friend piece identify attention exactly dinner surface general culture professor.,True
3164,59,2071,3,2023-08-27,Phone range fight statement political test require guy woman at thank treatment all she officer.,True
3165,11,1800,5,2022-04-11,Find win ahead compare billion quality allow.,True
3166,210,875,5,2024-03-25,Respond contain during make eat back federal plant find factor phone buy mention.,True
3167,85,2214,3,2024-10-18,That hour suddenly service situation light table process safe way road which politics concern.,True
3168,207,1172,3,2023-06-02,Spring manager many environment short ball future.,True
3169,233,588,3,2023-05-07,Total short world rule make note door different.,True
3170,168,1340,3,2023-03-23,Reach production risk ever hope bag too recognize wind five particular.,True
3171,16,198,3,2023-01-08,Commercial begin go appear interest unit most ready single job structure type degree.,True
3172,98,1119,5,2024-01-13,Head seem leg put win but assume opportunity whose take pretty painting beat here sea.,True
3173,147,130,4,2023-10-02,Program sell majority action camera position officer.,True
3174,255,330,5,2023-10-18,Simple say fill consumer media summer we a wide detail nation may senior.,True
3175,83,1507,5,2022-05-17,Would whose interest week street film others probably talk increase population statement fight.,True
3176,186,1970,5,2022-04-25,,False
3177,210,1019,5,2024-04-10,Main even report recognize account return center her teacher I likely possible debate happen wide.,True
3178,24,750,5,2024-01-16,Most skill expert machine really hit food above century section industry day treat born.,True
3179,86,9,5,2024-03-02,Change generation leave affect away clear hotel sell realize.,True
3180,75,313,4,2023-12-14,Room able example town have school popular discussion expert now process interest.,True
3181,300,2279,4,2023-05-18,Certainly price man investment cut new south whom arrive.,True
3182,155,2476,5,2022-10-01,Article certain firm significant respond quality investment both.,True
3183,263,602,2,2022-07-07,,False
3184,100,2188,4,2022-04-02,Pretty dream owner home long each them sit policy sense party data measure right.,True
3185,264,1073,1,2024-12-22,Land involve mention necessary someone miss so change mention where decision that its Mrs treat.,True
3186,113,1251,1,2022-09-26,Give sea economic also space play street place dog myself make run.,True
3187,145,2492,4,2024-10-20,Card often mission heavy might type others air culture decade eye organization.,True
3188,143,1813,5,2022-01-24,,False
3189,173,2483,5,2023-07-18,,False
3190,10,78,5,2023-03-25,Right arm house child rest impact piece continue because argue identify lead wonder southern Mrs including.,True
3191,57,254,4,2023-07-20,Provide director own away yet work animal present just traditional may skin thus.,True
3192,285,1878,2,2023-09-08,Describe gun realize exactly protect citizen eight hold area dog.,True
3193,39,1803,5,2023-03-20,Evidence new line could go month event paper pass.,True
3194,76,2024,2,2024-11-20,Senior ball center feeling hundred war will consumer level summer outside give she.,True
3195,250,1513,3,2023-03-26,Produce model alone let need quality federal dinner possible reason modern their across.,True
3196,206,2401,5,2024-04-17,,False
3197,251,1041,3,2023-01-14,Perform open memory its rather record claim recently environment something writer real upon ask environment agreement.,True
3198,271,1088,5,2023-09-15,Sense section general parent hear difficult expert some dog high family north beyond article.,True
3199,83,2155,5,2023-03-20,Return off player lead change center investment that her push series food drop wear.,True
3200,142,2437,4,2024-01-28,Challenge action least guy art suggest success.,True
3201,244,421,4,2024-04-12,,False
3202,164,137,2,2024-04-01,Like throughout join none task reality today board group that help organization act us middle their.,True
3203,30,1120,3,2022-12-18,Seven though marriage their area I teach toward range.,True
3204,279,1858,5,2022-02-07,Hand this get nothing term throw church century election five want full.,True
3205,216,1871,4,2024-01-08,Consider benefit sea movie past evidence base perform similar off.,True
3206,111,33,5,2023-05-07,Travel I outside decade appear necessary first on.,True
3207,14,1101,5,2022-01-16,,False
3208,214,791,2,2023-04-13,Treatment loss glass process shake our remain actually issue stage in born size space million machine.,True
3209,162,1389,4,2023-07-09,Relate maybe both law course agent heart.,True
3210,108,2335,5,2024-10-25,Director morning attorney finish nation threat source on serious threat however measure which doctor sit cost.,True
3211,150,2126,3,2023-04-14,Argue certain maybe another himself appear very season number change impact.,True
3212,31,2319,5,2022-07-19,Reduce national season month inside enjoy very attack wind evening administration.,True
3213,191,424,4,2023-05-10,,False
3214,224,2003,3,2022-11-30,Myself wait into wrong learn performance cost matter such anything.,True
3215,75,677,4,2024-09-04,Effect leader morning already human check agree skill risk street hotel according.,True
3216,110,388,4,2023-10-30,Evening hospital blue action best style traditional pull rise true apply.,True
3217,227,233,3,2024-08-06,Pick teacher item area world growth worker pay strong system popular recent into.,True
3218,66,329,4,2024-06-28,,False
3219,90,1618,5,2022-07-08,Mrs off step live record eat benefit own maintain difficult charge note order relate.,True
3220,13,1643,5,2022-04-29,Thank bar so simply rule use space adult by catch institution site.,True
3221,85,1121,5,2022-08-13,Author share thank cost push direction ball avoid plan any join indicate purpose doctor.,True
3222,224,824,2,2024-05-05,Court plan need situation way small account town Mr best enjoy within economic move.,True
3223,28,1789,4,2023-03-04,Debate history son scene Congress kitchen plan.,True
3224,198,316,5,2022-10-15,Indicate idea together need including mother security when turn American anyone growth.,True
3225,279,2410,5,2024-03-17,Office glass they send name foreign strategy tend apply begin finish determine myself read source.,True
3226,124,941,4,2023-11-12,Law blood player which law whom Republican event unit turn sometimes they.,True
3227,78,914,3,2024-10-21,The boy prove successful work style western even image thousand price game book behavior about.,True
3228,18,1103,3,2023-06-24,Try increase center how into network fact six project dog them rate detail.,True
3229,53,526,2,2023-03-31,,False
3230,292,1650,4,2023-06-25,International guess per goal outside collection director example similar car thus night strong Congress.,True
3231,74,1834,2,2024-12-24,Investment especially suffer pass blue possible benefit his civil might identify Republican.,True
3232,126,1268,4,2023-07-30,Wait process sell customer probably bank current quality culture issue spring watch to clearly medical.,True
3233,251,1400,5,2023-10-01,,False
3234,165,140,5,2024-04-07,Could fill within officer course color compare show threat section lot herself particular will.,True
3235,219,1773,5,2023-10-29,,False
3236,170,1371,5,2022-07-18,Newspaper thing get national program mission way sport product build play seem recent.,True
3237,95,402,5,2022-03-14,,False
3238,168,2328,4,2024-04-28,,False
3239,133,103,5,2023-11-07,Fight month film event tend crime live offer information second girl game magazine occur.,True
3240,152,609,5,2023-07-23,His medical drug eye change buy media others.,True
3241,174,1173,5,2022-11-26,Free back today production face hard can when down natural accept.,True
3242,145,1698,4,2023-08-28,Suddenly beautiful later three practice herself parent bring fill defense early ready glass.,True
3243,155,736,4,2022-04-14,After standard high believe itself pull here war year.,True
3244,135,429,5,2024-04-22,Thing direction little time military according people cut author man attention peace.,True
3245,70,1128,1,2022-04-27,,False
3246,235,284,4,2024-11-01,,False
3247,67,2192,4,2023-06-23,Born hear politics prevent federal general find grow evidence tax prepare force simple my.,True
3248,28,2234,5,2022-05-26,Himself already the company hour risk suddenly military movement drop.,True
3249,148,938,5,2022-03-02,Million attention still financial cause life college crime those statement page lay admit find view.,True
3250,256,1487,5,2022-11-17,Economy about against according public energy require buy particular answer base.,True
3251,16,816,2,2023-12-03,Look decision agreement manage station dream yes space lead coach site develop interview tax arrive.,True
3252,298,1118,2,2024-04-26,Certainly power three forward answer less ground force cell industry.,True
3253,22,557,4,2022-09-07,Employee deal whole staff general decide when life couple figure hard crime.,True
3254,151,1170,5,2024-03-31,,False
3255,161,143,1,2022-10-20,Speak onto fast inside plant station resource particular performance learn level think.,True
3256,294,1338,1,2022-12-20,Bed pressure drug true hit before attention past become customer happen financial.,True
3257,163,2251,5,2023-02-03,Wind within choose guess eye step into.,True
3258,59,1297,5,2022-11-29,,False
3259,43,854,4,2024-03-01,Include music position probably cold minute data.,True
3260,180,1284,4,2022-08-19,Participant pattern Mrs others under feel then no cold for political everything main compare.,True
3261,38,292,4,2024-05-21,Performance learn huge fire class suffer special pull peace four job.,True
3262,194,2098,5,2022-05-11,Could make interest significant around bag about cold physical early popular usually whole manage skill.,True
3263,153,2267,4,2023-01-18,Condition feeling say Democrat society eye simply former six eye media.,True
3264,90,1069,4,2023-07-11,Discuss interesting minute customer really gun he expert along tax voice ready use fund who goal.,True
3265,85,14,1,2022-03-05,Cultural world smile information sure wait item mouth off north require word will eight.,True
3266,117,1173,4,2024-10-31,While live fly through admit another travel although.,True
3267,74,578,4,2022-02-07,Standard class three resource decide full guy condition team individual.,True
3268,211,158,4,2024-03-22,,False
3269,9,1346,5,2022-11-23,Difference course new treat better wish very important discover card season second box enough data.,True
3270,248,2213,2,2022-04-23,Blood position entire by pay major technology management matter allow stop bad by good.,True
3271,168,1922,3,2023-10-08,Beyond condition Mr control trade relationship hotel front soldier increase quite debate response state none could.,True
3272,171,629,4,2024-12-03,Then table know nothing easy customer nature.,True
3273,44,987,1,2023-12-01,,False
3274,164,1070,4,2023-12-03,Fall full law write next light police claim herself these these form.,True
3275,85,1030,5,2024-10-13,Against put discussion performance service move meeting within outside health loss.,True
3276,31,235,4,2023-02-05,Job visit yard notice parent design modern board notice position thought physical face wide treat.,True
3277,264,1969,4,2023-09-03,Evening brother doctor process out product already eye gun both summer force set town.,True
3278,65,1635,4,2022-01-05,,False
3279,10,1913,3,2024-11-25,Decision daughter coach list candidate simple or I while maybe speak very hard much.,True
3280,244,2040,5,2022-04-09,Defense become claim attack Republican really great summer base red education.,True
3281,124,82,5,2023-12-20,,False
3282,265,1145,5,2023-01-16,,False
3283,103,1438,4,2023-05-24,Deal party I hair so see back future keep at and daughter area produce.,True
3284,202,1142,5,2023-09-04,,False
3285,109,1278,1,2023-08-29,Leave of among turn nation official former him later.,True
3286,136,1297,4,2024-03-02,,False
3287,262,2178,5,2024-08-17,Write test federal eight claim between note shoulder cold big.,True
3288,251,647,3,2023-06-26,Religious whole nature animal catch why above person mention necessary radio answer.,True
3289,284,2487,5,2023-11-11,Their result rock peace break buy who seat factor group arrive give professor region purpose.,True
3290,260,1471,5,2023-10-13,Pick resource wife read training situation effort threat commercial in laugh floor environment despite.,True
3291,153,56,5,2024-10-11,,False
3292,187,1098,5,2024-01-11,Science condition future outside rich actually eye effect Mr base executive pick catch pull upon.,True
3293,206,2500,4,2024-12-29,Month front personal laugh spend yet me computer nothing nature near close fill.,True
3294,183,2478,1,2024-06-25,Hope very this single Mr painting major claim part success only address itself.,True
3295,40,911,4,2024-10-12,Group trial store rather performance avoid game degree bring area.,True
3296,78,1775,4,2024-03-04,Time dream out ability home final positive life long generation leave shoulder.,True
3297,272,2197,4,2024-12-12,Level manage along boy discover dinner account understand control week.,True
3298,154,1676,3,2023-09-29,Tree indeed knowledge edge top course town attorney beyond before increase dinner fact much smile.,True
3299,47,2023,4,2024-02-08,Citizen include it beautiful few defense or street ahead deal white.,True
3300,145,2107,3,2023-11-24,,False
3301,271,1507,5,2024-10-01,,False
3302,17,2166,5,2023-07-29,Reality brother away start political cultural star here many debate fill.,True
3303,139,2446,3,2024-04-01,,False
3304,87,2456,4,2024-10-27,Forget section feeling collection middle police defense thing reach store.,True
3305,155,1264,5,2022-04-07,Process rise statement other several nothing Republican other image wind lay near your determine computer.,True
3306,31,997,4,2023-03-08,,False
3307,251,1774,2,2023-01-26,Many without hold according item because cultural realize skill political food American final woman me across.,True
3308,82,1551,4,2023-11-01,,False
3309,97,1368,5,2022-10-25,Three address hundred center plant when practice number education tend put by we pick.,True
3311,20,21,4,2023-05-05,Dark main meeting want loss what long figure look talk control.,True
3312,53,409,5,2024-07-20,Message remember above small real deal car past night sort responsibility we speech stop ability political.,True
3313,104,647,5,2024-05-22,Program low owner his father owner perhaps tax goal final least institution but.,True
3314,223,570,4,2024-05-04,School someone name on for reality huge standard middle contain citizen maybe not.,True
3315,267,2458,5,2022-04-15,Author single send not herself attorney very past per couple rule well later.,True
3316,203,2397,3,2023-01-27,,False
3317,287,2252,4,2024-03-14,Animal natural friend those interest address area region show experience security lot student role seven author.,True
3318,66,1879,5,2022-06-23,Any light agency successful catch doctor month spring guy.,True
3319,41,1821,3,2024-05-06,,False
3320,176,795,4,2022-10-19,Strategy reduce start reason cause personal word along check culture smile drug save change difference.,True
3321,187,366,1,2024-12-25,Pay grow black build drop share per market scientist try during statement leader church necessary.,True
3322,25,1012,4,2022-05-13,Hope join mouth choose hot play research consumer or himself their summer impact bit.,True
3323,71,1962,5,2023-07-27,Rather someone heavy least cup together choice age month finally put.,True
3324,171,838,4,2023-03-19,Player special pass but media keep anyone successful method as act above even two despite.,True
3325,136,369,5,2022-09-13,,False
3326,283,1432,2,2024-09-12,Yourself together often near senior away whether just improve.,True
3327,47,666,5,2024-11-09,,False
3328,64,2094,4,2022-10-02,Again front ability lawyer weight number fund test executive suggest.,True
3329,280,2342,3,2024-07-11,Kid stay opportunity now thought who center minute with.,True
3330,188,1489,2,2022-12-26,Several born six beat help defense range impact condition store mind.,True
3331,125,2500,4,2022-05-15,,False
3332,231,1900,3,2022-01-08,Short word boy through prepare discussion drive billion majority without save lot professor baby drug.,True
3333,259,350,3,2023-01-04,Until compare table free environment responsibility campaign use somebody decision glass sort doctor.,True
3334,71,500,1,2023-03-21,Military year budget executive simply research improve matter south blood couple range people society.,True
3335,133,167,4,2022-02-05,Simply thought story power vote miss teacher tax.,True
3336,119,1153,3,2023-07-30,Rate stuff nearly moment trouble step apply expect animal course seat economic.,True
3337,3,2140,5,2024-02-28,Plant option however clear or best establish answer box cell drug investment.,True
3338,122,905,3,2023-11-12,,False
3339,205,225,4,2023-01-30,Human stage house central believe night conference more.,True
3340,220,947,3,2024-08-19,New that mention rather least bed baby past such mother film prove kitchen animal window.,True
3341,19,1305,5,2023-02-19,,False
3342,172,1202,3,2023-07-24,Possible several respond listen yard wrong never.,True
3344,44,1651,3,2022-07-19,Store feeling doctor ever far high less phone.,True
3345,54,1411,5,2022-05-20,Chair foreign include feel usually seek set upon opportunity information result.,True
3346,235,807,3,2022-12-04,Difficult everybody account election peace become beautiful picture Democrat kitchen home hope live hit upon hold.,True
3347,76,1346,1,2023-04-11,News environment including someone Mrs treatment somebody wind use mission call finally model.,True
3348,53,1975,2,2022-03-26,,False
3349,165,2275,4,2024-02-07,Mention movement off page difficult exactly to argue.,True
3350,122,2038,5,2024-05-08,Key sure finally series commercial so sister improve cultural whole check religious.,True
3351,107,753,4,2022-03-07,Avoid account produce evening quality far body save citizen create thus agreement keep recognize hospital write.,True
3352,117,915,2,2023-07-14,Tv drug just between nation guy never democratic generation wait risk two pretty southern fight.,True
3353,59,583,5,2022-10-04,,False
3354,210,2430,4,2024-05-30,Single up really because to city indicate.,True
3355,73,32,3,2024-05-27,Which himself trade everything quite firm hope leader friend significant war wife state.,True
3356,7,2068,4,2022-07-08,Although management bit read adult front money note she.,True
3357,295,84,5,2023-08-05,Institution piece space sound this consumer return fund generation inside glass represent trouble write down.,True
3358,275,1991,5,2023-06-08,The parent physical population movement subject individual mean public protect player science.,True
3359,178,819,5,2024-03-29,Sell standard daughter west claim owner program many health candidate.,True
3360,100,1417,5,2023-05-13,Real about Republican despite on north describe north exactly.,True
3361,251,2027,5,2023-06-28,,False
3362,237,832,2,2022-07-25,,False
3363,39,1885,4,2022-09-03,Easy usually themselves general finally save throw.,True
3364,133,807,3,2024-02-01,Product administration through amount fund four a street late major pull stage our particular particular.,True
3365,155,871,3,2024-02-16,Radio leave own according hospital house teach sing several.,True
3366,159,690,2,2024-10-19,Might cover miss thing most must herself impact.,True
3367,145,1197,5,2024-05-21,Bag red home knowledge whom those lay remember five our respond race religious.,True
3368,296,1467,4,2024-02-07,,False
3369,289,835,4,2023-01-03,Read performance group evening music pass understand name because.,True
3370,231,1088,5,2023-06-20,Benefit catch foreign clearly know state along although mouth window full.,True
3371,153,505,4,2022-08-04,American involve enter successful move myself weight than themselves woman mouth start.,True
3372,300,185,3,2024-04-08,,False
3373,94,2,5,2023-02-01,Kind which resource tell big thought both officer moment artist TV study ball.,True
3374,204,1904,4,2024-03-27,Against drive student spring smile teach deep world section.,True
3375,298,2242,4,2023-12-06,Professional up very financial fall computer listen join road somebody subject until continue improve class.,True
3376,14,1367,5,2022-09-26,Discussion maybe now drop five father however matter sound eat.,True
3377,79,560,4,2022-12-23,Strong with walk among trip focus when hit industry.,True
3378,162,1695,3,2024-02-23,Leave responsibility could site line use of away that number political will present such.,True
3379,158,495,3,2023-07-24,Suddenly statement through however information let others head begin always resource go rock clear.,True
3380,194,1376,4,2023-11-16,Really card arm yet personal almost money get serve team wind gas age sound.,True
3381,68,30,3,2022-03-12,Fear available interview successful shoulder quite among traditional risk time market.,True
3382,208,2041,4,2023-01-18,,False
3383,234,934,3,2023-07-03,,False
3384,182,228,4,2024-07-01,,False
3385,25,581,4,2022-11-20,,False
3386,111,652,1,2024-09-09,Choice this that against box floor nothing state no north against create ahead.,True
3387,236,498,5,2022-12-20,Politics remember reflect ahead wall lead above street check rule.,True
3388,197,1622,1,2022-06-20,Woman cover simply dinner letter type trouble inside live under very hold nation daughter control.,True
3389,202,2000,5,2024-10-02,Whose family executive industry with page win rock.,True
3390,260,1191,4,2023-02-05,Kid live plant experience soldier morning quality keep he start happen simply ok everyone.,True
3391,45,369,3,2022-09-02,,False
3392,234,1204,5,2022-06-28,Nothing enter Mrs camera present protect well before generation contain miss wish debate blue.,True
3393,245,1566,3,2023-02-06,Level morning drive yes attack expect total professor kid knowledge imagine culture knowledge return west.,True
3394,290,1608,5,2024-09-18,Cover model keep simply yourself star market.,True
3395,71,2362,2,2023-05-06,We why themselves property measure miss high property situation room company across rather air star.,True
3396,144,1035,4,2023-08-31,Likely whose idea certain attorney decide sign form most identify fish box.,True
3397,162,453,3,2023-02-06,,False
3398,157,288,5,2023-10-01,Beat as throughout quality do miss pick maybe success perhaps.,True
3400,65,835,4,2022-08-04,Leg blood today reach hard term contain final scene enjoy history too friend.,True
3401,57,583,5,2022-10-06,Guess main laugh soldier value try boy myself cause wait conference something leg buy Democrat ball.,True
3402,117,1473,5,2024-01-07,,False
3403,266,28,5,2022-07-22,Art bank everyone million all share move.,True
3404,100,1247,2,2022-08-01,,False
3405,137,2341,4,2024-06-20,,False
3406,75,127,5,2023-06-19,,False
3407,146,1802,5,2023-12-21,Wind fire table growth range east rather describe night director paper could yes.,True
3408,219,242,2,2024-04-06,,False
3409,172,1646,5,2022-03-21,Near statement drop hope speech yeah perhaps eat.,True
3410,250,1952,5,2023-10-30,Message act even over spend market catch wonder law firm evening friend center blood possible letter.,True
3411,199,474,5,2022-05-29,,False
3412,148,827,5,2022-08-10,Century trip hot particular everybody nor within risk own here us agreement father modern wind staff.,True
3413,51,765,4,2022-09-14,Two international if world maybe mother not network concern.,True
3414,164,628,3,2024-11-21,Environmental feel traditional wide bank road range someone reach amount water.,True
3415,39,371,3,2024-06-18,Figure early note and middle rate century also whatever available pretty write population meet.,True
3416,44,2173,2,2024-04-29,Decision meeting allow fact board hold forward you.,True
3417,205,952,4,2022-07-13,,False
3418,34,2043,2,2024-07-03,,False
3419,213,1947,5,2024-10-15,Account short teacher later live back approach animal compare who issue live expert their.,True
3420,247,806,3,2022-03-15,Section dream international western thing finally evening player back artist south decade design discussion use.,True
3421,226,2057,5,2022-02-07,Specific drug resource when loss area green garden community per those everyone.,True
3422,251,58,4,2022-01-02,,False
3423,20,1979,3,2024-08-25,Owner partner nation catch deal treatment quite these chance well hand may.,True
3424,236,2253,5,2022-01-17,Mind save collection deal local build book type shoulder level production late around marriage people push.,True
3425,180,1837,4,2022-10-09,Success feel today stand feel stay light pressure white.,True
3426,219,2198,4,2023-04-04,Billion style hear senior yet song street decision.,True
3427,158,1562,1,2023-02-26,Candidate church source fish rise investment discuss.,True
3428,163,419,1,2022-08-09,Whom month he degree between actually occur court get quickly me.,True
3429,280,1527,3,2024-06-03,Career couple could sort glass stuff make audience choice figure book according dog sit.,True
3430,94,610,4,2024-06-09,Upon might success all economic wish value through research.,True
3431,83,798,4,2024-11-21,,False
3432,9,579,5,2024-02-07,Notice management her person fine report able safe piece none identify.,True
3433,218,97,3,2022-06-25,,False
3434,253,543,5,2023-01-17,,False
3435,236,283,5,2023-01-02,Stage determine product represent generation century ok small common threat television third write likely rather whether.,True
3436,179,2314,5,2022-07-12,Mr cause campaign area dog seek amount.,True
3437,96,1792,1,2024-06-14,Dog responsibility himself short more more factor him support bring support ten experience tell consider speak.,True
3438,238,606,3,2022-03-15,,False
3439,230,2186,4,2024-05-09,To pass between business main nothing so industry around idea most road.,True
3440,53,2243,2,2024-11-15,Left involve although let turn building after stop give child figure that.,True
3441,151,89,2,2024-12-15,Hour whose current score six week value.,True
3442,157,1680,5,2022-01-09,,False
3443,58,1018,5,2024-07-21,Choice traditional trip produce want part either short sea issue feel Mr.,True
3444,186,2248,5,2023-12-09,Level significant usually rule effect pass visit everyone research figure admit various.,True
3445,273,559,4,2024-06-11,,False
3446,90,371,5,2023-07-04,,False
3447,201,1648,1,2022-01-20,Student body set white enjoy language even.,True
3448,37,2352,5,2024-11-22,Admit listen medical condition where chair suggest walk.,True
3449,295,2011,5,2022-12-22,,False
3450,196,1189,5,2024-04-06,Ready development into side clearly room that decide dog forget break every likely if left.,True
3451,29,2006,1,2024-09-15,Your join amount prepare along thought out system but today class rule matter.,True
3452,182,2011,5,2022-07-14,Perhaps personal deal feeling professor be argue house open push.,True
3453,106,2302,3,2024-05-24,Beat floor record plan put answer affect lose marriage full.,True
3454,204,966,2,2024-07-11,Better ready body upon development right career court approach score exactly eight.,True
3455,299,2371,4,2023-08-04,Usually floor black cup must each happen write put system near final pattern claim idea.,True
3456,39,1352,2,2023-03-06,Yard law assume technology where which economic subject maintain also another.,True
3457,38,1247,5,2022-08-02,Cover analysis family right north bar list do phone move there close.,True
3459,280,871,5,2022-08-26,Life industry simple road painting pass a receive feel measure pattern hold particularly grow.,True
3460,23,1417,4,2022-01-02,Tell beyond star teacher cost officer tell relationship would finish issue detail no.,True
3461,172,771,2,2022-10-22,Against manage development cup help both energy ten want maybe.,True
3462,114,1672,5,2023-10-15,Impact often might identify process floor house it economy first ever option high evidence range common.,True
3463,248,260,1,2023-02-02,Speak should through of check similar more drive action son glass arrive reflect.,True
3464,77,1002,2,2024-07-17,Since happy phone west effect face best task always military successful face newspaper national TV.,True
3465,10,1990,5,2023-03-13,Street total key write very suffer special kind situation eye market structure phone could vote maybe.,True
3468,247,1165,4,2023-04-25,Return everybody natural adult trouble bag risk today strong.,True
3469,59,2264,5,2024-02-27,,False
3470,126,1604,3,2022-04-20,Claim great player ten they oil letter man chair eye population represent week focus away.,True
3471,54,617,5,2023-12-24,International of better tough play season cultural treatment want perform kitchen.,True
3472,282,2187,4,2022-02-26,,False
3473,32,1915,5,2024-02-06,This us picture opportunity factor left yet budget continue pull senior tend small development.,True
3474,224,2231,4,2024-12-14,Thousand successful heart instead note movement sort oil myself audience help in pay brother role.,True
3475,114,1646,5,2023-02-20,,False
3476,93,2385,4,2023-06-25,Such their rock within thank purpose push maybe plant receive heavy lay toward fast much.,True
3477,284,697,3,2023-01-25,He others kind well over travel make lot reality society phone administration total.,True
3478,178,2431,4,2023-05-16,,False
3479,93,1338,4,2023-12-20,Alone spring modern court room sister dog too not everything sign reality.,True
3480,180,597,3,2024-02-21,Its none identify full appear early standard toward happy.,True
3481,1,1388,2,2024-01-06,,False
3482,205,1631,3,2023-01-16,Able sea grow ball least there decision at design point method keep night.,True
3483,155,945,1,2022-12-08,Sometimes meet thought work work simply wall open stage.,True
3484,122,131,4,2023-10-30,Since that matter peace design mention Mr marriage raise just rule rise.,True
3485,65,1837,4,2024-09-20,Situation act camera rate power generation example significant family bad step financial sure able national threat.,True
3486,84,2426,4,2022-05-25,Sea maintain born key side fall more first one dream dark health skin right another.,True
3487,92,2077,5,2023-10-05,Economy individual center receive really hot lawyer entire measure here nice manage bar require central big.,True
3488,25,247,4,2024-11-06,Interest artist quality people member budget book environment four particular soon city three.,True
3489,260,1671,5,2023-04-28,Special travel term nearly property against common drug yeah old huge finish course fine.,True
3490,142,1458,4,2024-11-11,,False
3491,120,892,5,2022-01-26,Test plant list far voice lot religious treat.,True
3492,41,1674,4,2023-12-18,Imagine want hair foreign southern consumer easy deal worker hair avoid.,True
3493,165,1093,1,2022-08-12,Second beautiful pretty image age cultural customer mention resource meeting four.,True
3494,187,797,5,2023-04-29,Land far decade conference sound suggest ability.,True
3495,169,517,5,2023-01-18,Because hand huge leave southern prepare party such personal question magazine person state debate ask.,True
3496,140,1676,3,2024-08-05,Change way every view ever once rate first get agency admit enter.,True
3497,174,592,4,2022-10-26,Same away minute always thought voice out over election rule hair sister.,True
3498,269,1275,4,2022-12-14,,False
3499,125,1206,1,2023-04-11,,False
3500,260,1717,2,2024-12-12,Certain lay any federal pretty billion common she year sing.,True
3501,237,1005,5,2024-06-11,Whole enter line ago particular better song positive gun upon.,True
3502,42,764,2,2024-10-29,Year teach dream put walk probably stand song.,True
3503,5,678,5,2023-02-17,Fish you care need guess section build word television.,True
3504,163,969,5,2024-08-26,Collection fall off board memory season significant able ago community dream mother mention treat year performance.,True
3505,186,168,5,2024-12-30,Hair increase now management hundred radio of account per be line.,True
3506,247,1268,4,2022-05-09,We term down watch reflect north eat decide deal town easy it Republican myself leave case.,True
3507,223,1752,5,2023-05-12,Word recently plant sign responsibility young reality off billion soldier professor.,True
3508,28,1559,3,2022-08-26,Series investment close program Mrs back practice face.,True
3509,297,1953,5,2022-04-30,Natural spend benefit create candidate major deep issue politics popular recent your process.,True
3510,154,602,5,2023-12-21,There center respond design cause catch city item laugh that rise hotel second.,True
3511,206,30,4,2022-12-04,Future bit garden carry miss magazine spend evidence girl.,True
3512,116,796,5,2024-04-11,Everyone letter recent kind fine event back.,True
3513,170,2222,2,2024-10-08,Leader federal rule hit focus sense describe often place environmental structure production.,True
3514,121,967,5,2023-12-17,,False
3515,59,1973,2,2023-07-01,Everyone hear officer onto five accept nearly recently last fish.,True
3516,198,1190,4,2022-10-11,Management response six season protect agree into concern social a relationship.,True
3517,193,2445,5,2022-12-15,Cost feeling process large writer else tend nature live.,True
3518,10,1544,5,2023-06-26,Military once can bring commercial million series within down follow interesting.,True
3519,183,2332,3,2024-12-01,Rock team nice another compare right political table order.,True
3520,105,1924,5,2023-03-28,,False
3521,51,122,5,2024-06-02,Today commercial along still ground personal about region order should crime generation else north deep.,True
3522,200,1721,4,2022-05-06,Majority sing candidate suffer oil cold beautiful administration pull.,True
3523,15,1961,3,2022-01-19,College our under carry guess less wish number mention.,True
3524,279,1709,2,2024-04-17,,False
3525,144,1207,4,2024-01-31,Easy small reality school economy deep issue almost condition color any above possible list allow.,True
3526,75,1062,1,2023-03-27,Loss move make skin any here foreign family add member.,True
3527,182,648,5,2024-08-21,Someone hard office western anyone force watch base cost position member trouble while again occur.,True
3529,103,2178,4,2022-10-20,Responsibility whom face exactly body single body yeah together doctor fast TV result easy call gas.,True
3530,107,595,5,2023-04-11,Senior certainly own international evidence ready especially.,True
3531,188,685,1,2022-02-23,Recognize worry use reach must produce pick avoid fine vote.,True
3532,92,1291,4,2022-03-12,,False
3533,75,479,4,2022-04-17,Speak rule note several fund per thought serve food.,True
3534,101,1241,5,2022-11-13,Bank ok keep thank market and world outside base popular season another hand despite.,True
3535,153,2031,4,2024-04-28,Total perhaps boy value conference entire whatever send beautiful fly.,True
3536,109,2200,3,2022-03-13,Population its easy upon work power project my argue body garden certainly top break such.,True
3537,170,867,5,2023-01-23,Service per full either remember boy challenge report foot oil brother day hour hope figure.,True
3538,224,405,5,2022-10-21,Everything because smile top age share a behavior national.,True
3539,157,509,5,2022-02-17,Stay above important new Congress study dog his.,True
3540,145,603,4,2024-10-27,Whole notice safe bag message personal may politics main president form.,True
3541,76,1293,5,2022-10-07,Assume late both expect draw often total American political degree happen research.,True
3542,259,1788,5,2024-11-24,Western daughter window exist evening modern part attorney what indicate for party behavior movie democratic.,True
3543,126,1742,3,2023-04-02,Beat like where collection son explain several structure down answer.,True
3544,230,715,5,2022-09-18,,False
3545,257,1572,4,2022-09-23,Able nor off agree watch everything middle art language arm bit perhaps.,True
3546,18,28,4,2024-06-17,Better source yeah painting stop agent him Democrat material often government group.,True
3547,91,686,1,2024-12-31,Cultural could modern test room history response eight north early try western black challenge wrong.,True
3548,230,1392,4,2022-10-17,Nature rule account physical something scientist their year relate public compare ball less physical design.,True
3549,100,242,4,2023-03-09,,False
3550,115,1150,4,2023-10-16,Physical moment less interest economic responsibility force truth name be scientist strong practice close.,True
3551,288,494,3,2024-03-06,,False
3552,79,1731,5,2024-09-21,Leg better guy believe ahead young teacher find enjoy life situation someone affect.,True
3553,101,662,1,2022-10-01,,False
3554,232,1130,5,2023-07-06,Thank wall source generation kitchen in market contain either themselves nation.,True
3555,298,1464,5,2024-02-26,Nothing within good organization as off top adult suddenly worry process enough realize.,True
3556,63,820,4,2024-09-06,Whatever friend us feel task institution power type certain body glass necessary stay lead simply speech.,True
3557,37,171,3,2024-12-20,Some wish soldier pull leader idea sea magazine reduce suggest.,True
3558,136,656,3,2023-01-07,,False
3559,167,1985,3,2022-03-22,Consider whose drive study short lose order across TV girl newspaper.,True
3560,70,1813,3,2023-10-07,,False
3561,138,1753,1,2022-10-11,Your everyone serious somebody join doctor difference amount.,True
3562,182,333,5,2023-03-08,,False
3563,283,15,5,2022-10-10,Instead memory themselves notice yeah least shake industry commercial task parent director conference information be young.,True
3564,84,353,4,2022-01-23,Community indicate from attack today camera wide better friend some visit stay turn think.,True
3565,150,241,5,2023-08-25,,False
3566,94,2247,4,2023-08-01,Public would success campaign dark simple car physical.,True
3567,241,136,4,2023-07-10,Appear food true development every young reveal likely.,True
3568,108,1771,5,2024-04-10,Admit law name side responsibility head discussion set future far medical.,True
3569,130,312,4,2023-12-30,Sure concern subject scene think fund rather since else value summer down.,True
3570,198,2035,5,2023-10-15,None book change region various increase hair minute seem her create.,True
3571,221,1668,3,2023-01-10,Decide another yes claim its word require message letter believe choose year story statement these free.,True
3572,164,1390,5,2022-11-07,,False
3573,251,1236,4,2022-06-05,Enjoy speech pull today way send beyond billion national while realize face talk back.,True
3574,4,893,2,2024-11-05,Require or fight year remember picture third time say up sense heavy gas in street.,True
3575,154,1152,4,2022-06-17,Magazine seek amount figure happen will reality business.,True
3576,167,665,4,2023-12-10,,False
3577,202,969,3,2023-07-14,Future general television peace want decade accept various continue within can whose late.,True
3578,283,1794,4,2024-03-07,Yard find write product cover son what green be out per phone civil.,True
3579,164,233,2,2024-01-07,,False
3580,172,728,3,2024-10-31,At first when party kind suddenly stuff wind.,True
3581,237,164,3,2022-05-31,Defense area speech investment either answer week recognize bring significant material service really your avoid back.,True
3582,295,1347,5,2023-01-22,Than air race energy along star control type find future hit individual specific report become customer.,True
3583,285,629,5,2024-01-13,,False
3584,178,275,4,2023-03-04,Group line plan career significant single discover off consumer over coach smile consider environmental name term.,True
3585,117,1288,5,2023-07-25,Man young out rise job leg some.,True
3586,41,1223,1,2023-09-01,Find occur while western never beyond interest several coach prevent far raise.,True
3587,64,1656,1,2022-10-20,Law old quite that assume baby alone meeting quickly let quite.,True
3588,200,2077,3,2023-07-14,,False
3589,54,424,4,2022-10-13,Newspaper certain degree require quickly plant sometimes everything smile.,True
3590,26,2003,2,2023-07-25,Movie moment size house people the financial wife ball energy brother.,True
3591,158,666,2,2024-11-03,Less per only either here area ask data often especially tough can.,True
3592,113,801,2,2023-06-11,Size production boy she deep over follow happen under PM challenge friend number.,True
3593,113,1772,3,2024-08-03,Structure kid stuff action including light police project.,True
3594,196,586,5,2022-06-18,Want while leave ago table partner degree hundred.,True
3595,243,1751,5,2024-08-18,Claim research gas water deep break out set situation old couple usually military.,True
3596,193,385,5,2022-12-06,Statement member return third rich actually door matter mother vote fund guy hospital budget behind.,True
3597,45,850,5,2022-11-04,Enter card wide four show play claim light.,True
3598,163,2487,1,2022-04-09,Unit push then concern discover measure but too especially guy than worry bar.,True
3599,153,73,5,2023-09-15,Or laugh data alone fast his defense name focus exist son.,True
3600,263,1772,2,2024-07-24,By central available pay rather miss whether father.,True
3601,26,641,5,2024-05-26,Daughter campaign approach group parent argue off pay.,True
3602,286,1512,3,2022-05-24,,False
3603,88,816,4,2023-12-04,,False
3604,281,1802,5,2023-01-23,Agency not charge two charge always response two theory speak.,True
3605,16,1462,5,2022-10-11,Imagine site just star trouble quickly that cut natural need her impact face.,True
3606,101,2055,5,2022-04-08,Program our write lose determine real family.,True
3607,25,537,2,2022-04-12,Continue program our option room center design forward country brother full education yet.,True
3608,192,115,3,2024-02-03,Rock home ok let international play trouble fear age picture environmental compare build.,True
3609,178,982,3,2023-03-16,,False
3610,200,1956,3,2023-10-20,Road travel form western recently Congress threat get floor dinner beyond special view say trade sing.,True
3611,45,2140,4,2024-10-11,Style these goal a hold under expect happen good mission decade hot leg chance night.,True
3612,78,1837,2,2022-10-01,Site office whether oil soldier step plant next represent image hold.,True
3613,164,1127,3,2023-06-10,More better hundred question wait threat rich morning expect find crime finish produce section interesting we.,True
3614,53,409,3,2022-09-21,,False
3615,42,1915,3,2023-10-26,,False
3616,118,2163,3,2022-07-23,It skin wide present adult point market end.,True
3617,20,2380,5,2023-05-20,To and without though PM glass consumer per sound.,True
3618,135,846,2,2022-09-26,Though kind party dinner travel list night.,True
3619,58,585,4,2022-12-31,Another energy hard beyond girl our scientist ten.,True
3620,121,299,4,2024-10-10,Think fast serious mission plan final should material bit.,True
3621,172,655,3,2022-06-08,Quite teacher traditional million maintain office glass.,True
3622,227,101,2,2022-02-27,,False
3623,138,1439,4,2023-08-25,Follow wait particular store card boy position lay.,True
3624,23,101,3,2023-01-16,,False
3625,117,830,3,2023-01-29,Almost as never example add recognize suggest ready discover sit reality us finally simple others fight.,True
3626,14,576,3,2024-07-22,Pressure special control west may catch these yourself make success everything item.,True
3627,16,1701,5,2023-04-20,Single evidence impact heart while new still deal kitchen help.,True
3628,31,1504,5,2024-05-22,However president relationship behind if military onto he these financial.,True
3629,206,2126,1,2024-01-14,Brother mission feeling natural fire point evening science community because but bank close under.,True
3630,143,2224,5,2022-01-09,Model really size occur significant establish apply bed can southern positive speech level record behavior.,True
3631,167,2160,4,2022-10-31,Rather notice benefit onto specific though country may control attack election sound.,True
3632,26,741,5,2024-01-11,,False
3633,275,841,5,2022-10-01,Child task local across why see amount Congress military skill large run important explain form.,True
3634,242,1642,4,2024-12-29,Quality quickly art common person blue five society factor.,True
3635,145,325,5,2022-07-22,,False
3636,187,620,2,2024-06-26,Job personal two ability simple company learn capital senior dog break usually possible.,True
3637,255,2278,4,2022-04-25,Meeting improve realize decade wind sense everybody.,True
3638,5,1865,4,2024-10-13,Old watch them another common throw after cut message young.,True
3639,135,2113,4,2024-02-04,Red organization animal catch field ability type late customer realize probably need traditional.,True
3640,202,2286,1,2023-07-04,,False
3641,280,1771,5,2022-01-08,Peace fast range question fall window outside enough lay bank doctor.,True
3642,191,1297,5,2024-07-25,Plan coach thus adult service again music son can raise chair when administration radio.,True
3643,158,1665,4,2024-12-01,Order movie instead loss society catch environmental finish finish.,True
3644,126,1924,4,2024-10-17,Participant chance weight building method billion perhaps.,True
3645,101,431,2,2022-06-04,Some floor movie describe wife company to direction manager different.,True
3646,57,2036,4,2023-12-15,Catch author shoulder hot around Democrat modern popular bank serious once.,True
3647,50,1538,4,2022-11-13,Even visit coach provide Democrat western camera maybe road interesting tax house own note ball meet.,True
3648,116,2313,4,2022-10-11,She hundred chair trouble book poor land sell.,True
3649,252,506,4,2024-06-03,Resource race condition single general ground few land child agreement anything enough.,True
3650,51,1669,3,2023-09-19,Traditional truth PM yard soon sign close compare gas raise laugh all man middle south.,True
3651,10,2338,5,2022-10-30,Modern situation just especially develop safe seem.,True
3652,81,2237,4,2023-02-21,Hundred above possible nearly ability week maintain.,True
3653,192,2253,4,2024-02-01,,False
3654,24,1426,5,2024-11-24,Section high set west green million toward western road treatment first subject difficult.,True
3655,211,1664,5,2022-05-29,Yet may material wife whom continue move us security trip fact push.,True
3656,61,773,3,2024-10-30,Join rule quickly learn seven weight collection voice though build sea top.,True
3657,176,1944,3,2022-01-27,Paper husband evidence along off party citizen energy car lawyer interview thank respond today.,True
3658,29,92,5,2023-06-25,,False
3659,149,2408,5,2023-09-22,Character bad surface really wall as land point four hot least family easy born.,True
3660,194,2043,4,2022-06-06,,False
3661,25,1201,5,2024-02-01,Law field father reality smile so nor amount remember we red major man.,True
3662,147,689,5,2022-02-13,Appear adult close expert seem support despite put ability turn nice difference building mouth south.,True
3663,142,2237,5,2023-09-27,Single religious so adult speak pay create since discover.,True
3664,163,634,5,2024-09-10,Couple hard day step economic save body.,True
3665,66,1821,5,2024-12-05,Hard reason some establish tonight phone window run board pattern material half summer not direction.,True
3666,110,613,5,2022-04-06,Politics card street modern perform century miss think red.,True
3667,47,486,5,2022-11-15,,False
3668,32,159,5,2022-03-10,Such how them behind although condition everybody investment least increase cultural American development as hold.,True
3669,99,2254,4,2022-03-05,,False
3670,211,909,5,2022-06-11,Tree senior nation look life here partner Mrs.,True
3671,14,263,4,2024-09-16,Suggest standard evening ever ask nation bank black enjoy coach sing compare free.,True
3672,254,1431,5,2024-04-14,,False
3673,119,1795,3,2024-05-02,Direction say yeah section moment career me compare difference capital political little wish sort.,True
3674,42,1905,5,2023-12-30,Reality story citizen reach successful collection sing role value project drop tend red develop.,True
3675,48,1853,5,2024-08-31,,False
3676,114,1444,3,2022-08-05,Rock himself tell my individual keep half old.,True
3677,22,474,2,2024-12-16,Let letter president meeting every ago country understand well.,True
3678,134,323,4,2024-01-16,Point key to sell party society discussion real move job personal mean.,True
3679,40,617,5,2024-04-02,Interview face with small pass north shake lose.,True
3680,123,1076,4,2024-12-31,Hope affect drop step ability try myself ask site age.,True
3681,243,1359,4,2023-11-15,Sure likely door theory yeah million woman run data police audience music quickly answer.,True
3682,16,1433,4,2023-03-05,,False
3683,280,2089,2,2024-09-11,,False
3684,169,1672,2,2024-09-01,Control argue middle person discuss purpose claim win election.,True
3685,25,438,4,2024-05-03,,False
3686,99,1866,5,2024-01-13,,False
3687,65,473,2,2023-04-18,,False
3688,200,647,5,2024-01-07,Them enter really risk exist executive lot civil million management outside.,True
3689,225,133,5,2022-12-29,,False
3690,56,1354,5,2022-06-22,Face someone staff rock least spring lay agency understand.,True
3691,198,902,5,2023-10-25,Hold nothing official end test race heavy despite investment wind than course heart state capital.,True
3692,96,1140,2,2023-11-22,,False
3693,90,1252,4,2023-07-22,Task style daughter ahead manage teacher management ahead attorney matter baby water wall together describe something.,True
3694,287,834,4,2024-11-15,Born its avoid common tough commercial remember series save part court information someone significant tend.,True
3695,81,767,3,2022-02-27,,False
3696,286,880,3,2022-06-20,Discover public something contain tree effect rich between cold though car.,True
3697,2,270,2,2024-05-02,Enter control none attorney church seven brother.,True
3698,272,2402,5,2022-08-10,Loss pay probably issue sometimes letter deal cover best college second.,True
3699,154,1069,3,2022-05-15,,False
3700,133,1117,5,2023-07-04,Past democratic yeah go defense indeed three.,True
3701,211,328,4,2023-08-20,,False
3702,205,1941,4,2022-09-14,Watch election both say big other herself nor teach wife news spend attention check meet.,True
3703,268,1218,5,2024-09-01,Yeah see go smile from trade energy health idea face raise.,True
3704,110,2248,5,2023-03-11,Suggest really approach these another left ten nature remain window pay clearly tell threat line rock.,True
3705,188,2194,5,2023-01-24,Another training from eat responsibility brother choose she when collection especially experience.,True
3706,281,662,3,2022-12-04,,False
3707,221,941,4,2022-12-03,Speak upon personal easy actually office national form sit light key down heart project minute.,True
3708,190,1816,2,2023-11-14,Action kitchen thus imagine myself husband Congress senior perform federal participant official task although decade.,True
3709,243,64,3,2023-08-09,College while born hope mouth design attention play show.,True
3710,72,1099,5,2024-03-22,Economy quickly consumer bag want gun four program foot mission night.,True
3711,16,32,4,2023-04-14,Wonder even conference camera difference foreign husband remember.,True
3712,69,2370,4,2024-04-18,,False
3713,205,830,5,2024-04-24,Study doctor ground ask production significant there yeah play.,True
3714,3,1537,4,2023-05-06,Indeed drug music animal much hot almost accept watch suggest.,True
3715,254,62,1,2023-04-08,Front recently main paper ball civil upon assume why must.,True
3716,202,358,4,2024-03-06,Force cut population sense economy radio wind billion conference from month.,True
3717,113,1787,5,2024-05-09,Painting growth friend sport create list over local much memory ball represent middle amount identify back.,True
3718,254,2173,4,2023-10-12,Near seem medical knowledge popular relate create Congress listen laugh meeting follow fish expect local.,True
3719,8,2245,5,2022-07-27,Age always show some scene need medical course music health increase sell rest up.,True
3720,31,280,5,2024-12-06,,False
3721,33,2300,3,2022-05-02,Relationship final wind audience station international change law trial us general want him hope.,True
3722,173,265,3,2024-04-23,North ball arm happen late space change and for huge staff institution seven everyone require important.,True
3723,207,1311,3,2023-04-13,,False
3724,238,1680,4,2023-03-04,Wish I finally single television draw friend reason much middle cut soon dinner.,True
3725,5,1402,4,2022-08-15,Enjoy eat choice surface memory use rate maybe.,True
3726,258,414,4,2024-03-31,Community account visit hour itself debate matter large recently because note again such usually a after.,True
3727,265,1535,4,2024-01-28,Section human support letter actually response stay someone final.,True
3728,252,97,5,2023-08-02,,False
3729,262,2490,4,2023-03-21,Try oil attorney win century management main including about tell participant far share great serve child.,True
3730,208,583,5,2022-08-20,Bring what happy lead would woman choose loss where less house hour break cold carry.,True
3731,30,107,4,2022-01-28,Defense agent star any seem third and just senior trade.,True
3732,292,422,4,2024-05-28,How much fast next heart off maintain food lay service try.,True
3733,288,228,4,2024-12-29,Up whether development task take difficult out help.,True
3734,21,147,5,2022-10-28,Student expert point style whom determine give fear.,True
3735,8,1233,1,2023-09-30,Exactly run impact his rate nice try couple responsibility purpose there well.,True
3736,143,1908,3,2023-02-03,Knowledge hotel city moment receive voice sing including thought.,True
3737,274,1792,4,2022-03-31,,False
3738,95,367,4,2023-01-01,,False
3739,159,519,4,2022-09-19,,False
3740,137,347,3,2024-08-12,Tv pretty work attention at outside sort speak energy quality resource girl.,True
3741,163,1630,3,2023-06-03,Course too office door account similar hold even room around social perhaps.,True
3742,85,1576,1,2022-11-02,Wife guess production nothing employee challenge upon above also seven mean.,True
3743,122,668,5,2023-12-16,Ability later east second involve summer wall at what between there almost imagine magazine.,True
3744,293,1348,3,2023-05-07,Government ball today money necessary finish compare question former item relate himself central close.,True
3745,242,960,4,2023-05-30,,False
3746,189,673,2,2024-01-26,Well poor southern executive behind because girl television.,True
3747,50,1326,2,2023-04-20,Democrat rule per recently space in of allow writer street economy might manage resource.,True
3748,56,674,2,2022-03-29,Serve white yard serve could no town project process free left hair.,True
3749,69,153,1,2024-05-22,Approach let age fill crime account we hospital left.,True
3750,226,475,4,2024-12-20,There gun degree citizen successful film next choose standard several.,True
3751,250,1812,3,2022-05-26,Tend front international six fight decision dog second science.,True
3752,89,397,2,2023-09-20,Task author time improve interest guy single air morning soldier.,True
3753,13,115,4,2024-05-20,Science tonight be firm close deep manager suddenly sport building use everybody.,True
3754,175,88,5,2022-10-25,Describe along shake on apply ok time drop effect professional stuff.,True
3755,277,550,5,2024-01-01,Area more lose whatever mean project hot.,True
3756,282,57,3,2023-01-25,Miss field clear continue less hope goal friend really success though find.,True
3757,11,1287,1,2022-08-03,Ok management game beat decision sound candidate imagine kid.,True
3758,83,932,3,2022-11-20,Evidence teach several community interesting around which great course society wish participant late ready consider against.,True
3759,30,1934,3,2023-12-12,,False
3760,12,372,4,2022-03-01,Professor lead material performance build effect face early himself whole.,True
3761,227,513,5,2024-03-21,Chair director attention make police daughter rule customer father low life it.,True
3762,86,2477,5,2022-08-13,Their response its with green central think issue.,True
3763,279,484,3,2022-05-08,Feel specific some task training only attack put they now despite agreement.,True
3764,164,2092,3,2023-01-27,,False
3765,240,1174,5,2024-11-27,Republican send unit yourself us turn protect put then find.,True
3766,296,2338,4,2024-05-18,War model represent impact level boy again finish first.,True
3767,61,2338,5,2023-12-31,,False
3768,71,785,5,2024-11-09,Between respond way good sort analysis us southern.,True
3769,35,2257,5,2023-11-29,Nation none husband sense their those beat never part ask author me street or tough statement.,True
3770,6,688,5,2024-12-18,Think medical politics green image possible end art any.,True
3771,19,1581,5,2024-11-23,,False
3772,126,1786,2,2024-04-21,Sing identify should loss particular gas east shake.,True
3773,130,855,4,2023-10-26,Then skin same simple painting those report base safe realize program community relationship.,True
3774,72,1282,5,2024-12-24,,False
3775,10,1402,4,2022-08-14,Wait recent site call wear half story.,True
3776,278,1463,4,2022-08-02,Voice drive along word team meet nor statement article.,True
3777,153,1708,3,2022-09-21,Require western daughter wife bank case war say position evidence worry decide spend.,True
3778,281,748,5,2022-01-04,,False
3779,36,1638,3,2022-08-17,Modern hit thousand lawyer administration at Mr movement.,True
3780,168,260,5,2024-10-22,,False
3781,211,2317,5,2024-08-24,Glass radio feeling far people body blood win chance factor.,True
3782,96,864,4,2022-06-21,About us oil cover statement door prepare soon usually everything according together in.,True
3783,143,482,5,2024-07-29,,False
3784,187,39,4,2024-10-12,Body news race reality picture establish important ready country fast four very doctor past.,True
3785,271,336,5,2023-08-19,Practice single store sit stand key mother economic this project million forget feeling computer claim.,True
3786,75,1763,5,2023-08-05,,False
3787,276,62,5,2024-02-14,Woman rather can network approach serious them call computer opportunity seem role exist total.,True
3788,192,1731,4,2023-09-26,Threat but source although key father century run account serve news address.,True
3789,93,307,5,2024-08-07,Rich far strong majority affect prove eight forward themselves young.,True
3790,177,55,3,2024-03-12,Continue director work front read not lead within worry information peace.,True
3791,231,64,2,2023-02-01,Stuff practice security top coach today support than determine ago whatever consider various end how.,True
3792,28,2160,3,2024-11-14,Account discover effort them detail live act month management rather make friend class small support thousand.,True
3793,239,1245,4,2024-07-10,,False
3794,136,176,5,2024-05-26,Without traditional almost figure plant Democrat wife card upon.,True
3795,265,430,4,2023-08-04,Could question nation political need health should.,True
3796,291,1903,3,2022-06-01,,False
3797,290,1127,4,2023-09-09,Grow allow approach best professional in myself idea indeed evidence.,True
3798,151,1480,3,2024-03-15,Imagine fund heart performance fight audience officer my themselves system.,True
3799,157,816,2,2024-04-28,Style report to family firm fly recent others.,True
3800,243,1802,5,2023-03-08,Market man firm find thousand must become positive moment hour huge industry director spend.,True
3801,117,722,5,2024-01-13,Society special owner best employee both member far soldier.,True
3802,245,1463,5,2023-02-06,,False
3803,182,1903,4,2024-06-07,Accept green worry project box under usually end all the he establish management government.,True
3804,61,2303,5,2023-09-30,Up interest range sort rest wish through leader sound.,True
3805,99,982,2,2024-09-23,Big message end hand clearly north determine project foot suffer board realize.,True
3806,131,2196,3,2024-03-21,Choice well degree apply state federal husband garden interview.,True
3807,213,827,1,2022-01-21,Wonder standard prove item cold north nature despite similar fear best high sometimes.,True
3808,138,1076,4,2023-08-10,Ok scene daughter onto he close past space politics difference list degree fund.,True
3809,264,2037,5,2022-07-12,,False
3810,53,1741,4,2023-05-11,Party mind different set bag hospital process instead ready.,True
3811,53,497,5,2024-05-12,Single large would street true current about as beautiful best pay.,True
3812,159,2042,5,2022-08-02,Student production world hour owner walk protect mean several rather require.,True
3813,299,850,5,2022-03-05,Direction number pull environmental stand go even officer on talk one federal.,True
3814,110,752,3,2023-07-13,Move five small suffer trip eye hospital find center know agreement group world strong model forget.,True
3815,20,2355,4,2024-01-06,Not since despite least nice anyone door laugh everybody training news wonder already find.,True
3816,73,286,4,2022-06-10,Up effort already serious threat white my grow property now risk western leader condition simple direction.,True
3817,296,213,4,2024-05-05,Apply author network join subject environmental put can official stay large adult.,True
3818,206,2105,3,2024-03-08,Focus provide store hold change president city system notice may.,True
3819,238,802,5,2023-02-22,Me magazine way production Mrs son executive share million usually away compare chance example here.,True
3820,51,256,5,2024-12-28,Own poor serious amount hot less difficult cause establish white decide become.,True
3821,275,430,4,2022-03-08,Suffer worry somebody move around fly bill such class per.,True
3822,160,1248,4,2022-10-22,,False
3823,143,2222,5,2023-01-27,Marriage health few manage and song notice effort brother heart particular.,True
3824,120,2245,3,2023-01-11,Each source mention throughout good reveal business south me network set lawyer size money four.,True
3825,259,39,5,2023-05-18,Film late from democratic decide dinner hospital away partner.,True
3826,52,1164,5,2022-05-24,,False
3827,176,1713,5,2024-04-20,Decade her again six understand reach however born he just politics yes worker test style.,True
3828,154,1528,5,2024-05-01,,False
3829,171,2200,5,2024-04-11,Ten movement last modern purpose laugh level near focus they.,True
3830,81,617,4,2022-08-30,,False
3831,66,1071,4,2023-10-19,Lay what situation real always student full.,True
3832,226,133,5,2024-04-04,Help its determine history send hospital wish necessary sense decade people someone.,True
3833,150,1167,5,2024-07-01,This decision around exist sense best discuss organization will.,True
3834,19,1301,4,2023-10-10,Near control air poor land visit say marriage animal series company cut sign street notice.,True
3835,37,2137,4,2024-06-19,Science picture remain get according condition candidate strategy perform people.,True
3836,54,715,4,2022-09-06,Attack decide address experience third think require.,True
3837,264,678,5,2022-06-13,Threat any right line father point understand ball difficult choice care their in institution fine.,True
3838,178,312,3,2022-11-27,National challenge item difference draw add affect rate vote no.,True
3839,22,46,5,2023-06-25,,False
3840,259,102,5,2022-01-22,,False
3841,124,2151,5,2022-09-11,,False
3842,8,743,4,2023-10-01,Truth see section street cup reflect audience rest artist material.,True
3843,155,81,2,2022-09-14,Baby eye half top beautiful prove floor blue book avoid huge western own.,True
3844,73,345,4,2024-03-30,Sometimes throw official clearly door score make mean Republican.,True
3845,15,678,4,2023-03-26,Research mission ok popular chair ask some yet nice soldier read truth.,True
3846,31,2315,5,2023-02-10,Citizen challenge something president think pull stage feel science million song before three finally.,True
3847,168,1228,4,2023-12-21,Accept water data seven especially charge easy factor entire.,True
3848,210,515,2,2022-01-20,,False
3849,223,1189,5,2024-06-07,Begin many former enjoy see analysis Democrat candidate prove couple area.,True
3850,249,752,1,2023-10-27,Hear tree others behavior factor drive or shoulder.,True
3851,13,1083,4,2024-04-14,Up dream financial before prove ten work feeling give.,True
3852,2,1689,5,2024-07-04,Parent hope blood true several interest night example at nature soldier life.,True
3853,147,2462,4,2023-10-04,Street TV particularly beautiful light into mouth reduce none indicate rich after color.,True
3854,96,2423,4,2024-08-18,,False
3855,57,1234,5,2024-07-31,Manage soldier national because we read three as reveal money way general or condition another general.,True
3856,83,40,5,2024-12-14,Long newspaper suddenly foot budget thought throughout story.,True
3857,270,1543,4,2024-11-19,Ago among participant indicate agency half industry agency successful media poor only free yourself listen.,True
3858,151,1740,2,2023-03-18,Trial call anyone executive decision against model.,True
3859,228,593,5,2023-04-13,Next state former camera difference close security their far do quickly focus present.,True
3860,91,1625,5,2022-06-15,Raise available democratic security address center stay fish cause.,True
3861,265,1310,5,2024-04-13,,False
3862,4,906,5,2024-03-07,,False
3863,129,372,2,2024-09-22,,False
3864,49,2265,4,2023-12-18,Source team job life protect score strategy have today throw voice themselves.,True
3865,74,970,3,2023-02-21,Cut medical hotel along believe beyond different stuff detail require once both sell relate occur.,True
3866,280,830,4,2023-12-23,Station professor laugh expert inside far discussion writer argue staff describe.,True
3867,263,2252,5,2023-08-05,Project successful reduce natural ball brother production.,True
3868,214,1010,5,2022-09-29,,False
3869,77,1461,4,2022-07-25,Door about their by charge week movement almost see sound every as.,True
3870,129,452,4,2024-07-04,Pressure she similar kitchen cultural degree computer writer past daughter morning scientist task from simply.,True
3871,95,988,5,2024-03-27,Test arrive choose carry point adult couple religious sense well purpose office.,True
3872,64,2370,5,2024-07-05,Last hard defense contain sing evidence foot national raise.,True
3873,84,1438,4,2023-10-22,Between itself picture and role American law toward upon ever accept start small soon present piece.,True
3874,18,146,3,2024-04-06,Save no source determine body up source finally.,True
3875,106,1805,5,2022-10-04,,False
3876,64,1043,4,2022-11-12,Risk involve compare happy develop seven sure skill tell fly big word capital worker stay heart.,True
3877,246,423,5,2022-11-01,Very citizen yourself today political another care off management.,True
3878,216,859,4,2023-06-19,Task base direction although and certainly list second actually provide option head.,True
3879,104,23,3,2022-08-07,Work might end carry director ball night purpose remain civil its Congress player one.,True
3880,277,1445,5,2022-02-27,Remember father hold discussion through everything experience life option cost politics indicate skill spend surface.,True
3881,181,1778,4,2023-02-25,Public standard accept hard ball window happen practice accept economy great respond say discuss face economic.,True
3882,116,1746,5,2023-02-18,,False
3883,103,798,5,2024-03-30,New gun note truth stop real might fall determine pull trade.,True
3884,168,1140,4,2022-05-23,Born enjoy understand central again woman anything blood reach account.,True
3885,93,138,5,2024-09-07,Before break federal man health number Mr join author indicate Democrat media science war doctor arrive.,True
3886,151,2258,5,2024-07-03,Feeling end sell tough win throughout again method time never.,True
3887,61,1216,4,2023-03-09,Play next under bag way president ok force middle task ahead difficult store century machine.,True
3888,229,45,5,2023-04-11,Herself give family move itself mind increase set place training still.,True
3889,128,98,4,2022-02-07,Concern decide term current development choice camera art participant dream thing local reason.,True
3890,37,995,5,2023-04-07,,False
3891,264,1816,2,2024-05-18,Civil good near pay energy nice anyone.,True
3892,193,2352,4,2024-03-20,Return easy ahead between government evidence movie agency for race.,True
3893,110,1493,5,2024-07-14,Education process miss compare different player student tough.,True
3894,244,979,2,2023-12-17,Only else evidence yeah move war political.,True
3895,239,1686,5,2024-12-04,Reveal step certain service image third reveal wide.,True
3896,167,60,1,2023-04-29,Discussion go just someone easy arrive television focus.,True
3897,68,2201,3,2022-11-21,Sense seek hospital fact near top boy these government within professional yes.,True
3898,280,1015,4,2022-05-17,Section trip north century product upon third people.,True
3899,259,2051,5,2023-07-06,Increase carry plant reflect police blood a serious turn should language first laugh.,True
3900,223,2232,5,2022-03-21,In task ok send change he maintain that work little ready discover.,True
3901,19,2402,5,2024-12-11,Suggest cut sense discover born better hour apply art tell part.,True
3902,215,241,4,2023-03-28,Most south either sign those type hotel chance at computer grow floor.,True
3903,29,416,5,2022-03-14,Example enough fact customer hour direction watch between administration east animal treatment medical lay.,True
3904,137,1212,5,2023-11-02,Sister pay share rather data travel party then hospital little smile.,True
3905,181,2099,5,2022-02-15,Hair per speak from hope song score fact relate indicate.,True
3906,116,490,4,2022-10-17,Lawyer ball moment owner politics citizen important local bed issue on include keep.,True
3907,279,1386,2,2023-04-20,Society build say leader show language give everybody attack.,True
3908,194,2265,3,2023-03-05,,False
3909,28,1725,4,2023-01-01,Main say agency evidence difficult difference where rule hold six lead.,True
3910,141,2462,2,2022-02-16,Receive case human society event offer probably anyone.,True
3911,175,1102,5,2023-11-30,,False
3912,117,299,4,2024-04-23,Determine although letter most we debate democratic side road ok baby matter senior.,True
3913,66,2339,5,2022-04-20,Half industry performance avoid mean law today billion himself him whose of local detail science bring.,True
3914,114,2332,5,2023-09-14,Government rate speech person defense feel tonight.,True
3915,183,481,4,2023-01-06,Gas yeah already family pattern end serious several or one table human yes summer between.,True
3916,31,1399,4,2022-11-03,,False
3917,209,2078,4,2023-06-01,Ten traditional reduce participant American know thought car hour wrong himself positive think.,True
3918,79,1686,5,2023-01-14,Laugh into perhaps history tell campaign draw activity so laugh happy either prepare every.,True
3919,55,2468,5,2022-08-01,Well discuss matter anything at fish chance name capital specific.,True
3920,218,626,4,2023-04-27,Others world low political oil maybe rise quite buy might health relationship increase end.,True
3921,241,1420,4,2023-08-28,Need about three night certain town conference feeling subject.,True
3922,134,1092,4,2023-04-22,Bar recent for list still no huge year support great marriage appear trade.,True
3923,35,959,5,2024-10-05,Speech cut senior compare worry purpose miss agent official brother similar three back if effort.,True
3924,166,2378,5,2024-10-12,Half know think cold decide fire need energy area radio threat lead reveal up feel.,True
3925,60,2263,5,2022-12-18,Answer per item summer home force center wear learn.,True
3926,22,1591,4,2022-04-09,State total book page view reduce important analysis discussion resource risk animal under truth notice like.,True
3927,143,1383,4,2022-12-13,Walk another condition add possible economic record final candidate memory carry gas Congress.,True
3928,242,2458,4,2023-11-12,Own big yeah will pressure husband plant.,True
3929,149,1794,4,2023-10-19,Challenge think age guess yourself position ago education.,True
3930,184,1271,3,2024-01-29,This notice idea end city reason best simply.,True
3931,243,2286,4,2024-10-20,Indeed party detail field own food stock pressure computer challenge until speak.,True
3932,188,2130,5,2023-08-07,,False
3933,69,1001,3,2023-06-20,Put make arrive role risk Republican between realize talk if federal speech.,True
3934,45,472,4,2024-07-13,Matter hand more perform laugh outside on your increase offer score box not development successful.,True
3935,161,1039,5,2023-10-04,,False
3936,78,339,5,2022-03-05,Art field arrive benefit bit process effect music.,True
3937,167,33,5,2024-03-19,Approach whether report tonight level fire up country beyond popular leave suggest pay also course provide.,True
3938,270,1973,1,2023-08-31,Four rest medical strategy future room edge Congress student later weight discover season leg.,True
3939,256,2394,3,2024-07-17,Data wall about air toward eight west create president too really rock population particular.,True
3940,57,1080,5,2024-02-10,Player but account enough card day cell add throw recent raise.,True
3941,164,950,3,2024-08-08,Hair heart recent reason voice employee magazine attack director teacher today as expect.,True
3942,254,2379,5,2023-04-08,However fire today detail reduce be physical board think attorney upon.,True
3943,300,1794,4,2022-06-29,Concern difficult break ok occur child wonder special.,True
3944,181,38,4,2023-12-04,,False
3945,67,434,5,2024-02-11,Wrong leg any foreign Republican remain although forward himself worry buy large majority.,True
3946,282,1248,3,2023-05-18,Argue north toward special enjoy dinner similar himself responsibility accept take.,True
3947,73,930,5,2023-01-20,Sound street up treat necessary political official capital.,True
3948,234,2192,3,2022-03-20,,False
3949,182,1679,5,2024-07-13,Dark opportunity certain share deal let education focus record describe your important administration clearly.,True
3950,30,1217,3,2022-03-29,Create improve mean could ever but of step pass purpose yet.,True
3951,45,2390,2,2022-01-08,Rule four himself person drop here themselves population child message cultural role fast unit spring.,True
3952,197,608,5,2024-05-07,Rest with second card style yeah various paper throw upon six citizen.,True
3953,45,1596,3,2024-09-29,Black recent others former bad task free speak line.,True
3954,34,209,3,2023-09-02,Rate party senior decision authority young stop parent place range mind across collection defense picture.,True
3955,239,1347,4,2023-08-22,,False
3956,291,530,3,2022-10-08,Phone effect per floor street face green south food end military from.,True
3957,3,1154,5,2022-04-30,Talk wear want similar teacher hit anyone drive six little month whether official eye policy.,True
3958,117,1088,5,2024-02-07,Term fight evidence ability although small often use number hand film generation popular black not.,True
3959,226,2061,4,2022-05-15,Pay cost a sign let create mouth time these form after wide determine dark hold.,True
3960,34,1388,5,2024-07-13,Large generation nor official government must big sing view receive onto billion difference health.,True
3961,174,1997,3,2023-06-09,Cause group serious meeting employee population world admit serious institution.,True
3962,23,107,2,2023-04-02,Every case campaign step because style structure for prepare financial turn sell address quality.,True
3963,150,177,3,2022-05-07,Recently adult reality home move they manager east lot question suffer majority address.,True
3964,196,563,4,2024-05-10,Plant friend believe field wear hour land tend commercial film during concern push fear exist under.,True
3965,95,1186,5,2023-05-09,Citizen knowledge garden interesting remain policy their tonight.,True
3966,202,473,5,2023-01-24,Customer attorney front station be outside economy bar city with movie.,True
3967,61,1378,5,2024-10-28,,False
3968,234,629,3,2023-01-09,Into just himself human particular speak maybe provide him deal your alone executive.,True
3969,90,2060,3,2022-08-10,Image stuff course this together process ability modern.,True
3970,221,2117,4,2024-05-25,Attack fight both middle third arm pick.,True
3971,279,17,5,2024-11-19,Live start three can son left sister become why.,True
3972,86,2110,3,2023-02-25,Exactly free agreement special safe down similar plan person strong it phone figure.,True
3973,11,824,1,2022-05-06,Question make we eat church ten option resource page power east catch way unit.,True
3974,285,847,5,2024-07-17,Military rate population identify group open treat treatment.,True
3975,11,139,1,2022-03-24,Type agree hand reduce pay program collection base task involve on.,True
3976,197,91,2,2023-12-16,Everybody develop service push audience share night another floor hot.,True
3977,45,1198,4,2022-03-10,Outside establish job feel father father entire eye.,True
3978,50,1570,5,2022-06-29,,False
3979,48,2300,5,2022-11-16,,False
3980,20,1138,3,2022-02-01,Fire choice audience house eight father ago rest just figure tonight throw will.,True
3981,140,2022,3,2022-07-22,Which ground responsibility author design reflect series.,True
3982,223,402,3,2023-12-30,Left local here return site manage road treat control sign.,True
3983,36,1423,4,2022-01-16,Thus collection member site authority suggest project policy side.,True
3984,99,545,5,2024-12-27,Card save certain window city strong on term.,True
3985,160,919,5,2022-07-16,Left participant outside expert wrong subject available find take imagine necessary concern leader I bed.,True
3986,262,1958,2,2024-11-30,Family already international street could food miss.,True
3987,9,1476,5,2022-10-13,,False
3988,59,1101,3,2022-01-28,Me entire author her civil least walk hit trouble past pick series six.,True
3989,146,12,4,2024-03-21,School throughout attorney consumer from book social maybe role may they federal short account inside.,True
3990,205,316,4,2023-12-29,Heart catch admit seat professional cover by yeah hundred should purpose authority speech music former hit.,True
3991,17,161,4,2023-10-31,Visit foreign television half use class word find nation.,True
3992,33,2189,3,2022-03-26,Speech despite necessary stuff up case stage answer sure arm still smile second we run.,True
3993,297,1939,5,2022-06-29,,False
3994,290,2466,5,2024-03-27,Shake actually news analysis firm choose end often when mean front money.,True
3995,65,2177,4,2024-01-06,,False
3996,16,2195,4,2022-12-29,,False
3997,241,2306,1,2024-01-28,East choice hear major collection blue myself hospital wife stand claim much project red modern.,True
3998,158,1190,5,2024-10-25,Either media hour glass its price product behind.,True
3999,186,253,4,2023-03-09,Necessary west various TV yard put need could himself beautiful sit firm newspaper development.,True
4000,87,1098,4,2023-09-14,Home police significant expect culture letter example appear family center wall letter.,True
