customer_id,recency_days,frequency,monetary,r_score,f_score,m_score,rfm_score,segment
1,372.0,3.0,2286.3675,2,2,2,2.0,At Risk
2,79.0,4.0,4199.6345,4,3,3,3.2,Potential
3,279.0,6.0,12657.7395,2,5,5,4.4,Champions
4,780.0,1.0,19.76,1,1,1,1.0,Churned
5,72.0,2.0,4109.393,4,1,3,2.4000000000000004,At Risk
6,228.0,2.0,2172.744,2,1,2,1.6,Churned
7,153.0,1.0,1670.3825000000002,3,1,2,1.8,At Risk
8,279.0,2.0,1667.8355000000001,2,1,2,1.6,Churned
9,88.0,3.0,3782.524,4,2,3,2.8000000000000003,Potential
10,79.0,2.0,1687.6754999999998,4,1,2,2.0,At Risk
11,131.0,4.0,3296.6220000000003,3,3,3,3.0000000000000004,Potential
12,384.0,4.0,3659.6265,2,3,3,2.8000000000000003,Potential
13,149.0,5.0,6099.4974999999995,3,4,4,3.8000000000000003,Loyal
14,152.0,3.0,5678.8835,3,2,4,3.0,Potential
15,68.0,4.0,4889.5365,4,3,4,3.6,Loyal
16,384.0,2.0,970.8525,2,1,1,1.2000000000000002,Churned
17,661.0,4.0,6691.300499999999,1,3,5,3.4000000000000004,Loyal
18,121.0,7.0,8096.987,3,5,5,4.6,Champions
19,401.0,1.0,668.148,1,1,1,1.0,Churned
20,1.0,3.0,3488.18,5,2,3,3.0,Potential
21,93.0,4.0,4452.825,4,3,4,3.6,Loyal
22,197.0,2.0,455.3315,3,1,1,1.4,Churned
23,172.0,4.0,12011.249,3,3,5,3.8000000000000003,Loyal
24,5.0,3.0,5007.221,5,2,4,3.4000000000000004,Loyal
25,2.0,4.0,4424.398,5,3,4,3.8000000000000003,Loyal
26,355.0,4.0,4036.4880000000003,2,3,3,2.8000000000000003,Potential
27,249.0,4.0,6731.4505,2,3,5,3.6,Loyal
28,116.0,2.0,1337.9285,3,1,1,1.4,Churned
29,416.0,5.0,37871.9055,1,4,5,3.8,Loyal
30,52.0,2.0,4031.8635,4,1,3,2.4000000000000004,At Risk
31,615.0,2.0,1405.864,1,1,1,1.0,Churned
32,370.0,1.0,544.136,2,1,1,1.2000000000000002,Churned
33,59.0,7.0,6493.7805,4,5,4,4.4,Champions
34,315.0,6.0,13428.581999999999,2,5,5,4.4,Champions
35,26.0,3.0,1961.15,5,2,2,2.6,Potential
36,137.0,5.0,5758.7235,3,4,4,3.8000000000000003,Loyal
37,86.0,3.0,2349.319,4,2,2,2.4000000000000004,At Risk
38,206.0,2.0,945.4365,3,1,1,1.4,Churned
39,279.0,1.0,753.5305000000001,2,1,1,1.2000000000000002,Churned
40,122.0,1.0,1338.7055,3,1,1,1.4,Churned
41,401.0,1.0,976.57,1,1,1,1.0,Churned
42,301.0,4.0,6582.437,2,3,5,3.6,Loyal
43,206.0,4.0,3059.333,3,3,3,3.0000000000000004,Potential
44,128.0,2.0,1331.411,3,1,1,1.4,Churned
45,81.0,1.0,505.5225,4,1,1,1.6,Churned
46,505.0,2.0,1126.23,1,1,1,1.0,Churned
47,909.0,1.0,443.54,1,1,1,1.0,Churned
48,415.0,6.0,6122.769,1,5,4,3.8000000000000003,Loyal
49,356.0,1.0,859.22,2,1,1,1.2000000000000002,Churned
50,137.0,1.0,458.05,3,1,1,1.4,Churned
51,57.0,3.0,3658.777,4,2,3,2.8000000000000003,Potential
52,167.0,4.0,3379.9004999999997,3,3,3,3.0000000000000004,Potential
53,8.0,5.0,4280.7795,5,4,3,3.8000000000000003,Loyal
54,72.0,7.0,6094.484,4,5,4,4.4,Champions
55,377.0,5.0,4001.188,2,4,3,3.2,Potential
56,102.0,5.0,6576.287,4,4,5,4.4,Champions
57,115.0,3.0,2271.3505,3,2,2,2.2,At Risk
58,97.0,4.0,4880.031,4,3,4,3.6,Loyal
59,28.0,2.0,1771.631,5,1,2,2.2,At Risk
60,131.0,1.0,3627.5,3,1,3,2.2,At Risk
61,195.0,4.0,2883.197,3,3,2,2.6000000000000005,Potential
62,98.0,2.0,1542.414,4,1,1,1.6,Churned
63,48.0,4.0,3285.7585,4,3,3,3.2,Potential
64,65.0,3.0,2726.352,4,2,2,2.4000000000000004,At Risk
65,17.0,2.0,1408.854,5,1,1,1.7999999999999998,Churned
66,243.0,4.0,26320.0785,2,3,5,3.6,Loyal
67,637.0,2.0,2397.36,1,1,2,1.4000000000000001,Churned
68,969.0,1.0,1559.33,1,1,1,1.0,Churned
69,75.0,4.0,3378.3225,4,3,3,3.2,Potential
70,31.0,5.0,3726.286,5,4,3,3.8000000000000003,Loyal
71,419.0,4.0,3764.3905,1,3,3,2.6000000000000005,Potential
72,1095.0,0.0,0.0,1,1,1,1.0,Churned
73,45.0,6.0,15013.6465,5,5,5,5.0,Champions
74,883.0,1.0,3312.81,1,1,3,1.8000000000000003,At Risk
75,704.0,1.0,840.94,1,1,1,1.0,Churned
76,351.0,1.0,335.52000000000004,2,1,1,1.2000000000000002,Churned
77,55.0,1.0,438.44,4,1,1,1.6,Churned
78,100.0,3.0,4361.4775,4,2,4,3.2,Potential
79,60.0,4.0,3974.0685,4,3,3,3.2,Potential
80,275.0,5.0,5837.7789999999995,2,4,4,3.6,Loyal
81,235.0,4.0,2303.6335,2,3,2,2.4000000000000004,At Risk
82,34.0,7.0,8575.637999999999,5,5,5,5.0,Champions
83,306.0,4.0,5326.5955,2,3,4,3.2,Potential
84,9.0,5.0,8866.8565,5,4,5,4.6,Champions
85,183.0,2.0,5099.7215,3,1,4,2.6,Potential
86,127.0,4.0,3792.2565,3,3,3,3.0000000000000004,Potential
87,1095.0,0.0,0.0,1,1,1,1.0,Churned
88,331.0,5.0,37292.552,2,4,5,4.0,Loyal
89,52.0,7.0,4597.3765,4,5,4,4.4,Champions
90,12.0,4.0,3350.5415000000003,5,3,3,3.4000000000000004,Loyal
91,82.0,3.0,5154.5115,4,2,4,3.2,Potential
92,142.0,1.0,835.5799999999999,3,1,1,1.4,Churned
93,120.0,6.0,6312.522,3,5,4,4.2,Champions
94,86.0,7.0,10879.5865,4,5,5,4.8,Champions
95,4.0,7.0,6594.25,5,5,5,5.0,Champions
96,73.0,6.0,6392.983,4,5,4,4.4,Champions
97,728.0,4.0,5791.179,1,3,4,3.0,Potential
98,376.0,1.0,1117.21,2,1,1,1.2000000000000002,Churned
99,486.0,2.0,809.198,1,1,1,1.0,Churned
100,260.0,4.0,5361.876,2,3,4,3.2,Potential
101,56.0,10.0,13128.468,4,5,5,4.8,Champions
102,112.0,3.0,2304.7439999999997,3,2,2,2.2,At Risk
103,32.0,1.0,216.829,5,1,1,1.7999999999999998,Churned
104,19.0,4.0,5942.749,5,3,4,3.8000000000000003,Loyal
105,224.0,4.0,3462.121,2,3,3,2.8000000000000003,Potential
106,880.0,1.0,531.922,1,1,1,1.0,Churned
107,965.0,1.0,1379.8815,1,1,1,1.0,Churned
108,185.0,4.0,1820.9885,3,3,2,2.6000000000000005,Potential
109,125.0,2.0,2538.0265,3,1,2,1.8,At Risk
110,323.0,3.0,3968.121,2,2,3,2.4000000000000004,At Risk
111,130.0,2.0,5329.6585,3,1,4,2.6,Potential
112,519.0,3.0,5012.860500000001,1,2,4,2.6,Potential
113,224.0,3.0,1748.567,2,2,2,2.0,At Risk
114,1.0,4.0,2815.836,5,3,2,3.0,Potential
115,223.0,2.0,3695.8869999999997,2,1,3,2.0,At Risk
116,609.0,2.0,2163.59,1,1,2,1.4000000000000001,Churned
117,30.0,3.0,1644.607,5,2,1,2.2,At Risk
118,212.0,7.0,10284.3385,3,5,5,4.6,Champions
119,161.0,3.0,1912.3475,3,2,2,2.2,At Risk
120,533.0,2.0,2329.725,1,1,2,1.4000000000000001,Churned
121,39.0,7.0,7338.492,5,5,5,5.0,Champions
122,231.0,5.0,7851.384,2,4,5,4.0,Loyal
123,107.0,8.0,44292.2215,4,5,5,4.8,Champions
124,219.0,5.0,3920.3575,2,4,3,3.2,Potential
125,164.0,4.0,3426.527,3,3,3,3.0000000000000004,Potential
126,483.0,7.0,12062.878,1,5,5,4.2,Champions
127,125.0,3.0,1809.5839999999998,3,2,2,2.2,At Risk
128,0.0,2.0,2905.071,5,1,2,2.2,At Risk
129,57.0,4.0,1654.603,4,3,2,2.8,Potential
130,46.0,5.0,6036.878500000001,5,4,4,4.2,Champions
131,41.0,6.0,12028.253499999999,5,5,5,5.0,Champions
132,31.0,9.0,15945.510999999999,5,5,5,5.0,Champions
133,447.0,5.0,5027.4349999999995,1,4,4,3.4000000000000004,Loyal
134,1039.0,1.0,1716.28,1,1,2,1.4000000000000001,Churned
135,149.0,4.0,3355.215,3,3,3,3.0000000000000004,Potential
136,273.0,4.0,4611.1825,2,3,4,3.2,Potential
137,172.0,3.0,5579.486,3,2,4,3.0,Potential
138,451.0,1.0,932.57,1,1,1,1.0,Churned
139,308.0,3.0,4447.6195,2,2,4,2.8000000000000003,Potential
140,338.0,3.0,38504.804000000004,2,2,5,3.2,Potential
141,498.0,3.0,6753.825,1,2,5,3.0,Potential
142,37.0,6.0,6784.5585,5,5,5,5.0,Champions
143,775.0,2.0,1319.5695,1,1,1,1.0,Churned
144,119.0,2.0,1182.2875,3,1,1,1.4,Churned
145,48.0,7.0,9591.5175,4,5,5,4.8,Champions
146,548.0,3.0,4430.303,1,2,4,2.6,Potential
147,79.0,2.0,1770.6934999999999,4,1,2,2.0,At Risk
148,47.0,3.0,1031.1080000000002,4,2,1,2.0,At Risk
149,125.0,5.0,3972.242,3,4,3,3.4000000000000004,Loyal
150,395.0,3.0,3526.3305,2,2,3,2.4000000000000004,At Risk
151,136.0,2.0,2126.564,3,1,2,1.8,At Risk
152,36.0,7.0,4653.5355,5,5,4,4.6,Champions
153,485.0,4.0,3971.3765,1,3,3,2.6000000000000005,Potential
154,18.0,6.0,3847.151,5,5,3,4.2,Champions
155,749.0,2.0,2877.321,1,1,2,1.4000000000000001,Churned
156,2.0,6.0,5939.4665,5,5,4,4.6,Champions
157,229.0,2.0,1829.83,2,1,2,1.6,Churned
158,363.0,2.0,605.6220000000001,2,1,1,1.2000000000000002,Churned
159,258.0,2.0,877.253,2,1,1,1.2000000000000002,Churned
160,64.0,6.0,3308.0860000000002,4,5,3,4.0,Loyal
161,107.0,2.0,1810.519,4,1,2,2.0,At Risk
162,14.0,6.0,8396.44,5,5,5,5.0,Champions
163,212.0,5.0,15108.165,3,4,5,4.2,Champions
164,112.0,4.0,8465.225,3,3,5,3.8000000000000003,Loyal
165,183.0,4.0,3541.893,3,3,3,3.0000000000000004,Potential
166,185.0,2.0,2188.8065,3,1,2,1.8,At Risk
167,32.0,4.0,15975.174500000001,5,3,5,4.2,Champions
168,181.0,3.0,10026.0465,3,2,5,3.4000000000000004,Loyal
169,345.0,3.0,2840.306,2,2,2,2.0,At Risk
170,243.0,1.0,697.79,2,1,1,1.2000000000000002,Churned
171,201.0,3.0,1333.964,3,2,1,1.8000000000000003,At Risk
172,84.0,3.0,3254.313,4,2,3,2.8000000000000003,Potential
173,385.0,3.0,5095.974,2,2,4,2.8000000000000003,Potential
174,470.0,1.0,1364.35,1,1,1,1.0,Churned
175,277.0,5.0,7443.32,2,4,5,4.0,Loyal
176,188.0,4.0,4921.089,3,3,4,3.4000000000000004,Loyal
177,474.0,1.0,3285.3700000000003,1,1,3,1.8000000000000003,At Risk
178,23.0,6.0,5822.5025,5,5,4,4.6,Champions
179,28.0,9.0,8864.801,5,5,5,5.0,Champions
180,522.0,1.0,967.038,1,1,1,1.0,Churned
181,464.0,2.0,1101.4155,1,1,1,1.0,Churned
182,59.0,4.0,2135.518,4,3,2,2.8,Potential
183,978.0,1.0,919.593,1,1,1,1.0,Churned
184,239.0,2.0,3138.21,2,1,3,2.0,At Risk
185,54.0,5.0,4753.338,4,4,4,4.0,Loyal
186,26.0,4.0,2419.4445,5,3,2,3.0,Potential
187,425.0,3.0,4997.435,1,2,4,2.6,Potential
188,583.0,2.0,1121.868,1,1,1,1.0,Churned
189,218.0,4.0,4124.202499999999,2,3,3,2.8000000000000003,Potential
190,77.0,5.0,4262.951,4,4,3,3.6000000000000005,Loyal
191,20.0,2.0,3970.0265,5,1,3,2.6,Potential
192,41.0,5.0,5520.255999999999,5,4,4,4.2,Champions
193,104.0,4.0,3393.3505,4,3,3,3.2,Potential
194,620.0,3.0,2025.7309999999998,1,2,2,1.8,At Risk
195,85.0,6.0,3387.312,4,5,3,4.0,Loyal
196,484.0,2.0,1558.68,1,1,1,1.0,Churned
197,445.0,4.0,4743.802,1,3,4,3.0,Potential
198,456.0,2.0,1940.019,1,1,2,1.4000000000000001,Churned
199,13.0,2.0,3649.8,5,1,3,2.6,Potential
200,3.0,3.0,4905.418,5,2,4,3.4000000000000004,Loyal
201,37.0,2.0,1023.592,5,1,1,1.7999999999999998,Churned
202,12.0,5.0,6184.8495,5,4,4,4.2,Champions
203,19.0,4.0,6281.483,5,3,4,3.8000000000000003,Loyal
204,0.0,3.0,11184.235999999999,5,2,5,3.8,Loyal
205,44.0,4.0,4817.6835,5,3,4,3.8000000000000003,Loyal
206,149.0,2.0,1408.26,3,1,1,1.4,Churned
207,221.0,2.0,26716.8865,2,1,5,2.8,Potential
208,30.0,3.0,1579.4895,5,2,1,2.2,At Risk
209,9.0,4.0,6259.1605,5,3,4,3.8000000000000003,Loyal
210,497.0,4.0,3569.1695,1,3,3,2.6000000000000005,Potential
211,257.0,3.0,5739.472,2,2,4,2.8000000000000003,Potential
212,338.0,4.0,11136.477499999999,2,3,5,3.6,Loyal
213,180.0,3.0,452.88,3,2,1,1.8000000000000003,At Risk
214,187.0,2.0,3067.773,3,1,3,2.2,At Risk
215,446.0,4.0,6135.401,1,3,4,3.0,Potential
216,38.0,3.0,3812.134,5,2,3,3.0,Potential
217,296.0,3.0,3473.512,2,2,3,2.4000000000000004,At Risk
218,610.0,1.0,751.6735,1,1,1,1.0,Churned
219,256.0,3.0,2360.916,2,2,2,2.0,At Risk
220,515.0,6.0,9119.5945,1,5,5,4.2,Champions
221,717.0,2.0,1394.9899999999998,1,1,1,1.0,Churned
222,61.0,4.0,2634.1675,4,3,2,2.8,Potential
223,463.0,2.0,660.043,1,1,1,1.0,Churned
224,1095.0,0.0,0.0,1,1,1,1.0,Churned
225,138.0,3.0,3064.8365,3,2,3,2.6000000000000005,Potential
226,127.0,5.0,5901.5275,3,4,4,3.8000000000000003,Loyal
227,106.0,3.0,3395.218,4,2,3,2.8000000000000003,Potential
228,210.0,8.0,7711.925499999999,3,5,5,4.6,Champions
229,54.0,10.0,19921.671,4,5,5,4.8,Champions
230,217.0,5.0,6945.818499999999,2,4,5,4.0,Loyal
231,98.0,4.0,2114.54,4,3,2,2.8,Potential
232,78.0,3.0,3657.9825,4,2,3,2.8000000000000003,Potential
233,6.0,3.0,2638.0005,5,2,2,2.6,Potential
234,690.0,3.0,1306.7359999999999,1,2,1,1.4,Churned
235,316.0,2.0,3350.727,2,1,3,2.0,At Risk
236,370.0,6.0,4889.119,2,5,4,4.0,Loyal
237,6.0,7.0,17440.446,5,5,5,5.0,Champions
238,999.0,1.0,970.345,1,1,1,1.0,Churned
239,577.0,2.0,3762.0805,1,1,3,1.8000000000000003,At Risk
240,28.0,7.0,25107.311999999998,5,5,5,5.0,Champions
241,43.0,5.0,5054.467,5,4,4,4.2,Champions
242,35.0,3.0,3327.1364999999996,5,2,3,3.0,Potential
243,39.0,5.0,8334.2685,5,4,5,4.6,Champions
244,44.0,3.0,4054.799,5,2,3,3.0,Potential
245,8.0,2.0,1155.1725000000001,5,1,1,1.7999999999999998,Churned
246,65.0,4.0,4600.3665,4,3,4,3.6,Loyal
247,727.0,3.0,1397.0030000000002,1,2,1,1.4,Churned
248,173.0,4.0,5318.5419999999995,3,3,4,3.4000000000000004,Loyal
249,567.0,2.0,749.8455,1,1,1,1.0,Churned
250,468.0,6.0,10105.332,1,5,5,4.2,Champions
251,26.0,4.0,4919.436,5,3,4,3.8000000000000003,Loyal
252,651.0,2.0,1337.0195,1,1,1,1.0,Churned
253,36.0,5.0,5553.1900000000005,5,4,4,4.2,Champions
254,194.0,5.0,5863.4245,3,4,4,3.8000000000000003,Loyal
255,33.0,3.0,3769.092,5,2,3,3.0,Potential
256,169.0,3.0,2515.953,3,2,2,2.2,At Risk
257,252.0,4.0,5881.465,2,3,4,3.2,Potential
258,429.0,3.0,2523.58,1,2,2,1.8,At Risk
259,321.0,6.0,3591.511,2,5,3,3.6,Loyal
260,41.0,4.0,5338.671,5,3,4,3.8000000000000003,Loyal
261,278.0,3.0,3022.7745,2,2,3,2.4000000000000004,At Risk
262,787.0,1.0,2553.8819999999996,1,1,2,1.4000000000000001,Churned
263,59.0,4.0,3901.3199999999997,4,3,3,3.2,Potential
264,19.0,6.0,6544.385,5,5,4,4.6,Champions
265,18.0,3.0,3810.4890000000005,5,2,3,3.0,Potential
266,187.0,4.0,3295.7129999999997,3,3,3,3.0000000000000004,Potential
267,78.0,4.0,1233.6855,4,3,1,2.4,At Risk
268,869.0,1.0,329.441,1,1,1,1.0,Churned
269,84.0,5.0,4094.85,4,4,3,3.6000000000000005,Loyal
270,412.0,4.0,5615.989,1,3,4,3.0,Potential
271,180.0,2.0,1532.787,3,1,1,1.4,Churned
272,554.0,4.0,39584.1745,1,3,5,3.4000000000000004,Loyal
273,353.0,3.0,3124.6575,2,2,3,2.4000000000000004,At Risk
274,7.0,5.0,3961.691,5,4,3,3.8000000000000003,Loyal
275,228.0,3.0,5861.5585,2,2,4,2.8000000000000003,Potential
276,13.0,4.0,11516.446,5,3,5,4.2,Champions
277,207.0,6.0,9970.3585,3,5,5,4.6,Champions
278,194.0,4.0,2296.5604999999996,3,3,2,2.6000000000000005,Potential
279,184.0,4.0,5026.951999999999,3,3,4,3.4000000000000004,Loyal
280,461.0,1.0,1018.773,1,1,1,1.0,Churned
281,20.0,3.0,6558.5,5,2,4,3.4000000000000004,Loyal
282,46.0,6.0,12729.8675,5,5,5,5.0,Champions
283,100.0,2.0,1026.328,4,1,1,1.6,Churned
284,3.0,4.0,6570.412,5,3,4,3.8000000000000003,Loyal
285,294.0,6.0,9186.351,2,5,5,4.4,Champions
286,85.0,8.0,8432.142,4,5,5,4.8,Champions
287,369.0,3.0,6061.282,2,2,4,2.8000000000000003,Potential
288,48.0,3.0,2843.438,4,2,2,2.4000000000000004,At Risk
289,829.0,3.0,6252.6269999999995,1,2,4,2.6,Potential
290,45.0,2.0,10354.628,5,1,5,3.4,Loyal
291,1.0,2.0,3327.126,5,1,3,2.6,Potential
292,160.0,3.0,4441.182000000001,3,2,4,3.0,Potential
293,39.0,7.0,8311.815,5,5,5,5.0,Champions
294,172.0,2.0,3387.7239999999997,3,1,3,2.2,At Risk
295,599.0,6.0,7402.7285,1,5,5,4.2,Champions
296,374.0,5.0,6820.6615,2,4,5,4.0,Loyal
297,766.0,1.0,91.13,1,1,1,1.0,Churned
298,337.0,2.0,38003.024,2,1,5,2.8,Potential
299,70.0,2.0,3899.887,4,1,3,2.4000000000000004,At Risk
300,4.0,4.0,2255.634,5,3,2,3.0,Potential
301,402.0,1.0,355.11400000000003,1,1,1,1.0,Churned
302,222.0,3.0,1782.9450000000002,2,2,2,2.0,At Risk
303,447.0,2.0,12373.13,1,1,5,2.6,Potential
304,161.0,3.0,2599.39,3,2,2,2.2,At Risk
305,144.0,4.0,2330.5425,3,3,2,2.6000000000000005,Potential
306,299.0,5.0,8154.719,2,4,5,4.0,Loyal
307,182.0,5.0,2498.082,3,4,2,3.0,Potential
308,557.0,3.0,5291.279500000001,1,2,4,2.6,Potential
309,4.0,6.0,8828.281500000001,5,5,5,5.0,Champions
310,34.0,3.0,2600.427,5,2,2,2.6,Potential
311,162.0,3.0,7264.47,3,2,5,3.4000000000000004,Loyal
312,1073.0,1.0,1292.831,1,1,1,1.0,Churned
313,56.0,4.0,4285.407,4,3,3,3.2,Potential
314,216.0,3.0,3233.88,2,2,3,2.4000000000000004,At Risk
315,220.0,3.0,9982.3995,2,2,5,3.2,Potential
316,44.0,4.0,4924.3,5,3,4,3.8000000000000003,Loyal
317,129.0,2.0,589.85,3,1,1,1.4,Churned
318,233.0,4.0,8542.9345,2,3,5,3.6,Loyal
319,326.0,2.0,3094.89,2,1,3,2.0,At Risk
320,719.0,3.0,2482.1415,1,2,2,1.8,At Risk
321,665.0,3.0,11705.619,1,2,5,3.0,Potential
322,1095.0,0.0,0.0,1,1,1,1.0,Churned
323,457.0,3.0,3037.758,1,2,3,2.2,At Risk
324,119.0,5.0,2357.407,3,4,2,3.0,Potential
325,3.0,10.0,8290.137,5,5,5,5.0,Champions
326,230.0,3.0,2881.052,2,2,2,2.0,At Risk
327,6.0,6.0,17898.333,5,5,5,5.0,Champions
328,128.0,5.0,7950.0565,3,4,5,4.2,Champions
329,24.0,6.0,12922.817500000001,5,5,5,5.0,Champions
330,130.0,4.0,7045.177,3,3,5,3.8000000000000003,Loyal
331,1095.0,0.0,0.0,1,1,1,1.0,Churned
332,273.0,3.0,2406.346,2,2,2,2.0,At Risk
333,1.0,6.0,5369.916,5,5,4,4.6,Champions
334,32.0,4.0,4845.2654999999995,5,3,4,3.8000000000000003,Loyal
335,21.0,5.0,2583.6315,5,4,2,3.4000000000000004,Loyal
336,190.0,4.0,4232.739,3,3,3,3.0000000000000004,Potential
337,29.0,1.0,1878.6599999999999,5,1,2,2.2,At Risk
338,39.0,3.0,4519.5395,5,2,4,3.4000000000000004,Loyal
339,236.0,5.0,4110.83,2,4,3,3.2,Potential
340,106.0,2.0,1780.503,4,1,2,2.0,At Risk
341,2.0,6.0,5919.356,5,5,4,4.6,Champions
342,185.0,4.0,2223.5,3,3,2,2.6000000000000005,Potential
343,680.0,1.0,1719.498,1,1,2,1.4000000000000001,Churned
344,26.0,4.0,2696.16,5,3,2,3.0,Potential
345,259.0,7.0,6374.5505,2,5,4,4.0,Loyal
346,160.0,6.0,7224.8769999999995,3,5,5,4.6,Champions
347,317.0,6.0,7284.3814999999995,2,5,5,4.4,Champions
348,172.0,4.0,3119.7985,3,3,3,3.0000000000000004,Potential
349,108.0,5.0,6107.416499999999,4,4,4,4.0,Loyal
350,18.0,7.0,18883.021,5,5,5,5.0,Champions
351,40.0,5.0,7053.49,5,4,5,4.6,Champions
352,52.0,2.0,3112.122,4,1,3,2.4000000000000004,At Risk
353,115.0,5.0,4789.241,3,4,4,3.8000000000000003,Loyal
354,81.0,10.0,12099.181,4,5,5,4.8,Champions
355,39.0,5.0,8165.153,5,4,5,4.6,Champions
356,18.0,4.0,3116.311,5,3,3,3.4000000000000004,Loyal
357,170.0,6.0,4721.955,3,5,4,4.2,Champions
358,62.0,3.0,5505.831,4,2,4,3.2,Potential
359,287.0,1.0,1051.54,2,1,1,1.2000000000000002,Churned
360,76.0,5.0,6833.726,4,4,5,4.4,Champions
361,127.0,3.0,3297.6405,3,2,3,2.6000000000000005,Potential
362,296.0,7.0,9437.319,2,5,5,4.4,Champions
363,371.0,4.0,3934.784,2,3,3,2.8000000000000003,Potential
364,520.0,3.0,4391.6115,1,2,4,2.6,Potential
365,32.0,5.0,2947.8894999999998,5,4,2,3.4000000000000004,Loyal
366,339.0,2.0,1858.1909999999998,2,1,2,1.6,Churned
367,765.0,2.0,1127.706,1,1,1,1.0,Churned
368,428.0,6.0,3656.994,1,5,3,3.4000000000000004,Loyal
369,1095.0,0.0,0.0,1,1,1,1.0,Churned
370,63.0,8.0,5476.9475,4,5,4,4.4,Champions
371,386.0,1.0,7041.4,2,1,5,2.8,Potential
372,321.0,1.0,2168.901,2,1,2,1.6,Churned
373,70.0,5.0,5246.9,4,4,4,4.0,Loyal
374,580.0,2.0,2478.568,1,1,2,1.4000000000000001,Churned
375,161.0,5.0,4357.2915,3,4,4,3.8000000000000003,Loyal
376,982.0,1.0,1512.03,1,1,1,1.0,Churned
377,475.0,1.0,2402.008,1,1,2,1.4000000000000001,Churned
378,9.0,1.0,1851.75,5,1,2,2.2,At Risk
379,21.0,3.0,13697.9375,5,2,5,3.8,Loyal
380,518.0,1.0,599.32,1,1,1,1.0,Churned
381,711.0,3.0,3183.31,1,2,3,2.2,At Risk
382,247.0,4.0,4301.819,2,3,3,2.8000000000000003,Potential
383,18.0,5.0,2555.665,5,4,2,3.4000000000000004,Loyal
384,22.0,6.0,9312.0295,5,5,5,5.0,Champions
385,75.0,5.0,2951.6719999999996,4,4,2,3.2,Potential
386,946.0,1.0,510.705,1,1,1,1.0,Churned
387,57.0,6.0,5861.29,4,5,4,4.4,Champions
388,810.0,3.0,1022.7855,1,2,1,1.4,Churned
389,68.0,5.0,3452.677,4,4,3,3.6000000000000005,Loyal
390,475.0,4.0,4172.1615,1,3,3,2.6000000000000005,Potential
391,54.0,3.0,2557.2960000000003,4,2,2,2.4000000000000004,At Risk
392,789.0,2.0,4296.8615,1,1,3,1.8000000000000003,At Risk
393,482.0,3.0,1591.314,1,2,1,1.4,Churned
394,382.0,1.0,1948.78,2,1,2,1.6,Churned
395,269.0,1.0,580.3544999999999,2,1,1,1.2000000000000002,Churned
396,267.0,7.0,5102.725,2,5,4,4.0,Loyal
397,112.0,2.0,3269.7,3,1,3,2.2,At Risk
398,130.0,4.0,3278.3219999999997,3,3,3,3.0000000000000004,Potential
399,85.0,3.0,4688.4015,4,2,4,3.2,Potential
400,230.0,5.0,5474.891,2,4,4,3.6,Loyal
401,452.0,2.0,1577.2,1,1,1,1.0,Churned
402,161.0,3.0,3249.322,3,2,3,2.6000000000000005,Potential
403,49.0,5.0,7085.9095,4,4,5,4.4,Champions
404,114.0,3.0,2910.5099999999998,3,2,2,2.2,At Risk
405,53.0,8.0,8685.718,4,5,5,4.8,Champions
406,325.0,4.0,12040.881,2,3,5,3.6,Loyal
407,81.0,4.0,4551.831,4,3,4,3.6,Loyal
408,86.0,6.0,7884.1455,4,5,5,4.8,Champions
409,66.0,6.0,4370.2595,4,5,4,4.4,Champions
410,0.0,2.0,37948.8,5,1,5,3.4,Loyal
411,82.0,5.0,3034.2605,4,4,3,3.6000000000000005,Loyal
412,43.0,6.0,6869.5705,5,5,5,5.0,Champions
413,153.0,6.0,5240.6385,3,5,4,4.2,Champions
414,36.0,4.0,11846.195,5,3,5,4.2,Champions
415,85.0,1.0,486.72,4,1,1,1.6,Churned
416,150.0,6.0,5476.2715,3,5,4,4.2,Champions
417,74.0,4.0,3315.232,4,3,3,3.2,Potential
418,1095.0,0.0,0.0,1,1,1,1.0,Churned
419,107.0,1.0,1426.6060000000002,4,1,1,1.6,Churned
420,38.0,4.0,5150.894,5,3,4,3.8000000000000003,Loyal
421,227.0,5.0,3556.7715,2,4,3,3.2,Potential
422,365.0,2.0,1667.239,2,1,2,1.6,Churned
423,784.0,2.0,39698.47,1,1,5,2.6,Potential
424,744.0,2.0,2161.875,1,1,2,1.4000000000000001,Churned
425,74.0,4.0,4331.2065,4,3,4,3.6,Loyal
426,73.0,5.0,6462.8175,4,4,4,4.0,Loyal
427,46.0,4.0,2826.373,5,3,2,3.0,Potential
428,428.0,1.0,540.513,1,1,1,1.0,Churned
429,331.0,3.0,3631.12,2,2,3,2.4000000000000004,At Risk
430,291.0,4.0,7025.975,2,3,5,3.6,Loyal
431,232.0,2.0,2928.487,2,1,2,1.6,Churned
432,21.0,8.0,4924.62,5,5,4,4.6,Champions
433,538.0,1.0,848.74,1,1,1,1.0,Churned
434,153.0,2.0,993.8665000000001,3,1,1,1.4,Churned
435,1095.0,0.0,0.0,1,1,1,1.0,Churned
436,180.0,3.0,4651.7615000000005,3,2,4,3.0,Potential
437,155.0,4.0,3704.9015,3,3,3,3.0000000000000004,Potential
438,83.0,3.0,1445.5865000000001,4,2,1,2.0,At Risk
439,240.0,4.0,16618.3115,2,3,5,3.6,Loyal
440,532.0,1.0,2407.806,1,1,2,1.4000000000000001,Churned
441,440.0,6.0,4625.993,1,5,4,3.8000000000000003,Loyal
442,22.0,4.0,3632.686,5,3,3,3.4000000000000004,Loyal
443,159.0,6.0,6219.1595,3,5,4,4.2,Champions
444,42.0,4.0,3328.879,5,3,3,3.4000000000000004,Loyal
445,136.0,2.0,13437.857999999998,3,1,5,3.0,Potential
446,68.0,3.0,3755.8145000000004,4,2,3,2.8000000000000003,Potential
447,341.0,3.0,3290.999,2,2,3,2.4000000000000004,At Risk
448,20.0,7.0,7740.268,5,5,5,5.0,Champions
449,84.0,5.0,5657.899,4,4,4,4.0,Loyal
450,72.0,3.0,4296.398,4,2,3,2.8000000000000003,Potential
451,9.0,3.0,3185.5280000000002,5,2,3,3.0,Potential
452,814.0,2.0,1369.1775,1,1,1,1.0,Churned
453,244.0,3.0,3195.9865,2,2,3,2.4000000000000004,At Risk
454,151.0,4.0,4934.116,3,3,4,3.4000000000000004,Loyal
455,4.0,1.0,568.2615,5,1,1,1.7999999999999998,Churned
456,4.0,3.0,2485.9895,5,2,2,2.6,Potential
457,270.0,1.0,669.1800000000001,2,1,1,1.2000000000000002,Churned
458,789.0,2.0,1106.7065,1,1,1,1.0,Churned
459,245.0,4.0,5803.5265,2,3,4,3.2,Potential
460,52.0,3.0,3870.886,4,2,3,2.8000000000000003,Potential
461,250.0,4.0,5168.515,2,3,4,3.2,Potential
462,146.0,5.0,13147.209499999999,3,4,5,4.2,Champions
463,207.0,3.0,1468.364,3,2,1,1.8000000000000003,At Risk
464,287.0,1.0,723.46,2,1,1,1.2000000000000002,Churned
465,92.0,2.0,1993.0865,4,1,2,2.0,At Risk
466,50.0,7.0,5718.46,4,5,4,4.4,Champions
467,1095.0,0.0,0.0,1,1,1,1.0,Churned
468,56.0,2.0,2083.3685,4,1,2,2.0,At Risk
469,17.0,5.0,37892.18,5,4,5,4.6,Champions
470,17.0,2.0,682.615,5,1,1,1.7999999999999998,Churned
471,64.0,4.0,3657.336,4,3,3,3.2,Potential
472,105.0,4.0,1972.1385,4,3,2,2.8,Potential
473,24.0,6.0,8661.989,5,5,5,5.0,Champions
474,358.0,5.0,17828.7025,2,4,5,4.0,Loyal
475,44.0,8.0,6698.7675,5,5,5,5.0,Champions
476,1095.0,0.0,0.0,1,1,1,1.0,Churned
477,30.0,6.0,3438.5505,5,5,3,4.2,Champions
478,415.0,4.0,3287.9775,1,3,3,2.6000000000000005,Potential
479,100.0,2.0,3533.6905,4,1,3,2.4000000000000004,At Risk
480,57.0,2.0,1744.3964999999998,4,1,2,2.0,At Risk
481,881.0,2.0,3121.04,1,1,3,1.8000000000000003,At Risk
482,70.0,6.0,7532.6025,4,5,5,4.8,Champions
483,71.0,4.0,3307.172,4,3,3,3.2,Potential
484,293.0,2.0,3661.402,2,1,3,2.0,At Risk
485,154.0,6.0,8223.802,3,5,5,4.6,Champions
486,557.0,5.0,4302.712,1,4,3,3.0,Potential
487,3.0,5.0,3810.8945,5,4,3,3.8000000000000003,Loyal
488,286.0,4.0,3706.6310000000003,2,3,3,2.8000000000000003,Potential
489,77.0,2.0,1914.016,4,1,2,2.0,At Risk
490,153.0,3.0,1171.1045,3,2,1,1.8000000000000003,At Risk
491,27.0,3.0,2360.373,5,2,2,2.6,Potential
492,372.0,2.0,5409.259,2,1,4,2.4000000000000004,At Risk
493,141.0,3.0,954.6665,3,2,1,1.8000000000000003,At Risk
494,9.0,6.0,3653.0355,5,5,3,4.2,Champions
495,60.0,6.0,8152.5235,4,5,5,4.8,Champions
496,82.0,3.0,2727.0365,4,2,2,2.4000000000000004,At Risk
497,292.0,3.0,716.26,2,2,1,1.6,Churned
498,45.0,3.0,13064.44,5,2,5,3.8,Loyal
499,1095.0,0.0,0.0,1,1,1,1.0,Churned
500,23.0,3.0,3423.1035,5,2,3,3.0,Potential
501,287.0,6.0,8070.1230000000005,2,5,5,4.4,Champions
502,577.0,2.0,585.96,1,1,1,1.0,Churned
503,683.0,1.0,826.141,1,1,1,1.0,Churned
504,195.0,5.0,5713.124,3,4,4,3.8000000000000003,Loyal
505,111.0,3.0,2483.32,3,2,2,2.2,At Risk
506,190.0,3.0,4865.5985,3,2,4,3.0,Potential
507,377.0,3.0,4882.189,2,2,4,2.8000000000000003,Potential
508,53.0,1.0,226.692,4,1,1,1.6,Churned
509,1003.0,1.0,216.14400000000003,1,1,1,1.0,Churned
510,122.0,4.0,3917.786,3,3,3,3.0000000000000004,Potential
511,128.0,2.0,2330.545,3,1,2,1.8,At Risk
512,217.0,2.0,2948.531,2,1,2,1.6,Churned
513,323.0,7.0,5753.3795,2,5,4,4.0,Loyal
514,176.0,5.0,1927.9015,3,4,2,3.0,Potential
515,47.0,5.0,5744.558999999999,4,4,4,4.0,Loyal
516,255.0,4.0,3224.092,2,3,3,2.8000000000000003,Potential
517,23.0,2.0,1316.6395000000002,5,1,1,1.7999999999999998,Churned
518,54.0,2.0,3450.6215,4,1,3,2.4000000000000004,At Risk
519,549.0,4.0,27699.370999999996,1,3,5,3.4000000000000004,Loyal
520,109.0,4.0,4127.464,4,3,3,3.2,Potential
521,181.0,4.0,6644.105,3,3,5,3.8000000000000003,Loyal
522,590.0,2.0,11111.931,1,1,5,2.6,Potential
523,157.0,6.0,6454.729,3,5,4,4.2,Champions
524,416.0,2.0,1369.8894999999998,1,1,1,1.0,Churned
525,120.0,4.0,4663.359,3,3,4,3.4000000000000004,Loyal
526,190.0,3.0,7527.4025,3,2,5,3.4000000000000004,Loyal
527,501.0,4.0,3120.375,1,3,3,2.6000000000000005,Potential
528,40.0,7.0,74392.75,5,5,5,5.0,Champions
529,14.0,3.0,4438.6995,5,2,4,3.4000000000000004,Loyal
530,7.0,4.0,3361.7445,5,3,3,3.4000000000000004,Loyal
531,408.0,3.0,5176.8695,1,2,4,2.6,Potential
532,30.0,10.0,9251.322,5,5,5,5.0,Champions
533,474.0,2.0,659.9200000000001,1,1,1,1.0,Churned
534,5.0,3.0,2506.1915,5,2,2,2.6,Potential
535,175.0,2.0,484.47200000000004,3,1,1,1.4,Churned
536,302.0,2.0,287.06,2,1,1,1.2000000000000002,Churned
537,331.0,2.0,2758.0924999999997,2,1,2,1.6,Churned
538,128.0,2.0,1756.3984999999998,3,1,2,1.8,At Risk
539,344.0,2.0,1547.969,2,1,1,1.2000000000000002,Churned
540,108.0,7.0,7009.4495,4,5,5,4.8,Champions
541,34.0,6.0,5207.504,5,5,4,4.6,Champions
542,408.0,3.0,4284.4395,1,2,3,2.2,At Risk
543,63.0,4.0,2450.2309999999998,4,3,2,2.8,Potential
544,247.0,3.0,2390.353,2,2,2,2.0,At Risk
545,65.0,5.0,6324.137,4,4,4,4.0,Loyal
546,381.0,5.0,5326.315,2,4,4,3.6,Loyal
547,305.0,2.0,4325.1255,2,1,4,2.4000000000000004,At Risk
548,58.0,5.0,6839.489,4,4,5,4.4,Champions
549,1025.0,1.0,1961.3,1,1,2,1.4000000000000001,Churned
550,43.0,2.0,1735.56,5,1,2,2.2,At Risk
551,297.0,4.0,4334.386,2,3,4,3.2,Potential
552,757.0,4.0,4284.075,1,3,3,2.6000000000000005,Potential
553,216.0,2.0,3146.401,2,1,3,2.0,At Risk
554,1095.0,0.0,0.0,1,1,1,1.0,Churned
555,83.0,3.0,3339.6009999999997,4,2,3,2.8000000000000003,Potential
556,267.0,5.0,8006.933999999999,2,4,5,4.0,Loyal
557,143.0,4.0,2558.3535,3,3,2,2.6000000000000005,Potential
558,94.0,6.0,12800.842,4,5,5,4.8,Champions
559,183.0,4.0,1693.4425,3,3,2,2.6000000000000005,Potential
560,282.0,3.0,1967.8179999999998,2,2,2,2.0,At Risk
561,4.0,6.0,14476.851,5,5,5,5.0,Champions
562,152.0,4.0,2408.1015,3,3,2,2.6000000000000005,Potential
563,15.0,4.0,1978.4345,5,3,2,3.0,Potential
564,474.0,4.0,2494.3379999999997,1,3,2,2.2,At Risk
565,274.0,1.0,3158.2045,2,1,3,2.0,At Risk
566,753.0,2.0,15506.2525,1,1,5,2.6,Potential
567,25.0,4.0,2164.0265,5,3,2,3.0,Potential
568,47.0,5.0,3604.8475,4,4,3,3.6000000000000005,Loyal
569,160.0,3.0,2593.7129999999997,3,2,2,2.2,At Risk
570,216.0,3.0,5098.486000000001,2,2,4,2.8000000000000003,Potential
571,157.0,5.0,4608.3255,3,4,4,3.8000000000000003,Loyal
572,242.0,5.0,5675.5155,2,4,4,3.6,Loyal
573,49.0,5.0,8823.303,4,4,5,4.4,Champions
574,599.0,6.0,8754.2035,1,5,5,4.2,Champions
575,213.0,3.0,3065.284,3,2,3,2.6000000000000005,Potential
576,9.0,6.0,9164.504,5,5,5,5.0,Champions
577,133.0,8.0,17421.8285,3,5,5,4.6,Champions
578,36.0,3.0,3598.6965,5,2,3,3.0,Potential
579,70.0,5.0,6332.5535,4,4,4,4.0,Loyal
580,63.0,4.0,5826.6630000000005,4,3,4,3.6,Loyal
581,230.0,7.0,9120.3885,2,5,5,4.4,Champions
582,30.0,6.0,3269.09,5,5,3,4.2,Champions
583,144.0,5.0,3151.466,3,4,3,3.4000000000000004,Loyal
584,388.0,4.0,4262.937,2,3,3,2.8000000000000003,Potential
585,15.0,3.0,1211.2920000000001,5,2,1,2.2,At Risk
586,0.0,2.0,1962.093,5,1,2,2.2,At Risk
587,1081.0,2.0,669.5459999999999,1,1,1,1.0,Churned
588,459.0,3.0,3414.789,1,2,3,2.2,At Risk
589,27.0,3.0,2365.9449999999997,5,2,2,2.6,Potential
590,480.0,2.0,771.37,1,1,1,1.0,Churned
591,195.0,6.0,8455.997,3,5,5,4.6,Champions
592,1095.0,0.0,0.0,1,1,1,1.0,Churned
593,634.0,2.0,596.6800000000001,1,1,1,1.0,Churned
594,284.0,2.0,2617.2349999999997,2,1,2,1.6,Churned
595,136.0,5.0,7056.85,3,4,5,4.2,Champions
596,952.0,1.0,422.44,1,1,1,1.0,Churned
597,38.0,7.0,6197.548,5,5,4,4.6,Champions
598,432.0,2.0,5916.1775,1,1,4,2.2,At Risk
599,1028.0,1.0,110.42,1,1,1,1.0,Churned
600,46.0,1.0,2614.152,5,1,2,2.2,At Risk
601,38.0,3.0,15312.004,5,2,5,3.8,Loyal
602,419.0,3.0,2525.4055,1,2,2,1.8,At Risk
603,108.0,3.0,2823.9700000000003,4,2,2,2.4000000000000004,At Risk
604,67.0,6.0,8143.7175,4,5,5,4.8,Champions
605,75.0,4.0,3699.6800000000003,4,3,3,3.2,Potential
606,65.0,5.0,4181.6695,4,4,3,3.6000000000000005,Loyal
607,36.0,3.0,2982.193,5,2,2,2.6,Potential
608,159.0,5.0,7453.293000000001,3,4,5,4.2,Champions
609,585.0,2.0,918.4100000000001,1,1,1,1.0,Churned
610,143.0,2.0,2680.2889999999998,3,1,2,1.8,At Risk
611,5.0,5.0,146989.767,5,4,5,4.6,Champions
612,139.0,4.0,4915.496,3,3,4,3.4000000000000004,Loyal
613,128.0,4.0,26730.339999999997,3,3,5,3.8000000000000003,Loyal
614,78.0,1.0,2172.885,4,1,2,2.0,At Risk
615,391.0,2.0,3483.795,2,1,3,2.0,At Risk
616,865.0,1.0,1121.7525,1,1,1,1.0,Churned
617,46.0,7.0,8020.732,5,5,5,5.0,Champions
618,14.0,6.0,4236.4025,5,5,3,4.2,Champions
619,406.0,3.0,6444.031500000001,1,2,4,2.6,Potential
620,201.0,1.0,977.6890000000001,3,1,1,1.4,Churned
621,41.0,3.0,1827.007,5,2,2,2.6,Potential
622,332.0,4.0,2517.3575,2,3,2,2.4000000000000004,At Risk
623,1095.0,0.0,0.0,1,1,1,1.0,Churned
624,67.0,6.0,4194.0705,4,5,3,4.0,Loyal
625,196.0,2.0,1597.6545,3,1,1,1.4,Churned
626,77.0,4.0,6439.0835,4,3,4,3.6,Loyal
627,116.0,2.0,2588.2099999999996,3,1,2,1.8,At Risk
628,721.0,3.0,1876.028,1,2,2,1.8,At Risk
629,154.0,7.0,6553.567,3,5,4,4.2,Champions
630,5.0,4.0,1678.024,5,3,2,3.0,Potential
631,15.0,4.0,3338.0775,5,3,3,3.4000000000000004,Loyal
632,5.0,5.0,4164.0935,5,4,3,3.8000000000000003,Loyal
633,13.0,2.0,3656.8645,5,1,3,2.6,Potential
634,71.0,10.0,56334.094,4,5,5,4.8,Champions
635,179.0,6.0,3477.5155,3,5,3,3.8000000000000003,Loyal
636,532.0,1.0,396.98,1,1,1,1.0,Churned
637,238.0,1.0,652.5074999999999,2,1,1,1.2000000000000002,Churned
638,100.0,5.0,5886.4529999999995,4,4,4,4.0,Loyal
639,124.0,4.0,3798.341,3,3,3,3.0000000000000004,Potential
640,102.0,3.0,4585.394,4,2,4,3.2,Potential
641,93.0,5.0,6047.6685,4,4,4,4.0,Loyal
642,404.0,3.0,5225.4075,1,2,4,2.6,Potential
643,4.0,8.0,14490.079,5,5,5,5.0,Champions
644,102.0,5.0,4848.48,4,4,4,4.0,Loyal
645,220.0,6.0,4630.2375,2,5,4,4.0,Loyal
646,40.0,4.0,2784.038,5,3,2,3.0,Potential
647,49.0,4.0,3507.474,4,3,3,3.2,Potential
648,183.0,4.0,1446.69,3,3,1,2.2,At Risk
649,626.0,4.0,3346.855,1,3,3,2.6000000000000005,Potential
650,77.0,4.0,5291.639,4,3,4,3.6,Loyal
651,1095.0,0.0,0.0,1,1,1,1.0,Churned
652,507.0,4.0,3195.594,1,3,3,2.6000000000000005,Potential
653,145.0,4.0,2727.327,3,3,2,2.6000000000000005,Potential
654,7.0,4.0,6336.288500000001,5,3,4,3.8000000000000003,Loyal
655,91.0,5.0,3180.661,4,4,3,3.6000000000000005,Loyal
656,52.0,7.0,6804.711,4,5,5,4.8,Champions
657,161.0,5.0,7695.9685,3,4,5,4.2,Champions
658,4.0,6.0,5332.227,5,5,4,4.6,Champions
659,1095.0,0.0,0.0,1,1,1,1.0,Churned
660,128.0,3.0,3385.06,3,2,3,2.6000000000000005,Potential
661,308.0,2.0,4793.643,2,1,4,2.4000000000000004,At Risk
662,773.0,1.0,1583.9,1,1,1,1.0,Churned
663,44.0,4.0,2603.4629999999997,5,3,2,3.0,Potential
664,279.0,2.0,1848.3899999999999,2,1,2,1.6,Churned
665,47.0,4.0,4884.4555,4,3,4,3.6,Loyal
666,1048.0,1.0,223.074,1,1,1,1.0,Churned
667,127.0,1.0,797.13,3,1,1,1.4,Churned
668,608.0,1.0,2406.9449999999997,1,1,2,1.4000000000000001,Churned
669,819.0,1.0,1854.4950000000001,1,1,2,1.4000000000000001,Churned
670,273.0,3.0,4080.371,2,2,3,2.4000000000000004,At Risk
671,316.0,4.0,4102.12,2,3,3,2.8000000000000003,Potential
672,476.0,1.0,1068.692,1,1,1,1.0,Churned
673,325.0,5.0,3202.6144999999997,2,4,3,3.2,Potential
674,118.0,2.0,2760.7855000000004,3,1,2,1.8,At Risk
675,210.0,3.0,3507.9465,3,2,3,2.6000000000000005,Potential
676,91.0,1.0,839.64,4,1,1,1.6,Churned
677,302.0,6.0,4753.732,2,5,4,4.0,Loyal
678,152.0,3.0,11671.932999999999,3,2,5,3.4000000000000004,Loyal
679,224.0,4.0,5623.919,2,3,4,3.2,Potential
680,80.0,4.0,4191.444,4,3,3,3.2,Potential
681,29.0,4.0,5253.234,5,3,4,3.8000000000000003,Loyal
682,23.0,7.0,2675.219,5,5,2,3.8,Loyal
683,570.0,2.0,1750.136,1,1,2,1.4000000000000001,Churned
684,184.0,4.0,4144.1,3,3,3,3.0000000000000004,Potential
685,3.0,6.0,8244.8365,5,5,5,5.0,Champions
686,13.0,7.0,7801.1925,5,5,5,5.0,Champions
687,112.0,4.0,2701.266,3,3,2,2.6000000000000005,Potential
688,98.0,4.0,2945.0615,4,3,2,2.8,Potential
689,281.0,3.0,108395.8575,2,2,5,3.2,Potential
690,150.0,1.0,1777.9275,3,1,2,1.8,At Risk
691,110.0,8.0,11486.203,3,5,5,4.6,Champions
692,114.0,4.0,2431.5215,3,3,2,2.6000000000000005,Potential
693,67.0,5.0,3636.944,4,4,3,3.6000000000000005,Loyal
694,91.0,3.0,1939.18,4,2,2,2.4000000000000004,At Risk
695,108.0,2.0,374.68,4,1,1,1.6,Churned
696,22.0,5.0,5668.1485,5,4,4,4.2,Champions
697,133.0,2.0,2588.5245,3,1,2,1.8,At Risk
698,372.0,2.0,1470.2275,2,1,1,1.2000000000000002,Churned
699,194.0,5.0,3472.595,3,4,3,3.4000000000000004,Loyal
700,68.0,1.0,646.649,4,1,1,1.6,Churned
701,75.0,3.0,595.8565,4,2,1,2.0,At Risk
702,102.0,5.0,4568.0815,4,4,4,4.0,Loyal
703,127.0,5.0,3550.5985,3,4,3,3.4000000000000004,Loyal
704,43.0,4.0,3346.7234999999996,5,3,3,3.4000000000000004,Loyal
705,155.0,4.0,3977.028,3,3,3,3.0000000000000004,Potential
706,2.0,5.0,4393.8949999999995,5,4,4,4.2,Champions
707,1095.0,0.0,0.0,1,1,1,1.0,Churned
708,2.0,7.0,6331.4355,5,5,4,4.6,Champions
709,670.0,3.0,2647.7760000000003,1,2,2,1.8,At Risk
710,22.0,4.0,15306.324499999999,5,3,5,4.2,Champions
711,740.0,1.0,478.17299999999994,1,1,1,1.0,Churned
712,189.0,3.0,2612.545,3,2,2,2.2,At Risk
713,1064.0,1.0,1670.8400000000001,1,1,2,1.4000000000000001,Churned
714,11.0,6.0,2623.824,5,5,2,3.8,Loyal
715,62.0,4.0,3497.3575,4,3,3,3.2,Potential
716,352.0,3.0,3996.521,2,2,3,2.4000000000000004,At Risk
717,16.0,5.0,6315.617,5,4,4,4.2,Champions
718,108.0,3.0,11967.754500000001,4,2,5,3.6,Loyal
719,10.0,4.0,5948.418,5,3,4,3.8000000000000003,Loyal
720,325.0,3.0,3346.77,2,2,3,2.4000000000000004,At Risk
721,365.0,3.0,4364.978999999999,2,2,4,2.8000000000000003,Potential
722,190.0,5.0,4127.838,3,4,3,3.4000000000000004,Loyal
723,42.0,2.0,2171.5665,5,1,2,2.2,At Risk
724,315.0,3.0,1632.192,2,2,1,1.6,Churned
725,254.0,2.0,4516.3475,2,1,4,2.4000000000000004,At Risk
726,23.0,7.0,11910.9435,5,5,5,5.0,Champions
727,69.0,5.0,7577.7445,4,4,5,4.4,Champions
728,218.0,2.0,1486.529,2,1,1,1.2000000000000002,Churned
729,177.0,7.0,6502.102,3,5,4,4.2,Champions
730,16.0,3.0,4399.826,5,2,4,3.4000000000000004,Loyal
731,207.0,3.0,3656.343,3,2,3,2.6000000000000005,Potential
732,26.0,3.0,2272.2999999999997,5,2,2,2.6,Potential
733,20.0,6.0,6927.4355000000005,5,5,5,5.0,Champions
734,43.0,4.0,7310.118,5,3,5,4.2,Champions
735,1003.0,1.0,2869.9195,1,1,2,1.4000000000000001,Churned
736,12.0,5.0,5721.374,5,4,4,4.2,Champions
737,357.0,3.0,3269.675,2,2,3,2.4000000000000004,At Risk
738,395.0,1.0,292.173,2,1,1,1.2000000000000002,Churned
739,601.0,1.0,1335.13,1,1,1,1.0,Churned
740,30.0,6.0,4975.264,5,5,4,4.6,Champions
741,171.0,4.0,5944.1595,3,3,4,3.4000000000000004,Loyal
742,576.0,3.0,1477.7599999999998,1,2,1,1.4,Churned
743,184.0,3.0,2002.47,3,2,2,2.2,At Risk
744,878.0,2.0,958.3539999999999,1,1,1,1.0,Churned
745,62.0,2.0,3904.694,4,1,3,2.4000000000000004,At Risk
746,201.0,1.0,61.15,3,1,1,1.4,Churned
747,286.0,2.0,3008.6265,2,1,3,2.0,At Risk
748,351.0,1.0,1781.125,2,1,2,1.6,Churned
749,58.0,3.0,2567.6335,4,2,2,2.4000000000000004,At Risk
750,389.0,3.0,3424.8655,2,2,3,2.4000000000000004,At Risk
751,1095.0,0.0,0.0,1,1,1,1.0,Churned
752,28.0,6.0,4052.5355,5,5,3,4.2,Champions
753,178.0,5.0,3138.5275,3,4,3,3.4000000000000004,Loyal
754,58.0,1.0,441.8725,4,1,1,1.6,Churned
755,285.0,2.0,3367.1795,2,1,3,2.0,At Risk
756,18.0,4.0,3904.829,5,3,3,3.4000000000000004,Loyal
757,365.0,1.0,43.128,2,1,1,1.2000000000000002,Churned
758,479.0,4.0,5948.3245,1,3,4,3.0,Potential
759,1095.0,0.0,0.0,1,1,1,1.0,Churned
760,90.0,4.0,9364.8305,4,3,5,4.0,Loyal
761,146.0,7.0,9100.7515,3,5,5,4.6,Champions
762,110.0,6.0,6025.67,3,5,4,4.2,Champions
763,122.0,3.0,5827.713,3,2,4,3.0,Potential
764,210.0,9.0,9186.6535,3,5,5,4.6,Champions
765,526.0,4.0,1315.05,1,3,1,1.8000000000000003,At Risk
766,789.0,1.0,808.165,1,1,1,1.0,Churned
767,5.0,3.0,3251.2335,5,2,3,3.0,Potential
768,317.0,4.0,5073.6945,2,3,4,3.2,Potential
769,357.0,2.0,2910.645,2,1,2,1.6,Churned
770,189.0,2.0,1062.92,3,1,1,1.4,Churned
771,90.0,5.0,5699.39,4,4,4,4.0,Loyal
772,124.0,3.0,4040.5895,3,2,3,2.6000000000000005,Potential
773,217.0,6.0,5354.478,2,5,4,4.0,Loyal
774,252.0,4.0,3839.8705,2,3,3,2.8000000000000003,Potential
775,3.0,5.0,4426.596,5,4,4,4.2,Champions
776,135.0,2.0,1954.0769999999998,3,1,2,1.8,At Risk
777,401.0,1.0,1678.68,1,1,2,1.4000000000000001,Churned
778,223.0,2.0,1415.1580000000001,2,1,1,1.2000000000000002,Churned
779,4.0,3.0,11612.7155,5,2,5,3.8,Loyal
780,447.0,2.0,2987.793,1,1,2,1.4000000000000001,Churned
781,24.0,1.0,972.6129999999999,5,1,1,1.7999999999999998,Churned
782,456.0,1.0,1626.828,1,1,1,1.0,Churned
783,114.0,4.0,4023.3644999999997,3,3,3,3.0000000000000004,Potential
784,1095.0,0.0,0.0,1,1,1,1.0,Churned
785,719.0,2.0,23181.3,1,1,5,2.6,Potential
786,123.0,5.0,5937.02,3,4,4,3.8000000000000003,Loyal
787,3.0,6.0,18442.4815,5,5,5,5.0,Champions
788,68.0,3.0,3888.21,4,2,3,2.8000000000000003,Potential
789,218.0,4.0,7609.508,2,3,5,3.6,Loyal
790,160.0,4.0,4277.0425,3,3,3,3.0000000000000004,Potential
791,287.0,3.0,4672.159,2,2,4,2.8000000000000003,Potential
792,342.0,5.0,6415.4580000000005,2,4,4,3.6,Loyal
793,255.0,7.0,7312.0325,2,5,5,4.4,Champions
794,31.0,3.0,4017.2905,5,2,3,3.0,Potential
795,183.0,5.0,5105.2905,3,4,4,3.8000000000000003,Loyal
796,152.0,3.0,2824.178,3,2,2,2.2,At Risk
797,50.0,7.0,40511.6725,4,5,5,4.8,Champions
798,255.0,4.0,3667.458,2,3,3,2.8000000000000003,Potential
799,226.0,4.0,2285.5875,2,3,2,2.4000000000000004,At Risk
800,161.0,4.0,4725.191,3,3,4,3.4000000000000004,Loyal
801,310.0,1.0,2112.1655,2,1,2,1.6,Churned
802,93.0,2.0,1522.9385,4,1,1,1.6,Churned
803,66.0,2.0,2249.157,4,1,2,2.0,At Risk
804,4.0,3.0,4913.702,5,2,4,3.4000000000000004,Loyal
805,21.0,4.0,36454.7905,5,3,5,4.2,Champions
806,630.0,2.0,1979.9415,1,1,2,1.4000000000000001,Churned
807,107.0,4.0,6791.434,4,3,5,4.0,Loyal
808,543.0,2.0,1879.12,1,1,2,1.4000000000000001,Churned
809,113.0,3.0,2572.972,3,2,2,2.2,At Risk
810,62.0,5.0,3104.837,4,4,3,3.6000000000000005,Loyal
811,162.0,5.0,5583.8325,3,4,4,3.8000000000000003,Loyal
812,190.0,3.0,5329.838000000001,3,2,4,3.0,Potential
813,178.0,4.0,6425.1720000000005,3,3,4,3.4000000000000004,Loyal
814,267.0,3.0,1667.1215,2,2,2,2.0,At Risk
815,584.0,2.0,5888.971500000001,1,1,4,2.2,At Risk
816,441.0,7.0,6978.832,1,5,5,4.2,Champions
817,27.0,8.0,5532.6205,5,5,4,4.6,Champions
818,67.0,2.0,6677.316,4,1,5,3.2,Potential
819,3.0,3.0,2578.6270000000004,5,2,2,2.6,Potential
820,153.0,3.0,6718.404500000001,3,2,5,3.4000000000000004,Loyal
821,44.0,3.0,4056.09,5,2,3,3.0,Potential
822,63.0,4.0,3848.4145000000003,4,3,3,3.2,Potential
823,247.0,1.0,218.79,2,1,1,1.2000000000000002,Churned
824,383.0,6.0,5856.2005,2,5,4,4.0,Loyal
825,464.0,2.0,635.398,1,1,1,1.0,Churned
826,24.0,3.0,5421.3195,5,2,4,3.4000000000000004,Loyal
827,5.0,1.0,221.98,5,1,1,1.7999999999999998,Churned
828,372.0,3.0,1506.96,2,2,1,1.6,Churned
829,5.0,7.0,5616.676,5,5,4,4.6,Champions
830,8.0,4.0,3564.258,5,3,3,3.4000000000000004,Loyal
831,602.0,2.0,1169.025,1,1,1,1.0,Churned
832,14.0,4.0,2212.9649999999997,5,3,2,3.0,Potential
833,525.0,3.0,2532.941,1,2,2,1.8,At Risk
834,341.0,2.0,2944.74,2,1,2,1.6,Churned
835,66.0,5.0,37055.8875,4,4,5,4.4,Champions
836,1095.0,0.0,0.0,1,1,1,1.0,Churned
837,156.0,6.0,8695.095,3,5,5,4.6,Champions
838,224.0,6.0,6847.1095000000005,2,5,5,4.4,Champions
839,277.0,4.0,4570.5485,2,3,4,3.2,Potential
840,223.0,1.0,1477.682,2,1,1,1.2000000000000002,Churned
841,460.0,3.0,1296.703,1,2,1,1.4,Churned
842,224.0,2.0,2688.9900000000002,2,1,2,1.6,Churned
843,45.0,3.0,4111.62,5,2,3,3.0,Potential
844,347.0,3.0,2631.88,2,2,2,2.0,At Risk
845,356.0,3.0,4326.684,2,2,4,2.8000000000000003,Potential
846,711.0,2.0,773.1395,1,1,1,1.0,Churned
847,469.0,2.0,2077.3360000000002,1,1,2,1.4000000000000001,Churned
848,2.0,2.0,4244.627,5,1,3,2.6,Potential
849,353.0,3.0,3697.4244999999996,2,2,3,2.4000000000000004,At Risk
850,237.0,1.0,1040.43,2,1,1,1.2000000000000002,Churned
851,116.0,3.0,829.167,3,2,1,1.8000000000000003,At Risk
852,151.0,6.0,2893.57,3,5,2,3.4000000000000004,Loyal
853,115.0,4.0,6024.042,3,3,4,3.4000000000000004,Loyal
854,619.0,2.0,821.95,1,1,1,1.0,Churned
855,297.0,4.0,6404.4175,2,3,4,3.2,Potential
856,10.0,7.0,11474.5265,5,5,5,5.0,Champions
857,43.0,2.0,1857.3055,5,1,2,2.2,At Risk
858,301.0,3.0,579.656,2,2,1,1.6,Churned
859,745.0,3.0,4757.4605,1,2,4,2.6,Potential
860,284.0,2.0,3552.424,2,1,3,2.0,At Risk
861,16.0,6.0,9459.979500000001,5,5,5,5.0,Champions
862,207.0,6.0,8046.1975,3,5,5,4.6,Champions
863,571.0,3.0,1561.6985,1,2,1,1.4,Churned
864,103.0,5.0,4819.9075,4,4,4,4.0,Loyal
865,108.0,2.0,1492.6499999999999,4,1,1,1.6,Churned
866,503.0,5.0,8219.423999999999,1,4,5,3.8,Loyal
867,771.0,1.0,580.091,1,1,1,1.0,Churned
868,254.0,5.0,7352.4884999999995,2,4,5,4.0,Loyal
869,89.0,4.0,4071.1725000000006,4,3,3,3.2,Potential
870,159.0,3.0,2069.756,3,2,2,2.2,At Risk
871,82.0,4.0,4025.172,4,3,3,3.2,Potential
872,310.0,6.0,9455.147500000001,2,5,5,4.4,Champions
873,441.0,3.0,2138.412,1,2,2,1.8,At Risk
874,175.0,2.0,2414.714,3,1,2,1.8,At Risk
875,50.0,4.0,4179.6485,4,3,3,3.2,Potential
876,50.0,4.0,20248.9915,4,3,5,4.0,Loyal
877,252.0,2.0,2287.562,2,1,2,1.6,Churned
878,429.0,4.0,2598.7039999999997,1,3,2,2.2,At Risk
879,1095.0,0.0,0.0,1,1,1,1.0,Churned
880,164.0,6.0,4515.989,3,5,4,4.2,Champions
881,26.0,5.0,2715.221,5,4,2,3.4000000000000004,Loyal
882,54.0,7.0,6557.1435,4,5,4,4.4,Champions
883,100.0,5.0,16996.212,4,4,5,4.4,Champions
884,62.0,5.0,2990.3595,4,4,2,3.2,Potential
885,406.0,4.0,20045.6575,1,3,5,3.4000000000000004,Loyal
886,632.0,2.0,187.332,1,1,1,1.0,Churned
887,44.0,4.0,6717.109,5,3,5,4.2,Champions
888,1.0,5.0,4573.8655,5,4,4,4.2,Champions
889,9.0,7.0,5489.532499999999,5,5,4,4.6,Champions
890,118.0,8.0,16933.337499999998,3,5,5,4.6,Champions
891,61.0,5.0,8766.7495,4,4,5,4.4,Champions
892,207.0,4.0,3540.714,3,3,3,3.0000000000000004,Potential
893,1095.0,0.0,0.0,1,1,1,1.0,Churned
894,382.0,1.0,754.14,2,1,1,1.2000000000000002,Churned
895,22.0,4.0,4319.1695,5,3,3,3.4000000000000004,Loyal
896,8.0,2.0,2676.7795,5,1,2,2.2,At Risk
897,201.0,9.0,8810.4165,3,5,5,4.6,Champions
898,159.0,11.0,11379.7105,3,5,5,4.6,Champions
899,51.0,4.0,5164.9275,4,3,4,3.6,Loyal
900,86.0,2.0,1464.554,4,1,1,1.6,Churned
901,166.0,4.0,3295.9590000000003,3,3,3,3.0000000000000004,Potential
902,479.0,1.0,970.97,1,1,1,1.0,Churned
903,129.0,3.0,872.8815,3,2,1,1.8000000000000003,At Risk
904,521.0,5.0,3636.567,1,4,3,3.0,Potential
905,687.0,1.0,1218.33,1,1,1,1.0,Churned
906,33.0,7.0,15414.1965,5,5,5,5.0,Champions
907,169.0,3.0,1150.7115,3,2,1,1.8000000000000003,At Risk
908,107.0,5.0,5710.9905,4,4,4,4.0,Loyal
909,14.0,3.0,4243.8685000000005,5,2,3,3.0,Potential
910,520.0,1.0,842.51,1,1,1,1.0,Churned
911,77.0,2.0,2101.373,4,1,2,2.0,At Risk
912,50.0,6.0,7091.7635,4,5,5,4.8,Champions
913,95.0,5.0,5722.555,4,4,4,4.0,Loyal
914,209.0,2.0,1424.2475,3,1,1,1.4,Churned
915,156.0,6.0,6879.0105,3,5,5,4.6,Champions
916,63.0,8.0,17720.327,4,5,5,4.8,Champions
917,500.0,3.0,37396.18,1,2,5,3.0,Potential
918,437.0,3.0,4962.088,1,2,4,2.6,Potential
919,330.0,3.0,4151.539,2,2,3,2.4000000000000004,At Risk
920,31.0,5.0,9244.487500000001,5,4,5,4.6,Champions
921,16.0,8.0,6806.5315,5,5,5,5.0,Champions
922,263.0,4.0,3507.9610000000002,2,3,3,2.8000000000000003,Potential
923,99.0,3.0,3963.971,4,2,3,2.8000000000000003,Potential
924,163.0,3.0,3062.3514999999998,3,2,3,2.6000000000000005,Potential
925,40.0,4.0,3990.5690000000004,5,3,3,3.4000000000000004,Loyal
926,196.0,3.0,2124.0335,3,2,2,2.2,At Risk
927,38.0,3.0,1816.0645,5,2,2,2.6,Potential
928,82.0,3.0,4082.0705,4,2,3,2.8000000000000003,Potential
929,357.0,2.0,648.675,2,1,1,1.2000000000000002,Churned
930,301.0,5.0,8350.85,2,4,5,4.0,Loyal
931,158.0,3.0,2604.4205,3,2,2,2.2,At Risk
932,45.0,2.0,2390.014,5,1,2,2.2,At Risk
933,188.0,5.0,7009.0470000000005,3,4,5,4.2,Champions
934,431.0,3.0,1857.909,1,2,2,1.8,At Risk
935,296.0,2.0,2030.9025,2,1,2,1.6,Churned
936,34.0,2.0,526.292,5,1,1,1.7999999999999998,Churned
937,216.0,3.0,2927.07,2,2,2,2.0,At Risk
938,115.0,4.0,5940.283,3,3,4,3.4000000000000004,Loyal
939,1095.0,0.0,0.0,1,1,1,1.0,Churned
940,755.0,2.0,1108.5594999999998,1,1,1,1.0,Churned
941,101.0,3.0,1545.522,4,2,1,2.0,At Risk
942,1095.0,0.0,0.0,1,1,1,1.0,Churned
943,158.0,6.0,7328.818,3,5,5,4.6,Champions
944,144.0,1.0,467.51,3,1,1,1.4,Churned
945,81.0,5.0,7411.364,4,4,5,4.4,Champions
946,510.0,4.0,4023.7855,1,3,3,2.6000000000000005,Potential
947,934.0,1.0,268.3385,1,1,1,1.0,Churned
948,234.0,4.0,4071.6814999999997,2,3,3,2.8000000000000003,Potential
949,72.0,6.0,8357.0505,4,5,5,4.8,Champions
950,229.0,3.0,2314.1405000000004,2,2,2,2.0,At Risk
951,356.0,2.0,1943.51,2,1,2,1.6,Churned
952,308.0,6.0,7202.4075,2,5,5,4.4,Champions
953,118.0,7.0,9419.8525,3,5,5,4.6,Champions
954,45.0,1.0,2799.53,5,1,2,2.2,At Risk
955,332.0,3.0,5222.4025,2,2,4,2.8000000000000003,Potential
956,97.0,7.0,14088.9665,4,5,5,4.8,Champions
957,1.0,3.0,3923.5660000000003,5,2,3,3.0,Potential
958,129.0,2.0,4331.507,3,1,4,2.6,Potential
959,164.0,4.0,4519.387,3,3,4,3.4000000000000004,Loyal
960,279.0,5.0,7983.501,2,4,5,4.0,Loyal
961,56.0,3.0,2823.421,4,2,2,2.4000000000000004,At Risk
962,149.0,1.0,620.483,3,1,1,1.4,Churned
963,19.0,3.0,3358.72,5,2,3,3.0,Potential
964,207.0,3.0,4554.344,3,2,4,3.0,Potential
965,365.0,4.0,3998.0769999999998,2,3,3,2.8000000000000003,Potential
966,189.0,5.0,2986.679,3,4,2,3.0,Potential
967,354.0,3.0,4519.8925,2,2,4,2.8000000000000003,Potential
968,73.0,3.0,1734.8670000000002,4,2,2,2.4000000000000004,At Risk
969,295.0,6.0,5070.47,2,5,4,4.0,Loyal
970,18.0,5.0,4603.298,5,4,4,4.2,Champions
971,89.0,9.0,31688.4655,4,5,5,4.8,Champions
972,84.0,5.0,4535.4665,4,4,4,4.0,Loyal
973,261.0,2.0,1578.264,2,1,1,1.2000000000000002,Churned
974,172.0,6.0,7438.836,3,5,5,4.6,Champions
975,212.0,2.0,2604.119,3,1,2,1.8,At Risk
976,236.0,3.0,31646.038,2,2,5,3.2,Potential
977,58.0,6.0,6600.9115,4,5,5,4.8,Champions
978,97.0,4.0,5038.502,4,3,4,3.6,Loyal
979,83.0,3.0,3523.5775,4,2,3,2.8000000000000003,Potential
980,141.0,3.0,1783.443,3,2,2,2.2,At Risk
981,137.0,7.0,7945.6215,3,5,5,4.6,Champions
982,331.0,4.0,6748.234,2,3,5,3.6,Loyal
983,324.0,2.0,841.0224999999999,2,1,1,1.2000000000000002,Churned
984,277.0,3.0,4163.6885,2,2,3,2.4000000000000004,At Risk
985,10.0,3.0,3395.73,5,2,3,3.0,Potential
986,80.0,3.0,4469.348,4,2,4,3.2,Potential
987,26.0,3.0,4323.907,5,2,4,3.4000000000000004,Loyal
988,197.0,4.0,39292.6665,3,3,5,3.8000000000000003,Loyal
989,46.0,2.0,13605.612,5,1,5,3.4,Loyal
990,632.0,3.0,5104.951,1,2,4,2.6,Potential
991,128.0,3.0,3948.6915,3,2,3,2.6000000000000005,Potential
992,70.0,6.0,4742.718,4,5,4,4.4,Champions
993,287.0,3.0,1654.1200000000001,2,2,2,2.0,At Risk
994,139.0,3.0,4307.505,3,2,3,2.6000000000000005,Potential
995,383.0,6.0,8144.6955,2,5,5,4.4,Champions
996,103.0,3.0,3030.0969999999998,4,2,3,2.8000000000000003,Potential
997,90.0,4.0,4277.848,4,3,3,3.2,Potential
998,15.0,5.0,4087.8970000000004,5,4,3,3.8000000000000003,Loyal
999,141.0,3.0,7349.8550000000005,3,2,5,3.4000000000000004,Loyal
1000,85.0,3.0,2128.5165,4,2,2,2.4000000000000004,At Risk
1001,276.0,5.0,6826.8634999999995,2,4,5,4.0,Loyal
1002,147.0,7.0,9162.737500000001,3,5,5,4.6,Champions
1003,103.0,4.0,1851.3380000000002,4,3,2,2.8,Potential
1004,250.0,3.0,4242.6095,2,2,3,2.4000000000000004,At Risk
1005,13.0,2.0,3184.528,5,1,3,2.6,Potential
1006,367.0,3.0,4162.975,2,2,3,2.4000000000000004,At Risk
1007,78.0,6.0,37295.114499999996,4,5,5,4.8,Champions
1008,276.0,4.0,2001.3759999999997,2,3,2,2.4000000000000004,At Risk
1009,63.0,5.0,5703.226500000001,4,4,4,4.0,Loyal
1010,1095.0,0.0,0.0,1,1,1,1.0,Churned
1011,122.0,2.0,5636.96,3,1,4,2.6,Potential
1012,190.0,4.0,8978.232,3,3,5,3.8000000000000003,Loyal
1013,16.0,1.0,512.6600000000001,5,1,1,1.7999999999999998,Churned
1014,109.0,3.0,6014.9915,4,2,4,3.2,Potential
1015,30.0,5.0,10443.7405,5,4,5,4.6,Champions
1016,178.0,4.0,2599.006,3,3,2,2.6000000000000005,Potential
1017,78.0,1.0,906.9340000000001,4,1,1,1.6,Churned
1018,570.0,1.0,133.13,1,1,1,1.0,Churned
1019,692.0,1.0,1062.1505,1,1,1,1.0,Churned
1020,363.0,4.0,4336.057,2,3,4,3.2,Potential
1021,304.0,3.0,4947.261,2,2,4,2.8000000000000003,Potential
1022,52.0,3.0,3258.978,4,2,3,2.8000000000000003,Potential
1023,300.0,6.0,5601.1635,2,5,4,4.0,Loyal
1024,1095.0,0.0,0.0,1,1,1,1.0,Churned
1025,25.0,5.0,6679.3295,5,4,5,4.6,Champions
1026,164.0,4.0,933.7905,3,3,1,2.2,At Risk
1027,76.0,1.0,456.96,4,1,1,1.6,Churned
1028,1008.0,1.0,261.44949999999994,1,1,1,1.0,Churned
1029,82.0,2.0,2362.667,4,1,2,2.0,At Risk
1030,1.0,7.0,7190.1915,5,5,5,5.0,Champions
1031,5.0,4.0,2722.2065000000002,5,3,2,3.0,Potential
1032,885.0,2.0,1537.8315,1,1,1,1.0,Churned
1033,250.0,3.0,274.301,2,2,1,1.6,Churned
1034,354.0,3.0,4453.067999999999,2,2,4,2.8000000000000003,Potential
1035,131.0,7.0,10882.5595,3,5,5,4.6,Champions
1036,56.0,6.0,36344.966499999995,4,5,5,4.8,Champions
1037,43.0,4.0,5144.114,5,3,4,3.8000000000000003,Loyal
1038,181.0,3.0,2124.214,3,2,2,2.2,At Risk
1039,57.0,5.0,5677.098,4,4,4,4.0,Loyal
1040,25.0,3.0,3691.6414999999997,5,2,3,3.0,Potential
1041,94.0,3.0,3796.863,4,2,3,2.8000000000000003,Potential
1042,33.0,3.0,4220.3240000000005,5,2,3,3.0,Potential
1043,134.0,8.0,6570.0205,3,5,4,4.2,Champions
1044,85.0,6.0,5006.951,4,5,4,4.4,Champions
1045,152.0,4.0,4179.1055,3,3,3,3.0000000000000004,Potential
1046,450.0,1.0,274.11,1,1,1,1.0,Churned
1047,944.0,1.0,1779.14,1,1,2,1.4000000000000001,Churned
1048,21.0,4.0,4445.5485,5,3,4,3.8000000000000003,Loyal
1049,764.0,4.0,3752.8810000000003,1,3,3,2.6000000000000005,Potential
1050,97.0,4.0,2784.1695,4,3,2,2.8,Potential
1051,915.0,3.0,2030.352,1,2,2,1.8,At Risk
1052,355.0,5.0,6045.0085,2,4,4,3.6,Loyal
1053,556.0,3.0,3455.16,1,2,3,2.2,At Risk
1054,496.0,3.0,2402.214,1,2,2,1.8,At Risk
1055,637.0,2.0,2855.82,1,1,2,1.4000000000000001,Churned
1056,81.0,2.0,4931.07,4,1,4,2.8000000000000003,Potential
1057,295.0,3.0,3136.6205,2,2,3,2.4000000000000004,At Risk
1058,478.0,7.0,9993.6455,1,5,5,4.2,Champions
1059,367.0,1.0,590.8525,2,1,1,1.2000000000000002,Churned
1060,351.0,4.0,2981.0515,2,3,2,2.4000000000000004,At Risk
1061,951.0,1.0,568.746,1,1,1,1.0,Churned
1062,90.0,4.0,3510.018,4,3,3,3.2,Potential
1063,42.0,1.0,1556.8694999999998,5,1,1,1.7999999999999998,Churned
1064,136.0,6.0,6125.1975,3,5,4,4.2,Champions
1065,1095.0,0.0,0.0,1,1,1,1.0,Churned
1066,78.0,5.0,6940.07,4,4,5,4.4,Champions
1067,424.0,1.0,13474.644,1,1,5,2.6,Potential
1068,63.0,3.0,1869.729,4,2,2,2.4000000000000004,At Risk
1069,510.0,1.0,2195.03,1,1,2,1.4000000000000001,Churned
1070,22.0,6.0,4940.457,5,5,4,4.6,Champions
1071,24.0,2.0,9188.233500000002,5,1,5,3.4,Loyal
1072,136.0,2.0,1368.168,3,1,1,1.4,Churned
1073,59.0,5.0,8109.105,4,4,5,4.4,Champions
1074,147.0,5.0,4556.9155,3,4,4,3.8000000000000003,Loyal
1075,74.0,5.0,17118.9335,4,4,5,4.4,Champions
1076,506.0,5.0,2803.554,1,4,2,2.6,Potential
1077,165.0,2.0,3212.733,3,1,3,2.2,At Risk
1078,92.0,3.0,2604.0495,4,2,2,2.4000000000000004,At Risk
1079,82.0,2.0,1418.924,4,1,1,1.6,Churned
1080,494.0,1.0,1204.4814999999999,1,1,1,1.0,Churned
1081,345.0,3.0,5414.064,2,2,4,2.8000000000000003,Potential
1082,143.0,3.0,2274.449,3,2,2,2.2,At Risk
1083,884.0,1.0,3968.7484999999997,1,1,3,1.8000000000000003,At Risk
1084,586.0,2.0,2893.108,1,1,2,1.4000000000000001,Churned
1085,22.0,8.0,11628.786,5,5,5,5.0,Champions
1086,558.0,2.0,1659.792,1,1,2,1.4000000000000001,Churned
1087,347.0,1.0,1538.8854999999999,2,1,1,1.2000000000000002,Churned
1088,420.0,2.0,2625.02,1,1,2,1.4000000000000001,Churned
1089,1095.0,0.0,0.0,1,1,1,1.0,Churned
1090,770.0,2.0,501.42,1,1,1,1.0,Churned
1091,121.0,5.0,4130.953,3,4,3,3.4000000000000004,Loyal
1092,109.0,9.0,8127.8144999999995,4,5,5,4.8,Champions
1093,86.0,4.0,3923.2084999999997,4,3,3,3.2,Potential
1094,171.0,5.0,4701.859,3,4,4,3.8000000000000003,Loyal
1095,635.0,2.0,861.813,1,1,1,1.0,Churned
1096,147.0,1.0,372.49300000000005,3,1,1,1.4,Churned
1097,269.0,6.0,8593.988,2,5,5,4.4,Champions
1098,60.0,4.0,24989.227,4,3,5,4.0,Loyal
1099,88.0,4.0,4617.6415,4,3,4,3.6,Loyal
1100,2.0,8.0,10039.9795,5,5,5,5.0,Champions
1101,38.0,4.0,2690.776,5,3,2,3.0,Potential
1102,346.0,1.0,1054.1009999999999,2,1,1,1.2000000000000002,Churned
1103,54.0,3.0,4657.1025,4,2,4,3.2,Potential
1104,9.0,4.0,13215.824,5,3,5,4.2,Champions
1105,176.0,5.0,3685.4939999999997,3,4,3,3.4000000000000004,Loyal
1106,37.0,4.0,2661.3849999999998,5,3,2,3.0,Potential
1107,235.0,2.0,1782.6855,2,1,2,1.6,Churned
1108,18.0,4.0,4290.892,5,3,3,3.4000000000000004,Loyal
1109,77.0,6.0,5953.917,4,5,4,4.4,Champions
1110,964.0,1.0,127.57,1,1,1,1.0,Churned
1111,69.0,5.0,5794.7315,4,4,4,4.0,Loyal
1112,371.0,3.0,1283.5615,2,2,1,1.6,Churned
1113,609.0,2.0,1524.645,1,1,1,1.0,Churned
1114,144.0,5.0,3265.0170000000003,3,4,3,3.4000000000000004,Loyal
1115,13.0,4.0,4014.21,5,3,3,3.4000000000000004,Loyal
1116,11.0,4.0,2740.436,5,3,2,3.0,Potential
1117,508.0,2.0,1842.718,1,1,2,1.4000000000000001,Churned
1118,320.0,2.0,4181.458,2,1,3,2.0,At Risk
1119,114.0,1.0,583.528,3,1,1,1.4,Churned
1120,658.0,4.0,7770.243,1,3,5,3.4000000000000004,Loyal
1121,249.0,1.0,631.35,2,1,1,1.2000000000000002,Churned
1122,430.0,1.0,829.9360000000001,1,1,1,1.0,Churned
1123,29.0,3.0,2554.0515,5,2,2,2.6,Potential
1124,79.0,3.0,4398.7845,4,2,4,3.2,Potential
1125,601.0,3.0,3093.592,1,2,3,2.2,At Risk
1126,58.0,4.0,11781.3655,4,3,5,4.0,Loyal
1127,356.0,6.0,32462.883,2,5,5,4.4,Champions
1128,70.0,3.0,3303.3455000000004,4,2,3,2.8000000000000003,Potential
1129,108.0,4.0,2418.8940000000002,4,3,2,2.8,Potential
1130,297.0,3.0,4943.5289999999995,2,2,4,2.8000000000000003,Potential
1131,151.0,5.0,3982.704,3,4,3,3.4000000000000004,Loyal
1132,72.0,1.0,1470.3579999999997,4,1,1,1.6,Churned
1133,39.0,7.0,8906.477,5,5,5,5.0,Champions
1134,69.0,7.0,8228.2385,4,5,5,4.8,Champions
1135,24.0,2.0,1870.5404999999998,5,1,2,2.2,At Risk
1136,0.0,4.0,3704.681,5,3,3,3.4000000000000004,Loyal
1137,577.0,2.0,1241.142,1,1,1,1.0,Churned
1138,112.0,6.0,7736.9835,3,5,5,4.6,Champions
1139,48.0,4.0,6871.6645,4,3,5,4.0,Loyal
1140,153.0,2.0,5305.7029999999995,3,1,4,2.6,Potential
1141,170.0,3.0,5163.8985,3,2,4,3.0,Potential
1142,1.0,5.0,4793.0,5,4,4,4.2,Champions
1143,110.0,5.0,6351.5644999999995,3,4,4,3.8000000000000003,Loyal
1144,368.0,2.0,2201.2075,2,1,2,1.6,Churned
1145,78.0,4.0,4352.967000000001,4,3,4,3.6,Loyal
1146,79.0,5.0,6621.2325,4,4,5,4.4,Champions
1147,434.0,2.0,1967.9759999999999,1,1,2,1.4000000000000001,Churned
1148,180.0,4.0,3541.1245,3,3,3,3.0000000000000004,Potential
1149,115.0,5.0,4587.6105,3,4,4,3.8000000000000003,Loyal
1150,32.0,2.0,3028.194,5,1,3,2.6,Potential
1151,26.0,5.0,4402.9975,5,4,4,4.2,Champions
1152,1095.0,0.0,0.0,1,1,1,1.0,Churned
1153,559.0,3.0,3406.5655,1,2,3,2.2,At Risk
1154,0.0,6.0,5644.562,5,5,4,4.6,Champions
1155,315.0,3.0,3034.489,2,2,3,2.4000000000000004,At Risk
1156,361.0,3.0,3592.84,2,2,3,2.4000000000000004,At Risk
1157,1095.0,0.0,0.0,1,1,1,1.0,Churned
1158,804.0,4.0,6932.342000000001,1,3,5,3.4000000000000004,Loyal
1159,121.0,2.0,2791.9665,3,1,2,1.8,At Risk
1160,23.0,4.0,1063.07,5,3,1,2.6,Potential
1161,390.0,1.0,567.69,2,1,1,1.2000000000000002,Churned
1162,516.0,3.0,3039.973,1,2,3,2.2,At Risk
1163,5.0,6.0,8234.629,5,5,5,5.0,Champions
1164,228.0,4.0,2738.3625,2,3,2,2.4000000000000004,At Risk
1165,362.0,2.0,2753.69,2,1,2,1.6,Churned
1166,186.0,4.0,5753.6255,3,3,4,3.4000000000000004,Loyal
1167,1.0,6.0,7019.1755,5,5,5,5.0,Champions
1168,409.0,1.0,2524.9945,1,1,2,1.4000000000000001,Churned
1169,306.0,1.0,2151.9269999999997,2,1,2,1.6,Churned
1170,924.0,1.0,473.03049999999996,1,1,1,1.0,Churned
1171,131.0,8.0,10131.795,3,5,5,4.6,Champions
1172,265.0,2.0,1653.23,2,1,2,1.6,Churned
1173,179.0,5.0,3742.343,3,4,3,3.4000000000000004,Loyal
1174,2.0,5.0,1979.9910000000002,5,4,2,3.4000000000000004,Loyal
1175,722.0,2.0,1165.78,1,1,1,1.0,Churned
1176,541.0,3.0,2790.217,1,2,2,1.8,At Risk
1177,341.0,4.0,4857.949,2,3,4,3.2,Potential
1178,853.0,1.0,314.57649999999995,1,1,1,1.0,Churned
1179,471.0,5.0,3420.0299999999997,1,4,3,3.0,Potential
1180,139.0,7.0,47277.55300000001,3,5,5,4.6,Champions
1181,298.0,3.0,2680.4665,2,2,2,2.0,At Risk
1182,251.0,5.0,4362.1115,2,4,4,3.6,Loyal
1183,6.0,3.0,2906.344,5,2,2,2.6,Potential
1184,449.0,3.0,5242.531,1,2,4,2.6,Potential
1185,539.0,2.0,3991.6875,1,1,3,1.8000000000000003,At Risk
1186,48.0,4.0,3679.2705,4,3,3,3.2,Potential
1187,162.0,7.0,11075.7655,3,5,5,4.6,Champions
1188,122.0,5.0,7245.91,3,4,5,4.2,Champions
1189,528.0,3.0,2999.029,1,2,2,1.8,At Risk
1190,73.0,5.0,2523.1925,4,4,2,3.2,Potential
1191,75.0,3.0,4733.532,4,2,4,3.2,Potential
1192,197.0,2.0,1985.2965,3,1,2,1.8,At Risk
1193,237.0,3.0,3089.114,2,2,3,2.4000000000000004,At Risk
1194,1.0,3.0,2418.5634999999997,5,2,2,2.6,Potential
1195,359.0,1.0,1372.416,2,1,1,1.2000000000000002,Churned
1196,121.0,1.0,594.99,3,1,1,1.4,Churned
1197,364.0,2.0,1229.3385,2,1,1,1.2000000000000002,Churned
1198,30.0,6.0,6956.852,5,5,5,5.0,Champions
1199,252.0,4.0,10150.555,2,3,5,3.6,Loyal
1200,206.0,2.0,1144.41,3,1,1,1.4,Churned
1201,60.0,5.0,7869.536,4,4,5,4.4,Champions
1202,162.0,1.0,227.31,3,1,1,1.4,Churned
1203,163.0,4.0,3056.0,3,3,3,3.0000000000000004,Potential
1204,112.0,5.0,2870.6895,3,4,2,3.0,Potential
1205,109.0,2.0,2718.468,4,1,2,2.0,At Risk
1206,83.0,3.0,36787.025499999996,4,2,5,3.6,Loyal
1207,433.0,4.0,6395.91,1,3,4,3.0,Potential
1208,136.0,2.0,7408.582,3,1,5,3.0,Potential
1209,0.0,5.0,1592.4535,5,4,1,3.0,Potential
1210,234.0,6.0,3840.092,2,5,3,3.6,Loyal
1211,112.0,4.0,2537.747,3,3,2,2.6000000000000005,Potential
1212,130.0,10.0,12344.8135,3,5,5,4.6,Champions
1213,2.0,2.0,1748.442,5,1,2,2.2,At Risk
1214,176.0,6.0,9714.2535,3,5,5,4.6,Champions
1215,688.0,2.0,3082.076,1,1,3,1.8000000000000003,At Risk
1216,69.0,4.0,1430.509,4,3,1,2.4,At Risk
1217,141.0,5.0,79992.056,3,4,5,4.2,Champions
1218,78.0,7.0,12493.61,4,5,5,4.8,Champions
1219,2.0,2.0,1152.705,5,1,1,1.7999999999999998,Churned
1220,158.0,4.0,5048.731,3,3,4,3.4000000000000004,Loyal
1221,16.0,2.0,4519.8875,5,1,4,3.0,Potential
1222,192.0,1.0,185.9035,3,1,1,1.4,Churned
1223,152.0,9.0,11153.264,3,5,5,4.6,Champions
1224,41.0,4.0,1142.6215,5,3,1,2.6,Potential
1225,64.0,6.0,7751.606,4,5,5,4.8,Champions
1226,68.0,2.0,2250.234,4,1,2,2.0,At Risk
1227,468.0,3.0,4988.5419999999995,1,2,4,2.6,Potential
1228,6.0,4.0,5863.354,5,3,4,3.8000000000000003,Loyal
1229,494.0,1.0,1372.272,1,1,1,1.0,Churned
1230,52.0,4.0,4499.4105,4,3,4,3.6,Loyal
1231,52.0,6.0,8244.1415,4,5,5,4.8,Champions
1232,313.0,7.0,3705.72,2,5,3,3.6,Loyal
1233,49.0,6.0,6956.6925,4,5,5,4.8,Champions
1234,0.0,2.0,3189.9085000000005,5,1,3,2.6,Potential
1235,29.0,4.0,4851.594,5,3,4,3.8000000000000003,Loyal
1236,1094.0,1.0,121.19149999999999,1,1,1,1.0,Churned
1237,14.0,5.0,5047.6875,5,4,4,4.2,Champions
1238,105.0,2.0,3065.0254999999997,4,1,3,2.4000000000000004,At Risk
1239,800.0,4.0,3904.9035000000003,1,3,3,2.6000000000000005,Potential
1240,466.0,1.0,618.69,1,1,1,1.0,Churned
1241,283.0,5.0,5456.4395,2,4,4,3.6,Loyal
1242,278.0,3.0,3616.5924999999997,2,2,3,2.4000000000000004,At Risk
1243,222.0,3.0,4157.6655,2,2,3,2.4000000000000004,At Risk
1244,68.0,7.0,7112.6665,4,5,5,4.8,Champions
1245,56.0,4.0,10913.984,4,3,5,4.0,Loyal
1246,85.0,2.0,13390.2425,4,1,5,3.2,Potential
1247,476.0,5.0,5501.9710000000005,1,4,4,3.4000000000000004,Loyal
1248,315.0,2.0,1143.456,2,1,1,1.2000000000000002,Churned
1249,62.0,2.0,3527.7505,4,1,3,2.4000000000000004,At Risk
1250,126.0,3.0,1343.708,3,2,1,1.8000000000000003,At Risk
1251,49.0,2.0,1947.7910000000002,4,1,2,2.0,At Risk
1252,61.0,3.0,2442.1805000000004,4,2,2,2.4000000000000004,At Risk
1253,297.0,2.0,1657.3600000000001,2,1,2,1.6,Churned
1254,189.0,4.0,4764.0265,3,3,4,3.4000000000000004,Loyal
1255,709.0,1.0,607.36,1,1,1,1.0,Churned
1256,373.0,5.0,3202.0190000000002,2,4,3,3.2,Potential
1257,681.0,4.0,3928.875,1,3,3,2.6000000000000005,Potential
1258,27.0,3.0,4914.7080000000005,5,2,4,3.4000000000000004,Loyal
1259,33.0,4.0,95535.57500000001,5,3,5,4.2,Champions
1260,19.0,6.0,7259.295,5,5,5,5.0,Champions
1261,1095.0,0.0,0.0,1,1,1,1.0,Churned
1262,660.0,1.0,1834.962,1,1,2,1.4000000000000001,Churned
1263,154.0,7.0,14417.666000000001,3,5,5,4.6,Champions
1264,0.0,6.0,5800.3060000000005,5,5,4,4.6,Champions
1265,367.0,7.0,8530.7695,2,5,5,4.4,Champions
1266,6.0,4.0,5095.664,5,3,4,3.8000000000000003,Loyal
1267,75.0,2.0,1710.1335,4,1,2,2.0,At Risk
1268,218.0,3.0,3042.38,2,2,3,2.4000000000000004,At Risk
1269,17.0,4.0,6020.416,5,3,4,3.8000000000000003,Loyal
1270,35.0,3.0,4423.338,5,2,4,3.4000000000000004,Loyal
1271,145.0,4.0,3382.377,3,3,3,3.0000000000000004,Potential
1272,125.0,4.0,3288.218,3,3,3,3.0000000000000004,Potential
1273,69.0,3.0,2345.5635,4,2,2,2.4000000000000004,At Risk
1274,435.0,4.0,6194.776,1,3,4,3.0,Potential
1275,129.0,1.0,596.48,3,1,1,1.4,Churned
1276,3.0,2.0,1165.6399999999999,5,1,1,1.7999999999999998,Churned
1277,101.0,4.0,5058.452499999999,4,3,4,3.6,Loyal
1278,301.0,3.0,2968.878,2,2,2,2.0,At Risk
1279,439.0,2.0,1089.259,1,1,1,1.0,Churned
1280,37.0,2.0,1706.9785000000002,5,1,2,2.2,At Risk
1281,15.0,3.0,1387.936,5,2,1,2.2,At Risk
1282,52.0,3.0,3599.8265,4,2,3,2.8000000000000003,Potential
1283,119.0,6.0,5499.6505,3,5,4,4.2,Champions
1284,161.0,5.0,5360.183,3,4,4,3.8000000000000003,Loyal
1285,113.0,2.0,1561.0795,3,1,1,1.4,Churned
1286,43.0,2.0,1066.3029999999999,5,1,1,1.7999999999999998,Churned
1287,32.0,3.0,3135.6385,5,2,3,3.0,Potential
1288,356.0,1.0,478.17299999999994,2,1,1,1.2000000000000002,Churned
1289,36.0,4.0,5764.973,5,3,4,3.8000000000000003,Loyal
1290,771.0,3.0,5812.2970000000005,1,2,4,2.6,Potential
1291,4.0,7.0,7579.2935,5,5,5,5.0,Champions
1292,86.0,4.0,2648.4525,4,3,2,2.8,Potential
1293,434.0,1.0,933.6780000000001,1,1,1,1.0,Churned
1294,465.0,2.0,3092.215,1,1,3,1.8000000000000003,At Risk
1295,105.0,1.0,150.1,4,1,1,1.6,Churned
1296,23.0,2.0,2683.8305,5,1,2,2.2,At Risk
1297,667.0,2.0,1983.005,1,1,2,1.4000000000000001,Churned
1298,210.0,3.0,2135.738,3,2,2,2.2,At Risk
1299,311.0,5.0,5112.8155,2,4,4,3.6,Loyal
1300,60.0,6.0,8504.5425,4,5,5,4.8,Champions
1301,1095.0,0.0,0.0,1,1,1,1.0,Churned
1302,41.0,4.0,3486.4915,5,3,3,3.4000000000000004,Loyal
1303,522.0,1.0,156.75,1,1,1,1.0,Churned
1304,251.0,4.0,5436.1630000000005,2,3,4,3.2,Potential
1305,259.0,4.0,3187.7915,2,3,3,2.8000000000000003,Potential
1306,243.0,7.0,9170.5585,2,5,5,4.4,Champions
1307,177.0,7.0,8965.2745,3,5,5,4.6,Champions
1308,327.0,2.0,2576.72,2,1,2,1.6,Churned
1309,84.0,9.0,10837.454,4,5,5,4.8,Champions
1310,156.0,3.0,1617.732,3,2,1,1.8000000000000003,At Risk
1311,167.0,5.0,3122.532,3,4,3,3.4000000000000004,Loyal
1312,291.0,6.0,8150.692499999999,2,5,5,4.4,Champions
1313,266.0,5.0,6502.066,2,4,4,3.6,Loyal
1314,4.0,2.0,715.9615,5,1,1,1.7999999999999998,Churned
1315,713.0,3.0,3445.5205,1,2,3,2.2,At Risk
1316,24.0,7.0,42809.577,5,5,5,5.0,Champions
1317,480.0,2.0,2967.7464999999997,1,1,2,1.4000000000000001,Churned
1318,253.0,4.0,4043.46,2,3,3,2.8000000000000003,Potential
1319,1095.0,0.0,0.0,1,1,1,1.0,Churned
1320,298.0,2.0,1860.549,2,1,2,1.6,Churned
1321,82.0,3.0,1018.51,4,2,1,2.0,At Risk
1322,253.0,2.0,1034.948,2,1,1,1.2000000000000002,Churned
1323,411.0,2.0,1624.0404999999998,1,1,1,1.0,Churned
1324,168.0,7.0,4828.659,3,5,4,4.2,Champions
1325,214.0,3.0,5448.0015,2,2,4,2.8000000000000003,Potential
1326,434.0,2.0,608.8885,1,1,1,1.0,Churned
1327,246.0,4.0,4106.928,2,3,3,2.8000000000000003,Potential
1328,36.0,4.0,16997.354,5,3,5,4.2,Champions
1329,504.0,3.0,2606.863,1,2,2,1.8,At Risk
1330,632.0,3.0,10498.221,1,2,5,3.0,Potential
1331,351.0,2.0,3869.075,2,1,3,2.0,At Risk
1332,272.0,1.0,1496.856,2,1,1,1.2000000000000002,Churned
1333,207.0,1.0,608.8,3,1,1,1.4,Churned
1334,730.0,2.0,1622.157,1,1,1,1.0,Churned
1335,300.0,3.0,3628.3990000000003,2,2,3,2.4000000000000004,At Risk
1336,210.0,4.0,4780.3655,3,3,4,3.4000000000000004,Loyal
1337,328.0,4.0,3500.8549999999996,2,3,3,2.8000000000000003,Potential
1338,88.0,3.0,3877.138,4,2,3,2.8000000000000003,Potential
1339,1.0,3.0,1893.749,5,2,2,2.6,Potential
1340,1095.0,0.0,0.0,1,1,1,1.0,Churned
1341,344.0,7.0,11066.888500000001,2,5,5,4.4,Champions
1342,1095.0,0.0,0.0,1,1,1,1.0,Churned
1343,118.0,3.0,4270.687,3,2,3,2.6000000000000005,Potential
1344,483.0,1.0,597.28,1,1,1,1.0,Churned
1345,26.0,3.0,3497.299,5,2,3,3.0,Potential
1346,690.0,3.0,3345.049,1,2,3,2.2,At Risk
1347,372.0,4.0,72359.3275,2,3,5,3.6,Loyal
1348,315.0,1.0,1225.2199999999998,2,1,1,1.2000000000000002,Churned
1349,670.0,3.0,2092.2780000000002,1,2,2,1.8,At Risk
1350,439.0,3.0,2298.1515,1,2,2,1.8,At Risk
1351,32.0,2.0,1575.903,5,1,1,1.7999999999999998,Churned
1352,50.0,5.0,2260.524,4,4,2,3.2,Potential
1353,112.0,2.0,34582.813,3,1,5,3.0,Potential
1354,46.0,5.0,4793.150000000001,5,4,4,4.2,Champions
1355,411.0,2.0,2397.603,1,1,2,1.4000000000000001,Churned
1356,852.0,2.0,681.8420000000001,1,1,1,1.0,Churned
1357,335.0,4.0,39417.303,2,3,5,3.6,Loyal
1358,576.0,2.0,431.444,1,1,1,1.0,Churned
1359,42.0,3.0,3518.2925,5,2,3,3.0,Potential
1360,137.0,3.0,2869.4225,3,2,2,2.2,At Risk
1361,310.0,3.0,2997.5455,2,2,2,2.0,At Risk
1362,76.0,6.0,20941.636,4,5,5,4.8,Champions
1363,95.0,1.0,182.56149999999997,4,1,1,1.6,Churned
1364,81.0,4.0,4437.725,4,3,4,3.6,Loyal
1365,24.0,2.0,722.3299999999999,5,1,1,1.7999999999999998,Churned
1366,219.0,4.0,4885.7300000000005,2,3,4,3.2,Potential
1367,915.0,4.0,3440.6630000000005,1,3,3,2.6000000000000005,Potential
1368,180.0,1.0,1018.6500000000001,3,1,1,1.4,Churned
1369,454.0,6.0,14108.673,1,5,5,4.2,Champions
1370,407.0,4.0,5751.3324999999995,1,3,4,3.0,Potential
1371,294.0,4.0,2669.8105,2,3,2,2.4000000000000004,At Risk
1372,34.0,3.0,38361.078,5,2,5,3.8,Loyal
1373,424.0,1.0,802.5075,1,1,1,1.0,Churned
1374,59.0,4.0,3913.6915,4,3,3,3.2,Potential
1375,133.0,1.0,48.449999999999996,3,1,1,1.4,Churned
1376,162.0,5.0,5312.7215,3,4,4,3.8000000000000003,Loyal
1377,1095.0,0.0,0.0,1,1,1,1.0,Churned
1378,2.0,3.0,2287.407,5,2,2,2.6,Potential
1379,1.0,6.0,9418.2395,5,5,5,5.0,Champions
1380,23.0,5.0,3849.88,5,4,3,3.8000000000000003,Loyal
1381,329.0,3.0,11134.5025,2,2,5,3.2,Potential
1382,38.0,4.0,12420.248500000002,5,3,5,4.2,Champions
1383,65.0,9.0,8243.6105,4,5,5,4.8,Champions
1384,176.0,4.0,4082.7309999999998,3,3,3,3.0000000000000004,Potential
1385,137.0,2.0,2342.584,3,1,2,1.8,At Risk
1386,80.0,2.0,2334.367,4,1,2,2.0,At Risk
1387,106.0,4.0,4236.7535,4,3,3,3.2,Potential
1388,40.0,3.0,6117.924000000001,5,2,4,3.4000000000000004,Loyal
1389,51.0,3.0,4067.091,4,2,3,2.8000000000000003,Potential
1390,908.0,1.0,35.67,1,1,1,1.0,Churned
1391,37.0,4.0,6005.1535,5,3,4,3.8000000000000003,Loyal
1392,29.0,2.0,1915.8155,5,1,2,2.2,At Risk
1393,134.0,2.0,315.492,3,1,1,1.4,Churned
1394,33.0,3.0,3362.1865,5,2,3,3.0,Potential
1395,190.0,2.0,1607.6689999999999,3,1,1,1.4,Churned
1396,103.0,3.0,3139.134,4,2,3,2.8000000000000003,Potential
1397,588.0,1.0,2272.796,1,1,2,1.4000000000000001,Churned
1398,164.0,7.0,6106.3565,3,5,4,4.2,Champions
1399,61.0,5.0,4237.27,4,4,3,3.6000000000000005,Loyal
1400,385.0,3.0,3900.3035,2,2,3,2.4000000000000004,At Risk
1401,56.0,2.0,1485.7640000000001,4,1,1,1.6,Churned
1402,30.0,2.0,1373.1055000000001,5,1,1,1.7999999999999998,Churned
1403,358.0,2.0,3052.0385,2,1,3,2.0,At Risk
1404,89.0,3.0,1216.972,4,2,1,2.0,At Risk
1405,267.0,6.0,5946.1555,2,5,4,4.0,Loyal
1406,10.0,6.0,7386.8655,5,5,5,5.0,Champions
1407,40.0,4.0,4534.74,5,3,4,3.8000000000000003,Loyal
1408,78.0,5.0,4008.458,4,4,3,3.6000000000000005,Loyal
1409,17.0,3.0,3351.999,5,2,3,3.0,Potential
1410,100.0,9.0,12312.565,4,5,5,4.8,Champions
1411,149.0,3.0,6214.112,3,2,4,3.0,Potential
1412,462.0,3.0,3887.362,1,2,3,2.2,At Risk
1413,295.0,6.0,7460.478,2,5,5,4.4,Champions
1414,326.0,3.0,2200.2295,2,2,2,2.0,At Risk
1415,350.0,3.0,6489.932,2,2,4,2.8000000000000003,Potential
1416,173.0,2.0,289.104,3,1,1,1.4,Churned
1417,45.0,5.0,39730.7525,5,4,5,4.6,Champions
1418,152.0,3.0,1456.07,3,2,1,1.8000000000000003,At Risk
1419,20.0,6.0,4963.9755,5,5,4,4.6,Champions
1420,28.0,5.0,4878.5960000000005,5,4,4,4.2,Champions
1421,51.0,5.0,12951.013,4,4,5,4.4,Champions
1422,289.0,3.0,3050.2905,2,2,3,2.4000000000000004,At Risk
1423,520.0,6.0,4960.9685,1,5,4,3.8000000000000003,Loyal
1424,61.0,5.0,40588.5755,4,4,5,4.4,Champions
1425,231.0,2.0,1004.6814999999999,2,1,1,1.2000000000000002,Churned
1426,169.0,5.0,22877.0795,3,4,5,4.2,Champions
1427,108.0,3.0,3006.051,4,2,3,2.8000000000000003,Potential
1428,484.0,3.0,3367.2940000000003,1,2,3,2.2,At Risk
1429,165.0,7.0,22592.903,3,5,5,4.6,Champions
1430,100.0,2.0,2092.3900000000003,4,1,2,2.0,At Risk
1431,428.0,1.0,938.11,1,1,1,1.0,Churned
1432,262.0,3.0,2712.768,2,2,2,2.0,At Risk
1433,247.0,2.0,567.47,2,1,1,1.2000000000000002,Churned
1434,86.0,5.0,4316.6905,4,4,3,3.6000000000000005,Loyal
1435,1095.0,0.0,0.0,1,1,1,1.0,Churned
1436,150.0,6.0,5662.708,3,5,4,4.2,Champions
1437,180.0,3.0,1737.35,3,2,2,2.2,At Risk
1438,61.0,6.0,3212.797,4,5,3,4.0,Loyal
1439,181.0,3.0,2799.223,3,2,2,2.2,At Risk
1440,56.0,3.0,3251.7305,4,2,3,2.8000000000000003,Potential
1441,29.0,2.0,3712.7895,5,1,3,2.6,Potential
1442,188.0,4.0,3650.35,3,3,3,3.0000000000000004,Potential
1443,87.0,5.0,5477.224,4,4,4,4.0,Loyal
1444,177.0,3.0,1434.61,3,2,1,1.8000000000000003,At Risk
1445,240.0,5.0,4601.394,2,4,4,3.6,Loyal
1446,123.0,1.0,45.5335,3,1,1,1.4,Churned
1447,687.0,1.0,1747.3200000000002,1,1,2,1.4000000000000001,Churned
1448,147.0,5.0,9203.974,3,4,5,4.2,Champions
1449,204.0,6.0,5617.5315,3,5,4,4.2,Champions
1450,15.0,8.0,9603.5115,5,5,5,5.0,Champions
1451,56.0,4.0,2905.67,4,3,2,2.8,Potential
1452,230.0,4.0,3708.98,2,3,3,2.8000000000000003,Potential
1453,213.0,4.0,2603.7495,3,3,2,2.6000000000000005,Potential
1454,56.0,3.0,2836.455,4,2,2,2.4000000000000004,At Risk
1455,46.0,4.0,38455.7135,5,3,5,4.2,Champions
1456,94.0,4.0,7131.3295,4,3,5,4.0,Loyal
1457,59.0,5.0,8089.196,4,4,5,4.4,Champions
1458,75.0,2.0,420.49399999999997,4,1,1,1.6,Churned
1459,57.0,4.0,2870.0785,4,3,2,2.8,Potential
1460,905.0,1.0,120.20349999999999,1,1,1,1.0,Churned
1461,380.0,2.0,2584.274,2,1,2,1.6,Churned
1462,244.0,4.0,3690.1089999999995,2,3,3,2.8000000000000003,Potential
1463,502.0,3.0,4155.957,1,2,3,2.2,At Risk
1464,9.0,5.0,9202.168,5,4,5,4.6,Champions
1465,242.0,3.0,1229.247,2,2,1,1.6,Churned
1466,528.0,2.0,3105.777,1,1,3,1.8000000000000003,At Risk
1467,773.0,2.0,1848.3245,1,1,2,1.4000000000000001,Churned
1468,372.0,4.0,5506.2675,2,3,4,3.2,Potential
1469,19.0,7.0,11209.2235,5,5,5,5.0,Champions
1470,98.0,2.0,1717.973,4,1,2,2.0,At Risk
1471,268.0,1.0,2336.9135,2,1,2,1.6,Churned
1472,104.0,2.0,1605.52,4,1,1,1.6,Churned
1473,59.0,6.0,6615.896,4,5,5,4.8,Champions
1474,898.0,1.0,28262.7855,1,1,5,2.6,Potential
1475,26.0,3.0,6359.8395,5,2,4,3.4000000000000004,Loyal
1476,93.0,10.0,9038.783,4,5,5,4.8,Champions
1477,259.0,4.0,2972.28,2,3,2,2.4000000000000004,At Risk
1478,25.0,5.0,6782.0005,5,4,5,4.6,Champions
1479,511.0,1.0,773.5065000000001,1,1,1,1.0,Churned
1480,116.0,2.0,1059.2604999999999,3,1,1,1.4,Churned
1481,3.0,3.0,5898.915,5,2,4,3.4000000000000004,Loyal
1482,418.0,3.0,3904.619,1,2,3,2.2,At Risk
1483,266.0,3.0,2576.92,2,2,2,2.0,At Risk
1484,273.0,3.0,1742.1704999999997,2,2,2,2.0,At Risk
1485,92.0,5.0,7366.936000000001,4,4,5,4.4,Champions
1486,91.0,5.0,4111.979,4,4,3,3.6000000000000005,Loyal
1487,49.0,4.0,5484.8175,4,3,4,3.6,Loyal
1488,103.0,7.0,9246.07,4,5,5,4.8,Champions
1489,396.0,4.0,6607.091,1,3,5,3.4000000000000004,Loyal
1490,3.0,2.0,453.16,5,1,1,1.7999999999999998,Churned
1491,382.0,3.0,1378.2065,2,2,1,1.6,Churned
1492,69.0,5.0,4961.3215,4,4,4,4.0,Loyal
1493,155.0,6.0,5298.189,3,5,4,4.2,Champions
1494,12.0,6.0,8723.4095,5,5,5,5.0,Champions
1495,148.0,3.0,1674.9734999999998,3,2,2,2.2,At Risk
1496,177.0,2.0,3679.4230000000002,3,1,3,2.2,At Risk
1497,190.0,1.0,1468.927,3,1,1,1.4,Churned
1498,87.0,6.0,5839.3835,4,5,4,4.4,Champions
1499,40.0,4.0,7934.119,5,3,5,4.2,Champions
1500,375.0,6.0,6733.5244999999995,2,5,5,4.4,Champions
1501,405.0,4.0,4164.532999999999,1,3,3,2.6000000000000005,Potential
1502,280.0,3.0,6254.3655,2,2,4,2.8000000000000003,Potential
1503,379.0,1.0,1148.534,2,1,1,1.2000000000000002,Churned
1504,60.0,3.0,1995.063,4,2,2,2.4000000000000004,At Risk
1505,17.0,5.0,6674.979,5,4,5,4.6,Champions
1506,245.0,1.0,1047.69,2,1,1,1.2000000000000002,Churned
1507,256.0,6.0,7472.2119999999995,2,5,5,4.4,Champions
1508,14.0,3.0,4113.5035,5,2,3,3.0,Potential
1509,257.0,2.0,1793.731,2,1,2,1.6,Churned
1510,82.0,7.0,7530.4,4,5,5,4.8,Champions
1511,120.0,4.0,2709.3405000000002,3,3,2,2.6000000000000005,Potential
1512,179.0,4.0,1757.3205,3,3,2,2.6000000000000005,Potential
1513,272.0,2.0,1418.5140000000001,2,1,1,1.2000000000000002,Churned
1514,567.0,3.0,4440.933999999999,1,2,4,2.6,Potential
1515,70.0,2.0,1600.331,4,1,1,1.6,Churned
1516,280.0,2.0,3076.726,2,1,3,2.0,At Risk
1517,129.0,3.0,1601.13,3,2,1,1.8000000000000003,At Risk
1518,437.0,4.0,5129.88,1,3,4,3.0,Potential
1519,308.0,5.0,10245.5845,2,4,5,4.0,Loyal
1520,91.0,4.0,2565.1,4,3,2,2.8,Potential
1521,408.0,4.0,6187.0035,1,3,4,3.0,Potential
1522,89.0,6.0,4269.5605,4,5,3,4.0,Loyal
1523,93.0,5.0,2621.598,4,4,2,3.2,Potential
1524,62.0,6.0,8766.704,4,5,5,4.8,Champions
1525,0.0,2.0,2343.8925,5,1,2,2.2,At Risk
1526,52.0,5.0,3128.83,4,4,3,3.6000000000000005,Loyal
1527,40.0,3.0,1383.8,5,2,1,2.2,At Risk
1528,50.0,4.0,3472.2110000000002,4,3,3,3.2,Potential
1529,405.0,3.0,1560.867,1,2,1,1.4,Churned
1530,71.0,3.0,27577.7485,4,2,5,3.6,Loyal
1531,637.0,4.0,5522.1365000000005,1,3,4,3.0,Potential
1532,41.0,7.0,4679.0715,5,5,4,4.6,Champions
1533,24.0,7.0,62415.421,5,5,5,5.0,Champions
1534,11.0,3.0,4336.627,5,2,4,3.4000000000000004,Loyal
1535,222.0,2.0,2554.2515,2,1,2,1.6,Churned
1536,234.0,3.0,3522.7450000000003,2,2,3,2.4000000000000004,At Risk
1537,39.0,3.0,5012.5595,5,2,4,3.4000000000000004,Loyal
1538,355.0,4.0,4912.0779999999995,2,3,4,3.2,Potential
1539,18.0,6.0,11844.726,5,5,5,5.0,Champions
1540,110.0,6.0,8854.4925,3,5,5,4.6,Champions
1541,106.0,3.0,579.1205,4,2,1,2.0,At Risk
1542,87.0,3.0,4154.409,4,2,3,2.8000000000000003,Potential
1543,772.0,3.0,2830.423,1,2,2,1.8,At Risk
1544,127.0,6.0,7794.8605,3,5,5,4.6,Champions
1545,1018.0,1.0,1599.756,1,1,1,1.0,Churned
1546,144.0,5.0,5617.445,3,4,4,3.8000000000000003,Loyal
1547,152.0,6.0,6689.01,3,5,5,4.6,Champions
1548,148.0,5.0,8017.7435000000005,3,4,5,4.2,Champions
1549,469.0,3.0,2738.763,1,2,2,1.8,At Risk
1550,82.0,3.0,2501.2065,4,2,2,2.4000000000000004,At Risk
1551,19.0,4.0,4172.7135,5,3,3,3.4000000000000004,Loyal
1552,67.0,5.0,21309.7995,4,4,5,4.4,Champions
1553,712.0,3.0,1134.944,1,2,1,1.4,Churned
1554,213.0,6.0,6453.7065,3,5,4,4.2,Champions
1555,2.0,6.0,9191.2495,5,5,5,5.0,Champions
1556,15.0,8.0,8884.869,5,5,5,5.0,Champions
1557,372.0,3.0,2751.195,2,2,2,2.0,At Risk
1558,170.0,5.0,4762.51,3,4,4,3.8000000000000003,Loyal
1559,58.0,4.0,2795.113,4,3,2,2.8,Potential
1560,363.0,3.0,1105.835,2,2,1,1.6,Churned
1561,174.0,5.0,4829.759,3,4,4,3.8000000000000003,Loyal
1562,388.0,5.0,5968.025,2,4,4,3.6,Loyal
1563,145.0,3.0,5035.433999999999,3,2,4,3.0,Potential
1564,1.0,2.0,2146.8765000000003,5,1,2,2.2,At Risk
1565,55.0,2.0,2727.64,4,1,2,2.0,At Risk
1566,2.0,2.0,3512.031,5,1,3,2.6,Potential
1567,553.0,4.0,3054.682,1,3,3,2.6000000000000005,Potential
1568,330.0,2.0,658.3240000000001,2,1,1,1.2000000000000002,Churned
1569,26.0,6.0,7003.512500000001,5,5,5,5.0,Champions
1570,33.0,4.0,4249.3715,5,3,3,3.4000000000000004,Loyal
1571,140.0,4.0,1786.8425,3,3,2,2.6000000000000005,Potential
1572,184.0,4.0,3072.4885,3,3,3,3.0000000000000004,Potential
1573,29.0,5.0,5969.58,5,4,4,4.2,Champions
1574,242.0,6.0,16494.7405,2,5,5,4.4,Champions
1575,397.0,2.0,1046.334,1,1,1,1.0,Churned
1576,920.0,2.0,1996.469,1,1,2,1.4000000000000001,Churned
1577,61.0,6.0,4517.365,4,5,4,4.4,Champions
1578,13.0,3.0,2362.794,5,2,2,2.6,Potential
1579,193.0,1.0,2175.544,3,1,2,1.8,At Risk
1580,131.0,3.0,2428.9085,3,2,2,2.2,At Risk
1581,16.0,3.0,15885.17,5,2,5,3.8,Loyal
1582,208.0,2.0,1835.1425,3,1,2,1.8,At Risk
1583,550.0,2.0,1904.3700000000001,1,1,2,1.4000000000000001,Churned
1584,69.0,5.0,3894.614,4,4,3,3.6000000000000005,Loyal
1585,302.0,2.0,841.74,2,1,1,1.2000000000000002,Churned
1586,67.0,2.0,1424.1509999999998,4,1,1,1.6,Churned
1587,81.0,4.0,3483.502,4,3,3,3.2,Potential
1588,65.0,3.0,3597.56,4,2,3,2.8000000000000003,Potential
1589,159.0,1.0,985.046,3,1,1,1.4,Churned
1590,20.0,3.0,12661.796,5,2,5,3.8,Loyal
1591,14.0,8.0,5041.117,5,5,4,4.6,Champions
1592,107.0,7.0,4044.5595,4,5,3,4.0,Loyal
1593,194.0,4.0,5230.793,3,3,4,3.4000000000000004,Loyal
1594,351.0,1.0,1095.1509999999998,2,1,1,1.2000000000000002,Churned
1595,192.0,8.0,15400.9905,3,5,5,4.6,Champions
1596,316.0,3.0,6220.812,2,2,4,2.8000000000000003,Potential
1597,462.0,1.0,915.5665,1,1,1,1.0,Churned
1598,106.0,2.0,191.8025,4,1,1,1.6,Churned
1599,23.0,5.0,3854.534,5,4,3,3.8000000000000003,Loyal
1600,21.0,2.0,1392.4175,5,1,1,1.7999999999999998,Churned
1601,118.0,5.0,2371.5725,3,4,2,3.0,Potential
1602,38.0,4.0,2702.357,5,3,2,3.0,Potential
1603,33.0,5.0,5808.844,5,4,4,4.2,Champions
1604,1095.0,0.0,0.0,1,1,1,1.0,Churned
1605,323.0,4.0,7157.516,2,3,5,3.6,Loyal
1606,95.0,2.0,2284.1059999999998,4,1,2,2.0,At Risk
1607,182.0,2.0,363.23,3,1,1,1.4,Churned
1608,581.0,2.0,3283.924,1,1,3,1.8000000000000003,At Risk
1609,165.0,4.0,1368.7355,3,3,1,2.2,At Risk
1610,238.0,4.0,5311.0335,2,3,4,3.2,Potential
1611,85.0,2.0,1871.926,4,1,2,2.0,At Risk
1612,24.0,6.0,4415.304,5,5,4,4.6,Champions
1613,39.0,7.0,9908.521999999999,5,5,5,5.0,Champions
1614,55.0,6.0,5547.3115,4,5,4,4.4,Champions
1615,228.0,4.0,3011.33,2,3,3,2.8000000000000003,Potential
1616,171.0,4.0,4602.1145,3,3,4,3.4000000000000004,Loyal
1617,348.0,1.0,492.92,2,1,1,1.2000000000000002,Churned
1618,385.0,2.0,870.8885,2,1,1,1.2000000000000002,Churned
1619,714.0,3.0,4101.2985,1,2,3,2.2,At Risk
1620,1095.0,0.0,0.0,1,1,1,1.0,Churned
1621,468.0,3.0,2786.71,1,2,2,1.8,At Risk
1622,38.0,3.0,3027.9100000000003,5,2,3,3.0,Potential
1623,107.0,3.0,1068.2255,4,2,1,2.0,At Risk
1624,164.0,3.0,5032.920999999999,3,2,4,3.0,Potential
1625,41.0,3.0,3448.1175,5,2,3,3.0,Potential
1626,39.0,4.0,4962.585,5,3,4,3.8000000000000003,Loyal
1627,818.0,2.0,2170.29,1,1,2,1.4000000000000001,Churned
1628,160.0,4.0,6058.326,3,3,4,3.4000000000000004,Loyal
1629,117.0,8.0,9327.551000000001,3,5,5,4.6,Champions
1630,225.0,3.0,1231.1709999999998,2,2,1,1.6,Churned
1631,85.0,5.0,4313.056,4,4,3,3.6000000000000005,Loyal
1632,315.0,6.0,3850.3025,2,5,3,3.6,Loyal
1633,265.0,5.0,5232.946,2,4,4,3.6,Loyal
1634,577.0,3.0,4440.7384999999995,1,2,4,2.6,Potential
1635,63.0,5.0,8104.3135,4,4,5,4.4,Champions
1636,15.0,5.0,5992.879,5,4,4,4.2,Champions
1637,44.0,5.0,9523.336,5,4,5,4.6,Champions
1638,189.0,2.0,896.12,3,1,1,1.4,Churned
1639,829.0,2.0,2930.507,1,1,2,1.4000000000000001,Churned
1640,74.0,4.0,4198.2405,4,3,3,3.2,Potential
1641,687.0,2.0,2171.782,1,1,2,1.4000000000000001,Churned
1642,51.0,6.0,4958.085,4,5,4,4.4,Champions
1643,121.0,3.0,4655.5655,3,2,4,3.0,Potential
1644,324.0,1.0,774.231,2,1,1,1.2000000000000002,Churned
1645,74.0,3.0,12271.844,4,2,5,3.6,Loyal
1646,1095.0,0.0,0.0,1,1,1,1.0,Churned
1647,367.0,5.0,20061.81,2,4,5,4.0,Loyal
1648,115.0,5.0,4968.056,3,4,4,3.8000000000000003,Loyal
1649,155.0,6.0,13346.1135,3,5,5,4.6,Champions
1650,249.0,3.0,5105.7405,2,2,4,2.8000000000000003,Potential
1651,737.0,3.0,5542.316000000001,1,2,4,2.6,Potential
1652,149.0,3.0,6123.19,3,2,4,3.0,Potential
1653,48.0,3.0,3444.15,4,2,3,2.8000000000000003,Potential
1654,134.0,2.0,1301.7555,3,1,1,1.4,Churned
1655,169.0,2.0,827.832,3,1,1,1.4,Churned
1656,189.0,5.0,7185.855500000001,3,4,5,4.2,Champions
1657,4.0,3.0,3914.7545,5,2,3,3.0,Potential
1658,261.0,5.0,7515.9025,2,4,5,4.0,Loyal
1659,96.0,3.0,3130.1555,4,2,3,2.8000000000000003,Potential
1660,266.0,5.0,5701.529,2,4,4,3.6,Loyal
1661,40.0,3.0,2686.221,5,2,2,2.6,Potential
1662,18.0,3.0,2256.197,5,2,2,2.6,Potential
1663,179.0,7.0,5786.7945,3,5,4,4.2,Champions
1664,138.0,9.0,11679.7395,3,5,5,4.6,Champions
1665,116.0,3.0,4409.7075,3,2,4,3.0,Potential
1666,99.0,5.0,3070.2185,4,4,3,3.6000000000000005,Loyal
1667,273.0,4.0,2223.4585,2,3,2,2.4000000000000004,At Risk
1668,94.0,3.0,19859.019500000002,4,2,5,3.6,Loyal
1669,397.0,4.0,6374.817499999999,1,3,4,3.0,Potential
1670,71.0,5.0,3822.426,4,4,3,3.6000000000000005,Loyal
1671,280.0,2.0,228.529,2,1,1,1.2000000000000002,Churned
1672,257.0,4.0,5244.9605,2,3,4,3.2,Potential
1673,49.0,4.0,3097.586,4,3,3,3.2,Potential
1674,155.0,3.0,2041.2275,3,2,2,2.2,At Risk
1675,1095.0,0.0,0.0,1,1,1,1.0,Churned
1676,45.0,8.0,22783.51,5,5,5,5.0,Champions
1677,30.0,3.0,2819.4139999999998,5,2,2,2.6,Potential
1678,36.0,7.0,4020.514,5,5,3,4.2,Champions
1679,157.0,3.0,5259.3585,3,2,4,3.0,Potential
1680,94.0,5.0,3055.639,4,4,3,3.6000000000000005,Loyal
1681,922.0,1.0,2101.2574999999997,1,1,2,1.4000000000000001,Churned
1682,475.0,2.0,783.3890000000001,1,1,1,1.0,Churned
1683,716.0,2.0,3134.4965,1,1,3,1.8000000000000003,At Risk
1684,1095.0,0.0,0.0,1,1,1,1.0,Churned
1685,939.0,2.0,2620.088,1,1,2,1.4000000000000001,Churned
1686,21.0,4.0,5898.5315,5,3,4,3.8000000000000003,Loyal
1687,1095.0,0.0,0.0,1,1,1,1.0,Churned
1688,26.0,4.0,7872.786,5,3,5,4.2,Champions
1689,0.0,2.0,1949.9215,5,1,2,2.2,At Risk
1690,99.0,2.0,2358.518,4,1,2,2.0,At Risk
1691,394.0,3.0,4194.968,2,2,3,2.4000000000000004,At Risk
1692,106.0,3.0,3696.4575,4,2,3,2.8000000000000003,Potential
1693,302.0,5.0,6223.9710000000005,2,4,4,3.6,Loyal
1694,212.0,4.0,4819.6720000000005,3,3,4,3.4000000000000004,Loyal
1695,511.0,2.0,1031.5,1,1,1,1.0,Churned
1696,510.0,3.0,6277.231,1,2,4,2.6,Potential
1697,808.0,3.0,2450.462,1,2,2,1.8,At Risk
1698,638.0,1.0,159.648,1,1,1,1.0,Churned
1699,236.0,3.0,1568.325,2,2,1,1.6,Churned
1700,147.0,1.0,1316.722,3,1,1,1.4,Churned
1701,194.0,1.0,1852.8534999999997,3,1,2,1.8,At Risk
1702,6.0,7.0,8090.5955,5,5,5,5.0,Champions
1703,568.0,2.0,1656.8285,1,1,2,1.4000000000000001,Churned
1704,1065.0,1.0,1516.522,1,1,1,1.0,Churned
1705,131.0,3.0,1890.654,3,2,2,2.2,At Risk
1706,349.0,2.0,1953.7889999999998,2,1,2,1.6,Churned
1707,704.0,2.0,918.8165,1,1,1,1.0,Churned
1708,63.0,4.0,3415.3295,4,3,3,3.2,Potential
1709,951.0,2.0,1612.858,1,1,1,1.0,Churned
1710,346.0,1.0,89.43,2,1,1,1.2000000000000002,Churned
1711,27.0,2.0,1830.425,5,1,2,2.2,At Risk
1712,118.0,1.0,308.546,3,1,1,1.4,Churned
1713,456.0,3.0,1899.421,1,2,2,1.8,At Risk
1714,79.0,4.0,2368.1405,4,3,2,2.8,Potential
1715,159.0,5.0,6445.6755,3,4,4,3.8000000000000003,Loyal
1716,218.0,3.0,927.4110000000001,2,2,1,1.6,Churned
1717,132.0,4.0,5099.5795,3,3,4,3.4000000000000004,Loyal
1718,81.0,4.0,8000.7315,4,3,5,4.0,Loyal
1719,31.0,6.0,7218.667,5,5,5,5.0,Champions
1720,111.0,3.0,3711.7085,3,2,3,2.6000000000000005,Potential
1721,183.0,7.0,4064.811,3,5,3,3.8000000000000003,Loyal
1722,367.0,1.0,929.3499999999999,2,1,1,1.2000000000000002,Churned
1723,255.0,3.0,3141.0235000000002,2,2,3,2.4000000000000004,At Risk
1724,344.0,4.0,1404.0865000000001,2,3,1,2.0,At Risk
1725,96.0,4.0,2574.8900000000003,4,3,2,2.8,Potential
1726,164.0,5.0,34875.3415,3,4,5,4.2,Champions
1727,94.0,5.0,4765.817,4,4,4,4.0,Loyal
1728,38.0,2.0,3537.26,5,1,3,2.6,Potential
1729,275.0,2.0,2117.401,2,1,2,1.6,Churned
1730,442.0,1.0,711.68,1,1,1,1.0,Churned
1731,193.0,2.0,1535.3700000000001,3,1,1,1.4,Churned
1732,25.0,6.0,6174.901,5,5,4,4.6,Champions
1733,176.0,4.0,2243.178,3,3,2,2.6000000000000005,Potential
1734,359.0,2.0,3086.5875,2,1,3,2.0,At Risk
1735,92.0,2.0,4783.903,4,1,4,2.8000000000000003,Potential
1736,263.0,3.0,3895.7045,2,2,3,2.4000000000000004,At Risk
1737,458.0,2.0,3198.568,1,1,3,1.8000000000000003,At Risk
1738,94.0,7.0,8323.9275,4,5,5,4.8,Champions
1739,44.0,5.0,5768.896,5,4,4,4.2,Champions
1740,1095.0,0.0,0.0,1,1,1,1.0,Churned
1741,53.0,5.0,7841.53,4,4,5,4.4,Champions
1742,262.0,1.0,439.57800000000003,2,1,1,1.2000000000000002,Churned
1743,128.0,3.0,3531.2560000000003,3,2,3,2.6000000000000005,Potential
1744,201.0,5.0,5472.532,3,4,4,3.8000000000000003,Loyal
1745,84.0,3.0,3277.545,4,2,3,2.8000000000000003,Potential
1746,181.0,5.0,2619.083,3,4,2,3.0,Potential
1747,542.0,2.0,4345.661,1,1,4,2.2,At Risk
1748,16.0,4.0,2556.4115,5,3,2,3.0,Potential
1749,44.0,2.0,2299.0235000000002,5,1,2,2.2,At Risk
1750,357.0,4.0,7491.711,2,3,5,3.6,Loyal
1751,24.0,2.0,2104.842,5,1,2,2.2,At Risk
1752,100.0,2.0,529.0899999999999,4,1,1,1.6,Churned
1753,96.0,6.0,8545.5835,4,5,5,4.8,Champions
1754,145.0,2.0,1891.362,3,1,2,1.8,At Risk
1755,62.0,3.0,5588.710999999999,4,2,4,3.2,Potential
1756,97.0,4.0,2371.357,4,3,2,2.8,Potential
1757,79.0,4.0,4271.2155,4,3,3,3.2,Potential
1758,977.0,3.0,3279.948,1,2,3,2.2,At Risk
1759,81.0,8.0,7649.0135,4,5,5,4.8,Champions
1760,191.0,3.0,2488.9905,3,2,2,2.2,At Risk
1761,267.0,4.0,12990.914,2,3,5,3.6,Loyal
1762,43.0,6.0,16680.952,5,5,5,5.0,Champions
1763,77.0,2.0,1160.519,4,1,1,1.6,Churned
1764,108.0,5.0,7436.163,4,4,5,4.4,Champions
1765,356.0,2.0,1744.38,2,1,2,1.6,Churned
1766,77.0,4.0,4383.584,4,3,4,3.6,Loyal
1767,244.0,5.0,8759.253,2,4,5,4.0,Loyal
1768,497.0,2.0,3425.336,1,1,3,1.8000000000000003,At Risk
1769,554.0,1.0,996.2215000000001,1,1,1,1.0,Churned
1770,88.0,6.0,8232.0675,4,5,5,4.8,Champions
1771,84.0,1.0,506.858,4,1,1,1.6,Churned
1772,3.0,10.0,10001.368999999999,5,5,5,5.0,Champions
1773,2.0,9.0,80690.0435,5,5,5,5.0,Champions
1774,136.0,3.0,3317.6440000000002,3,2,3,2.6000000000000005,Potential
1775,18.0,5.0,5635.056,5,4,4,4.2,Champions
1776,68.0,5.0,11051.6155,4,4,5,4.4,Champions
1777,123.0,2.0,620.2049999999999,3,1,1,1.4,Churned
1778,268.0,4.0,3910.8255,2,3,3,2.8000000000000003,Potential
1779,9.0,8.0,5724.1245,5,5,4,4.6,Champions
1780,160.0,3.0,3280.0375000000004,3,2,3,2.6000000000000005,Potential
1781,789.0,3.0,4114.3205,1,2,3,2.2,At Risk
1782,545.0,1.0,682.77,1,1,1,1.0,Churned
1783,234.0,4.0,3794.4725,2,3,3,2.8000000000000003,Potential
1784,54.0,3.0,2953.2290000000003,4,2,2,2.4000000000000004,At Risk
1785,398.0,3.0,3898.7905,1,2,3,2.2,At Risk
1786,134.0,4.0,37889.306,3,3,5,3.8000000000000003,Loyal
1787,77.0,6.0,5822.7125,4,5,4,4.4,Champions
1788,12.0,5.0,5893.157,5,4,4,4.2,Champions
1789,97.0,3.0,6345.034500000001,4,2,4,3.2,Potential
1790,117.0,5.0,4047.858,3,4,3,3.4000000000000004,Loyal
1791,50.0,3.0,3540.5765,4,2,3,2.8000000000000003,Potential
1792,97.0,2.0,1413.209,4,1,1,1.6,Churned
1793,62.0,4.0,4586.525,4,3,4,3.6,Loyal
1794,12.0,4.0,4260.53,5,3,3,3.4000000000000004,Loyal
1795,733.0,2.0,1277.9759999999999,1,1,1,1.0,Churned
1796,307.0,2.0,2946.075,2,1,2,1.6,Churned
1797,227.0,2.0,930.4940000000001,2,1,1,1.2000000000000002,Churned
1798,81.0,4.0,7570.995,4,3,5,4.0,Loyal
1799,215.0,2.0,12394.937,2,1,5,2.8,Potential
1800,162.0,4.0,2460.283,3,3,2,2.6000000000000005,Potential
1801,47.0,5.0,3654.6459999999997,4,4,3,3.6000000000000005,Loyal
1802,79.0,5.0,2890.8360000000002,4,4,2,3.2,Potential
1803,19.0,2.0,1615.6309999999999,5,1,1,1.7999999999999998,Churned
1804,18.0,1.0,1971.113,5,1,2,2.2,At Risk
1805,19.0,6.0,6846.257,5,5,5,5.0,Champions
1806,291.0,3.0,2786.261,2,2,2,2.0,At Risk
1807,137.0,2.0,1865.211,3,1,2,1.8,At Risk
1808,412.0,1.0,1733.7925,1,1,2,1.4000000000000001,Churned
1809,375.0,3.0,1651.1585,2,2,1,1.6,Churned
1810,30.0,6.0,5642.076,5,5,4,4.6,Champions
1811,109.0,3.0,5922.725,4,2,4,3.2,Potential
1812,1.0,6.0,6223.940500000001,5,5,4,4.6,Champions
1813,91.0,4.0,4120.0345,4,3,3,3.2,Potential
1814,46.0,4.0,6572.114,5,3,5,4.2,Champions
1815,116.0,8.0,48292.784999999996,3,5,5,4.6,Champions
1816,31.0,2.0,1421.9595,5,1,1,1.7999999999999998,Churned
1817,307.0,3.0,2965.0280000000002,2,2,2,2.0,At Risk
1818,44.0,4.0,3380.8895,5,3,3,3.4000000000000004,Loyal
1819,209.0,3.0,2240.288,3,2,2,2.2,At Risk
1820,118.0,1.0,489.49699999999996,3,1,1,1.4,Churned
1821,348.0,4.0,3024.623,2,3,3,2.8000000000000003,Potential
1822,391.0,4.0,3166.086,2,3,3,2.8000000000000003,Potential
1823,1068.0,2.0,2597.437,1,1,2,1.4000000000000001,Churned
1824,246.0,2.0,2214.0009999999997,2,1,2,1.6,Churned
1825,154.0,4.0,20278.336,3,3,5,3.8000000000000003,Loyal
1826,88.0,4.0,4215.8295,4,3,3,3.2,Potential
1827,143.0,4.0,2263.7205,3,3,2,2.6000000000000005,Potential
1828,352.0,2.0,794.6289999999999,2,1,1,1.2000000000000002,Churned
1829,396.0,3.0,3277.4735,1,2,3,2.2,At Risk
1830,197.0,4.0,6256.217500000001,3,3,4,3.4000000000000004,Loyal
1831,330.0,3.0,1562.652,2,2,1,1.6,Churned
1832,698.0,2.0,4529.9075,1,1,4,2.2,At Risk
1833,266.0,2.0,576.5385,2,1,1,1.2000000000000002,Churned
1834,190.0,6.0,8341.223,3,5,5,4.6,Champions
1835,18.0,4.0,14229.32,5,3,5,4.2,Champions
1836,524.0,2.0,396.48799999999994,1,1,1,1.0,Churned
1837,29.0,3.0,1986.4725,5,2,2,2.6,Potential
1838,349.0,1.0,1396.212,2,1,1,1.2000000000000002,Churned
1839,84.0,6.0,5824.4655,4,5,4,4.4,Champions
1840,59.0,6.0,8424.564,4,5,5,4.8,Champions
1841,348.0,3.0,15756.7715,2,2,5,3.2,Potential
1842,222.0,1.0,1100.53,2,1,1,1.2000000000000002,Churned
1843,10.0,5.0,3641.8894999999998,5,4,3,3.8000000000000003,Loyal
1844,276.0,4.0,1991.2525,2,3,2,2.4000000000000004,At Risk
1845,66.0,5.0,8390.426,4,4,5,4.4,Champions
1846,518.0,3.0,4898.429,1,2,4,2.6,Potential
1847,129.0,2.0,1827.181,3,1,2,1.8,At Risk
1848,29.0,2.0,1994.79,5,1,2,2.2,At Risk
1849,413.0,2.0,1608.94,1,1,1,1.0,Churned
1850,9.0,7.0,6581.4635,5,5,5,5.0,Champions
1851,44.0,5.0,6477.8145,5,4,4,4.2,Champions
1852,211.0,1.0,3486.645,3,1,3,2.2,At Risk
1853,30.0,3.0,1804.1145,5,2,2,2.6,Potential
1854,53.0,6.0,38926.874,4,5,5,4.8,Champions
1855,414.0,2.0,2006.04,1,1,2,1.4000000000000001,Churned
1856,819.0,1.0,513.39,1,1,1,1.0,Churned
1857,97.0,2.0,2131.868,4,1,2,2.0,At Risk
1858,9.0,2.0,2232.5,5,1,2,2.2,At Risk
1859,1095.0,0.0,0.0,1,1,1,1.0,Churned
1860,90.0,8.0,19629.5205,4,5,5,4.8,Champions
1861,660.0,4.0,4776.903,1,3,4,3.0,Potential
1862,222.0,2.0,1571.3405,2,1,1,1.2000000000000002,Churned
1863,343.0,2.0,2715.777,2,1,2,1.6,Churned
1864,12.0,8.0,6950.2015,5,5,5,5.0,Champions
1865,156.0,2.0,336.72,3,1,1,1.4,Churned
1866,228.0,3.0,2539.99,2,2,2,2.0,At Risk
1867,362.0,3.0,4085.7305,2,2,3,2.4000000000000004,At Risk
1868,298.0,4.0,3148.25,2,3,3,2.8000000000000003,Potential
1869,565.0,3.0,2309.8165,1,2,2,1.8,At Risk
1870,200.0,6.0,11691.1955,3,5,5,4.6,Champions
1871,96.0,3.0,12511.1,4,2,5,3.6,Loyal
1872,737.0,1.0,246.699,1,1,1,1.0,Churned
1873,243.0,3.0,1444.9945,2,2,1,1.6,Churned
1874,269.0,3.0,2373.1220000000003,2,2,2,2.0,At Risk
1875,692.0,5.0,4507.3275,1,4,4,3.4000000000000004,Loyal
1876,55.0,4.0,4786.5225,4,3,4,3.6,Loyal
1877,130.0,2.0,282.846,3,1,1,1.4,Churned
1878,545.0,5.0,4739.269,1,4,4,3.4000000000000004,Loyal
1879,236.0,4.0,3679.156,2,3,3,2.8000000000000003,Potential
1880,17.0,3.0,2836.7435,5,2,2,2.6,Potential
1881,747.0,4.0,2177.337,1,3,2,2.2,At Risk
1882,11.0,2.0,1686.9575,5,1,2,2.2,At Risk
1883,62.0,3.0,4189.03,4,2,3,2.8000000000000003,Potential
1884,665.0,1.0,14.73,1,1,1,1.0,Churned
1885,125.0,4.0,3552.848,3,3,3,3.0000000000000004,Potential
1886,363.0,4.0,3559.8115,2,3,3,2.8000000000000003,Potential
1887,336.0,3.0,1429.9634999999998,2,2,1,1.6,Churned
1888,127.0,2.0,2386.2299999999996,3,1,2,1.8,At Risk
1889,113.0,3.0,6252.4985,3,2,4,3.0,Potential
1890,14.0,6.0,9954.8985,5,5,5,5.0,Champions
1891,567.0,3.0,2380.391,1,2,2,1.8,At Risk
1892,229.0,5.0,3627.278,2,4,3,3.2,Potential
1893,251.0,5.0,7255.101,2,4,5,4.0,Loyal
1894,239.0,5.0,4263.8705,2,4,3,3.2,Potential
1895,252.0,3.0,3963.4985,2,2,3,2.4000000000000004,At Risk
1896,249.0,3.0,1136.8925,2,2,1,1.6,Churned
1897,96.0,6.0,39570.346,4,5,5,4.8,Champions
1898,363.0,4.0,9437.291,2,3,5,3.6,Loyal
1899,86.0,4.0,1535.2235,4,3,1,2.4,At Risk
1900,1095.0,0.0,0.0,1,1,1,1.0,Churned
1901,88.0,6.0,11287.913,4,5,5,4.8,Champions
1902,1095.0,0.0,0.0,1,1,1,1.0,Churned
1903,162.0,2.0,1781.0455,3,1,2,1.8,At Risk
1904,255.0,7.0,6692.2915,2,5,5,4.4,Champions
1905,37.0,3.0,3190.946,5,2,3,3.0,Potential
1906,422.0,2.0,1638.6755,1,1,1,1.0,Churned
1907,23.0,6.0,6726.9875,5,5,5,5.0,Champions
1908,33.0,4.0,2430.564,5,3,2,3.0,Potential
1909,63.0,3.0,4277.037,4,2,3,2.8000000000000003,Potential
1910,139.0,5.0,2907.214,3,4,2,3.0,Potential
1911,61.0,5.0,14425.707999999999,4,4,5,4.4,Champions
1912,307.0,4.0,6443.9425,2,3,4,3.2,Potential
1913,445.0,4.0,5263.472,1,3,4,3.0,Potential
1914,270.0,5.0,5424.234,2,4,4,3.6,Loyal
1915,240.0,4.0,2472.741,2,3,2,2.4000000000000004,At Risk
1916,408.0,2.0,2903.96,1,1,2,1.4000000000000001,Churned
1917,456.0,2.0,2881.2765,1,1,2,1.4000000000000001,Churned
1918,87.0,4.0,3632.632,4,3,3,3.2,Potential
1919,547.0,3.0,1761.004,1,2,2,1.8,At Risk
1920,284.0,3.0,4339.98,2,2,4,2.8000000000000003,Potential
1921,73.0,4.0,4842.1535,4,3,4,3.6,Loyal
1922,108.0,5.0,11418.4925,4,4,5,4.4,Champions
1923,455.0,2.0,568.7855,1,1,1,1.0,Churned
1924,250.0,6.0,17624.0435,2,5,5,4.4,Champions
1925,175.0,4.0,2880.1004999999996,3,3,2,2.6000000000000005,Potential
1926,311.0,3.0,3460.363,2,2,3,2.4000000000000004,At Risk
1927,201.0,2.0,1588.5545,3,1,1,1.4,Churned
1928,1095.0,0.0,0.0,1,1,1,1.0,Churned
1929,37.0,10.0,8674.1345,5,5,5,5.0,Champions
1930,47.0,5.0,4285.784,4,4,3,3.6000000000000005,Loyal
1931,130.0,4.0,7431.577,3,3,5,3.8000000000000003,Loyal
1932,38.0,4.0,7917.913500000001,5,3,5,4.2,Champions
1933,1095.0,0.0,0.0,1,1,1,1.0,Churned
1934,233.0,4.0,7418.245,2,3,5,3.6,Loyal
1935,77.0,4.0,4225.8345,4,3,3,3.2,Potential
1936,454.0,2.0,3646.3735,1,1,3,1.8000000000000003,At Risk
1937,94.0,4.0,8077.7744999999995,4,3,5,4.0,Loyal
1938,12.0,3.0,2305.3255,5,2,2,2.6,Potential
1939,70.0,2.0,3686.1305,4,1,3,2.4000000000000004,At Risk
1940,85.0,7.0,16044.8165,4,5,5,4.8,Champions
1941,36.0,4.0,2793.9115,5,3,2,3.0,Potential
1942,16.0,5.0,3885.5395000000003,5,4,3,3.8000000000000003,Loyal
1943,304.0,2.0,3114.606,2,1,3,2.0,At Risk
1944,726.0,3.0,3397.888,1,2,3,2.2,At Risk
1945,371.0,3.0,3092.5775,2,2,3,2.4000000000000004,At Risk
1946,395.0,3.0,2757.209,2,2,2,2.0,At Risk
1947,18.0,4.0,3063.257,5,3,3,3.4000000000000004,Loyal
1948,140.0,3.0,4123.793,3,2,3,2.6000000000000005,Potential
1949,605.0,1.0,467.44,1,1,1,1.0,Churned
1950,320.0,3.0,1649.224,2,2,1,1.6,Churned
1951,47.0,6.0,5209.4394999999995,4,5,4,4.4,Champions
1952,56.0,2.0,3514.3355,4,1,3,2.4000000000000004,At Risk
1953,56.0,3.0,1873.1834999999999,4,2,2,2.4000000000000004,At Risk
1954,22.0,5.0,4311.692,5,4,3,3.8000000000000003,Loyal
1955,198.0,2.0,1583.688,3,1,1,1.4,Churned
1956,91.0,4.0,5734.4505,4,3,4,3.6,Loyal
1957,26.0,5.0,3065.6095,5,4,3,3.8000000000000003,Loyal
1958,546.0,2.0,2600.316,1,1,2,1.4000000000000001,Churned
1959,270.0,3.0,3723.42,2,2,3,2.4000000000000004,At Risk
1960,341.0,3.0,3521.896,2,2,3,2.4000000000000004,At Risk
1961,38.0,4.0,5426.891,5,3,4,3.8000000000000003,Loyal
1962,70.0,4.0,4006.438,4,3,3,3.2,Potential
1963,534.0,2.0,2258.0969999999998,1,1,2,1.4000000000000001,Churned
1964,2.0,7.0,8320.503,5,5,5,5.0,Champions
1965,72.0,5.0,3768.139,4,4,3,3.6000000000000005,Loyal
1966,6.0,3.0,2094.3275,5,2,2,2.6,Potential
1967,159.0,6.0,5176.9345,3,5,4,4.2,Champions
1968,244.0,5.0,6895.311,2,4,5,4.0,Loyal
1969,57.0,2.0,2444.323,4,1,2,2.0,At Risk
1970,27.0,8.0,8255.3805,5,5,5,5.0,Champions
1971,153.0,7.0,5293.9785,3,5,4,4.2,Champions
1972,12.0,7.0,5159.113,5,5,4,4.6,Champions
1973,14.0,7.0,5567.6445,5,5,4,4.6,Champions
1974,227.0,5.0,2355.129,2,4,2,2.8,Potential
1975,98.0,4.0,4531.0345,4,3,4,3.6,Loyal
1976,159.0,3.0,4717.7025,3,2,4,3.0,Potential
1977,181.0,3.0,479.39799999999997,3,2,1,1.8000000000000003,At Risk
1978,395.0,4.0,6015.348,2,3,4,3.2,Potential
1979,549.0,4.0,5420.3895,1,3,4,3.0,Potential
1980,318.0,2.0,3061.8845,2,1,3,2.0,At Risk
1981,29.0,10.0,9648.902,5,5,5,5.0,Champions
1982,441.0,3.0,4951.455,1,2,4,2.6,Potential
1983,275.0,2.0,1276.391,2,1,1,1.2000000000000002,Churned
1984,80.0,4.0,2391.2545,4,3,2,2.8,Potential
1985,828.0,2.0,2608.426,1,1,2,1.4000000000000001,Churned
1986,410.0,3.0,2018.4785,1,2,2,1.8,At Risk
1987,130.0,3.0,3021.407,3,2,3,2.6000000000000005,Potential
1988,275.0,3.0,1953.9189999999999,2,2,2,2.0,At Risk
1989,183.0,3.0,3583.9235,3,2,3,2.6000000000000005,Potential
1990,221.0,2.0,1825.2240000000002,2,1,2,1.6,Churned
1991,163.0,3.0,2291.1710000000003,3,2,2,2.2,At Risk
1992,167.0,3.0,12127.877,3,2,5,3.4000000000000004,Loyal
1993,886.0,2.0,71364.757,1,1,5,2.6,Potential
1994,834.0,2.0,3337.791,1,1,3,1.8000000000000003,At Risk
1995,71.0,6.0,34958.479,4,5,5,4.8,Champions
1996,721.0,1.0,59.23,1,1,1,1.0,Churned
1997,49.0,1.0,321.1135,4,1,1,1.6,Churned
1998,55.0,3.0,911.596,4,2,1,2.0,At Risk
1999,324.0,7.0,39096.3105,2,5,5,4.4,Champions
2000,6.0,6.0,35420.549,5,5,5,5.0,Champions
2001,404.0,2.0,2501.4065,1,1,2,1.4000000000000001,Churned
2002,102.0,4.0,37597.2575,4,3,5,4.0,Loyal
2003,123.0,2.0,1197.03,3,1,1,1.4,Churned
2004,593.0,3.0,3629.2889999999998,1,2,3,2.2,At Risk
2005,100.0,5.0,26689.553,4,4,5,4.4,Champions
2006,1095.0,0.0,0.0,1,1,1,1.0,Churned
2007,698.0,1.0,1015.463,1,1,1,1.0,Churned
2008,223.0,5.0,4858.254,2,4,4,3.6,Loyal
2009,127.0,3.0,6971.775,3,2,5,3.4000000000000004,Loyal
2010,9.0,2.0,2727.2219999999998,5,1,2,2.2,At Risk
2011,115.0,4.0,9543.11,3,3,5,3.8000000000000003,Loyal
2012,59.0,4.0,4420.906,4,3,4,3.6,Loyal
2013,108.0,6.0,6639.532999999999,4,5,5,4.8,Champions
2014,180.0,4.0,3680.1895,3,3,3,3.0000000000000004,Potential
2015,166.0,3.0,5482.7015,3,2,4,3.0,Potential
2016,127.0,7.0,7093.808,3,5,5,4.6,Champions
2017,16.0,8.0,6302.752,5,5,4,4.6,Champions
2018,68.0,4.0,3719.0015000000003,4,3,3,3.2,Potential
2019,70.0,5.0,4332.5545,4,4,4,4.0,Loyal
2020,128.0,3.0,2277.166,3,2,2,2.2,At Risk
2021,82.0,4.0,5801.269,4,3,4,3.6,Loyal
2022,398.0,1.0,908.3899999999999,1,1,1,1.0,Churned
2023,102.0,3.0,4091.916,4,2,3,2.8000000000000003,Potential
2024,700.0,2.0,2194.9080000000004,1,1,2,1.4000000000000001,Churned
2025,96.0,1.0,510.39,4,1,1,1.6,Churned
2026,9.0,2.0,2079.004,5,1,2,2.2,At Risk
2027,14.0,3.0,3545.964,5,2,3,3.0,Potential
2028,281.0,2.0,1843.554,2,1,2,1.6,Churned
2029,8.0,2.0,2213.016,5,1,2,2.2,At Risk
2030,203.0,5.0,4055.8775,3,4,3,3.4000000000000004,Loyal
2031,125.0,5.0,4800.011,3,4,4,3.8000000000000003,Loyal
2032,61.0,1.0,1533.0495,4,1,1,1.6,Churned
2033,76.0,3.0,3333.8355,4,2,3,2.8000000000000003,Potential
2034,86.0,3.0,3919.5575,4,2,3,2.8000000000000003,Potential
2035,379.0,4.0,2836.5950000000003,2,3,2,2.4000000000000004,At Risk
2036,118.0,7.0,4236.752,3,5,3,3.8000000000000003,Loyal
2037,54.0,5.0,7250.067,4,4,5,4.4,Champions
2038,112.0,3.0,2855.9970000000003,3,2,2,2.2,At Risk
2039,267.0,5.0,5087.103499999999,2,4,4,3.6,Loyal
2040,518.0,1.0,1068.0500000000002,1,1,1,1.0,Churned
2041,160.0,3.0,2962.755,3,2,2,2.2,At Risk
2042,159.0,3.0,3157.1135,3,2,3,2.6000000000000005,Potential
2043,350.0,1.0,1449.1435,2,1,1,1.2000000000000002,Churned
2044,166.0,2.0,1114.0104999999999,3,1,1,1.4,Churned
2045,304.0,2.0,843.289,2,1,1,1.2000000000000002,Churned
2046,38.0,4.0,5377.6955,5,3,4,3.8000000000000003,Loyal
2047,156.0,6.0,6912.168,3,5,5,4.6,Champions
2048,1006.0,1.0,556.76,1,1,1,1.0,Churned
2049,432.0,4.0,3813.499,1,3,3,2.6000000000000005,Potential
2050,273.0,6.0,9428.553,2,5,5,4.4,Champions
2051,247.0,5.0,3131.3595,2,4,3,3.2,Potential
2052,13.0,5.0,6176.524,5,4,4,4.2,Champions
2053,69.0,1.0,1499.0100000000002,4,1,1,1.6,Churned
2054,137.0,4.0,4840.1,3,3,4,3.4000000000000004,Loyal
2055,358.0,2.0,2005.41,2,1,2,1.6,Churned
2056,94.0,5.0,6151.2564999999995,4,4,4,4.0,Loyal
2057,905.0,1.0,590.8525,1,1,1,1.0,Churned
2058,486.0,3.0,2400.54,1,2,2,1.8,At Risk
2059,39.0,5.0,2508.5065,5,4,2,3.4000000000000004,Loyal
2060,170.0,3.0,5749.0615,3,2,4,3.0,Potential
2061,507.0,3.0,1666.494,1,2,2,1.8,At Risk
2062,44.0,2.0,1729.298,5,1,2,2.2,At Risk
2063,27.0,2.0,2941.511,5,1,2,2.2,At Risk
2064,699.0,4.0,2586.746,1,3,2,2.2,At Risk
2065,11.0,4.0,4291.6295,5,3,3,3.4000000000000004,Loyal
2066,256.0,3.0,5290.939,2,2,4,2.8000000000000003,Potential
2067,238.0,2.0,3023.048,2,1,3,2.0,At Risk
2068,44.0,4.0,14088.433,5,3,5,4.2,Champions
2069,51.0,5.0,3660.624,4,4,3,3.6000000000000005,Loyal
2070,78.0,6.0,5909.9929999999995,4,5,4,4.4,Champions
2071,152.0,2.0,885.591,3,1,1,1.4,Churned
2072,891.0,1.0,1850.877,1,1,2,1.4000000000000001,Churned
2073,96.0,2.0,5726.92,4,1,4,2.8000000000000003,Potential
2074,85.0,6.0,5031.7495,4,5,4,4.4,Champions
2075,789.0,2.0,3185.4325,1,1,3,1.8000000000000003,At Risk
2076,64.0,6.0,8397.880000000001,4,5,5,4.8,Champions
2077,7.0,4.0,7154.943499999999,5,3,5,4.2,Champions
2078,148.0,7.0,14545.737,3,5,5,4.6,Champions
2079,234.0,5.0,4724.524,2,4,4,3.6,Loyal
2080,820.0,3.0,4067.562,1,2,3,2.2,At Risk
2081,78.0,6.0,3722.398,4,5,3,4.0,Loyal
2082,37.0,3.0,5353.4435,5,2,4,3.4000000000000004,Loyal
2083,42.0,3.0,13981.792,5,2,5,3.8,Loyal
2084,370.0,3.0,3008.4565000000002,2,2,3,2.4000000000000004,At Risk
2085,20.0,2.0,749.2935,5,1,1,1.7999999999999998,Churned
2086,473.0,2.0,3048.6504999999997,1,1,3,1.8000000000000003,At Risk
2087,273.0,2.0,858.1475,2,1,1,1.2000000000000002,Churned
2088,47.0,5.0,12742.106,4,4,5,4.4,Champions
2089,102.0,4.0,7464.0960000000005,4,3,5,4.0,Loyal
2090,71.0,4.0,3260.9905,4,3,3,3.2,Potential
2091,27.0,3.0,2728.828,5,2,2,2.6,Potential
2092,4.0,1.0,1470.07,5,1,1,1.7999999999999998,Churned
2093,330.0,5.0,5125.42,2,4,4,3.6,Loyal
2094,415.0,2.0,1248.7534999999998,1,1,1,1.0,Churned
2095,164.0,3.0,4324.123,3,2,4,3.0,Potential
2096,316.0,2.0,3067.3450000000003,2,1,3,2.0,At Risk
2097,3.0,2.0,11351.984,5,1,5,3.4,Loyal
2098,22.0,3.0,1355.537,5,2,1,2.2,At Risk
2099,465.0,2.0,3544.9015,1,1,3,1.8000000000000003,At Risk
2100,374.0,6.0,8934.0805,2,5,5,4.4,Champions
2101,119.0,2.0,1853.1999999999998,3,1,2,1.8,At Risk
2102,59.0,4.0,3971.5835,4,3,3,3.2,Potential
2103,114.0,2.0,2552.951,3,1,2,1.8,At Risk
2104,196.0,5.0,7966.7445,3,4,5,4.2,Champions
2105,17.0,4.0,18239.4445,5,3,5,4.2,Champions
2106,208.0,4.0,1891.2265,3,3,2,2.6000000000000005,Potential
2107,129.0,4.0,7688.451,3,3,5,3.8000000000000003,Loyal
2108,97.0,5.0,3670.4965,4,4,3,3.6000000000000005,Loyal
2109,17.0,7.0,8287.188,5,5,5,5.0,Champions
2110,776.0,4.0,14724.0795,1,3,5,3.4000000000000004,Loyal
2111,47.0,7.0,5103.6685,4,5,4,4.4,Champions
2112,514.0,4.0,2633.7754999999997,1,3,2,2.2,At Risk
2113,872.0,2.0,1096.6799999999998,1,1,1,1.0,Churned
2114,842.0,3.0,1458.768,1,2,1,1.4,Churned
2115,135.0,7.0,9371.585,3,5,5,4.6,Champions
2116,225.0,3.0,4606.376,2,2,4,2.8000000000000003,Potential
2117,302.0,3.0,2495.456,2,2,2,2.0,At Risk
2118,237.0,4.0,4226.939,2,3,3,2.8000000000000003,Potential
2119,213.0,3.0,1310.8345000000002,3,2,1,1.8000000000000003,At Risk
2120,143.0,6.0,5994.599,3,5,4,4.2,Champions
2121,151.0,5.0,8010.3640000000005,3,4,5,4.2,Champions
2122,76.0,3.0,6591.4635,4,2,5,3.6,Loyal
2123,2.0,2.0,2812.0535,5,1,2,2.2,At Risk
2124,4.0,3.0,2066.7205,5,2,2,2.6,Potential
2125,383.0,4.0,2404.024,2,3,2,2.4000000000000004,At Risk
2126,233.0,3.0,2926.187,2,2,2,2.0,At Risk
2127,184.0,1.0,341.21,3,1,1,1.4,Churned
2128,372.0,2.0,1856.1045000000001,2,1,2,1.6,Churned
2129,147.0,3.0,4791.964,3,2,4,3.0,Potential
2130,27.0,4.0,4072.458,5,3,3,3.4000000000000004,Loyal
2131,419.0,1.0,1962.886,1,1,2,1.4000000000000001,Churned
2132,47.0,3.0,3326.872,4,2,3,2.8000000000000003,Potential
2133,141.0,8.0,3009.1749999999997,3,5,3,3.8000000000000003,Loyal
2134,1095.0,0.0,0.0,1,1,1,1.0,Churned
2135,55.0,5.0,17238.7135,4,4,5,4.4,Champions
2136,90.0,2.0,36581.651,4,1,5,3.2,Potential
2137,783.0,1.0,950.2805000000001,1,1,1,1.0,Churned
2138,89.0,5.0,5800.378,4,4,4,4.0,Loyal
2139,95.0,6.0,8233.0265,4,5,5,4.8,Champions
2140,6.0,4.0,5073.5199999999995,5,3,4,3.8000000000000003,Loyal
2141,77.0,4.0,5915.7305,4,3,4,3.6,Loyal
2142,89.0,2.0,2239.691,4,1,2,2.0,At Risk
2143,403.0,5.0,9681.9635,1,4,5,3.8,Loyal
2144,155.0,4.0,5884.655,3,3,4,3.4000000000000004,Loyal
2145,604.0,1.0,2631.6800000000003,1,1,2,1.4000000000000001,Churned
2146,334.0,6.0,6300.205,2,5,4,4.0,Loyal
2147,19.0,2.0,3417.108,5,1,3,2.6,Potential
2148,192.0,7.0,7259.211,3,5,5,4.6,Champions
2149,113.0,5.0,4411.6535,3,4,4,3.8000000000000003,Loyal
2150,43.0,10.0,11975.548499999999,5,5,5,5.0,Champions
2151,35.0,4.0,8011.7625,5,3,5,4.2,Champions
2152,115.0,4.0,4422.3765,3,3,4,3.4000000000000004,Loyal
2153,75.0,3.0,4936.7919999999995,4,2,4,3.2,Potential
2154,794.0,2.0,1187.544,1,1,1,1.0,Churned
2155,146.0,3.0,1837.74,3,2,2,2.2,At Risk
2156,624.0,3.0,2993.1275,1,2,2,1.8,At Risk
2157,622.0,3.0,5452.8369999999995,1,2,4,2.6,Potential
2158,372.0,1.0,479.4,2,1,1,1.2000000000000002,Churned
2159,194.0,3.0,4337.7245,3,2,4,3.0,Potential
2160,41.0,7.0,12402.7385,5,5,5,5.0,Champions
2161,745.0,1.0,171.88,1,1,1,1.0,Churned
2162,80.0,2.0,3056.033,4,1,3,2.4000000000000004,At Risk
2163,307.0,2.0,2433.3,2,1,2,1.6,Churned
2164,26.0,8.0,9250.76,5,5,5,5.0,Champions
2165,188.0,3.0,4899.975,3,2,4,3.0,Potential
2166,16.0,3.0,1481.087,5,2,1,2.2,At Risk
2167,154.0,5.0,5087.448,3,4,4,3.8000000000000003,Loyal
2168,144.0,2.0,1482.6480000000001,3,1,1,1.4,Churned
2169,114.0,4.0,2348.855,3,3,2,2.6000000000000005,Potential
2170,79.0,5.0,4333.567,4,4,4,4.0,Loyal
2171,523.0,2.0,2467.353,1,1,2,1.4000000000000001,Churned
2172,351.0,5.0,2936.966,2,4,2,2.8,Potential
2173,59.0,2.0,1096.204,4,1,1,1.6,Churned
2174,290.0,7.0,9720.34,2,5,5,4.4,Champions
2175,66.0,5.0,7243.081,4,4,5,4.4,Champions
2176,9.0,4.0,3725.9935,5,3,3,3.4000000000000004,Loyal
2177,469.0,2.0,509.88,1,1,1,1.0,Churned
2178,208.0,5.0,3689.1605,3,4,3,3.4000000000000004,Loyal
2179,1095.0,0.0,0.0,1,1,1,1.0,Churned
2180,25.0,6.0,11235.86,5,5,5,5.0,Champions
2181,61.0,4.0,106449.5375,4,3,5,4.0,Loyal
2182,3.0,2.0,3143.0865,5,1,3,2.6,Potential
2183,192.0,1.0,2556.649,3,1,2,1.8,At Risk
2184,55.0,6.0,39033.667,4,5,5,4.8,Champions
2185,13.0,1.0,280.61,5,1,1,1.7999999999999998,Churned
2186,178.0,4.0,2466.598,3,3,2,2.6000000000000005,Potential
2187,86.0,3.0,2323.536,4,2,2,2.4000000000000004,At Risk
2188,595.0,3.0,3082.585,1,2,3,2.2,At Risk
2189,30.0,4.0,2719.903,5,3,2,3.0,Potential
2190,614.0,2.0,4243.381,1,1,3,1.8000000000000003,At Risk
2191,160.0,3.0,3184.536,3,2,3,2.6000000000000005,Potential
2192,92.0,4.0,5243.6725,4,3,4,3.6,Loyal
2193,18.0,7.0,7552.524,5,5,5,5.0,Champions
2194,237.0,4.0,4107.5289999999995,2,3,3,2.8000000000000003,Potential
2195,225.0,4.0,9955.645,2,3,5,3.6,Loyal
2196,112.0,4.0,5306.495,3,3,4,3.4000000000000004,Loyal
2197,214.0,3.0,4856.4310000000005,2,2,4,2.8000000000000003,Potential
2198,26.0,5.0,3003.134,5,4,3,3.8000000000000003,Loyal
2199,4.0,1.0,4094.0670000000005,5,1,3,2.6,Potential
2200,921.0,2.0,3049.766,1,1,3,1.8000000000000003,At Risk
2201,38.0,3.0,3013.3064999999997,5,2,3,3.0,Potential
2202,1095.0,0.0,0.0,1,1,1,1.0,Churned
2203,12.0,3.0,10201.02,5,2,5,3.8,Loyal
2204,236.0,4.0,2865.809,2,3,2,2.4000000000000004,At Risk
2205,737.0,4.0,5418.133,1,3,4,3.0,Potential
2206,338.0,3.0,1852.1239999999998,2,2,2,2.0,At Risk
2207,413.0,4.0,3086.5405,1,3,3,2.6000000000000005,Potential
2208,62.0,5.0,3372.9945,4,4,3,3.6000000000000005,Loyal
2209,742.0,4.0,3497.668,1,3,3,2.6000000000000005,Potential
2210,47.0,3.0,915.848,4,2,1,2.0,At Risk
2211,836.0,1.0,939.086,1,1,1,1.0,Churned
2212,109.0,6.0,5734.031,4,5,4,4.4,Champions
2213,89.0,4.0,2899.535,4,3,2,2.8,Potential
2214,277.0,4.0,38766.7815,2,3,5,3.6,Loyal
2215,358.0,4.0,2552.7219999999998,2,3,2,2.4000000000000004,At Risk
2216,54.0,6.0,10623.2385,4,5,5,4.8,Champions
2217,66.0,5.0,5126.5145,4,4,4,4.0,Loyal
2218,284.0,4.0,5041.232,2,3,4,3.2,Potential
2219,257.0,4.0,3808.3025,2,3,3,2.8000000000000003,Potential
2220,21.0,5.0,5789.323,5,4,4,4.2,Champions
2221,386.0,4.0,4503.356,2,3,4,3.2,Potential
2222,230.0,4.0,5899.964,2,3,4,3.2,Potential
2223,284.0,3.0,2513.733,2,2,2,2.0,At Risk
2224,272.0,2.0,433.508,2,1,1,1.2000000000000002,Churned
2225,71.0,4.0,3254.0105,4,3,3,3.2,Potential
2226,148.0,4.0,13454.074999999999,3,3,5,3.8000000000000003,Loyal
2227,175.0,4.0,2684.441,3,3,2,2.6000000000000005,Potential
2228,147.0,3.0,5233.4529999999995,3,2,4,3.0,Potential
2229,387.0,4.0,4978.157999999999,2,3,4,3.2,Potential
2230,243.0,4.0,2827.643,2,3,2,2.4000000000000004,At Risk
2231,337.0,2.0,1361.0625,2,1,1,1.2000000000000002,Churned
2232,43.0,3.0,1824.6585,5,2,2,2.6,Potential
2233,82.0,6.0,7368.853,4,5,5,4.8,Champions
2234,60.0,5.0,8268.5005,4,4,5,4.4,Champions
2235,7.0,6.0,10674.362,5,5,5,5.0,Champions
2236,108.0,6.0,5478.581,4,5,4,4.4,Champions
2237,205.0,8.0,10356.806999999999,3,5,5,4.6,Champions
2238,5.0,6.0,6429.8845,5,5,4,4.6,Champions
2239,32.0,7.0,5079.2300000000005,5,5,4,4.6,Champions
2240,7.0,5.0,5529.4345,5,4,4,4.2,Champions
2241,51.0,5.0,16580.1795,4,4,5,4.4,Champions
2242,333.0,5.0,5001.5975,2,4,4,3.6,Loyal
2243,37.0,3.0,2764.757,5,2,2,2.6,Potential
2244,0.0,4.0,1342.3,5,3,1,2.6,Potential
2245,369.0,4.0,8536.860999999999,2,3,5,3.6,Loyal
2246,588.0,4.0,3736.0,1,3,3,2.6000000000000005,Potential
2247,33.0,3.0,2812.283,5,2,2,2.6,Potential
2248,301.0,8.0,9453.019,2,5,5,4.4,Champions
2249,432.0,4.0,6134.8595000000005,1,3,4,3.0,Potential
2250,890.0,2.0,2960.5695,1,1,2,1.4000000000000001,Churned
2251,137.0,1.0,941.4105000000001,3,1,1,1.4,Churned
2252,86.0,4.0,4428.206,4,3,4,3.6,Loyal
2253,46.0,6.0,10813.923999999999,5,5,5,5.0,Champions
2254,192.0,1.0,739.578,3,1,1,1.4,Churned
2255,51.0,3.0,38668.8035,4,2,5,3.6,Loyal
2256,71.0,4.0,4688.2335,4,3,4,3.6,Loyal
2257,24.0,5.0,4906.7095,5,4,4,4.2,Champions
2258,847.0,1.0,1001.4099999999999,1,1,1,1.0,Churned
2259,179.0,5.0,2889.4265,3,4,2,3.0,Potential
2260,303.0,4.0,2137.4215,2,3,2,2.4000000000000004,At Risk
2261,188.0,8.0,8182.915,3,5,5,4.6,Champions
2262,144.0,4.0,1928.408,3,3,2,2.6000000000000005,Potential
2263,307.0,7.0,9687.6335,2,5,5,4.4,Champions
2264,161.0,2.0,984.884,3,1,1,1.4,Churned
2265,0.0,4.0,4367.992,5,3,4,3.8000000000000003,Loyal
2266,150.0,1.0,1074.2759999999998,3,1,1,1.4,Churned
2267,13.0,3.0,2094.4539999999997,5,2,2,2.6,Potential
2268,51.0,3.0,3454.1800000000003,4,2,3,2.8000000000000003,Potential
2269,59.0,4.0,4283.9175000000005,4,3,3,3.2,Potential
2270,476.0,3.0,2503.71,1,2,2,1.8,At Risk
2271,71.0,9.0,17721.955,4,5,5,4.8,Champions
2272,29.0,6.0,6831.2300000000005,5,5,5,5.0,Champions
2273,185.0,6.0,8855.8915,3,5,5,4.6,Champions
2274,136.0,2.0,2383.234,3,1,2,1.8,At Risk
2275,32.0,6.0,5894.2,5,5,4,4.6,Champions
2276,141.0,1.0,881.38,3,1,1,1.4,Churned
2277,210.0,7.0,11443.1725,3,5,5,4.6,Champions
2278,28.0,3.0,2954.961,5,2,2,2.6,Potential
2279,76.0,2.0,2723.093,4,1,2,2.0,At Risk
2280,364.0,6.0,17713.823,2,5,5,4.4,Champions
2281,196.0,7.0,11419.366,3,5,5,4.6,Champions
2282,103.0,3.0,4754.3765,4,2,4,3.2,Potential
2283,1095.0,0.0,0.0,1,1,1,1.0,Churned
2284,165.0,4.0,5172.786,3,3,4,3.4000000000000004,Loyal
2285,43.0,2.0,1690.97,5,1,2,2.2,At Risk
2286,247.0,3.0,1173.4045,2,2,1,1.6,Churned
2287,225.0,4.0,38640.024,2,3,5,3.6,Loyal
2288,295.0,2.0,1470.924,2,1,1,1.2000000000000002,Churned
2289,643.0,3.0,3566.2005,1,2,3,2.2,At Risk
2290,398.0,5.0,5926.0245,1,4,4,3.4000000000000004,Loyal
2291,86.0,4.0,2183.7495,4,3,2,2.8,Potential
2292,35.0,8.0,8014.285,5,5,5,5.0,Champions
2293,409.0,4.0,7036.2525,1,3,5,3.4000000000000004,Loyal
2294,451.0,3.0,4152.766,1,2,3,2.2,At Risk
2295,185.0,7.0,16746.65,3,5,5,4.6,Champions
2296,143.0,4.0,4653.856,3,3,4,3.4000000000000004,Loyal
2297,23.0,6.0,7727.1695,5,5,5,5.0,Champions
2298,13.0,2.0,1442.114,5,1,1,1.7999999999999998,Churned
2299,1095.0,0.0,0.0,1,1,1,1.0,Churned
2300,1.0,4.0,5633.4695,5,3,4,3.8000000000000003,Loyal
2301,155.0,2.0,3831.7825,3,1,3,2.2,At Risk
2302,63.0,4.0,2779.28,4,3,2,2.8,Potential
2303,199.0,2.0,12588.470000000001,3,1,5,3.0,Potential
2304,387.0,2.0,11342.36,2,1,5,2.8,Potential
2305,1.0,4.0,3387.28,5,3,3,3.4000000000000004,Loyal
2306,180.0,1.0,139.949,3,1,1,1.4,Churned
2307,365.0,3.0,1686.9985000000001,2,2,2,2.0,At Risk
2308,194.0,3.0,4395.89,3,2,4,3.0,Potential
2309,168.0,2.0,6931.760000000001,3,1,5,3.0,Potential
2310,87.0,3.0,4642.071,4,2,4,3.2,Potential
2311,479.0,3.0,4732.2685,1,2,4,2.6,Potential
2312,251.0,2.0,5330.0355,2,1,4,2.4000000000000004,At Risk
2313,5.0,3.0,1329.4009999999998,5,2,1,2.2,At Risk
2314,251.0,3.0,2657.0495,2,2,2,2.0,At Risk
2315,84.0,6.0,4625.04,4,5,4,4.4,Champions
2316,1095.0,0.0,0.0,1,1,1,1.0,Churned
2317,1095.0,0.0,0.0,1,1,1,1.0,Churned
2318,1095.0,0.0,0.0,1,1,1,1.0,Churned
2319,225.0,2.0,1765.3355000000001,2,1,2,1.6,Churned
2320,8.0,3.0,4104.346,5,2,3,3.0,Potential
2321,595.0,2.0,11145.302999999998,1,1,5,2.6,Potential
2322,44.0,4.0,6945.8435,5,3,5,4.2,Champions
2323,0.0,6.0,8096.110000000001,5,5,5,5.0,Champions
2324,353.0,2.0,2660.4219999999996,2,1,2,1.6,Churned
2325,68.0,1.0,1588.2640000000001,4,1,1,1.6,Churned
2326,35.0,4.0,3292.675,5,3,3,3.4000000000000004,Loyal
2327,32.0,3.0,1063.1390000000001,5,2,1,2.2,At Risk
2328,412.0,3.0,14903.145999999999,1,2,5,3.0,Potential
2329,203.0,4.0,3131.565,3,3,3,3.0000000000000004,Potential
2330,170.0,3.0,3794.454,3,2,3,2.6000000000000005,Potential
2331,111.0,3.0,3038.253,3,2,3,2.6000000000000005,Potential
2332,91.0,7.0,4963.1925,4,5,4,4.4,Champions
2333,289.0,2.0,11234.67,2,1,5,2.8,Potential
2334,165.0,2.0,3669.76,3,1,3,2.2,At Risk
2335,924.0,1.0,170.06,1,1,1,1.0,Churned
2336,122.0,3.0,2895.128,3,2,2,2.2,At Risk
2337,483.0,3.0,4037.6099999999997,1,2,3,2.2,At Risk
2338,185.0,4.0,5648.7765,3,3,4,3.4000000000000004,Loyal
2339,63.0,5.0,3352.4715,4,4,3,3.6000000000000005,Loyal
2340,137.0,3.0,1952.774,3,2,2,2.2,At Risk
2341,113.0,5.0,4804.8635,3,4,4,3.8000000000000003,Loyal
2342,341.0,4.0,4851.6145,2,3,4,3.2,Potential
2343,55.0,5.0,6726.345,4,4,5,4.4,Champions
2344,188.0,4.0,5691.7965,3,3,4,3.4000000000000004,Loyal
2345,233.0,7.0,8220.4165,2,5,5,4.4,Champions
2346,97.0,4.0,1948.5725,4,3,2,2.8,Potential
2347,44.0,4.0,1969.6589999999999,5,3,2,3.0,Potential
2348,685.0,2.0,2125.744,1,1,2,1.4000000000000001,Churned
2349,301.0,6.0,8253.6065,2,5,5,4.4,Champions
2350,810.0,1.0,23862.537,1,1,5,2.6,Potential
2351,459.0,1.0,711.5385,1,1,1,1.0,Churned
2352,772.0,4.0,6239.9075,1,3,4,3.0,Potential
2353,179.0,2.0,1231.6325000000002,3,1,1,1.4,Churned
2354,91.0,5.0,5589.419,4,4,4,4.0,Loyal
2355,11.0,4.0,11375.425500000001,5,3,5,4.2,Champions
2356,284.0,4.0,3417.59,2,3,3,2.8000000000000003,Potential
2357,317.0,6.0,6109.457,2,5,4,4.0,Loyal
2358,122.0,5.0,2942.1159999999995,3,4,2,3.0,Potential
2359,315.0,3.0,2319.484,2,2,2,2.0,At Risk
2360,287.0,1.0,406.85249999999996,2,1,1,1.2000000000000002,Churned
2361,484.0,4.0,3947.879,1,3,3,2.6000000000000005,Potential
2362,29.0,4.0,1961.4,5,3,2,3.0,Potential
2363,146.0,1.0,861.59,3,1,1,1.4,Churned
2364,332.0,8.0,13638.0335,2,5,5,4.4,Champions
2365,133.0,4.0,5849.2345000000005,3,3,4,3.4000000000000004,Loyal
2366,115.0,1.0,26.514000000000003,3,1,1,1.4,Churned
2367,135.0,4.0,5436.4635,3,3,4,3.4000000000000004,Loyal
2368,1095.0,0.0,0.0,1,1,1,1.0,Churned
2369,137.0,4.0,5388.1515,3,3,4,3.4000000000000004,Loyal
2370,661.0,5.0,3124.31,1,4,3,3.0,Potential
2371,101.0,4.0,4141.108,4,3,3,3.2,Potential
2372,90.0,7.0,5395.091,4,5,4,4.4,Champions
2373,761.0,2.0,434.8535,1,1,1,1.0,Churned
2374,707.0,2.0,1420.42,1,1,1,1.0,Churned
2375,314.0,4.0,4182.3105,2,3,3,2.8000000000000003,Potential
2376,66.0,4.0,3793.1895,4,3,3,3.2,Potential
2377,245.0,4.0,5571.2315,2,3,4,3.2,Potential
2378,126.0,7.0,8591.464,3,5,5,4.6,Champions
2379,259.0,2.0,751.54,2,1,1,1.2000000000000002,Churned
2380,40.0,2.0,5402.0965,5,1,4,3.0,Potential
2381,15.0,4.0,3759.547,5,3,3,3.4000000000000004,Loyal
2382,74.0,2.0,2978.094,4,1,2,2.0,At Risk
2383,32.0,2.0,2296.0964999999997,5,1,2,2.2,At Risk
2384,67.0,7.0,5581.585,4,5,4,4.4,Champions
2385,283.0,1.0,2046.5839999999998,2,1,2,1.6,Churned
2386,284.0,4.0,4011.786,2,3,3,2.8000000000000003,Potential
2387,1095.0,0.0,0.0,1,1,1,1.0,Churned
2388,710.0,3.0,3881.5640000000003,1,2,3,2.2,At Risk
2389,379.0,1.0,503.34,2,1,1,1.2000000000000002,Churned
2390,1000.0,2.0,1448.749,1,1,1,1.0,Churned
2391,58.0,4.0,2777.4635,4,3,2,2.8,Potential
2392,525.0,3.0,2378.379,1,2,2,1.8,At Risk
2393,203.0,3.0,2416.13,3,2,2,2.2,At Risk
2394,158.0,7.0,8224.9985,3,5,5,4.6,Champions
2395,686.0,3.0,2459.111,1,2,2,1.8,At Risk
2396,75.0,2.0,3445.0280000000002,4,1,3,2.4000000000000004,At Risk
2397,480.0,4.0,3860.9825,1,3,3,2.6000000000000005,Potential
2398,1095.0,0.0,0.0,1,1,1,1.0,Churned
2399,52.0,3.0,13715.293,4,2,5,3.6,Loyal
2400,183.0,6.0,5609.6175,3,5,4,4.2,Champions
2401,633.0,1.0,1820.6225,1,1,2,1.4000000000000001,Churned
2402,40.0,2.0,6364.153,5,1,4,3.0,Potential
2403,91.0,5.0,6154.5435,4,4,4,4.0,Loyal
2404,87.0,3.0,4988.0695,4,2,4,3.2,Potential
2405,67.0,4.0,7717.5635,4,3,5,4.0,Loyal
2406,159.0,4.0,7282.586000000001,3,3,5,3.8000000000000003,Loyal
2407,369.0,3.0,10444.403999999999,2,2,5,3.2,Potential
2408,243.0,3.0,1926.8425000000002,2,2,2,2.0,At Risk
2409,2.0,4.0,2407.001,5,3,2,3.0,Potential
2410,29.0,2.0,3535.91,5,1,3,2.6,Potential
2411,25.0,3.0,4404.9865,5,2,4,3.4000000000000004,Loyal
2412,330.0,2.0,10711.364000000001,2,1,5,2.8,Potential
2413,82.0,6.0,3236.3205,4,5,3,4.0,Loyal
2414,21.0,5.0,6333.2235,5,4,4,4.2,Champions
2415,41.0,5.0,8090.7384999999995,5,4,5,4.6,Champions
2416,261.0,3.0,3772.5049999999997,2,2,3,2.4000000000000004,At Risk
2417,186.0,5.0,6527.1655,3,4,4,3.8000000000000003,Loyal
2418,403.0,2.0,3354.6925,1,1,3,1.8000000000000003,At Risk
2419,38.0,4.0,2267.812,5,3,2,3.0,Potential
2420,197.0,1.0,1000.6634999999999,3,1,1,1.4,Churned
2421,20.0,7.0,5762.2755,5,5,4,4.6,Champions
2422,391.0,2.0,588.4295,2,1,1,1.2000000000000002,Churned
2423,299.0,3.0,4725.634,2,2,4,2.8000000000000003,Potential
2424,305.0,1.0,517.8,2,1,1,1.2000000000000002,Churned
2425,327.0,5.0,7040.83,2,4,5,4.0,Loyal
2426,70.0,6.0,8025.9355,4,5,5,4.8,Champions
2427,145.0,5.0,3219.418,3,4,3,3.4000000000000004,Loyal
2428,278.0,3.0,4545.6285,2,2,4,2.8000000000000003,Potential
2429,203.0,1.0,747.3815,3,1,1,1.4,Churned
2430,490.0,4.0,3041.846,1,3,3,2.6000000000000005,Potential
2431,616.0,4.0,3614.773,1,3,3,2.6000000000000005,Potential
2432,50.0,2.0,4622.992,4,1,4,2.8000000000000003,Potential
2433,151.0,2.0,1018.6875,3,1,1,1.4,Churned
2434,321.0,2.0,2166.16,2,1,2,1.6,Churned
2435,1095.0,0.0,0.0,1,1,1,1.0,Churned
2436,41.0,4.0,4400.474,5,3,4,3.8000000000000003,Loyal
2437,67.0,5.0,3370.5,4,4,3,3.6000000000000005,Loyal
2438,492.0,3.0,2032.6475,1,2,2,1.8,At Risk
2439,16.0,4.0,5635.904500000001,5,3,4,3.8000000000000003,Loyal
2440,593.0,6.0,5690.3435,1,5,4,3.8000000000000003,Loyal
2441,43.0,3.0,1409.227,5,2,1,2.2,At Risk
2442,857.0,1.0,1598.781,1,1,1,1.0,Churned
2443,180.0,6.0,7001.509,3,5,5,4.6,Champions
2444,1095.0,0.0,0.0,1,1,1,1.0,Churned
2445,12.0,5.0,72592.959,5,4,5,4.6,Champions
2446,287.0,1.0,204.67000000000002,2,1,1,1.2000000000000002,Churned
2447,128.0,3.0,2252.883,3,2,2,2.2,At Risk
2448,226.0,4.0,2638.718,2,3,2,2.4000000000000004,At Risk
2449,447.0,2.0,824.85,1,1,1,1.0,Churned
2450,233.0,3.0,3509.5115,2,2,3,2.4000000000000004,At Risk
2451,363.0,3.0,1700.771,2,2,2,2.0,At Risk
2452,4.0,7.0,4618.8525,5,5,4,4.6,Champions
2453,557.0,3.0,4799.8735,1,2,4,2.6,Potential
2454,67.0,7.0,11464.329,4,5,5,4.8,Champions
2455,15.0,4.0,1712.468,5,3,2,3.0,Potential
2456,8.0,3.0,3595.3705,5,2,3,3.0,Potential
2457,27.0,3.0,2369.292,5,2,2,2.6,Potential
2458,100.0,3.0,5181.021,4,2,4,3.2,Potential
2459,480.0,4.0,3766.498,1,3,3,2.6000000000000005,Potential
2460,218.0,6.0,14474.7855,2,5,5,4.4,Champions
2461,1.0,5.0,4474.7025,5,4,4,4.2,Champions
2462,96.0,5.0,4149.287,4,4,3,3.6000000000000005,Loyal
2463,150.0,3.0,21431.832,3,2,5,3.4000000000000004,Loyal
2464,362.0,3.0,3486.1865,2,2,3,2.4000000000000004,At Risk
2465,93.0,5.0,10492.364,4,4,5,4.4,Champions
2466,45.0,6.0,7888.494,5,5,5,5.0,Champions
2467,70.0,6.0,6426.3115,4,5,4,4.4,Champions
2468,306.0,3.0,2333.5725,2,2,2,2.0,At Risk
2469,970.0,1.0,537.548,1,1,1,1.0,Churned
2470,57.0,1.0,3170.264,4,1,3,2.4000000000000004,At Risk
2471,116.0,5.0,4463.3285,3,4,4,3.8000000000000003,Loyal
2472,336.0,4.0,5043.658,2,3,4,3.2,Potential
2473,187.0,5.0,6406.338,3,4,4,3.8000000000000003,Loyal
2474,124.0,5.0,6670.093500000001,3,4,5,4.2,Champions
2475,93.0,7.0,8039.1755,4,5,5,4.8,Champions
2476,629.0,2.0,1935.5209999999997,1,1,2,1.4000000000000001,Churned
2477,294.0,2.0,2196.485,2,1,2,1.6,Churned
2478,313.0,1.0,770.6300000000001,2,1,1,1.2000000000000002,Churned
2479,222.0,3.0,2291.2934999999998,2,2,2,2.0,At Risk
2480,119.0,4.0,5878.516,3,3,4,3.4000000000000004,Loyal
2481,177.0,3.0,4159.919,3,2,3,2.6000000000000005,Potential
2482,92.0,4.0,2479.3505,4,3,2,2.8,Potential
2483,251.0,2.0,829.416,2,1,1,1.2000000000000002,Churned
2484,127.0,2.0,37093.98,3,1,5,3.0,Potential
2485,322.0,1.0,815.643,2,1,1,1.2000000000000002,Churned
2486,161.0,3.0,3507.36,3,2,3,2.6000000000000005,Potential
2487,105.0,9.0,8851.3845,4,5,5,4.8,Champions
2488,45.0,1.0,2953.9120000000003,5,1,2,2.2,At Risk
2489,196.0,5.0,5023.782,3,4,4,3.8000000000000003,Loyal
2490,0.0,6.0,13928.7305,5,5,5,5.0,Champions
2491,49.0,3.0,4036.519,4,2,3,2.8000000000000003,Potential
2492,370.0,4.0,7975.2675,2,3,5,3.6,Loyal
2493,54.0,5.0,7259.5154999999995,4,4,5,4.4,Champions
2494,64.0,3.0,2833.529,4,2,2,2.4000000000000004,At Risk
2495,705.0,2.0,2644.245,1,1,2,1.4000000000000001,Churned
2496,43.0,5.0,4649.624,5,4,4,4.2,Champions
2497,7.0,5.0,5354.007,5,4,4,4.2,Champions
2498,1095.0,0.0,0.0,1,1,1,1.0,Churned
2499,109.0,5.0,2773.48,4,4,2,3.2,Potential
2500,266.0,5.0,6060.1345,2,4,4,3.6,Loyal
